algorithm,benchmark,seed,evaluations,best_value
evolution_strategy,rastrigin,100,100,99.77625461604343
evolution_strategy,rastrigin,100,200,84.70306440432631
evolution_strategy,rastrigin,100,300,77.96929717125568
evolution_strategy,rastrigin,100,400,67.72529354036982
evolution_strategy,rastrigin,100,500,59.16236337185967
evolution_strategy,rastrigin,100,600,58.12423957683838
evolution_strategy,rastrigin,100,700,54.09471715784819
evolution_strategy,rastrigin,100,800,50.432879738230596
evolution_strategy,rastrigin,100,900,50.432879738230596
evolution_strategy,rastrigin,100,1000,50.432879738230596
evolution_strategy,rastrigin,100,1100,50.432879738230596
evolution_strategy,rastrigin,100,1200,50.432879738230596
evolution_strategy,rastrigin,100,1300,50.432879738230596
evolution_strategy,rastrigin,100,1400,50.432879738230596
evolution_strategy,rastrigin,100,1500,50.06774969229244
evolution_strategy,rastrigin,100,1600,47.712326967302815
evolution_strategy,rastrigin,100,1700,47.712326967302815
evolution_strategy,rastrigin,100,1800,47.712326967302815
evolution_strategy,rastrigin,100,1900,47.712326967302815
evolution_strategy,rastrigin,100,2000,47.712326967302815
evolution_strategy,rastrigin,100,2100,47.712326967302815
evolution_strategy,rastrigin,100,2200,47.712326967302815
evolution_strategy,rastrigin,100,2300,47.712326967302815
evolution_strategy,rastrigin,100,2400,46.91566883239041
evolution_strategy,rastrigin,100,2500,46.91566883239041
evolution_strategy,rastrigin,100,2600,46.91566883239041
evolution_strategy,rastrigin,100,2700,46.91566883239041
evolution_strategy,rastrigin,100,2800,46.91566883239041
evolution_strategy,rastrigin,100,2900,46.91566883239041
evolution_strategy,rastrigin,100,3000,46.91566883239041
evolution_strategy,rastrigin,100,3100,46.91566883239041
evolution_strategy,rastrigin,100,3200,46.91566883239041
evolution_strategy,rastrigin,100,3300,46.91566883239041
evolution_strategy,rastrigin,100,3400,46.91566883239041
evolution_strategy,rastrigin,100,3500,46.91566883239041
evolution_strategy,rastrigin,100,3600,46.91566883239041
evolution_strategy,rastrigin,100,3700,46.91566883239041
evolution_strategy,rastrigin,100,3800,46.91566883239041
evolution_strategy,rastrigin,100,3900,46.91566883239041
evolution_strategy,rastrigin,100,4000,46.91566883239041
evolution_strategy,rastrigin,100,4100,46.91566883239041
evolution_strategy,rastrigin,100,4200,46.91566883239041
evolution_strategy,rastrigin,100,4300,46.91566883239041
evolution_strategy,rastrigin,100,4400,46.91566883239041
evolution_strategy,rastrigin,100,4500,46.91566883239041
evolution_strategy,rastrigin,100,4600,46.91566883239041
evolution_strategy,rastrigin,100,4700,46.91566883239041
evolution_strategy,rastrigin,100,4800,46.91566883239041
evolution_strategy,rastrigin,100,4900,46.91566883239041
evolution_strategy,rastrigin,100,5000,46.91566883239041
evolution_strategy,rastrigin,100,5100,46.91566883239041
evolution_strategy,rastrigin,100,5200,46.91566883239041
evolution_strategy,rastrigin,100,5300,46.91566883239041
evolution_strategy,rastrigin,100,5400,46.91566883239041
evolution_strategy,rastrigin,100,5500,46.91566883239041
evolution_strategy,rastrigin,100,5600,46.91566883239041
evolution_strategy,rastrigin,100,5700,46.91566883239041
evolution_strategy,rastrigin,100,5800,46.91566883239041
evolution_strategy,rastrigin,100,5900,46.91566883239041
evolution_strategy,rastrigin,100,6000,46.91566883239041
evolution_strategy,rastrigin,100,6100,46.91566883239041
evolution_strategy,rastrigin,100,6200,46.91566883239041
evolution_strategy,rastrigin,100,6300,46.91566883239041
evolution_strategy,rastrigin,100,6400,46.91566883239041
evolution_strategy,rastrigin,100,6500,46.91566883239041
evolution_strategy,rastrigin,100,6600,46.91566883239041
evolution_strategy,rastrigin,100,6700,46.91566883239041
evolution_strategy,rastrigin,100,6800,46.91566883239041
evolution_strategy,rastrigin,100,6900,46.91566883239041
evolution_strategy,rastrigin,100,7000,46.91566883239041
evolution_strategy,rastrigin,100,7100,46.91566883239041
evolution_strategy,rastrigin,100,7200,46.91566883239041
evolution_strategy,rastrigin,100,7300,46.91566883239041
evolution_strategy,rastrigin,100,7400,46.91566883239041
evolution_strategy,rastrigin,100,7500,46.91566883239041
evolution_strategy,rastrigin,100,7600,46.91566883239041
evolution_strategy,rastrigin,100,7700,46.91566883239041
evolution_strategy,rastrigin,100,7800,46.91566883239041
evolution_strategy,rastrigin,100,7900,46.91566883239041
evolution_strategy,rastrigin,100,8000,46.91566883239041
evolution_strategy,rastrigin,100,8100,46.91566883239041
evolution_strategy,rastrigin,100,8200,46.91566883239041
evolution_strategy,rastrigin,100,8300,46.91566883239041
evolution_strategy,rastrigin,100,8400,46.91566883239041
evolution_strategy,rastrigin,100,8500,46.91566883239041
evolution_strategy,rastrigin,100,8600,46.91566883239041
evolution_strategy,rastrigin,100,8700,46.91566883239041
evolution_strategy,rastrigin,100,8800,46.91566883239041
evolution_strategy,rastrigin,100,8900,46.91566883239041
evolution_strategy,rastrigin,100,9000,46.91566883239041
evolution_strategy,rastrigin,100,9100,46.91566883239041
evolution_strategy,rastrigin,100,9200,46.91566883239041
evolution_strategy,rastrigin,100,9300,46.91566883239041
evolution_strategy,rastrigin,100,9400,46.91566883239041
evolution_strategy,rastrigin,100,9500,46.91566883239041
evolution_strategy,rastrigin,100,9600,46.91566883239041
evolution_strategy,rastrigin,100,9700,46.91566883239041
evolution_strategy,rastrigin,100,9800,46.91566883239041
evolution_strategy,rastrigin,100,9900,46.91566883239041
evolution_strategy,rastrigin,100,10000,46.91566883239041
evolution_strategy,rastrigin,100,10100,46.91566883239041
evolution_strategy,rastrigin,100,10200,46.91566883239041
evolution_strategy,rastrigin,100,10300,46.91566883239041
evolution_strategy,rastrigin,100,10400,46.91566883239041
evolution_strategy,rastrigin,100,10500,46.91566883239041
evolution_strategy,rastrigin,100,10600,46.91566883239041
evolution_strategy,rastrigin,100,10700,46.91566883239041
evolution_strategy,rastrigin,100,10800,46.91566883239041
evolution_strategy,rastrigin,100,10900,45.94128172377117
evolution_strategy,rastrigin,100,11000,45.94128172377117
evolution_strategy,rastrigin,100,11100,45.94128172377117
evolution_strategy,rastrigin,100,11200,45.94128172377117
evolution_strategy,rastrigin,100,11300,45.94128172377117
evolution_strategy,rastrigin,100,11400,45.94128172377117
evolution_strategy,rastrigin,100,11500,45.94128172377117
evolution_strategy,rastrigin,100,11600,45.94128172377117
evolution_strategy,rastrigin,100,11700,45.94128172377117
evolution_strategy,rastrigin,100,11800,45.94128172377117
evolution_strategy,rastrigin,100,11900,45.94128172377117
evolution_strategy,rastrigin,100,12000,45.94128172377117
evolution_strategy,rastrigin,100,12100,45.94128172377117
evolution_strategy,rastrigin,100,12200,45.94128172377117
evolution_strategy,rastrigin,100,12300,45.94128172377117
evolution_strategy,rastrigin,100,12400,45.94128172377117
evolution_strategy,rastrigin,100,12500,45.94128172377117
evolution_strategy,rastrigin,100,12600,45.94128172377117
evolution_strategy,rastrigin,100,12700,45.94128172377117
evolution_strategy,rastrigin,100,12800,45.94128172377117
evolution_strategy,rastrigin,100,12900,45.94128172377117
evolution_strategy,rastrigin,100,13000,45.94128172377117
evolution_strategy,rastrigin,100,13100,45.94128172377117
evolution_strategy,rastrigin,100,13200,45.94128172377117
evolution_strategy,rastrigin,100,13300,45.94128172377117
evolution_strategy,rastrigin,100,13400,45.94128172377117
evolution_strategy,rastrigin,100,13500,45.94128172377117
evolution_strategy,rastrigin,100,13600,45.94128172377117
evolution_strategy,rastrigin,100,13700,45.94128172377117
evolution_strategy,rastrigin,100,13800,45.94128172377117
evolution_strategy,rastrigin,100,13900,45.94128172377117
evolution_strategy,rastrigin,100,14000,45.94128172377117
evolution_strategy,rastrigin,100,14100,45.94128172377117
evolution_strategy,rastrigin,100,14200,45.94128172377117
evolution_strategy,rastrigin,100,14300,45.94128172377117
evolution_strategy,rastrigin,100,14400,45.94128172377117
evolution_strategy,rastrigin,100,14500,45.94128172377117
evolution_strategy,rastrigin,100,14600,45.94128172377117
evolution_strategy,rastrigin,100,14700,45.94128172377117
evolution_strategy,rastrigin,100,14800,45.94128172377117
evolution_strategy,rastrigin,100,14900,45.94128172377117
evolution_strategy,rastrigin,100,15000,45.94128172377117
evolution_strategy,rastrigin,100,15100,45.94128172377117
evolution_strategy,rastrigin,100,15200,45.94128172377117
evolution_strategy,rastrigin,100,15300,45.94128172377117
evolution_strategy,rastrigin,100,15400,45.94128172377117
evolution_strategy,rastrigin,100,15500,45.94128172377117
evolution_strategy,rastrigin,100,15600,45.94128172377117
evolution_strategy,rastrigin,100,15700,45.94128172377117
evolution_strategy,rastrigin,100,15800,45.94128172377117
evolution_strategy,rastrigin,100,15900,45.94128172377117
evolution_strategy,rastrigin,100,16000,45.94128172377117
evolution_strategy,rastrigin,100,16100,45.94128172377117
evolution_strategy,rastrigin,100,16200,45.94128172377117
evolution_strategy,rastrigin,100,16300,45.94128172377117
evolution_strategy,rastrigin,100,16400,45.94128172377117
evolution_strategy,rastrigin,100,16500,45.94128172377117
evolution_strategy,rastrigin,100,16600,45.94128172377117
evolution_strategy,rastrigin,100,16700,45.94128172377117
evolution_strategy,rastrigin,100,16800,45.94128172377117
evolution_strategy,rastrigin,100,16900,45.94128172377117
evolution_strategy,rastrigin,100,17000,45.94128172377117
evolution_strategy,rastrigin,100,17100,45.94128172377117
evolution_strategy,rastrigin,100,17200,45.94128172377117
evolution_strategy,rastrigin,100,17300,45.94128172377117
evolution_strategy,rastrigin,100,17400,45.94128172377117
evolution_strategy,rastrigin,100,17500,45.94128172377117
evolution_strategy,rastrigin,100,17600,45.94128172377117
evolution_strategy,rastrigin,100,17700,45.94128172377117
evolution_strategy,rastrigin,100,17800,45.94128172377117
evolution_strategy,rastrigin,100,17900,45.94128172377117
evolution_strategy,rastrigin,100,18000,45.94128172377117
evolution_strategy,rastrigin,100,18100,45.94128172377117
evolution_strategy,rastrigin,100,18200,45.94128172377117
evolution_strategy,rastrigin,100,18300,45.94128172377117
evolution_strategy,rastrigin,100,18400,45.94128172377117
evolution_strategy,rastrigin,100,18500,45.94128172377117
evolution_strategy,rastrigin,100,18600,45.94128172377117
evolution_strategy,rastrigin,100,18700,45.94128172377117
evolution_strategy,rastrigin,100,18800,45.94128172377117
evolution_strategy,rastrigin,100,18900,45.94128172377117
evolution_strategy,rastrigin,100,19000,45.94128172377117
evolution_strategy,rastrigin,100,19100,45.94128172377117
evolution_strategy,rastrigin,100,19200,45.94128172377117
evolution_strategy,rastrigin,100,19300,45.94128172377117
evolution_strategy,rastrigin,100,19400,45.94128172377117
evolution_strategy,rastrigin,100,19500,45.94128172377117
evolution_strategy,rastrigin,100,19600,45.94128172377117
evolution_strategy,rastrigin,100,19700,45.94128172377117
evolution_strategy,rastrigin,100,19800,45.94128172377117
evolution_strategy,rastrigin,100,19900,45.94128172377117
evolution_strategy,rastrigin,100,20000,45.94128172377117
evolution_strategy,rastrigin,101,100,95.4534580112756
evolution_strategy,rastrigin,101,200,75.91027958682267
evolution_strategy,rastrigin,101,300,58.23415031934461
evolution_strategy,rastrigin,101,400,55.29747079677889
evolution_strategy,rastrigin,101,500,54.41206280296528
evolution_strategy,rastrigin,101,600,50.32116879956782
evolution_strategy,rastrigin,101,700,46.649379539321686
evolution_strategy,rastrigin,101,800,46.649379539321686
evolution_strategy,rastrigin,101,900,46.649379539321686
evolution_strategy,rastrigin,101,1000,46.649379539321686
evolution_strategy,rastrigin,101,1100,46.649379539321686
evolution_strategy,rastrigin,101,1200,46.6248181957256
evolution_strategy,rastrigin,101,1300,43.641442722599024
evolution_strategy,rastrigin,101,1400,43.641442722599024
evolution_strategy,rastrigin,101,1500,43.641442722599024
evolution_strategy,rastrigin,101,1600,43.641442722599024
evolution_strategy,rastrigin,101,1700,43.641442722599024
evolution_strategy,rastrigin,101,1800,43.641442722599024
evolution_strategy,rastrigin,101,1900,43.641442722599024
evolution_strategy,rastrigin,101,2000,43.641442722599024
evolution_strategy,rastrigin,101,2100,43.641442722599024
evolution_strategy,rastrigin,101,2200,43.641442722599024
evolution_strategy,rastrigin,101,2300,43.641442722599024
evolution_strategy,rastrigin,101,2400,43.641442722599024
evolution_strategy,rastrigin,101,2500,42.84058123790634
evolution_strategy,rastrigin,101,2600,42.84058123790634
evolution_strategy,rastrigin,101,2700,42.84058123790634
evolution_strategy,rastrigin,101,2800,42.84058123790634
evolution_strategy,rastrigin,101,2900,42.84058123790634
evolution_strategy,rastrigin,101,3000,42.84058123790634
evolution_strategy,rastrigin,101,3100,42.84058123790634
evolution_strategy,rastrigin,101,3200,42.84058123790634
evolution_strategy,rastrigin,101,3300,42.84058123790634
evolution_strategy,rastrigin,101,3400,42.84058123790634
evolution_strategy,rastrigin,101,3500,42.84058123790634
evolution_strategy,rastrigin,101,3600,42.76102485291464
evolution_strategy,rastrigin,101,3700,42.76102485291464
evolution_strategy,rastrigin,101,3800,42.76102485291464
evolution_strategy,rastrigin,101,3900,42.76102485291464
evolution_strategy,rastrigin,101,4000,42.76102485291464
evolution_strategy,rastrigin,101,4100,42.76102485291464
evolution_strategy,rastrigin,101,4200,42.76102485291464
evolution_strategy,rastrigin,101,4300,42.76102485291464
evolution_strategy,rastrigin,101,4400,42.76102485291464
evolution_strategy,rastrigin,101,4500,42.76102485291464
evolution_strategy,rastrigin,101,4600,42.76102485291464
evolution_strategy,rastrigin,101,4700,42.76102485291464
evolution_strategy,rastrigin,101,4800,42.76102485291464
evolution_strategy,rastrigin,101,4900,42.76102485291464
evolution_strategy,rastrigin,101,5000,42.76102485291464
evolution_strategy,rastrigin,101,5100,42.76102485291464
evolution_strategy,rastrigin,101,5200,42.76102485291464
evolution_strategy,rastrigin,101,5300,42.76102485291464
evolution_strategy,rastrigin,101,5400,42.76102485291464
evolution_strategy,rastrigin,101,5500,42.76102485291464
evolution_strategy,rastrigin,101,5600,42.76102485291464
evolution_strategy,rastrigin,101,5700,42.76102485291464
evolution_strategy,rastrigin,101,5800,42.76102485291464
evolution_strategy,rastrigin,101,5900,42.76102485291464
evolution_strategy,rastrigin,101,6000,42.76102485291464
evolution_strategy,rastrigin,101,6100,42.76102485291464
evolution_strategy,rastrigin,101,6200,42.76102485291464
evolution_strategy,rastrigin,101,6300,42.76102485291464
evolution_strategy,rastrigin,101,6400,42.76102485291464
evolution_strategy,rastrigin,101,6500,42.00549318688285
evolution_strategy,rastrigin,101,6600,42.00549318688285
evolution_strategy,rastrigin,101,6700,42.00549318688285
evolution_strategy,rastrigin,101,6800,42.00549318688285
evolution_strategy,rastrigin,101,6900,42.00549318688285
evolution_strategy,rastrigin,101,7000,42.00549318688285
evolution_strategy,rastrigin,101,7100,42.00549318688285
evolution_strategy,rastrigin,101,7200,42.00549318688285
evolution_strategy,rastrigin,101,7300,42.00549318688285
evolution_strategy,rastrigin,101,7400,42.00549318688285
evolution_strategy,rastrigin,101,7500,42.00549318688285
evolution_strategy,rastrigin,101,7600,42.00549318688285
evolution_strategy,rastrigin,101,7700,42.00549318688285
evolution_strategy,rastrigin,101,7800,42.00549318688285
evolution_strategy,rastrigin,101,7900,42.00549318688285
evolution_strategy,rastrigin,101,8000,42.00549318688285
evolution_strategy,rastrigin,101,8100,42.00549318688285
evolution_strategy,rastrigin,101,8200,42.00549318688285
evolution_strategy,rastrigin,101,8300,42.00549318688285
evolution_strategy,rastrigin,101,8400,42.00549318688285
evolution_strategy,rastrigin,101,8500,42.00549318688285
evolution_strategy,rastrigin,101,8600,42.00549318688285
evolution_strategy,rastrigin,101,8700,42.00549318688285
evolution_strategy,rastrigin,101,8800,42.00549318688285
evolution_strategy,rastrigin,101,8900,42.00549318688285
evolution_strategy,rastrigin,101,9000,42.00549318688285
evolution_strategy,rastrigin,101,9100,42.00549318688285
evolution_strategy,rastrigin,101,9200,42.00549318688285
evolution_strategy,rastrigin,101,9300,42.00549318688285
evolution_strategy,rastrigin,101,9400,42.00549318688285
evolution_strategy,rastrigin,101,9500,42.00549318688285
evolution_strategy,rastrigin,101,9600,42.00549318688285
evolution_strategy,rastrigin,101,9700,42.00549318688285
evolution_strategy,rastrigin,101,9800,42.00549318688285
evolution_strategy,rastrigin,101,9900,42.00549318688285
evolution_strategy,rastrigin,101,10000,42.00549318688285
evolution_strategy,rastrigin,101,10100,42.00549318688285
evolution_strategy,rastrigin,101,10200,42.00549318688285
evolution_strategy,rastrigin,101,10300,42.00549318688285
evolution_strategy,rastrigin,101,10400,42.00549318688285
evolution_strategy,rastrigin,101,10500,42.00549318688285
evolution_strategy,rastrigin,101,10600,42.00549318688285
evolution_strategy,rastrigin,101,10700,42.00549318688285
evolution_strategy,rastrigin,101,10800,42.00549318688285
evolution_strategy,rastrigin,101,10900,42.00549318688285
evolution_strategy,rastrigin,101,11000,42.00549318688285
evolution_strategy,rastrigin,101,11100,42.00549318688285
evolution_strategy,rastrigin,101,11200,42.00549318688285
evolution_strategy,rastrigin,101,11300,42.00549318688285
evolution_strategy,rastrigin,101,11400,41.456704034106636
evolution_strategy,rastrigin,101,11500,41.456704034106636
evolution_strategy,rastrigin,101,11600,41.456704034106636
evolution_strategy,rastrigin,101,11700,41.456704034106636
evolution_strategy,rastrigin,101,11800,41.456704034106636
evolution_strategy,rastrigin,101,11900,41.456704034106636
evolution_strategy,rastrigin,101,12000,41.456704034106636
evolution_strategy,rastrigin,101,12100,41.456704034106636
evolution_strategy,rastrigin,101,12200,41.456704034106636
evolution_strategy,rastrigin,101,12300,41.456704034106636
evolution_strategy,rastrigin,101,12400,41.456704034106636
evolution_strategy,rastrigin,101,12500,41.456704034106636
evolution_strategy,rastrigin,101,12600,41.456704034106636
evolution_strategy,rastrigin,101,12700,41.456704034106636
evolution_strategy,rastrigin,101,12800,41.456704034106636
evolution_strategy,rastrigin,101,12900,41.456704034106636
evolution_strategy,rastrigin,101,13000,41.456704034106636
evolution_strategy,rastrigin,101,13100,41.456704034106636
evolution_strategy,rastrigin,101,13200,41.456704034106636
evolution_strategy,rastrigin,101,13300,41.456704034106636
evolution_strategy,rastrigin,101,13400,41.456704034106636
evolution_strategy,rastrigin,101,13500,41.456704034106636
evolution_strategy,rastrigin,101,13600,41.456704034106636
evolution_strategy,rastrigin,101,13700,41.456704034106636
evolution_strategy,rastrigin,101,13800,41.456704034106636
evolution_strategy,rastrigin,101,13900,41.456704034106636
evolution_strategy,rastrigin,101,14000,41.456704034106636
evolution_strategy,rastrigin,101,14100,41.456704034106636
evolution_strategy,rastrigin,101,14200,41.456704034106636
evolution_strategy,rastrigin,101,14300,41.456704034106636
evolution_strategy,rastrigin,101,14400,41.456704034106636
evolution_strategy,rastrigin,101,14500,41.456704034106636
evolution_strategy,rastrigin,101,14600,41.456704034106636
evolution_strategy,rastrigin,101,14700,41.456704034106636
evolution_strategy,rastrigin,101,14800,41.456704034106636
evolution_strategy,rastrigin,101,14900,41.456704034106636
evolution_strategy,rastrigin,101,15000,41.456704034106636
evolution_strategy,rastrigin,101,15100,41.456704034106636
evolution_strategy,rastrigin,101,15200,41.456704034106636
evolution_strategy,rastrigin,101,15300,41.456704034106636
evolution_strategy,rastrigin,101,15400,41.456704034106636
evolution_strategy,rastrigin,101,15500,41.456704034106636
evolution_strategy,rastrigin,101,15600,41.456704034106636
evolution_strategy,rastrigin,101,15700,41.456704034106636
evolution_strategy,rastrigin,101,15800,41.456704034106636
evolution_strategy,rastrigin,101,15900,41.456704034106636
evolution_strategy,rastrigin,101,16000,41.456704034106636
evolution_strategy,rastrigin,101,16100,41.456704034106636
evolution_strategy,rastrigin,101,16200,41.456704034106636
evolution_strategy,rastrigin,101,16300,41.456704034106636
evolution_strategy,rastrigin,101,16400,41.456704034106636
evolution_strategy,rastrigin,101,16500,41.456704034106636
evolution_strategy,rastrigin,101,16600,41.456704034106636
evolution_strategy,rastrigin,101,16700,41.456704034106636
evolution_strategy,rastrigin,101,16800,41.456704034106636
evolution_strategy,rastrigin,101,16900,41.456704034106636
evolution_strategy,rastrigin,101,17000,41.456704034106636
evolution_strategy,rastrigin,101,17100,41.456704034106636
evolution_strategy,rastrigin,101,17200,41.456704034106636
evolution_strategy,rastrigin,101,17300,41.456704034106636
evolution_strategy,rastrigin,101,17400,41.456704034106636
evolution_strategy,rastrigin,101,17500,41.456704034106636
evolution_strategy,rastrigin,101,17600,41.456704034106636
evolution_strategy,rastrigin,101,17700,41.456704034106636
evolution_strategy,rastrigin,101,17800,41.456704034106636
evolution_strategy,rastrigin,101,17900,41.456704034106636
evolution_strategy,rastrigin,101,18000,41.456704034106636
evolution_strategy,rastrigin,101,18100,41.456704034106636
evolution_strategy,rastrigin,101,18200,41.456704034106636
evolution_strategy,rastrigin,101,18300,41.456704034106636
evolution_strategy,rastrigin,101,18400,41.456704034106636
evolution_strategy,rastrigin,101,18500,41.456704034106636
evolution_strategy,rastrigin,101,18600,41.456704034106636
evolution_strategy,rastrigin,101,18700,41.456704034106636
evolution_strategy,rastrigin,101,18800,41.456704034106636
evolution_strategy,rastrigin,101,18900,41.456704034106636
evolution_strategy,rastrigin,101,19000,41.456704034106636
evolution_strategy,rastrigin,101,19100,41.456704034106636
evolution_strategy,rastrigin,101,19200,41.456704034106636
evolution_strategy,rastrigin,101,19300,41.456704034106636
evolution_strategy,rastrigin,101,19400,41.456704034106636
evolution_strategy,rastrigin,101,19500,41.456704034106636
evolution_strategy,rastrigin,101,19600,41.456704034106636
evolution_strategy,rastrigin,101,19700,41.456704034106636
evolution_strategy,rastrigin,101,19800,41.456704034106636
evolution_strategy,rastrigin,101,19900,41.456704034106636
evolution_strategy,rastrigin,101,20000,41.456704034106636
evolution_strategy,rastrigin,102,100,99.93290021908145
evolution_strategy,rastrigin,102,200,65.46533150979249
evolution_strategy,rastrigin,102,300,42.75548256031745
evolution_strategy,rastrigin,102,400,36.63468329847929
evolution_strategy,rastrigin,102,500,30.754338099345773
evolution_strategy,rastrigin,102,600,21.901241414752604
evolution_strategy,rastrigin,102,700,21.901241414752604
evolution_strategy,rastrigin,102,800,21.901241414752604
evolution_strategy,rastrigin,102,900,21.10545170705136
evolution_strategy,rastrigin,102,1000,21.10545170705136
evolution_strategy,rastrigin,102,1100,19.867718868580724
evolution_strategy,rastrigin,102,1200,19.867718868580724
evolution_strategy,rastrigin,102,1300,18.272890752893147
evolution_strategy,rastrigin,102,1400,15.181526804474018
evolution_strategy,rastrigin,102,1500,15.181526804474018
evolution_strategy,rastrigin,102,1600,15.181526804474018
evolution_strategy,rastrigin,102,1700,15.181526804474018
evolution_strategy,rastrigin,102,1800,15.181526804474018
evolution_strategy,rastrigin,102,1900,15.181526804474018
evolution_strategy,rastrigin,102,2000,15.181526804474018
evolution_strategy,rastrigin,102,2100,15.181526804474018
evolution_strategy,rastrigin,102,2200,15.181526804474018
evolution_strategy,rastrigin,102,2300,15.181526804474018
evolution_strategy,rastrigin,102,2400,15.181526804474018
evolution_strategy,rastrigin,102,2500,15.181526804474018
evolution_strategy,rastrigin,102,2600,15.181526804474018
evolution_strategy,rastrigin,102,2700,15.181526804474018
evolution_strategy,rastrigin,102,2800,15.181526804474018
evolution_strategy,rastrigin,102,2900,15.181526804474018
evolution_strategy,rastrigin,102,3000,15.181526804474018
evolution_strategy,rastrigin,102,3100,15.181526804474018
evolution_strategy,rastrigin,102,3200,15.181526804474018
evolution_strategy,rastrigin,102,3300,15.181526804474018
evolution_strategy,rastrigin,102,3400,15.181526804474018
evolution_strategy,rastrigin,102,3500,15.181526804474018
evolution_strategy,rastrigin,102,3600,15.181526804474018
evolution_strategy,rastrigin,102,3700,15.181526804474018
evolution_strategy,rastrigin,102,3800,15.181526804474018
evolution_strategy,rastrigin,102,3900,15.181526804474018
evolution_strategy,rastrigin,102,4000,15.181526804474018
evolution_strategy,rastrigin,102,4100,15.181526804474018
evolution_strategy,rastrigin,102,4200,15.181526804474018
evolution_strategy,rastrigin,102,4300,15.181526804474018
evolution_strategy,rastrigin,102,4400,15.181526804474018
evolution_strategy,rastrigin,102,4500,15.181526804474018
evolution_strategy,rastrigin,102,4600,15.181526804474018
evolution_strategy,rastrigin,102,4700,15.181526804474018
evolution_strategy,rastrigin,102,4800,15.181526804474018
evolution_strategy,rastrigin,102,4900,15.181526804474018
evolution_strategy,rastrigin,102,5000,15.181526804474018
evolution_strategy,rastrigin,102,5100,15.181526804474018
evolution_strategy,rastrigin,102,5200,15.181526804474018
evolution_strategy,rastrigin,102,5300,15.181526804474018
evolution_strategy,rastrigin,102,5400,15.181526804474018
evolution_strategy,rastrigin,102,5500,15.181526804474018
evolution_strategy,rastrigin,102,5600,15.181526804474018
evolution_strategy,rastrigin,102,5700,15.181526804474018
evolution_strategy,rastrigin,102,5800,15.181526804474018
evolution_strategy,rastrigin,102,5900,15.181526804474018
evolution_strategy,rastrigin,102,6000,15.181526804474018
evolution_strategy,rastrigin,102,6100,15.181526804474018
evolution_strategy,rastrigin,102,6200,15.181526804474018
evolution_strategy,rastrigin,102,6300,15.181526804474018
evolution_strategy,rastrigin,102,6400,15.181526804474018
evolution_strategy,rastrigin,102,6500,15.181526804474018
evolution_strategy,rastrigin,102,6600,15.181526804474018
evolution_strategy,rastrigin,102,6700,15.181526804474018
evolution_strategy,rastrigin,102,6800,15.181526804474018
evolution_strategy,rastrigin,102,6900,15.181526804474018
evolution_strategy,rastrigin,102,7000,15.181526804474018
evolution_strategy,rastrigin,102,7100,15.181526804474018
evolution_strategy,rastrigin,102,7200,15.181526804474018
evolution_strategy,rastrigin,102,7300,15.181526804474018
evolution_strategy,rastrigin,102,7400,15.181526804474018
evolution_strategy,rastrigin,102,7500,15.181526804474018
evolution_strategy,rastrigin,102,7600,15.181526804474018
evolution_strategy,rastrigin,102,7700,15.181526804474018
evolution_strategy,rastrigin,102,7800,15.181526804474018
evolution_strategy,rastrigin,102,7900,15.181526804474018
evolution_strategy,rastrigin,102,8000,15.181526804474018
evolution_strategy,rastrigin,102,8100,15.181526804474018
evolution_strategy,rastrigin,102,8200,15.181526804474018
evolution_strategy,rastrigin,102,8300,15.181526804474018
evolution_strategy,rastrigin,102,8400,15.181526804474018
evolution_strategy,rastrigin,102,8500,15.181526804474018
evolution_strategy,rastrigin,102,8600,15.181526804474018
evolution_strategy,rastrigin,102,8700,15.181526804474018
evolution_strategy,rastrigin,102,8800,15.181526804474018
evolution_strategy,rastrigin,102,8900,15.181526804474018
evolution_strategy,rastrigin,102,9000,15.181526804474018
evolution_strategy,rastrigin,102,9100,15.181526804474018
evolution_strategy,rastrigin,102,9200,15.181526804474018
evolution_strategy,rastrigin,102,9300,15.181526804474018
evolution_strategy,rastrigin,102,9400,15.181526804474018
evolution_strategy,rastrigin,102,9500,15.181526804474018
evolution_strategy,rastrigin,102,9600,15.181526804474018
evolution_strategy,rastrigin,102,9700,15.181526804474018
evolution_strategy,rastrigin,102,9800,15.181526804474018
evolution_strategy,rastrigin,102,9900,15.181526804474018
evolution_strategy,rastrigin,102,10000,15.181526804474018
evolution_strategy,rastrigin,102,10100,15.181526804474018
evolution_strategy,rastrigin,102,10200,15.181526804474018
evolution_strategy,rastrigin,102,10300,15.181526804474018
evolution_strategy,rastrigin,102,10400,15.181526804474018
evolution_strategy,rastrigin,102,10500,15.181526804474018
evolution_strategy,rastrigin,102,10600,15.181526804474018
evolution_strategy,rastrigin,102,10700,15.181526804474018
evolution_strategy,rastrigin,102,10800,15.181526804474018
evolution_strategy,rastrigin,102,10900,15.181526804474018
evolution_strategy,rastrigin,102,11000,15.181526804474018
evolution_strategy,rastrigin,102,11100,15.181526804474018
evolution_strategy,rastrigin,102,11200,15.181526804474018
evolution_strategy,rastrigin,102,11300,15.181526804474018
evolution_strategy,rastrigin,102,11400,15.181526804474018
evolution_strategy,rastrigin,102,11500,15.181526804474018
evolution_strategy,rastrigin,102,11600,15.181526804474018
evolution_strategy,rastrigin,102,11700,15.181526804474018
evolution_strategy,rastrigin,102,11800,15.181526804474018
evolution_strategy,rastrigin,102,11900,15.181526804474018
evolution_strategy,rastrigin,102,12000,15.181526804474018
evolution_strategy,rastrigin,102,12100,15.181526804474018
evolution_strategy,rastrigin,102,12200,15.181526804474018
evolution_strategy,rastrigin,102,12300,15.181526804474018
evolution_strategy,rastrigin,102,12400,15.181526804474018
evolution_strategy,rastrigin,102,12500,15.181526804474018
evolution_strategy,rastrigin,102,12600,15.181526804474018
evolution_strategy,rastrigin,102,12700,15.181526804474018
evolution_strategy,rastrigin,102,12800,15.181526804474018
evolution_strategy,rastrigin,102,12900,15.181526804474018
evolution_strategy,rastrigin,102,13000,15.181526804474018
evolution_strategy,rastrigin,102,13100,15.181526804474018
evolution_strategy,rastrigin,102,13200,15.181526804474018
evolution_strategy,rastrigin,102,13300,15.181526804474018
evolution_strategy,rastrigin,102,13400,15.181526804474018
evolution_strategy,rastrigin,102,13500,15.181526804474018
evolution_strategy,rastrigin,102,13600,15.181526804474018
evolution_strategy,rastrigin,102,13700,15.181526804474018
evolution_strategy,rastrigin,102,13800,15.181526804474018
evolution_strategy,rastrigin,102,13900,15.181526804474018
evolution_strategy,rastrigin,102,14000,15.181526804474018
evolution_strategy,rastrigin,102,14100,15.181526804474018
evolution_strategy,rastrigin,102,14200,15.181526804474018
evolution_strategy,rastrigin,102,14300,15.181526804474018
evolution_strategy,rastrigin,102,14400,15.181526804474018
evolution_strategy,rastrigin,102,14500,15.181526804474018
evolution_strategy,rastrigin,102,14600,15.181526804474018
evolution_strategy,rastrigin,102,14700,15.181526804474018
evolution_strategy,rastrigin,102,14800,15.181526804474018
evolution_strategy,rastrigin,102,14900,15.181526804474018
evolution_strategy,rastrigin,102,15000,15.181526804474018
evolution_strategy,rastrigin,102,15100,15.181526804474018
evolution_strategy,rastrigin,102,15200,15.181526804474018
evolution_strategy,rastrigin,102,15300,15.181526804474018
evolution_strategy,rastrigin,102,15400,15.181526804474018
evolution_strategy,rastrigin,102,15500,15.181526804474018
evolution_strategy,rastrigin,102,15600,15.181526804474018
evolution_strategy,rastrigin,102,15700,15.181526804474018
evolution_strategy,rastrigin,102,15800,15.181526804474018
evolution_strategy,rastrigin,102,15900,15.181526804474018
evolution_strategy,rastrigin,102,16000,15.181526804474018
evolution_strategy,rastrigin,102,16100,15.181526804474018
evolution_strategy,rastrigin,102,16200,15.181526804474018
evolution_strategy,rastrigin,102,16300,15.181526804474018
evolution_strategy,rastrigin,102,16400,15.181526804474018
evolution_strategy,rastrigin,102,16500,15.181526804474018
evolution_strategy,rastrigin,102,16600,15.181526804474018
evolution_strategy,rastrigin,102,16700,15.181526804474018
evolution_strategy,rastrigin,102,16800,15.181526804474018
evolution_strategy,rastrigin,102,16900,15.181526804474018
evolution_strategy,rastrigin,102,17000,15.181526804474018
evolution_strategy,rastrigin,102,17100,15.181526804474018
evolution_strategy,rastrigin,102,17200,15.181526804474018
evolution_strategy,rastrigin,102,17300,15.181526804474018
evolution_strategy,rastrigin,102,17400,15.181526804474018
evolution_strategy,rastrigin,102,17500,15.181526804474018
evolution_strategy,rastrigin,102,17600,15.181526804474018
evolution_strategy,rastrigin,102,17700,15.181526804474018
evolution_strategy,rastrigin,102,17800,15.181526804474018
evolution_strategy,rastrigin,102,17900,15.181526804474018
evolution_strategy,rastrigin,102,18000,15.181526804474018
evolution_strategy,rastrigin,102,18100,15.181526804474018
evolution_strategy,rastrigin,102,18200,15.181526804474018
evolution_strategy,rastrigin,102,18300,15.181526804474018
evolution_strategy,rastrigin,102,18400,15.181526804474018
evolution_strategy,rastrigin,102,18500,15.181526804474018
evolution_strategy,rastrigin,102,18600,15.181526804474018
evolution_strategy,rastrigin,102,18700,15.181526804474018
evolution_strategy,rastrigin,102,18800,15.181526804474018
evolution_strategy,rastrigin,102,18900,15.181526804474018
evolution_strategy,rastrigin,102,19000,15.181526804474018
evolution_strategy,rastrigin,102,19100,15.181526804474018
evolution_strategy,rastrigin,102,19200,15.181526804474018
evolution_strategy,rastrigin,102,19300,15.181526804474018
evolution_strategy,rastrigin,102,19400,15.181526804474018
evolution_strategy,rastrigin,102,19500,15.181526804474018
evolution_strategy,rastrigin,102,19600,15.181526804474018
evolution_strategy,rastrigin,102,19700,15.181526804474018
evolution_strategy,rastrigin,102,19800,15.181526804474018
evolution_strategy,rastrigin,102,19900,15.181526804474018
evolution_strategy,rastrigin,102,20000,15.181526804474018
evolution_strategy,rastrigin,103,100,89.85880857749973
evolution_strategy,rastrigin,103,200,87.36498038808753
evolution_strategy,rastrigin,103,300,66.59885978514254
evolution_strategy,rastrigin,103,400,56.118833425662466
evolution_strategy,rastrigin,103,500,52.64698558698818
evolution_strategy,rastrigin,103,600,52.64698558698818
evolution_strategy,rastrigin,103,700,52.64698558698818
evolution_strategy,rastrigin,103,800,52.01807513314357
evolution_strategy,rastrigin,103,900,52.01807513314357
evolution_strategy,rastrigin,103,1000,49.99752964526535
evolution_strategy,rastrigin,103,1100,49.99752964526535
evolution_strategy,rastrigin,103,1200,49.99752964526535
evolution_strategy,rastrigin,103,1300,49.99752964526535
evolution_strategy,rastrigin,103,1400,49.99752964526535
evolution_strategy,rastrigin,103,1500,49.99752964526535
evolution_strategy,rastrigin,103,1600,49.99752964526535
evolution_strategy,rastrigin,103,1700,49.99752964526535
evolution_strategy,rastrigin,103,1800,49.99752964526535
evolution_strategy,rastrigin,103,1900,49.99752964526535
evolution_strategy,rastrigin,103,2000,49.2939922263672
evolution_strategy,rastrigin,103,2100,49.2939922263672
evolution_strategy,rastrigin,103,2200,49.2939922263672
evolution_strategy,rastrigin,103,2300,49.2939922263672
evolution_strategy,rastrigin,103,2400,49.2939922263672
evolution_strategy,rastrigin,103,2500,49.2939922263672
evolution_strategy,rastrigin,103,2600,49.2939922263672
evolution_strategy,rastrigin,103,2700,49.2939922263672
evolution_strategy,rastrigin,103,2800,49.2939922263672
evolution_strategy,rastrigin,103,2900,49.2939922263672
evolution_strategy,rastrigin,103,3000,49.2939922263672
evolution_strategy,rastrigin,103,3100,49.2939922263672
evolution_strategy,rastrigin,103,3200,49.2939922263672
evolution_strategy,rastrigin,103,3300,49.2939922263672
evolution_strategy,rastrigin,103,3400,48.22679976236748
evolution_strategy,rastrigin,103,3500,48.22679976236748
evolution_strategy,rastrigin,103,3600,48.22679976236748
evolution_strategy,rastrigin,103,3700,48.22679976236748
evolution_strategy,rastrigin,103,3800,48.22679976236748
evolution_strategy,rastrigin,103,3900,48.22679976236748
evolution_strategy,rastrigin,103,4000,48.22679976236748
evolution_strategy,rastrigin,103,4100,48.22679976236748
evolution_strategy,rastrigin,103,4200,48.21717175520346
evolution_strategy,rastrigin,103,4300,48.21717175520346
evolution_strategy,rastrigin,103,4400,48.21717175520346
evolution_strategy,rastrigin,103,4500,48.21717175520346
evolution_strategy,rastrigin,103,4600,48.21717175520346
evolution_strategy,rastrigin,103,4700,48.21717175520346
evolution_strategy,rastrigin,103,4800,48.21717175520346
evolution_strategy,rastrigin,103,4900,48.21717175520346
evolution_strategy,rastrigin,103,5000,48.21717175520346
evolution_strategy,rastrigin,103,5100,48.21717175520346
evolution_strategy,rastrigin,103,5200,48.21717175520346
evolution_strategy,rastrigin,103,5300,47.972014291704696
evolution_strategy,rastrigin,103,5400,47.972014291704696
evolution_strategy,rastrigin,103,5500,47.972014291704696
evolution_strategy,rastrigin,103,5600,47.972014291704696
evolution_strategy,rastrigin,103,5700,47.972014291704696
evolution_strategy,rastrigin,103,5800,47.972014291704696
evolution_strategy,rastrigin,103,5900,47.972014291704696
evolution_strategy,rastrigin,103,6000,47.972014291704696
evolution_strategy,rastrigin,103,6100,47.972014291704696
evolution_strategy,rastrigin,103,6200,47.972014291704696
evolution_strategy,rastrigin,103,6300,47.972014291704696
evolution_strategy,rastrigin,103,6400,47.972014291704696
evolution_strategy,rastrigin,103,6500,47.972014291704696
evolution_strategy,rastrigin,103,6600,47.972014291704696
evolution_strategy,rastrigin,103,6700,47.972014291704696
evolution_strategy,rastrigin,103,6800,47.972014291704696
evolution_strategy,rastrigin,103,6900,47.972014291704696
evolution_strategy,rastrigin,103,7000,47.972014291704696
evolution_strategy,rastrigin,103,7100,47.972014291704696
evolution_strategy,rastrigin,103,7200,47.972014291704696
evolution_strategy,rastrigin,103,7300,47.972014291704696
evolution_strategy,rastrigin,103,7400,47.972014291704696
evolution_strategy,rastrigin,103,7500,47.972014291704696
evolution_strategy,rastrigin,103,7600,47.972014291704696
evolution_strategy,rastrigin,103,7700,47.972014291704696
evolution_strategy,rastrigin,103,7800,47.972014291704696
evolution_strategy,rastrigin,103,7900,47.972014291704696
evolution_strategy,rastrigin,103,8000,47.972014291704696
evolution_strategy,rastrigin,103,8100,47.972014291704696
evolution_strategy,rastrigin,103,8200,47.972014291704696
evolution_strategy,rastrigin,103,8300,47.972014291704696
evolution_strategy,rastrigin,103,8400,47.972014291704696
evolution_strategy,rastrigin,103,8500,47.972014291704696
evolution_strategy,rastrigin,103,8600,47.972014291704696
evolution_strategy,rastrigin,103,8700,47.972014291704696
evolution_strategy,rastrigin,103,8800,47.972014291704696
evolution_strategy,rastrigin,103,8900,47.78495936485633
evolution_strategy,rastrigin,103,9000,47.78495936485633
evolution_strategy,rastrigin,103,9100,47.78495936485633
evolution_strategy,rastrigin,103,9200,47.70729773706144
evolution_strategy,rastrigin,103,9300,47.70729773706144
evolution_strategy,rastrigin,103,9400,47.70729773706144
evolution_strategy,rastrigin,103,9500,47.70729773706144
evolution_strategy,rastrigin,103,9600,47.70729773706144
evolution_strategy,rastrigin,103,9700,47.70729773706144
evolution_strategy,rastrigin,103,9800,47.70729773706144
evolution_strategy,rastrigin,103,9900,47.70729773706144
evolution_strategy,rastrigin,103,10000,47.70729773706144
evolution_strategy,rastrigin,103,10100,47.70729773706144
evolution_strategy,rastrigin,103,10200,47.70729773706144
evolution_strategy,rastrigin,103,10300,47.70729773706144
evolution_strategy,rastrigin,103,10400,47.70729773706144
evolution_strategy,rastrigin,103,10500,47.70729773706144
evolution_strategy,rastrigin,103,10600,47.70729773706144
evolution_strategy,rastrigin,103,10700,47.70729773706144
evolution_strategy,rastrigin,103,10800,47.70729773706144
evolution_strategy,rastrigin,103,10900,47.664572675777066
evolution_strategy,rastrigin,103,11000,47.664572675777066
evolution_strategy,rastrigin,103,11100,47.664572675777066
evolution_strategy,rastrigin,103,11200,47.664572675777066
evolution_strategy,rastrigin,103,11300,47.664572675777066
evolution_strategy,rastrigin,103,11400,47.664572675777066
evolution_strategy,rastrigin,103,11500,47.664572675777066
evolution_strategy,rastrigin,103,11600,47.664572675777066
evolution_strategy,rastrigin,103,11700,47.664572675777066
evolution_strategy,rastrigin,103,11800,47.664572675777066
evolution_strategy,rastrigin,103,11900,47.664572675777066
evolution_strategy,rastrigin,103,12000,47.664572675777066
evolution_strategy,rastrigin,103,12100,47.664572675777066
evolution_strategy,rastrigin,103,12200,47.664572675777066
evolution_strategy,rastrigin,103,12300,47.664572675777066
evolution_strategy,rastrigin,103,12400,47.664572675777066
evolution_strategy,rastrigin,103,12500,47.664572675777066
evolution_strategy,rastrigin,103,12600,47.664572675777066
evolution_strategy,rastrigin,103,12700,47.664572675777066
evolution_strategy,rastrigin,103,12800,47.664572675777066
evolution_strategy,rastrigin,103,12900,47.664572675777066
evolution_strategy,rastrigin,103,13000,47.664572675777066
evolution_strategy,rastrigin,103,13100,47.664572675777066
evolution_strategy,rastrigin,103,13200,47.664572675777066
evolution_strategy,rastrigin,103,13300,47.664572675777066
evolution_strategy,rastrigin,103,13400,47.664572675777066
evolution_strategy,rastrigin,103,13500,47.664572675777066
evolution_strategy,rastrigin,103,13600,47.664572675777066
evolution_strategy,rastrigin,103,13700,47.664572675777066
evolution_strategy,rastrigin,103,13800,47.664572675777066
evolution_strategy,rastrigin,103,13900,47.664572675777066
evolution_strategy,rastrigin,103,14000,47.664572675777066
evolution_strategy,rastrigin,103,14100,47.664572675777066
evolution_strategy,rastrigin,103,14200,47.664572675777066
evolution_strategy,rastrigin,103,14300,47.664572675777066
evolution_strategy,rastrigin,103,14400,47.664572675777066
evolution_strategy,rastrigin,103,14500,47.664572675777066
evolution_strategy,rastrigin,103,14600,47.664572675777066
evolution_strategy,rastrigin,103,14700,47.664572675777066
evolution_strategy,rastrigin,103,14800,47.664572675777066
evolution_strategy,rastrigin,103,14900,47.15921600371025
evolution_strategy,rastrigin,103,15000,47.15921600371025
evolution_strategy,rastrigin,103,15100,47.15921600371025
evolution_strategy,rastrigin,103,15200,47.15921600371025
evolution_strategy,rastrigin,103,15300,47.15921600371025
evolution_strategy,rastrigin,103,15400,47.15921600371025
evolution_strategy,rastrigin,103,15500,47.15921600371025
evolution_strategy,rastrigin,103,15600,47.15921600371025
evolution_strategy,rastrigin,103,15700,47.15921600371025
evolution_strategy,rastrigin,103,15800,47.15921600371025
evolution_strategy,rastrigin,103,15900,47.15921600371025
evolution_strategy,rastrigin,103,16000,47.15921600371025
evolution_strategy,rastrigin,103,16100,47.15921600371025
evolution_strategy,rastrigin,103,16200,47.15921600371025
evolution_strategy,rastrigin,103,16300,47.15921600371025
evolution_strategy,rastrigin,103,16400,47.15921600371025
evolution_strategy,rastrigin,103,16500,47.15921600371025
evolution_strategy,rastrigin,103,16600,47.15921600371025
evolution_strategy,rastrigin,103,16700,47.15921600371025
evolution_strategy,rastrigin,103,16800,47.15921600371025
evolution_strategy,rastrigin,103,16900,47.15921600371025
evolution_strategy,rastrigin,103,17000,47.15921600371025
evolution_strategy,rastrigin,103,17100,47.15921600371025
evolution_strategy,rastrigin,103,17200,47.15921600371025
evolution_strategy,rastrigin,103,17300,47.15921600371025
evolution_strategy,rastrigin,103,17400,47.15921600371025
evolution_strategy,rastrigin,103,17500,47.15921600371025
evolution_strategy,rastrigin,103,17600,47.15921600371025
evolution_strategy,rastrigin,103,17700,47.15921600371025
evolution_strategy,rastrigin,103,17800,47.15921600371025
evolution_strategy,rastrigin,103,17900,47.15921600371025
evolution_strategy,rastrigin,103,18000,47.15921600371025
evolution_strategy,rastrigin,103,18100,47.15921600371025
evolution_strategy,rastrigin,103,18200,47.15921600371025
evolution_strategy,rastrigin,103,18300,47.15921600371025
evolution_strategy,rastrigin,103,18400,47.15921600371025
evolution_strategy,rastrigin,103,18500,47.15921600371025
evolution_strategy,rastrigin,103,18600,47.15921600371025
evolution_strategy,rastrigin,103,18700,47.15921600371025
evolution_strategy,rastrigin,103,18800,47.15921600371025
evolution_strategy,rastrigin,103,18900,47.15921600371025
evolution_strategy,rastrigin,103,19000,47.15921600371025
evolution_strategy,rastrigin,103,19100,47.15921600371025
evolution_strategy,rastrigin,103,19200,47.15921600371025
evolution_strategy,rastrigin,103,19300,47.15921600371025
evolution_strategy,rastrigin,103,19400,47.15921600371025
evolution_strategy,rastrigin,103,19500,47.15921600371025
evolution_strategy,rastrigin,103,19600,47.15921600371025
evolution_strategy,rastrigin,103,19700,47.15921600371025
evolution_strategy,rastrigin,103,19800,47.15921600371025
evolution_strategy,rastrigin,103,19900,47.15921600371025
evolution_strategy,rastrigin,103,20000,47.15921600371025
evolution_strategy,rastrigin,104,100,119.1611100532779
evolution_strategy,rastrigin,104,200,93.42339305239732
evolution_strategy,rastrigin,104,300,83.1308472748212
evolution_strategy,rastrigin,104,400,63.72426310610659
evolution_strategy,rastrigin,104,500,57.084412662557476
evolution_strategy,rastrigin,104,600,56.144354132286686
evolution_strategy,rastrigin,104,700,54.379712466750654
evolution_strategy,rastrigin,104,800,54.379712466750654
evolution_strategy,rastrigin,104,900,54.379712466750654
evolution_strategy,rastrigin,104,1000,54.379712466750654
evolution_strategy,rastrigin,104,1100,54.379712466750654
evolution_strategy,rastrigin,104,1200,54.379712466750654
evolution_strategy,rastrigin,104,1300,54.180214744534396
evolution_strategy,rastrigin,104,1400,54.180214744534396
evolution_strategy,rastrigin,104,1500,53.87526956293683
evolution_strategy,rastrigin,104,1600,53.07592213116868
evolution_strategy,rastrigin,104,1700,53.07592213116868
evolution_strategy,rastrigin,104,1800,53.011380629716115
evolution_strategy,rastrigin,104,1900,53.011380629716115
evolution_strategy,rastrigin,104,2000,52.40882005037631
evolution_strategy,rastrigin,104,2100,52.40882005037631
evolution_strategy,rastrigin,104,2200,52.40882005037631
evolution_strategy,rastrigin,104,2300,50.78296271582961
evolution_strategy,rastrigin,104,2400,50.78296271582961
evolution_strategy,rastrigin,104,2500,50.78296271582961
evolution_strategy,rastrigin,104,2600,50.78296271582961
evolution_strategy,rastrigin,104,2700,50.78296271582961
evolution_strategy,rastrigin,104,2800,50.78296271582961
evolution_strategy,rastrigin,104,2900,50.78296271582961
evolution_strategy,rastrigin,104,3000,50.78296271582961
evolution_strategy,rastrigin,104,3100,50.78296271582961
evolution_strategy,rastrigin,104,3200,50.78296271582961
evolution_strategy,rastrigin,104,3300,50.78296271582961
evolution_strategy,rastrigin,104,3400,50.78296271582961
evolution_strategy,rastrigin,104,3500,50.78296271582961
evolution_strategy,rastrigin,104,3600,50.78296271582961
evolution_strategy,rastrigin,104,3700,50.78296271582961
evolution_strategy,rastrigin,104,3800,50.78296271582961
evolution_strategy,rastrigin,104,3900,50.78296271582961
evolution_strategy,rastrigin,104,4000,50.78296271582961
evolution_strategy,rastrigin,104,4100,50.78296271582961
evolution_strategy,rastrigin,104,4200,50.78296271582961
evolution_strategy,rastrigin,104,4300,50.78296271582961
evolution_strategy,rastrigin,104,4400,50.78296271582961
evolution_strategy,rastrigin,104,4500,50.78296271582961
evolution_strategy,rastrigin,104,4600,50.78296271582961
evolution_strategy,rastrigin,104,4700,50.78296271582961
evolution_strategy,rastrigin,104,4800,50.78296271582961
evolution_strategy,rastrigin,104,4900,50.78296271582961
evolution_strategy,rastrigin,104,5000,50.78296271582961
evolution_strategy,rastrigin,104,5100,50.78296271582961
evolution_strategy,rastrigin,104,5200,50.64382551815602
evolution_strategy,rastrigin,104,5300,50.64382551815602
evolution_strategy,rastrigin,104,5400,50.64382551815602
evolution_strategy,rastrigin,104,5500,50.64382551815602
evolution_strategy,rastrigin,104,5600,50.64382551815602
evolution_strategy,rastrigin,104,5700,50.64382551815602
evolution_strategy,rastrigin,104,5800,50.64382551815602
evolution_strategy,rastrigin,104,5900,50.64382551815602
evolution_strategy,rastrigin,104,6000,50.64382551815602
evolution_strategy,rastrigin,104,6100,50.64382551815602
evolution_strategy,rastrigin,104,6200,50.64382551815602
evolution_strategy,rastrigin,104,6300,50.64382551815602
evolution_strategy,rastrigin,104,6400,50.64382551815602
evolution_strategy,rastrigin,104,6500,50.64382551815602
evolution_strategy,rastrigin,104,6600,50.64382551815602
evolution_strategy,rastrigin,104,6700,50.64382551815602
evolution_strategy,rastrigin,104,6800,50.64382551815602
evolution_strategy,rastrigin,104,6900,50.64382551815602
evolution_strategy,rastrigin,104,7000,50.64382551815602
evolution_strategy,rastrigin,104,7100,50.64382551815602
evolution_strategy,rastrigin,104,7200,50.64382551815602
evolution_strategy,rastrigin,104,7300,50.64382551815602
evolution_strategy,rastrigin,104,7400,50.64382551815602
evolution_strategy,rastrigin,104,7500,50.64382551815602
evolution_strategy,rastrigin,104,7600,50.64382551815602
evolution_strategy,rastrigin,104,7700,50.64382551815602
evolution_strategy,rastrigin,104,7800,50.64382551815602
evolution_strategy,rastrigin,104,7900,50.64382551815602
evolution_strategy,rastrigin,104,8000,50.64382551815602
evolution_strategy,rastrigin,104,8100,50.64382551815602
evolution_strategy,rastrigin,104,8200,50.64382551815602
evolution_strategy,rastrigin,104,8300,49.78407925664021
evolution_strategy,rastrigin,104,8400,49.78407925664021
evolution_strategy,rastrigin,104,8500,49.78407925664021
evolution_strategy,rastrigin,104,8600,49.78407925664021
evolution_strategy,rastrigin,104,8700,49.78407925664021
evolution_strategy,rastrigin,104,8800,49.78407925664021
evolution_strategy,rastrigin,104,8900,49.78407925664021
evolution_strategy,rastrigin,104,9000,49.78407925664021
evolution_strategy,rastrigin,104,9100,49.78407925664021
evolution_strategy,rastrigin,104,9200,49.78407925664021
evolution_strategy,rastrigin,104,9300,49.78407925664021
evolution_strategy,rastrigin,104,9400,49.78407925664021
evolution_strategy,rastrigin,104,9500,49.78407925664021
evolution_strategy,rastrigin,104,9600,49.78407925664021
evolution_strategy,rastrigin,104,9700,49.78407925664021
evolution_strategy,rastrigin,104,9800,49.78407925664021
evolution_strategy,rastrigin,104,9900,49.78407925664021
evolution_strategy,rastrigin,104,10000,49.78407925664021
evolution_strategy,rastrigin,104,10100,49.78407925664021
evolution_strategy,rastrigin,104,10200,49.78407925664021
evolution_strategy,rastrigin,104,10300,49.78407925664021
evolution_strategy,rastrigin,104,10400,49.78407925664021
evolution_strategy,rastrigin,104,10500,49.78407925664021
evolution_strategy,rastrigin,104,10600,49.78407925664021
evolution_strategy,rastrigin,104,10700,49.78407925664021
evolution_strategy,rastrigin,104,10800,49.78407925664021
evolution_strategy,rastrigin,104,10900,49.78407925664021
evolution_strategy,rastrigin,104,11000,49.78407925664021
evolution_strategy,rastrigin,104,11100,49.78407925664021
evolution_strategy,rastrigin,104,11200,49.78407925664021
evolution_strategy,rastrigin,104,11300,49.78407925664021
evolution_strategy,rastrigin,104,11400,49.78407925664021
evolution_strategy,rastrigin,104,11500,49.78407925664021
evolution_strategy,rastrigin,104,11600,49.78407925664021
evolution_strategy,rastrigin,104,11700,49.78407925664021
evolution_strategy,rastrigin,104,11800,49.78407925664021
evolution_strategy,rastrigin,104,11900,49.78407925664021
evolution_strategy,rastrigin,104,12000,49.78407925664021
evolution_strategy,rastrigin,104,12100,49.78407925664021
evolution_strategy,rastrigin,104,12200,49.78407925664021
evolution_strategy,rastrigin,104,12300,49.78407925664021
evolution_strategy,rastrigin,104,12400,49.78407925664021
evolution_strategy,rastrigin,104,12500,49.78407925664021
evolution_strategy,rastrigin,104,12600,49.78407925664021
evolution_strategy,rastrigin,104,12700,49.78407925664021
evolution_strategy,rastrigin,104,12800,49.78407925664021
evolution_strategy,rastrigin,104,12900,49.78407925664021
evolution_strategy,rastrigin,104,13000,49.78407925664021
evolution_strategy,rastrigin,104,13100,49.78407925664021
evolution_strategy,rastrigin,104,13200,49.78407925664021
evolution_strategy,rastrigin,104,13300,49.78407925664021
evolution_strategy,rastrigin,104,13400,49.78407925664021
evolution_strategy,rastrigin,104,13500,49.78407925664021
evolution_strategy,rastrigin,104,13600,49.78407925664021
evolution_strategy,rastrigin,104,13700,49.78407925664021
evolution_strategy,rastrigin,104,13800,49.78407925664021
evolution_strategy,rastrigin,104,13900,49.78407925664021
evolution_strategy,rastrigin,104,14000,49.78407925664021
evolution_strategy,rastrigin,104,14100,49.78407925664021
evolution_strategy,rastrigin,104,14200,49.78407925664021
evolution_strategy,rastrigin,104,14300,49.78407925664021
evolution_strategy,rastrigin,104,14400,49.78407925664021
evolution_strategy,rastrigin,104,14500,49.78407925664021
evolution_strategy,rastrigin,104,14600,49.78407925664021
evolution_strategy,rastrigin,104,14700,49.78407925664021
evolution_strategy,rastrigin,104,14800,49.78407925664021
evolution_strategy,rastrigin,104,14900,49.78407925664021
evolution_strategy,rastrigin,104,15000,49.78407925664021
evolution_strategy,rastrigin,104,15100,49.78407925664021
evolution_strategy,rastrigin,104,15200,49.78407925664021
evolution_strategy,rastrigin,104,15300,49.78407925664021
evolution_strategy,rastrigin,104,15400,49.78407925664021
evolution_strategy,rastrigin,104,15500,49.78407925664021
evolution_strategy,rastrigin,104,15600,49.78407925664021
evolution_strategy,rastrigin,104,15700,49.78407925664021
evolution_strategy,rastrigin,104,15800,49.78407925664021
evolution_strategy,rastrigin,104,15900,49.78407925664021
evolution_strategy,rastrigin,104,16000,49.78407925664021
evolution_strategy,rastrigin,104,16100,49.78407925664021
evolution_strategy,rastrigin,104,16200,49.78407925664021
evolution_strategy,rastrigin,104,16300,49.78407925664021
evolution_strategy,rastrigin,104,16400,49.78407925664021
evolution_strategy,rastrigin,104,16500,49.78407925664021
evolution_strategy,rastrigin,104,16600,49.78407925664021
evolution_strategy,rastrigin,104,16700,49.78407925664021
evolution_strategy,rastrigin,104,16800,49.78407925664021
evolution_strategy,rastrigin,104,16900,49.78407925664021
evolution_strategy,rastrigin,104,17000,49.78407925664021
evolution_strategy,rastrigin,104,17100,49.78407925664021
evolution_strategy,rastrigin,104,17200,49.78407925664021
evolution_strategy,rastrigin,104,17300,49.78407925664021
evolution_strategy,rastrigin,104,17400,49.78407925664021
evolution_strategy,rastrigin,104,17500,49.78407925664021
evolution_strategy,rastrigin,104,17600,49.78407925664021
evolution_strategy,rastrigin,104,17700,49.78407925664021
evolution_strategy,rastrigin,104,17800,49.78407925664021
evolution_strategy,rastrigin,104,17900,49.78407925664021
evolution_strategy,rastrigin,104,18000,49.78407925664021
evolution_strategy,rastrigin,104,18100,49.78407925664021
evolution_strategy,rastrigin,104,18200,49.78407925664021
evolution_strategy,rastrigin,104,18300,49.78407925664021
evolution_strategy,rastrigin,104,18400,49.78407925664021
evolution_strategy,rastrigin,104,18500,49.78407925664021
evolution_strategy,rastrigin,104,18600,49.78407925664021
evolution_strategy,rastrigin,104,18700,49.78407925664021
evolution_strategy,rastrigin,104,18800,49.78407925664021
evolution_strategy,rastrigin,104,18900,49.78407925664021
evolution_strategy,rastrigin,104,19000,49.78407925664021
evolution_strategy,rastrigin,104,19100,49.78407925664021
evolution_strategy,rastrigin,104,19200,49.78407925664021
evolution_strategy,rastrigin,104,19300,49.78407925664021
evolution_strategy,rastrigin,104,19400,49.78407925664021
evolution_strategy,rastrigin,104,19500,49.78407925664021
evolution_strategy,rastrigin,104,19600,49.78407925664021
evolution_strategy,rastrigin,104,19700,49.78407925664021
evolution_strategy,rastrigin,104,19800,49.78407925664021
evolution_strategy,rastrigin,104,19900,49.78407925664021
evolution_strategy,rastrigin,104,20000,49.78407925664021
evolution_strategy,rastrigin,105,100,107.29374864454431
evolution_strategy,rastrigin,105,200,77.58506955086855
evolution_strategy,rastrigin,105,300,69.05562601267908
evolution_strategy,rastrigin,105,400,58.44582286529232
evolution_strategy,rastrigin,105,500,50.58613289323644
evolution_strategy,rastrigin,105,600,40.72313369558307
evolution_strategy,rastrigin,105,700,40.72313369558307
evolution_strategy,rastrigin,105,800,35.78520875240723
evolution_strategy,rastrigin,105,900,35.78520875240723
evolution_strategy,rastrigin,105,1000,35.78520875240723
evolution_strategy,rastrigin,105,1100,35.78520875240723
evolution_strategy,rastrigin,105,1200,35.78520875240723
evolution_strategy,rastrigin,105,1300,35.78520875240723
evolution_strategy,rastrigin,105,1400,35.51952256961448
evolution_strategy,rastrigin,105,1500,35.51952256961448
evolution_strategy,rastrigin,105,1600,35.51952256961448
evolution_strategy,rastrigin,105,1700,35.51952256961448
evolution_strategy,rastrigin,105,1800,35.51952256961448
evolution_strategy,rastrigin,105,1900,35.51952256961448
evolution_strategy,rastrigin,105,2000,35.51952256961448
evolution_strategy,rastrigin,105,2100,35.51952256961448
evolution_strategy,rastrigin,105,2200,35.51952256961448
evolution_strategy,rastrigin,105,2300,35.51952256961448
evolution_strategy,rastrigin,105,2400,35.51952256961448
evolution_strategy,rastrigin,105,2500,35.51952256961448
evolution_strategy,rastrigin,105,2600,35.51952256961448
evolution_strategy,rastrigin,105,2700,35.51952256961448
evolution_strategy,rastrigin,105,2800,35.51952256961448
evolution_strategy,rastrigin,105,2900,35.51952256961448
evolution_strategy,rastrigin,105,3000,35.51952256961448
evolution_strategy,rastrigin,105,3100,35.51952256961448
evolution_strategy,rastrigin,105,3200,35.51952256961448
evolution_strategy,rastrigin,105,3300,35.3587458932071
evolution_strategy,rastrigin,105,3400,35.3587458932071
evolution_strategy,rastrigin,105,3500,35.3587458932071
evolution_strategy,rastrigin,105,3600,35.3587458932071
evolution_strategy,rastrigin,105,3700,35.3587458932071
evolution_strategy,rastrigin,105,3800,35.3587458932071
evolution_strategy,rastrigin,105,3900,35.3587458932071
evolution_strategy,rastrigin,105,4000,35.3587458932071
evolution_strategy,rastrigin,105,4100,35.3587458932071
evolution_strategy,rastrigin,105,4200,35.3587458932071
evolution_strategy,rastrigin,105,4300,35.3587458932071
evolution_strategy,rastrigin,105,4400,35.3587458932071
evolution_strategy,rastrigin,105,4500,35.3587458932071
evolution_strategy,rastrigin,105,4600,35.3587458932071
evolution_strategy,rastrigin,105,4700,35.3587458932071
evolution_strategy,rastrigin,105,4800,35.3587458932071
evolution_strategy,rastrigin,105,4900,35.3587458932071
evolution_strategy,rastrigin,105,5000,35.3587458932071
evolution_strategy,rastrigin,105,5100,35.3587458932071
evolution_strategy,rastrigin,105,5200,35.3587458932071
evolution_strategy,rastrigin,105,5300,35.3587458932071
evolution_strategy,rastrigin,105,5400,35.3587458932071
evolution_strategy,rastrigin,105,5500,35.3587458932071
evolution_strategy,rastrigin,105,5600,35.3587458932071
evolution_strategy,rastrigin,105,5700,35.3587458932071
evolution_strategy,rastrigin,105,5800,35.3587458932071
evolution_strategy,rastrigin,105,5900,35.3587458932071
evolution_strategy,rastrigin,105,6000,35.3587458932071
evolution_strategy,rastrigin,105,6100,34.826111243582915
evolution_strategy,rastrigin,105,6200,34.826111243582915
evolution_strategy,rastrigin,105,6300,32.77379418627228
evolution_strategy,rastrigin,105,6400,32.77379418627228
evolution_strategy,rastrigin,105,6500,32.77379418627228
evolution_strategy,rastrigin,105,6600,32.77379418627228
evolution_strategy,rastrigin,105,6700,32.77379418627228
evolution_strategy,rastrigin,105,6800,32.77379418627228
evolution_strategy,rastrigin,105,6900,32.77379418627228
evolution_strategy,rastrigin,105,7000,32.77379418627228
evolution_strategy,rastrigin,105,7100,32.77379418627228
evolution_strategy,rastrigin,105,7200,32.77379418627228
evolution_strategy,rastrigin,105,7300,32.77379418627228
evolution_strategy,rastrigin,105,7400,32.77379418627228
evolution_strategy,rastrigin,105,7500,32.77379418627228
evolution_strategy,rastrigin,105,7600,32.77379418627228
evolution_strategy,rastrigin,105,7700,32.77379418627228
evolution_strategy,rastrigin,105,7800,32.77379418627228
evolution_strategy,rastrigin,105,7900,32.77379418627228
evolution_strategy,rastrigin,105,8000,32.77379418627228
evolution_strategy,rastrigin,105,8100,32.77379418627228
evolution_strategy,rastrigin,105,8200,32.77379418627228
evolution_strategy,rastrigin,105,8300,32.77379418627228
evolution_strategy,rastrigin,105,8400,32.77379418627228
evolution_strategy,rastrigin,105,8500,32.77379418627228
evolution_strategy,rastrigin,105,8600,32.77379418627228
evolution_strategy,rastrigin,105,8700,32.77379418627228
evolution_strategy,rastrigin,105,8800,32.77379418627228
evolution_strategy,rastrigin,105,8900,32.77379418627228
evolution_strategy,rastrigin,105,9000,32.77379418627228
evolution_strategy,rastrigin,105,9100,32.77379418627228
evolution_strategy,rastrigin,105,9200,32.77379418627228
evolution_strategy,rastrigin,105,9300,32.77379418627228
evolution_strategy,rastrigin,105,9400,32.77379418627228
evolution_strategy,rastrigin,105,9500,32.77379418627228
evolution_strategy,rastrigin,105,9600,32.77379418627228
evolution_strategy,rastrigin,105,9700,32.77379418627228
evolution_strategy,rastrigin,105,9800,32.77379418627228
evolution_strategy,rastrigin,105,9900,32.77379418627228
evolution_strategy,rastrigin,105,10000,32.77379418627228
evolution_strategy,rastrigin,105,10100,32.77379418627228
evolution_strategy,rastrigin,105,10200,32.77379418627228
evolution_strategy,rastrigin,105,10300,32.77379418627228
evolution_strategy,rastrigin,105,10400,32.77379418627228
evolution_strategy,rastrigin,105,10500,32.77379418627228
evolution_strategy,rastrigin,105,10600,32.77379418627228
evolution_strategy,rastrigin,105,10700,32.77379418627228
evolution_strategy,rastrigin,105,10800,32.77379418627228
evolution_strategy,rastrigin,105,10900,32.77379418627228
evolution_strategy,rastrigin,105,11000,32.77379418627228
evolution_strategy,rastrigin,105,11100,32.77379418627228
evolution_strategy,rastrigin,105,11200,32.77379418627228
evolution_strategy,rastrigin,105,11300,32.77379418627228
evolution_strategy,rastrigin,105,11400,32.77379418627228
evolution_strategy,rastrigin,105,11500,32.77379418627228
evolution_strategy,rastrigin,105,11600,32.77379418627228
evolution_strategy,rastrigin,105,11700,32.77379418627228
evolution_strategy,rastrigin,105,11800,32.77379418627228
evolution_strategy,rastrigin,105,11900,32.77379418627228
evolution_strategy,rastrigin,105,12000,32.77379418627228
evolution_strategy,rastrigin,105,12100,32.77379418627228
evolution_strategy,rastrigin,105,12200,32.77379418627228
evolution_strategy,rastrigin,105,12300,32.77379418627228
evolution_strategy,rastrigin,105,12400,32.77379418627228
evolution_strategy,rastrigin,105,12500,32.77379418627228
evolution_strategy,rastrigin,105,12600,32.77379418627228
evolution_strategy,rastrigin,105,12700,32.77379418627228
evolution_strategy,rastrigin,105,12800,32.77379418627228
evolution_strategy,rastrigin,105,12900,32.77379418627228
evolution_strategy,rastrigin,105,13000,32.77379418627228
evolution_strategy,rastrigin,105,13100,32.77379418627228
evolution_strategy,rastrigin,105,13200,32.77379418627228
evolution_strategy,rastrigin,105,13300,32.77379418627228
evolution_strategy,rastrigin,105,13400,32.77379418627228
evolution_strategy,rastrigin,105,13500,32.77379418627228
evolution_strategy,rastrigin,105,13600,32.77379418627228
evolution_strategy,rastrigin,105,13700,32.77379418627228
evolution_strategy,rastrigin,105,13800,32.77379418627228
evolution_strategy,rastrigin,105,13900,32.77379418627228
evolution_strategy,rastrigin,105,14000,32.77379418627228
evolution_strategy,rastrigin,105,14100,32.77379418627228
evolution_strategy,rastrigin,105,14200,32.77379418627228
evolution_strategy,rastrigin,105,14300,32.77379418627228
evolution_strategy,rastrigin,105,14400,32.77379418627228
evolution_strategy,rastrigin,105,14500,32.77379418627228
evolution_strategy,rastrigin,105,14600,32.77379418627228
evolution_strategy,rastrigin,105,14700,32.77379418627228
evolution_strategy,rastrigin,105,14800,32.77379418627228
evolution_strategy,rastrigin,105,14900,32.77379418627228
evolution_strategy,rastrigin,105,15000,32.77379418627228
evolution_strategy,rastrigin,105,15100,32.77379418627228
evolution_strategy,rastrigin,105,15200,32.77379418627228
evolution_strategy,rastrigin,105,15300,32.77379418627228
evolution_strategy,rastrigin,105,15400,32.77379418627228
evolution_strategy,rastrigin,105,15500,32.77379418627228
evolution_strategy,rastrigin,105,15600,32.77379418627228
evolution_strategy,rastrigin,105,15700,32.77379418627228
evolution_strategy,rastrigin,105,15800,32.77379418627228
evolution_strategy,rastrigin,105,15900,32.77379418627228
evolution_strategy,rastrigin,105,16000,32.77379418627228
evolution_strategy,rastrigin,105,16100,32.77379418627228
evolution_strategy,rastrigin,105,16200,32.77379418627228
evolution_strategy,rastrigin,105,16300,32.77379418627228
evolution_strategy,rastrigin,105,16400,32.77379418627228
evolution_strategy,rastrigin,105,16500,32.77379418627228
evolution_strategy,rastrigin,105,16600,32.77379418627228
evolution_strategy,rastrigin,105,16700,32.77379418627228
evolution_strategy,rastrigin,105,16800,32.77379418627228
evolution_strategy,rastrigin,105,16900,32.77379418627228
evolution_strategy,rastrigin,105,17000,32.77379418627228
evolution_strategy,rastrigin,105,17100,32.77379418627228
evolution_strategy,rastrigin,105,17200,32.77379418627228
evolution_strategy,rastrigin,105,17300,32.77379418627228
evolution_strategy,rastrigin,105,17400,32.77379418627228
evolution_strategy,rastrigin,105,17500,32.77379418627228
evolution_strategy,rastrigin,105,17600,32.77379418627228
evolution_strategy,rastrigin,105,17700,32.77379418627228
evolution_strategy,rastrigin,105,17800,32.77379418627228
evolution_strategy,rastrigin,105,17900,32.77379418627228
evolution_strategy,rastrigin,105,18000,32.77379418627228
evolution_strategy,rastrigin,105,18100,32.77379418627228
evolution_strategy,rastrigin,105,18200,32.77379418627228
evolution_strategy,rastrigin,105,18300,32.77379418627228
evolution_strategy,rastrigin,105,18400,32.77379418627228
evolution_strategy,rastrigin,105,18500,32.77379418627228
evolution_strategy,rastrigin,105,18600,32.77379418627228
evolution_strategy,rastrigin,105,18700,32.77379418627228
evolution_strategy,rastrigin,105,18800,32.77379418627228
evolution_strategy,rastrigin,105,18900,32.77379418627228
evolution_strategy,rastrigin,105,19000,32.77379418627228
evolution_strategy,rastrigin,105,19100,32.77379418627228
evolution_strategy,rastrigin,105,19200,32.77379418627228
evolution_strategy,rastrigin,105,19300,32.77379418627228
evolution_strategy,rastrigin,105,19400,32.77379418627228
evolution_strategy,rastrigin,105,19500,32.77379418627228
evolution_strategy,rastrigin,105,19600,32.77379418627228
evolution_strategy,rastrigin,105,19700,32.77379418627228
evolution_strategy,rastrigin,105,19800,32.77379418627228
evolution_strategy,rastrigin,105,19900,32.77379418627228
evolution_strategy,rastrigin,105,20000,32.77379418627228
evolution_strategy,rastrigin,106,100,117.25423944071085
evolution_strategy,rastrigin,106,200,95.80219631226953
evolution_strategy,rastrigin,106,300,69.6210646805435
evolution_strategy,rastrigin,106,400,60.30751689078894
evolution_strategy,rastrigin,106,500,54.75970018435814
evolution_strategy,rastrigin,106,600,54.75970018435814
evolution_strategy,rastrigin,106,700,54.21515379604814
evolution_strategy,rastrigin,106,800,48.67210838390272
evolution_strategy,rastrigin,106,900,48.67210838390272
evolution_strategy,rastrigin,106,1000,48.67210838390272
evolution_strategy,rastrigin,106,1100,48.48048824812144
evolution_strategy,rastrigin,106,1200,48.48048824812144
evolution_strategy,rastrigin,106,1300,47.2384545220358
evolution_strategy,rastrigin,106,1400,47.2384545220358
evolution_strategy,rastrigin,106,1500,47.2384545220358
evolution_strategy,rastrigin,106,1600,45.95267958803596
evolution_strategy,rastrigin,106,1700,45.95267958803596
evolution_strategy,rastrigin,106,1800,45.95267958803596
evolution_strategy,rastrigin,106,1900,45.95267958803596
evolution_strategy,rastrigin,106,2000,45.95267958803596
evolution_strategy,rastrigin,106,2100,45.95267958803596
evolution_strategy,rastrigin,106,2200,45.95267958803596
evolution_strategy,rastrigin,106,2300,45.95267958803596
evolution_strategy,rastrigin,106,2400,45.95267958803596
evolution_strategy,rastrigin,106,2500,45.95267958803596
evolution_strategy,rastrigin,106,2600,45.95267958803596
evolution_strategy,rastrigin,106,2700,45.95267958803596
evolution_strategy,rastrigin,106,2800,45.95267958803596
evolution_strategy,rastrigin,106,2900,45.95267958803596
evolution_strategy,rastrigin,106,3000,45.95267958803596
evolution_strategy,rastrigin,106,3100,45.95267958803596
evolution_strategy,rastrigin,106,3200,45.95267958803596
evolution_strategy,rastrigin,106,3300,45.95267958803596
evolution_strategy,rastrigin,106,3400,45.95267958803596
evolution_strategy,rastrigin,106,3500,45.95267958803596
evolution_strategy,rastrigin,106,3600,45.95267958803596
evolution_strategy,rastrigin,106,3700,45.95267958803596
evolution_strategy,rastrigin,106,3800,45.44555738131164
evolution_strategy,rastrigin,106,3900,45.44555738131164
evolution_strategy,rastrigin,106,4000,45.44555738131164
evolution_strategy,rastrigin,106,4100,45.44555738131164
evolution_strategy,rastrigin,106,4200,45.44555738131164
evolution_strategy,rastrigin,106,4300,45.44555738131164
evolution_strategy,rastrigin,106,4400,45.44555738131164
evolution_strategy,rastrigin,106,4500,45.44555738131164
evolution_strategy,rastrigin,106,4600,45.44555738131164
evolution_strategy,rastrigin,106,4700,45.44555738131164
evolution_strategy,rastrigin,106,4800,45.44555738131164
evolution_strategy,rastrigin,106,4900,45.44555738131164
evolution_strategy,rastrigin,106,5000,45.44555738131164
evolution_strategy,rastrigin,106,5100,45.44555738131164
evolution_strategy,rastrigin,106,5200,45.44555738131164
evolution_strategy,rastrigin,106,5300,45.44555738131164
evolution_strategy,rastrigin,106,5400,44.001840209897914
evolution_strategy,rastrigin,106,5500,44.001840209897914
evolution_strategy,rastrigin,106,5600,44.001840209897914
evolution_strategy,rastrigin,106,5700,44.001840209897914
evolution_strategy,rastrigin,106,5800,44.001840209897914
evolution_strategy,rastrigin,106,5900,44.001840209897914
evolution_strategy,rastrigin,106,6000,44.001840209897914
evolution_strategy,rastrigin,106,6100,44.001840209897914
evolution_strategy,rastrigin,106,6200,44.001840209897914
evolution_strategy,rastrigin,106,6300,44.001840209897914
evolution_strategy,rastrigin,106,6400,44.001840209897914
evolution_strategy,rastrigin,106,6500,44.001840209897914
evolution_strategy,rastrigin,106,6600,44.001840209897914
evolution_strategy,rastrigin,106,6700,44.001840209897914
evolution_strategy,rastrigin,106,6800,44.001840209897914
evolution_strategy,rastrigin,106,6900,44.001840209897914
evolution_strategy,rastrigin,106,7000,44.001840209897914
evolution_strategy,rastrigin,106,7100,44.001840209897914
evolution_strategy,rastrigin,106,7200,44.001840209897914
evolution_strategy,rastrigin,106,7300,44.001840209897914
evolution_strategy,rastrigin,106,7400,44.001840209897914
evolution_strategy,rastrigin,106,7500,44.001840209897914
evolution_strategy,rastrigin,106,7600,44.001840209897914
evolution_strategy,rastrigin,106,7700,44.001840209897914
evolution_strategy,rastrigin,106,7800,44.001840209897914
evolution_strategy,rastrigin,106,7900,44.001840209897914
evolution_strategy,rastrigin,106,8000,44.001840209897914
evolution_strategy,rastrigin,106,8100,44.001840209897914
evolution_strategy,rastrigin,106,8200,44.001840209897914
evolution_strategy,rastrigin,106,8300,44.001840209897914
evolution_strategy,rastrigin,106,8400,44.001840209897914
evolution_strategy,rastrigin,106,8500,44.001840209897914
evolution_strategy,rastrigin,106,8600,44.001840209897914
evolution_strategy,rastrigin,106,8700,44.001840209897914
evolution_strategy,rastrigin,106,8800,44.001840209897914
evolution_strategy,rastrigin,106,8900,44.001840209897914
evolution_strategy,rastrigin,106,9000,44.001840209897914
evolution_strategy,rastrigin,106,9100,44.001840209897914
evolution_strategy,rastrigin,106,9200,44.001840209897914
evolution_strategy,rastrigin,106,9300,44.001840209897914
evolution_strategy,rastrigin,106,9400,44.001840209897914
evolution_strategy,rastrigin,106,9500,44.001840209897914
evolution_strategy,rastrigin,106,9600,44.001840209897914
evolution_strategy,rastrigin,106,9700,44.001840209897914
evolution_strategy,rastrigin,106,9800,43.874116195416725
evolution_strategy,rastrigin,106,9900,43.874116195416725
evolution_strategy,rastrigin,106,10000,43.874116195416725
evolution_strategy,rastrigin,106,10100,43.874116195416725
evolution_strategy,rastrigin,106,10200,43.874116195416725
evolution_strategy,rastrigin,106,10300,43.874116195416725
evolution_strategy,rastrigin,106,10400,43.874116195416725
evolution_strategy,rastrigin,106,10500,43.874116195416725
evolution_strategy,rastrigin,106,10600,43.874116195416725
evolution_strategy,rastrigin,106,10700,43.874116195416725
evolution_strategy,rastrigin,106,10800,43.874116195416725
evolution_strategy,rastrigin,106,10900,43.874116195416725
evolution_strategy,rastrigin,106,11000,43.874116195416725
evolution_strategy,rastrigin,106,11100,43.874116195416725
evolution_strategy,rastrigin,106,11200,43.874116195416725
evolution_strategy,rastrigin,106,11300,43.874116195416725
evolution_strategy,rastrigin,106,11400,43.874116195416725
evolution_strategy,rastrigin,106,11500,43.874116195416725
evolution_strategy,rastrigin,106,11600,43.874116195416725
evolution_strategy,rastrigin,106,11700,43.874116195416725
evolution_strategy,rastrigin,106,11800,43.874116195416725
evolution_strategy,rastrigin,106,11900,43.874116195416725
evolution_strategy,rastrigin,106,12000,43.874116195416725
evolution_strategy,rastrigin,106,12100,43.874116195416725
evolution_strategy,rastrigin,106,12200,43.874116195416725
evolution_strategy,rastrigin,106,12300,43.874116195416725
evolution_strategy,rastrigin,106,12400,43.874116195416725
evolution_strategy,rastrigin,106,12500,43.874116195416725
evolution_strategy,rastrigin,106,12600,43.874116195416725
evolution_strategy,rastrigin,106,12700,43.874116195416725
evolution_strategy,rastrigin,106,12800,43.261274861915815
evolution_strategy,rastrigin,106,12900,43.261274861915815
evolution_strategy,rastrigin,106,13000,42.59183150250436
evolution_strategy,rastrigin,106,13100,42.59183150250436
evolution_strategy,rastrigin,106,13200,42.59183150250436
evolution_strategy,rastrigin,106,13300,42.59183150250436
evolution_strategy,rastrigin,106,13400,42.59183150250436
evolution_strategy,rastrigin,106,13500,42.59183150250436
evolution_strategy,rastrigin,106,13600,42.59183150250436
evolution_strategy,rastrigin,106,13700,42.59183150250436
evolution_strategy,rastrigin,106,13800,42.59183150250436
evolution_strategy,rastrigin,106,13900,42.59183150250436
evolution_strategy,rastrigin,106,14000,42.59183150250436
evolution_strategy,rastrigin,106,14100,42.59183150250436
evolution_strategy,rastrigin,106,14200,42.59183150250436
evolution_strategy,rastrigin,106,14300,42.59183150250436
evolution_strategy,rastrigin,106,14400,42.59183150250436
evolution_strategy,rastrigin,106,14500,42.59183150250436
evolution_strategy,rastrigin,106,14600,42.59183150250436
evolution_strategy,rastrigin,106,14700,42.59183150250436
evolution_strategy,rastrigin,106,14800,42.59183150250436
evolution_strategy,rastrigin,106,14900,42.59183150250436
evolution_strategy,rastrigin,106,15000,42.59183150250436
evolution_strategy,rastrigin,106,15100,42.59183150250436
evolution_strategy,rastrigin,106,15200,42.59183150250436
evolution_strategy,rastrigin,106,15300,42.59183150250436
evolution_strategy,rastrigin,106,15400,42.59183150250436
evolution_strategy,rastrigin,106,15500,42.59183150250436
evolution_strategy,rastrigin,106,15600,42.59183150250436
evolution_strategy,rastrigin,106,15700,42.59183150250436
evolution_strategy,rastrigin,106,15800,42.59183150250436
evolution_strategy,rastrigin,106,15900,42.59183150250436
evolution_strategy,rastrigin,106,16000,42.59183150250436
evolution_strategy,rastrigin,106,16100,42.59183150250436
evolution_strategy,rastrigin,106,16200,42.59183150250436
evolution_strategy,rastrigin,106,16300,42.59183150250436
evolution_strategy,rastrigin,106,16400,42.59183150250436
evolution_strategy,rastrigin,106,16500,42.59183150250436
evolution_strategy,rastrigin,106,16600,42.59183150250436
evolution_strategy,rastrigin,106,16700,42.59183150250436
evolution_strategy,rastrigin,106,16800,42.59183150250436
evolution_strategy,rastrigin,106,16900,42.59183150250436
evolution_strategy,rastrigin,106,17000,42.59183150250436
evolution_strategy,rastrigin,106,17100,42.59183150250436
evolution_strategy,rastrigin,106,17200,42.59183150250436
evolution_strategy,rastrigin,106,17300,42.59183150250436
evolution_strategy,rastrigin,106,17400,42.59183150250436
evolution_strategy,rastrigin,106,17500,42.59183150250436
evolution_strategy,rastrigin,106,17600,42.59183150250436
evolution_strategy,rastrigin,106,17700,42.59183150250436
evolution_strategy,rastrigin,106,17800,42.59183150250436
evolution_strategy,rastrigin,106,17900,42.59183150250436
evolution_strategy,rastrigin,106,18000,42.59183150250436
evolution_strategy,rastrigin,106,18100,42.59183150250436
evolution_strategy,rastrigin,106,18200,42.59183150250436
evolution_strategy,rastrigin,106,18300,42.59183150250436
evolution_strategy,rastrigin,106,18400,42.59183150250436
evolution_strategy,rastrigin,106,18500,42.59183150250436
evolution_strategy,rastrigin,106,18600,42.59183150250436
evolution_strategy,rastrigin,106,18700,42.59183150250436
evolution_strategy,rastrigin,106,18800,42.59183150250436
evolution_strategy,rastrigin,106,18900,42.59183150250436
evolution_strategy,rastrigin,106,19000,42.59183150250436
evolution_strategy,rastrigin,106,19100,42.59183150250436
evolution_strategy,rastrigin,106,19200,42.59183150250436
evolution_strategy,rastrigin,106,19300,42.59183150250436
evolution_strategy,rastrigin,106,19400,42.59183150250436
evolution_strategy,rastrigin,106,19500,42.59183150250436
evolution_strategy,rastrigin,106,19600,42.59183150250436
evolution_strategy,rastrigin,106,19700,42.59183150250436
evolution_strategy,rastrigin,106,19800,42.59183150250436
evolution_strategy,rastrigin,106,19900,42.59183150250436
evolution_strategy,rastrigin,106,20000,42.59183150250436
evolution_strategy,rastrigin,107,100,134.40947322556121
evolution_strategy,rastrigin,107,200,119.18957796858115
evolution_strategy,rastrigin,107,300,89.30316643014176
evolution_strategy,rastrigin,107,400,83.14582914784643
evolution_strategy,rastrigin,107,500,83.14582914784643
evolution_strategy,rastrigin,107,600,80.09999805562347
evolution_strategy,rastrigin,107,700,77.14191116693684
evolution_strategy,rastrigin,107,800,77.14191116693684
evolution_strategy,rastrigin,107,900,77.14191116693684
evolution_strategy,rastrigin,107,1000,77.14191116693684
evolution_strategy,rastrigin,107,1100,77.14191116693684
evolution_strategy,rastrigin,107,1200,77.14191116693684
evolution_strategy,rastrigin,107,1300,77.14191116693684
evolution_strategy,rastrigin,107,1400,77.14191116693684
evolution_strategy,rastrigin,107,1500,77.14191116693684
evolution_strategy,rastrigin,107,1600,77.14191116693684
evolution_strategy,rastrigin,107,1700,77.14191116693684
evolution_strategy,rastrigin,107,1800,77.14191116693684
evolution_strategy,rastrigin,107,1900,77.14191116693684
evolution_strategy,rastrigin,107,2000,76.21868417698519
evolution_strategy,rastrigin,107,2100,76.21868417698519
evolution_strategy,rastrigin,107,2200,76.21868417698519
evolution_strategy,rastrigin,107,2300,76.21868417698519
evolution_strategy,rastrigin,107,2400,76.21868417698519
evolution_strategy,rastrigin,107,2500,76.21868417698519
evolution_strategy,rastrigin,107,2600,76.21868417698519
evolution_strategy,rastrigin,107,2700,76.21868417698519
evolution_strategy,rastrigin,107,2800,76.21868417698519
evolution_strategy,rastrigin,107,2900,76.21868417698519
evolution_strategy,rastrigin,107,3000,76.21868417698519
evolution_strategy,rastrigin,107,3100,76.21868417698519
evolution_strategy,rastrigin,107,3200,76.21868417698519
evolution_strategy,rastrigin,107,3300,76.21868417698519
evolution_strategy,rastrigin,107,3400,76.21868417698519
evolution_strategy,rastrigin,107,3500,76.21868417698519
evolution_strategy,rastrigin,107,3600,76.21868417698519
evolution_strategy,rastrigin,107,3700,76.21868417698519
evolution_strategy,rastrigin,107,3800,76.21868417698519
evolution_strategy,rastrigin,107,3900,76.21868417698519
evolution_strategy,rastrigin,107,4000,76.21868417698519
evolution_strategy,rastrigin,107,4100,76.21868417698519
evolution_strategy,rastrigin,107,4200,76.21868417698519
evolution_strategy,rastrigin,107,4300,76.21868417698519
evolution_strategy,rastrigin,107,4400,76.21868417698519
evolution_strategy,rastrigin,107,4500,76.21868417698519
evolution_strategy,rastrigin,107,4600,76.21868417698519
evolution_strategy,rastrigin,107,4700,76.21868417698519
evolution_strategy,rastrigin,107,4800,76.21868417698519
evolution_strategy,rastrigin,107,4900,76.03007366524915
evolution_strategy,rastrigin,107,5000,76.03007366524915
evolution_strategy,rastrigin,107,5100,76.03007366524915
evolution_strategy,rastrigin,107,5200,76.03007366524915
evolution_strategy,rastrigin,107,5300,76.03007366524915
evolution_strategy,rastrigin,107,5400,76.03007366524915
evolution_strategy,rastrigin,107,5500,76.03007366524915
evolution_strategy,rastrigin,107,5600,76.03007366524915
evolution_strategy,rastrigin,107,5700,76.03007366524915
evolution_strategy,rastrigin,107,5800,76.03007366524915
evolution_strategy,rastrigin,107,5900,76.03007366524915
evolution_strategy,rastrigin,107,6000,76.03007366524915
evolution_strategy,rastrigin,107,6100,76.03007366524915
evolution_strategy,rastrigin,107,6200,76.03007366524915
evolution_strategy,rastrigin,107,6300,76.03007366524915
evolution_strategy,rastrigin,107,6400,76.03007366524915
evolution_strategy,rastrigin,107,6500,76.03007366524915
evolution_strategy,rastrigin,107,6600,76.03007366524915
evolution_strategy,rastrigin,107,6700,76.03007366524915
evolution_strategy,rastrigin,107,6800,76.03007366524915
evolution_strategy,rastrigin,107,6900,76.03007366524915
evolution_strategy,rastrigin,107,7000,76.03007366524915
evolution_strategy,rastrigin,107,7100,76.03007366524915
evolution_strategy,rastrigin,107,7200,76.03007366524915
evolution_strategy,rastrigin,107,7300,76.03007366524915
evolution_strategy,rastrigin,107,7400,76.03007366524915
evolution_strategy,rastrigin,107,7500,76.03007366524915
evolution_strategy,rastrigin,107,7600,76.03007366524915
evolution_strategy,rastrigin,107,7700,76.03007366524915
evolution_strategy,rastrigin,107,7800,76.03007366524915
evolution_strategy,rastrigin,107,7900,76.03007366524915
evolution_strategy,rastrigin,107,8000,76.03007366524915
evolution_strategy,rastrigin,107,8100,76.03007366524915
evolution_strategy,rastrigin,107,8200,76.03007366524915
evolution_strategy,rastrigin,107,8300,76.03007366524915
evolution_strategy,rastrigin,107,8400,76.03007366524915
evolution_strategy,rastrigin,107,8500,76.03007366524915
evolution_strategy,rastrigin,107,8600,76.03007366524915
evolution_strategy,rastrigin,107,8700,76.03007366524915
evolution_strategy,rastrigin,107,8800,76.03007366524915
evolution_strategy,rastrigin,107,8900,76.03007366524915
evolution_strategy,rastrigin,107,9000,76.03007366524915
evolution_strategy,rastrigin,107,9100,76.03007366524915
evolution_strategy,rastrigin,107,9200,76.03007366524915
evolution_strategy,rastrigin,107,9300,76.03007366524915
evolution_strategy,rastrigin,107,9400,76.03007366524915
evolution_strategy,rastrigin,107,9500,76.03007366524915
evolution_strategy,rastrigin,107,9600,76.03007366524915
evolution_strategy,rastrigin,107,9700,76.03007366524915
evolution_strategy,rastrigin,107,9800,76.03007366524915
evolution_strategy,rastrigin,107,9900,76.03007366524915
evolution_strategy,rastrigin,107,10000,76.03007366524915
evolution_strategy,rastrigin,107,10100,76.03007366524915
evolution_strategy,rastrigin,107,10200,76.03007366524915
evolution_strategy,rastrigin,107,10300,76.03007366524915
evolution_strategy,rastrigin,107,10400,76.03007366524915
evolution_strategy,rastrigin,107,10500,76.03007366524915
evolution_strategy,rastrigin,107,10600,75.08018668565015
evolution_strategy,rastrigin,107,10700,75.08018668565015
evolution_strategy,rastrigin,107,10800,75.08018668565015
evolution_strategy,rastrigin,107,10900,75.08018668565015
evolution_strategy,rastrigin,107,11000,75.08018668565015
evolution_strategy,rastrigin,107,11100,75.08018668565015
evolution_strategy,rastrigin,107,11200,75.08018668565015
evolution_strategy,rastrigin,107,11300,75.08018668565015
evolution_strategy,rastrigin,107,11400,75.08018668565015
evolution_strategy,rastrigin,107,11500,75.08018668565015
evolution_strategy,rastrigin,107,11600,75.08018668565015
evolution_strategy,rastrigin,107,11700,75.08018668565015
evolution_strategy,rastrigin,107,11800,75.08018668565015
evolution_strategy,rastrigin,107,11900,75.08018668565015
evolution_strategy,rastrigin,107,12000,75.08018668565015
evolution_strategy,rastrigin,107,12100,75.08018668565015
evolution_strategy,rastrigin,107,12200,75.08018668565015
evolution_strategy,rastrigin,107,12300,75.08018668565015
evolution_strategy,rastrigin,107,12400,75.08018668565015
evolution_strategy,rastrigin,107,12500,75.08018668565015
evolution_strategy,rastrigin,107,12600,75.08018668565015
evolution_strategy,rastrigin,107,12700,75.08018668565015
evolution_strategy,rastrigin,107,12800,75.08018668565015
evolution_strategy,rastrigin,107,12900,75.08018668565015
evolution_strategy,rastrigin,107,13000,74.89227905989398
evolution_strategy,rastrigin,107,13100,74.89227905989398
evolution_strategy,rastrigin,107,13200,74.89227905989398
evolution_strategy,rastrigin,107,13300,74.89227905989398
evolution_strategy,rastrigin,107,13400,74.89227905989398
evolution_strategy,rastrigin,107,13500,74.89227905989398
evolution_strategy,rastrigin,107,13600,74.89227905989398
evolution_strategy,rastrigin,107,13700,74.89227905989398
evolution_strategy,rastrigin,107,13800,74.89227905989398
evolution_strategy,rastrigin,107,13900,74.89227905989398
evolution_strategy,rastrigin,107,14000,74.89227905989398
evolution_strategy,rastrigin,107,14100,74.89227905989398
evolution_strategy,rastrigin,107,14200,74.89227905989398
evolution_strategy,rastrigin,107,14300,74.89227905989398
evolution_strategy,rastrigin,107,14400,74.89227905989398
evolution_strategy,rastrigin,107,14500,74.89227905989398
evolution_strategy,rastrigin,107,14600,74.89227905989398
evolution_strategy,rastrigin,107,14700,74.89227905989398
evolution_strategy,rastrigin,107,14800,74.89227905989398
evolution_strategy,rastrigin,107,14900,74.89227905989398
evolution_strategy,rastrigin,107,15000,74.89227905989398
evolution_strategy,rastrigin,107,15100,74.89227905989398
evolution_strategy,rastrigin,107,15200,74.89227905989398
evolution_strategy,rastrigin,107,15300,74.89227905989398
evolution_strategy,rastrigin,107,15400,74.89227905989398
evolution_strategy,rastrigin,107,15500,74.89227905989398
evolution_strategy,rastrigin,107,15600,74.89227905989398
evolution_strategy,rastrigin,107,15700,74.89227905989398
evolution_strategy,rastrigin,107,15800,74.89227905989398
evolution_strategy,rastrigin,107,15900,74.89227905989398
evolution_strategy,rastrigin,107,16000,74.89227905989398
evolution_strategy,rastrigin,107,16100,74.89227905989398
evolution_strategy,rastrigin,107,16200,74.89227905989398
evolution_strategy,rastrigin,107,16300,74.89227905989398
evolution_strategy,rastrigin,107,16400,74.89227905989398
evolution_strategy,rastrigin,107,16500,74.89227905989398
evolution_strategy,rastrigin,107,16600,74.89227905989398
evolution_strategy,rastrigin,107,16700,74.89227905989398
evolution_strategy,rastrigin,107,16800,74.89227905989398
evolution_strategy,rastrigin,107,16900,74.89227905989398
evolution_strategy,rastrigin,107,17000,74.89227905989398
evolution_strategy,rastrigin,107,17100,74.89227905989398
evolution_strategy,rastrigin,107,17200,74.89227905989398
evolution_strategy,rastrigin,107,17300,74.89227905989398
evolution_strategy,rastrigin,107,17400,74.89227905989398
evolution_strategy,rastrigin,107,17500,74.89227905989398
evolution_strategy,rastrigin,107,17600,74.89227905989398
evolution_strategy,rastrigin,107,17700,74.89227905989398
evolution_strategy,rastrigin,107,17800,74.89227905989398
evolution_strategy,rastrigin,107,17900,74.89227905989398
evolution_strategy,rastrigin,107,18000,74.89227905989398
evolution_strategy,rastrigin,107,18100,74.89227905989398
evolution_strategy,rastrigin,107,18200,74.89227905989398
evolution_strategy,rastrigin,107,18300,74.89227905989398
evolution_strategy,rastrigin,107,18400,74.89227905989398
evolution_strategy,rastrigin,107,18500,74.89227905989398
evolution_strategy,rastrigin,107,18600,74.89227905989398
evolution_strategy,rastrigin,107,18700,74.89227905989398
evolution_strategy,rastrigin,107,18800,74.89227905989398
evolution_strategy,rastrigin,107,18900,74.89227905989398
evolution_strategy,rastrigin,107,19000,74.89227905989398
evolution_strategy,rastrigin,107,19100,74.89227905989398
evolution_strategy,rastrigin,107,19200,74.89227905989398
evolution_strategy,rastrigin,107,19300,74.89227905989398
evolution_strategy,rastrigin,107,19400,74.89227905989398
evolution_strategy,rastrigin,107,19500,74.89227905989398
evolution_strategy,rastrigin,107,19600,74.89227905989398
evolution_strategy,rastrigin,107,19700,74.89227905989398
evolution_strategy,rastrigin,107,19800,74.89227905989398
evolution_strategy,rastrigin,107,19900,74.89227905989398
evolution_strategy,rastrigin,107,20000,74.89227905989398
evolution_strategy,rastrigin,108,100,98.50759322689213
evolution_strategy,rastrigin,108,200,70.46349183332768
evolution_strategy,rastrigin,108,300,53.487999139227355
evolution_strategy,rastrigin,108,400,53.487999139227355
evolution_strategy,rastrigin,108,500,53.487999139227355
evolution_strategy,rastrigin,108,600,52.718099671305595
evolution_strategy,rastrigin,108,700,52.718099671305595
evolution_strategy,rastrigin,108,800,50.92035919963411
evolution_strategy,rastrigin,108,900,50.435334516853445
evolution_strategy,rastrigin,108,1000,50.435334516853445
evolution_strategy,rastrigin,108,1100,48.76818777664729
evolution_strategy,rastrigin,108,1200,48.76818777664729
evolution_strategy,rastrigin,108,1300,48.76818777664729
evolution_strategy,rastrigin,108,1400,48.76818777664729
evolution_strategy,rastrigin,108,1500,48.76818777664729
evolution_strategy,rastrigin,108,1600,48.76818777664729
evolution_strategy,rastrigin,108,1700,48.76818777664729
evolution_strategy,rastrigin,108,1800,48.76818777664729
evolution_strategy,rastrigin,108,1900,48.76818777664729
evolution_strategy,rastrigin,108,2000,48.76818777664729
evolution_strategy,rastrigin,108,2100,48.76818777664729
evolution_strategy,rastrigin,108,2200,48.76818777664729
evolution_strategy,rastrigin,108,2300,48.76818777664729
evolution_strategy,rastrigin,108,2400,48.76818777664729
evolution_strategy,rastrigin,108,2500,48.76818777664729
evolution_strategy,rastrigin,108,2600,48.586225183429185
evolution_strategy,rastrigin,108,2700,48.383512312357894
evolution_strategy,rastrigin,108,2800,48.383512312357894
evolution_strategy,rastrigin,108,2900,48.383512312357894
evolution_strategy,rastrigin,108,3000,48.383512312357894
evolution_strategy,rastrigin,108,3100,48.383512312357894
evolution_strategy,rastrigin,108,3200,48.383512312357894
evolution_strategy,rastrigin,108,3300,48.383512312357894
evolution_strategy,rastrigin,108,3400,48.383512312357894
evolution_strategy,rastrigin,108,3500,48.383512312357894
evolution_strategy,rastrigin,108,3600,48.383512312357894
evolution_strategy,rastrigin,108,3700,48.383512312357894
evolution_strategy,rastrigin,108,3800,48.383512312357894
evolution_strategy,rastrigin,108,3900,48.383512312357894
evolution_strategy,rastrigin,108,4000,48.383512312357894
evolution_strategy,rastrigin,108,4100,48.383512312357894
evolution_strategy,rastrigin,108,4200,48.383512312357894
evolution_strategy,rastrigin,108,4300,48.383512312357894
evolution_strategy,rastrigin,108,4400,48.383512312357894
evolution_strategy,rastrigin,108,4500,48.383512312357894
evolution_strategy,rastrigin,108,4600,48.383512312357894
evolution_strategy,rastrigin,108,4700,48.383512312357894
evolution_strategy,rastrigin,108,4800,48.383512312357894
evolution_strategy,rastrigin,108,4900,48.383512312357894
evolution_strategy,rastrigin,108,5000,48.383512312357894
evolution_strategy,rastrigin,108,5100,48.383512312357894
evolution_strategy,rastrigin,108,5200,48.383512312357894
evolution_strategy,rastrigin,108,5300,48.383512312357894
evolution_strategy,rastrigin,108,5400,48.383512312357894
evolution_strategy,rastrigin,108,5500,48.383512312357894
evolution_strategy,rastrigin,108,5600,48.383512312357894
evolution_strategy,rastrigin,108,5700,48.383512312357894
evolution_strategy,rastrigin,108,5800,48.383512312357894
evolution_strategy,rastrigin,108,5900,48.383512312357894
evolution_strategy,rastrigin,108,6000,48.383512312357894
evolution_strategy,rastrigin,108,6100,48.383512312357894
evolution_strategy,rastrigin,108,6200,47.51247809821067
evolution_strategy,rastrigin,108,6300,47.51247809821067
evolution_strategy,rastrigin,108,6400,47.51247809821067
evolution_strategy,rastrigin,108,6500,47.51247809821067
evolution_strategy,rastrigin,108,6600,47.51247809821067
evolution_strategy,rastrigin,108,6700,47.51247809821067
evolution_strategy,rastrigin,108,6800,47.51247809821067
evolution_strategy,rastrigin,108,6900,47.51247809821067
evolution_strategy,rastrigin,108,7000,47.51247809821067
evolution_strategy,rastrigin,108,7100,47.51247809821067
evolution_strategy,rastrigin,108,7200,47.51247809821067
evolution_strategy,rastrigin,108,7300,47.51247809821067
evolution_strategy,rastrigin,108,7400,47.51247809821067
evolution_strategy,rastrigin,108,7500,47.51247809821067
evolution_strategy,rastrigin,108,7600,47.51247809821067
evolution_strategy,rastrigin,108,7700,47.51247809821067
evolution_strategy,rastrigin,108,7800,47.51247809821067
evolution_strategy,rastrigin,108,7900,47.51247809821067
evolution_strategy,rastrigin,108,8000,47.51247809821067
evolution_strategy,rastrigin,108,8100,47.51247809821067
evolution_strategy,rastrigin,108,8200,47.51247809821067
evolution_strategy,rastrigin,108,8300,47.51247809821067
evolution_strategy,rastrigin,108,8400,47.51247809821067
evolution_strategy,rastrigin,108,8500,47.51247809821067
evolution_strategy,rastrigin,108,8600,47.51247809821067
evolution_strategy,rastrigin,108,8700,47.51247809821067
evolution_strategy,rastrigin,108,8800,47.51247809821067
evolution_strategy,rastrigin,108,8900,47.51247809821067
evolution_strategy,rastrigin,108,9000,47.51247809821067
evolution_strategy,rastrigin,108,9100,47.51247809821067
evolution_strategy,rastrigin,108,9200,47.51247809821067
evolution_strategy,rastrigin,108,9300,47.51247809821067
evolution_strategy,rastrigin,108,9400,47.51247809821067
evolution_strategy,rastrigin,108,9500,47.51247809821067
evolution_strategy,rastrigin,108,9600,47.51247809821067
evolution_strategy,rastrigin,108,9700,47.51247809821067
evolution_strategy,rastrigin,108,9800,47.51247809821067
evolution_strategy,rastrigin,108,9900,47.51247809821067
evolution_strategy,rastrigin,108,10000,47.51247809821067
evolution_strategy,rastrigin,108,10100,47.51247809821067
evolution_strategy,rastrigin,108,10200,47.51247809821067
evolution_strategy,rastrigin,108,10300,47.51247809821067
evolution_strategy,rastrigin,108,10400,47.51247809821067
evolution_strategy,rastrigin,108,10500,47.51247809821067
evolution_strategy,rastrigin,108,10600,47.51247809821067
evolution_strategy,rastrigin,108,10700,47.51247809821067
evolution_strategy,rastrigin,108,10800,47.51247809821067
evolution_strategy,rastrigin,108,10900,47.51247809821067
evolution_strategy,rastrigin,108,11000,47.51247809821067
evolution_strategy,rastrigin,108,11100,47.51247809821067
evolution_strategy,rastrigin,108,11200,47.51247809821067
evolution_strategy,rastrigin,108,11300,47.51247809821067
evolution_strategy,rastrigin,108,11400,47.51247809821067
evolution_strategy,rastrigin,108,11500,47.51247809821067
evolution_strategy,rastrigin,108,11600,47.51247809821067
evolution_strategy,rastrigin,108,11700,47.51247809821067
evolution_strategy,rastrigin,108,11800,47.51247809821067
evolution_strategy,rastrigin,108,11900,47.51247809821067
evolution_strategy,rastrigin,108,12000,47.51247809821067
evolution_strategy,rastrigin,108,12100,47.51247809821067
evolution_strategy,rastrigin,108,12200,47.51247809821067
evolution_strategy,rastrigin,108,12300,47.51247809821067
evolution_strategy,rastrigin,108,12400,47.51247809821067
evolution_strategy,rastrigin,108,12500,47.51247809821067
evolution_strategy,rastrigin,108,12600,47.51247809821067
evolution_strategy,rastrigin,108,12700,47.51247809821067
evolution_strategy,rastrigin,108,12800,47.51247809821067
evolution_strategy,rastrigin,108,12900,47.51247809821067
evolution_strategy,rastrigin,108,13000,47.51247809821067
evolution_strategy,rastrigin,108,13100,47.51247809821067
evolution_strategy,rastrigin,108,13200,47.51247809821067
evolution_strategy,rastrigin,108,13300,47.51247809821067
evolution_strategy,rastrigin,108,13400,47.51247809821067
evolution_strategy,rastrigin,108,13500,47.51247809821067
evolution_strategy,rastrigin,108,13600,47.51247809821067
evolution_strategy,rastrigin,108,13700,47.51247809821067
evolution_strategy,rastrigin,108,13800,47.51247809821067
evolution_strategy,rastrigin,108,13900,47.51247809821067
evolution_strategy,rastrigin,108,14000,47.51247809821067
evolution_strategy,rastrigin,108,14100,47.51247809821067
evolution_strategy,rastrigin,108,14200,47.51247809821067
evolution_strategy,rastrigin,108,14300,47.51247809821067
evolution_strategy,rastrigin,108,14400,47.51247809821067
evolution_strategy,rastrigin,108,14500,47.51247809821067
evolution_strategy,rastrigin,108,14600,47.51247809821067
evolution_strategy,rastrigin,108,14700,47.51247809821067
evolution_strategy,rastrigin,108,14800,47.51247809821067
evolution_strategy,rastrigin,108,14900,47.51247809821067
evolution_strategy,rastrigin,108,15000,47.51247809821067
evolution_strategy,rastrigin,108,15100,46.87084151769617
evolution_strategy,rastrigin,108,15200,46.87084151769617
evolution_strategy,rastrigin,108,15300,46.87084151769617
evolution_strategy,rastrigin,108,15400,46.87084151769617
evolution_strategy,rastrigin,108,15500,46.87084151769617
evolution_strategy,rastrigin,108,15600,46.87084151769617
evolution_strategy,rastrigin,108,15700,46.87084151769617
evolution_strategy,rastrigin,108,15800,46.87084151769617
evolution_strategy,rastrigin,108,15900,46.87084151769617
evolution_strategy,rastrigin,108,16000,46.87084151769617
evolution_strategy,rastrigin,108,16100,46.87084151769617
evolution_strategy,rastrigin,108,16200,46.87084151769617
evolution_strategy,rastrigin,108,16300,46.87084151769617
evolution_strategy,rastrigin,108,16400,46.87084151769617
evolution_strategy,rastrigin,108,16500,46.87084151769617
evolution_strategy,rastrigin,108,16600,46.87084151769617
evolution_strategy,rastrigin,108,16700,46.87084151769617
evolution_strategy,rastrigin,108,16800,46.87084151769617
evolution_strategy,rastrigin,108,16900,46.87084151769617
evolution_strategy,rastrigin,108,17000,46.87084151769617
evolution_strategy,rastrigin,108,17100,46.87084151769617
evolution_strategy,rastrigin,108,17200,46.87084151769617
evolution_strategy,rastrigin,108,17300,46.87084151769617
evolution_strategy,rastrigin,108,17400,46.87084151769617
evolution_strategy,rastrigin,108,17500,46.87084151769617
evolution_strategy,rastrigin,108,17600,46.87084151769617
evolution_strategy,rastrigin,108,17700,46.87084151769617
evolution_strategy,rastrigin,108,17800,46.87084151769617
evolution_strategy,rastrigin,108,17900,46.87084151769617
evolution_strategy,rastrigin,108,18000,46.87084151769617
evolution_strategy,rastrigin,108,18100,46.87084151769617
evolution_strategy,rastrigin,108,18200,46.87084151769617
evolution_strategy,rastrigin,108,18300,46.87084151769617
evolution_strategy,rastrigin,108,18400,46.87084151769617
evolution_strategy,rastrigin,108,18500,46.87084151769617
evolution_strategy,rastrigin,108,18600,46.87084151769617
evolution_strategy,rastrigin,108,18700,46.87084151769617
evolution_strategy,rastrigin,108,18800,46.87084151769617
evolution_strategy,rastrigin,108,18900,46.87084151769617
evolution_strategy,rastrigin,108,19000,46.87084151769617
evolution_strategy,rastrigin,108,19100,46.87084151769617
evolution_strategy,rastrigin,108,19200,46.87084151769617
evolution_strategy,rastrigin,108,19300,46.87084151769617
evolution_strategy,rastrigin,108,19400,46.87084151769617
evolution_strategy,rastrigin,108,19500,46.87084151769617
evolution_strategy,rastrigin,108,19600,46.87084151769617
evolution_strategy,rastrigin,108,19700,46.87084151769617
evolution_strategy,rastrigin,108,19800,46.87084151769617
evolution_strategy,rastrigin,108,19900,46.87084151769617
evolution_strategy,rastrigin,108,20000,46.87084151769617
evolution_strategy,rastrigin,109,100,117.22066417316542
evolution_strategy,rastrigin,109,200,105.44049797656088
evolution_strategy,rastrigin,109,300,83.49959320203098
evolution_strategy,rastrigin,109,400,67.86044833174049
evolution_strategy,rastrigin,109,500,55.56328894412697
evolution_strategy,rastrigin,109,600,53.105058714980586
evolution_strategy,rastrigin,109,700,41.167852932975684
evolution_strategy,rastrigin,109,800,41.167852932975684
evolution_strategy,rastrigin,109,900,39.47249169518965
evolution_strategy,rastrigin,109,1000,39.47249169518965
evolution_strategy,rastrigin,109,1100,39.47249169518965
evolution_strategy,rastrigin,109,1200,39.47249169518965
evolution_strategy,rastrigin,109,1300,39.47249169518965
evolution_strategy,rastrigin,109,1400,39.47249169518965
evolution_strategy,rastrigin,109,1500,39.47249169518965
evolution_strategy,rastrigin,109,1600,39.47249169518965
evolution_strategy,rastrigin,109,1700,39.47249169518965
evolution_strategy,rastrigin,109,1800,39.47249169518965
evolution_strategy,rastrigin,109,1900,39.47249169518965
evolution_strategy,rastrigin,109,2000,39.47249169518965
evolution_strategy,rastrigin,109,2100,38.85409520473286
evolution_strategy,rastrigin,109,2200,38.85409520473286
evolution_strategy,rastrigin,109,2300,38.85409520473286
evolution_strategy,rastrigin,109,2400,38.85409520473286
evolution_strategy,rastrigin,109,2500,38.85409520473286
evolution_strategy,rastrigin,109,2600,38.85409520473286
evolution_strategy,rastrigin,109,2700,38.85409520473286
evolution_strategy,rastrigin,109,2800,38.85409520473286
evolution_strategy,rastrigin,109,2900,38.85409520473286
evolution_strategy,rastrigin,109,3000,38.85409520473286
evolution_strategy,rastrigin,109,3100,38.85409520473286
evolution_strategy,rastrigin,109,3200,38.85409520473286
evolution_strategy,rastrigin,109,3300,38.85409520473286
evolution_strategy,rastrigin,109,3400,38.85409520473286
evolution_strategy,rastrigin,109,3500,38.85409520473286
evolution_strategy,rastrigin,109,3600,38.85409520473286
evolution_strategy,rastrigin,109,3700,38.85409520473286
evolution_strategy,rastrigin,109,3800,38.85409520473286
evolution_strategy,rastrigin,109,3900,38.85409520473286
evolution_strategy,rastrigin,109,4000,38.85409520473286
evolution_strategy,rastrigin,109,4100,38.85409520473286
evolution_strategy,rastrigin,109,4200,38.85409520473286
evolution_strategy,rastrigin,109,4300,38.0972870725705
evolution_strategy,rastrigin,109,4400,38.0972870725705
evolution_strategy,rastrigin,109,4500,38.0972870725705
evolution_strategy,rastrigin,109,4600,38.0972870725705
evolution_strategy,rastrigin,109,4700,38.0972870725705
evolution_strategy,rastrigin,109,4800,38.0972870725705
evolution_strategy,rastrigin,109,4900,38.0972870725705
evolution_strategy,rastrigin,109,5000,38.0972870725705
evolution_strategy,rastrigin,109,5100,38.0972870725705
evolution_strategy,rastrigin,109,5200,38.0972870725705
evolution_strategy,rastrigin,109,5300,38.0972870725705
evolution_strategy,rastrigin,109,5400,38.0972870725705
evolution_strategy,rastrigin,109,5500,38.0972870725705
evolution_strategy,rastrigin,109,5600,38.0972870725705
evolution_strategy,rastrigin,109,5700,38.0972870725705
evolution_strategy,rastrigin,109,5800,38.0972870725705
evolution_strategy,rastrigin,109,5900,38.0972870725705
evolution_strategy,rastrigin,109,6000,38.0972870725705
evolution_strategy,rastrigin,109,6100,38.0972870725705
evolution_strategy,rastrigin,109,6200,38.0972870725705
evolution_strategy,rastrigin,109,6300,38.0972870725705
evolution_strategy,rastrigin,109,6400,38.0972870725705
evolution_strategy,rastrigin,109,6500,38.0972870725705
evolution_strategy,rastrigin,109,6600,38.0972870725705
evolution_strategy,rastrigin,109,6700,38.0972870725705
evolution_strategy,rastrigin,109,6800,38.0972870725705
evolution_strategy,rastrigin,109,6900,38.0972870725705
evolution_strategy,rastrigin,109,7000,38.0972870725705
evolution_strategy,rastrigin,109,7100,38.0972870725705
evolution_strategy,rastrigin,109,7200,38.0972870725705
evolution_strategy,rastrigin,109,7300,38.0972870725705
evolution_strategy,rastrigin,109,7400,38.0972870725705
evolution_strategy,rastrigin,109,7500,38.0972870725705
evolution_strategy,rastrigin,109,7600,38.0972870725705
evolution_strategy,rastrigin,109,7700,38.0972870725705
evolution_strategy,rastrigin,109,7800,38.0972870725705
evolution_strategy,rastrigin,109,7900,38.0972870725705
evolution_strategy,rastrigin,109,8000,38.0972870725705
evolution_strategy,rastrigin,109,8100,38.0972870725705
evolution_strategy,rastrigin,109,8200,38.0972870725705
evolution_strategy,rastrigin,109,8300,38.0972870725705
evolution_strategy,rastrigin,109,8400,38.0972870725705
evolution_strategy,rastrigin,109,8500,38.0972870725705
evolution_strategy,rastrigin,109,8600,38.0972870725705
evolution_strategy,rastrigin,109,8700,38.0972870725705
evolution_strategy,rastrigin,109,8800,38.0972870725705
evolution_strategy,rastrigin,109,8900,38.0972870725705
evolution_strategy,rastrigin,109,9000,38.0972870725705
evolution_strategy,rastrigin,109,9100,38.0972870725705
evolution_strategy,rastrigin,109,9200,38.0972870725705
evolution_strategy,rastrigin,109,9300,38.0972870725705
evolution_strategy,rastrigin,109,9400,38.0972870725705
evolution_strategy,rastrigin,109,9500,38.0972870725705
evolution_strategy,rastrigin,109,9600,38.0972870725705
evolution_strategy,rastrigin,109,9700,38.0972870725705
evolution_strategy,rastrigin,109,9800,38.0972870725705
evolution_strategy,rastrigin,109,9900,38.0972870725705
evolution_strategy,rastrigin,109,10000,37.90727852889073
evolution_strategy,rastrigin,109,10100,37.90727852889073
evolution_strategy,rastrigin,109,10200,37.90727852889073
evolution_strategy,rastrigin,109,10300,37.90727852889073
evolution_strategy,rastrigin,109,10400,37.90727852889073
evolution_strategy,rastrigin,109,10500,37.90727852889073
evolution_strategy,rastrigin,109,10600,37.90727852889073
evolution_strategy,rastrigin,109,10700,37.90727852889073
evolution_strategy,rastrigin,109,10800,37.90727852889073
evolution_strategy,rastrigin,109,10900,37.90727852889073
evolution_strategy,rastrigin,109,11000,37.90727852889073
evolution_strategy,rastrigin,109,11100,37.90727852889073
evolution_strategy,rastrigin,109,11200,37.90727852889073
evolution_strategy,rastrigin,109,11300,37.90727852889073
evolution_strategy,rastrigin,109,11400,37.90727852889073
evolution_strategy,rastrigin,109,11500,37.90727852889073
evolution_strategy,rastrigin,109,11600,37.90727852889073
evolution_strategy,rastrigin,109,11700,37.90727852889073
evolution_strategy,rastrigin,109,11800,37.90727852889073
evolution_strategy,rastrigin,109,11900,37.90727852889073
evolution_strategy,rastrigin,109,12000,37.90727852889073
evolution_strategy,rastrigin,109,12100,37.90727852889073
evolution_strategy,rastrigin,109,12200,37.90727852889073
evolution_strategy,rastrigin,109,12300,37.90727852889073
evolution_strategy,rastrigin,109,12400,37.90727852889073
evolution_strategy,rastrigin,109,12500,37.90727852889073
evolution_strategy,rastrigin,109,12600,37.90727852889073
evolution_strategy,rastrigin,109,12700,37.90727852889073
evolution_strategy,rastrigin,109,12800,37.90727852889073
evolution_strategy,rastrigin,109,12900,37.90727852889073
evolution_strategy,rastrigin,109,13000,37.90727852889073
evolution_strategy,rastrigin,109,13100,37.90727852889073
evolution_strategy,rastrigin,109,13200,37.90727852889073
evolution_strategy,rastrigin,109,13300,37.90727852889073
evolution_strategy,rastrigin,109,13400,37.90727852889073
evolution_strategy,rastrigin,109,13500,37.90727852889073
evolution_strategy,rastrigin,109,13600,37.90727852889073
evolution_strategy,rastrigin,109,13700,37.90727852889073
evolution_strategy,rastrigin,109,13800,37.90727852889073
evolution_strategy,rastrigin,109,13900,37.90727852889073
evolution_strategy,rastrigin,109,14000,37.90727852889073
evolution_strategy,rastrigin,109,14100,37.90727852889073
evolution_strategy,rastrigin,109,14200,37.90727852889073
evolution_strategy,rastrigin,109,14300,37.90727852889073
evolution_strategy,rastrigin,109,14400,37.90727852889073
evolution_strategy,rastrigin,109,14500,37.90727852889073
evolution_strategy,rastrigin,109,14600,37.90727852889073
evolution_strategy,rastrigin,109,14700,37.90727852889073
evolution_strategy,rastrigin,109,14800,37.90727852889073
evolution_strategy,rastrigin,109,14900,37.90727852889073
evolution_strategy,rastrigin,109,15000,37.90727852889073
evolution_strategy,rastrigin,109,15100,37.90727852889073
evolution_strategy,rastrigin,109,15200,37.90727852889073
evolution_strategy,rastrigin,109,15300,37.90727852889073
evolution_strategy,rastrigin,109,15400,37.90727852889073
evolution_strategy,rastrigin,109,15500,37.90727852889073
evolution_strategy,rastrigin,109,15600,37.90727852889073
evolution_strategy,rastrigin,109,15700,37.90727852889073
evolution_strategy,rastrigin,109,15800,37.90727852889073
evolution_strategy,rastrigin,109,15900,37.90727852889073
evolution_strategy,rastrigin,109,16000,37.90727852889073
evolution_strategy,rastrigin,109,16100,37.90727852889073
evolution_strategy,rastrigin,109,16200,37.90727852889073
evolution_strategy,rastrigin,109,16300,37.90727852889073
evolution_strategy,rastrigin,109,16400,37.90727852889073
evolution_strategy,rastrigin,109,16500,37.90727852889073
evolution_strategy,rastrigin,109,16600,37.90727852889073
evolution_strategy,rastrigin,109,16700,37.90727852889073
evolution_strategy,rastrigin,109,16800,37.90727852889073
evolution_strategy,rastrigin,109,16900,37.90727852889073
evolution_strategy,rastrigin,109,17000,37.90727852889073
evolution_strategy,rastrigin,109,17100,37.90727852889073
evolution_strategy,rastrigin,109,17200,37.90727852889073
evolution_strategy,rastrigin,109,17300,37.90727852889073
evolution_strategy,rastrigin,109,17400,37.90727852889073
evolution_strategy,rastrigin,109,17500,37.90727852889073
evolution_strategy,rastrigin,109,17600,37.90727852889073
evolution_strategy,rastrigin,109,17700,37.90727852889073
evolution_strategy,rastrigin,109,17800,37.90727852889073
evolution_strategy,rastrigin,109,17900,37.90727852889073
evolution_strategy,rastrigin,109,18000,37.90727852889073
evolution_strategy,rastrigin,109,18100,37.90727852889073
evolution_strategy,rastrigin,109,18200,37.90727852889073
evolution_strategy,rastrigin,109,18300,37.90727852889073
evolution_strategy,rastrigin,109,18400,37.90727852889073
evolution_strategy,rastrigin,109,18500,37.90727852889073
evolution_strategy,rastrigin,109,18600,37.90727852889073
evolution_strategy,rastrigin,109,18700,37.90727852889073
evolution_strategy,rastrigin,109,18800,37.90727852889073
evolution_strategy,rastrigin,109,18900,37.90727852889073
evolution_strategy,rastrigin,109,19000,37.90727852889073
evolution_strategy,rastrigin,109,19100,37.90727852889073
evolution_strategy,rastrigin,109,19200,37.90727852889073
evolution_strategy,rastrigin,109,19300,37.90727852889073
evolution_strategy,rastrigin,109,19400,37.90727852889073
evolution_strategy,rastrigin,109,19500,37.90727852889073
evolution_strategy,rastrigin,109,19600,37.90727852889073
evolution_strategy,rastrigin,109,19700,37.90727852889073
evolution_strategy,rastrigin,109,19800,37.90727852889073
evolution_strategy,rastrigin,109,19900,37.90727852889073
evolution_strategy,rastrigin,109,20000,37.90727852889073
evolution_strategy,rastrigin,110,100,126.61917223363145
evolution_strategy,rastrigin,110,200,97.71144106851914
evolution_strategy,rastrigin,110,300,64.78880678658363
evolution_strategy,rastrigin,110,400,52.93604995412464
evolution_strategy,rastrigin,110,500,48.16632893394706
evolution_strategy,rastrigin,110,600,43.162828612555344
evolution_strategy,rastrigin,110,700,43.162828612555344
evolution_strategy,rastrigin,110,800,39.66770798558552
evolution_strategy,rastrigin,110,900,37.763299025053875
evolution_strategy,rastrigin,110,1000,37.763299025053875
evolution_strategy,rastrigin,110,1100,37.763299025053875
evolution_strategy,rastrigin,110,1200,37.432662386945594
evolution_strategy,rastrigin,110,1300,37.432662386945594
evolution_strategy,rastrigin,110,1400,37.432662386945594
evolution_strategy,rastrigin,110,1500,37.432662386945594
evolution_strategy,rastrigin,110,1600,35.39210752195943
evolution_strategy,rastrigin,110,1700,35.39210752195943
evolution_strategy,rastrigin,110,1800,35.39210752195943
evolution_strategy,rastrigin,110,1900,34.90817231264609
evolution_strategy,rastrigin,110,2000,34.90817231264609
evolution_strategy,rastrigin,110,2100,34.90817231264609
evolution_strategy,rastrigin,110,2200,34.90817231264609
evolution_strategy,rastrigin,110,2300,34.90817231264609
evolution_strategy,rastrigin,110,2400,34.90817231264609
evolution_strategy,rastrigin,110,2500,34.90817231264609
evolution_strategy,rastrigin,110,2600,34.90817231264609
evolution_strategy,rastrigin,110,2700,34.90817231264609
evolution_strategy,rastrigin,110,2800,34.90817231264609
evolution_strategy,rastrigin,110,2900,34.90817231264609
evolution_strategy,rastrigin,110,3000,34.90817231264609
evolution_strategy,rastrigin,110,3100,34.90817231264609
evolution_strategy,rastrigin,110,3200,34.90817231264609
evolution_strategy,rastrigin,110,3300,34.90817231264609
evolution_strategy,rastrigin,110,3400,34.90817231264609
evolution_strategy,rastrigin,110,3500,34.90817231264609
evolution_strategy,rastrigin,110,3600,34.90817231264609
evolution_strategy,rastrigin,110,3700,34.90817231264609
evolution_strategy,rastrigin,110,3800,34.90817231264609
evolution_strategy,rastrigin,110,3900,34.90817231264609
evolution_strategy,rastrigin,110,4000,34.90817231264609
evolution_strategy,rastrigin,110,4100,34.90817231264609
evolution_strategy,rastrigin,110,4200,34.90817231264609
evolution_strategy,rastrigin,110,4300,34.90817231264609
evolution_strategy,rastrigin,110,4400,34.90817231264609
evolution_strategy,rastrigin,110,4500,34.90817231264609
evolution_strategy,rastrigin,110,4600,34.90817231264609
evolution_strategy,rastrigin,110,4700,34.90817231264609
evolution_strategy,rastrigin,110,4800,34.90817231264609
evolution_strategy,rastrigin,110,4900,34.90817231264609
evolution_strategy,rastrigin,110,5000,34.90817231264609
evolution_strategy,rastrigin,110,5100,34.22146091697529
evolution_strategy,rastrigin,110,5200,34.22146091697529
evolution_strategy,rastrigin,110,5300,34.22146091697529
evolution_strategy,rastrigin,110,5400,34.22146091697529
evolution_strategy,rastrigin,110,5500,34.22146091697529
evolution_strategy,rastrigin,110,5600,34.22146091697529
evolution_strategy,rastrigin,110,5700,34.22146091697529
evolution_strategy,rastrigin,110,5800,34.22146091697529
evolution_strategy,rastrigin,110,5900,34.22146091697529
evolution_strategy,rastrigin,110,6000,34.22146091697529
evolution_strategy,rastrigin,110,6100,34.22146091697529
evolution_strategy,rastrigin,110,6200,34.22146091697529
evolution_strategy,rastrigin,110,6300,34.22146091697529
evolution_strategy,rastrigin,110,6400,34.22146091697529
evolution_strategy,rastrigin,110,6500,34.22146091697529
evolution_strategy,rastrigin,110,6600,34.22146091697529
evolution_strategy,rastrigin,110,6700,34.22146091697529
evolution_strategy,rastrigin,110,6800,34.22146091697529
evolution_strategy,rastrigin,110,6900,34.22146091697529
evolution_strategy,rastrigin,110,7000,34.22146091697529
evolution_strategy,rastrigin,110,7100,34.22146091697529
evolution_strategy,rastrigin,110,7200,34.22146091697529
evolution_strategy,rastrigin,110,7300,34.22146091697529
evolution_strategy,rastrigin,110,7400,34.22146091697529
evolution_strategy,rastrigin,110,7500,34.22146091697529
evolution_strategy,rastrigin,110,7600,34.22146091697529
evolution_strategy,rastrigin,110,7700,34.22146091697529
evolution_strategy,rastrigin,110,7800,34.22146091697529
evolution_strategy,rastrigin,110,7900,34.22146091697529
evolution_strategy,rastrigin,110,8000,34.22146091697529
evolution_strategy,rastrigin,110,8100,34.22146091697529
evolution_strategy,rastrigin,110,8200,34.22146091697529
evolution_strategy,rastrigin,110,8300,34.14302037798707
evolution_strategy,rastrigin,110,8400,34.14302037798707
evolution_strategy,rastrigin,110,8500,34.14302037798707
evolution_strategy,rastrigin,110,8600,34.14302037798707
evolution_strategy,rastrigin,110,8700,34.14302037798707
evolution_strategy,rastrigin,110,8800,34.14302037798707
evolution_strategy,rastrigin,110,8900,34.14302037798707
evolution_strategy,rastrigin,110,9000,34.14302037798707
evolution_strategy,rastrigin,110,9100,34.14302037798707
evolution_strategy,rastrigin,110,9200,34.14302037798707
evolution_strategy,rastrigin,110,9300,34.14302037798707
evolution_strategy,rastrigin,110,9400,34.14302037798707
evolution_strategy,rastrigin,110,9500,34.14302037798707
evolution_strategy,rastrigin,110,9600,34.14302037798707
evolution_strategy,rastrigin,110,9700,34.14302037798707
evolution_strategy,rastrigin,110,9800,34.14302037798707
evolution_strategy,rastrigin,110,9900,34.14302037798707
evolution_strategy,rastrigin,110,10000,34.14302037798707
evolution_strategy,rastrigin,110,10100,34.14302037798707
evolution_strategy,rastrigin,110,10200,34.14302037798707
evolution_strategy,rastrigin,110,10300,34.14302037798707
evolution_strategy,rastrigin,110,10400,34.14302037798707
evolution_strategy,rastrigin,110,10500,34.14302037798707
evolution_strategy,rastrigin,110,10600,34.14302037798707
evolution_strategy,rastrigin,110,10700,34.14302037798707
evolution_strategy,rastrigin,110,10800,34.14302037798707
evolution_strategy,rastrigin,110,10900,34.14302037798707
evolution_strategy,rastrigin,110,11000,34.14302037798707
evolution_strategy,rastrigin,110,11100,34.14302037798707
evolution_strategy,rastrigin,110,11200,34.14302037798707
evolution_strategy,rastrigin,110,11300,34.14302037798707
evolution_strategy,rastrigin,110,11400,34.14302037798707
evolution_strategy,rastrigin,110,11500,34.14302037798707
evolution_strategy,rastrigin,110,11600,34.14302037798707
evolution_strategy,rastrigin,110,11700,34.14302037798707
evolution_strategy,rastrigin,110,11800,34.14302037798707
evolution_strategy,rastrigin,110,11900,34.14302037798707
evolution_strategy,rastrigin,110,12000,34.14302037798707
evolution_strategy,rastrigin,110,12100,34.14302037798707
evolution_strategy,rastrigin,110,12200,34.14302037798707
evolution_strategy,rastrigin,110,12300,34.14302037798707
evolution_strategy,rastrigin,110,12400,34.14302037798707
evolution_strategy,rastrigin,110,12500,34.14302037798707
evolution_strategy,rastrigin,110,12600,34.14302037798707
evolution_strategy,rastrigin,110,12700,34.14302037798707
evolution_strategy,rastrigin,110,12800,34.14302037798707
evolution_strategy,rastrigin,110,12900,34.14302037798707
evolution_strategy,rastrigin,110,13000,34.14302037798707
evolution_strategy,rastrigin,110,13100,34.14302037798707
evolution_strategy,rastrigin,110,13200,34.14302037798707
evolution_strategy,rastrigin,110,13300,34.14302037798707
evolution_strategy,rastrigin,110,13400,34.14302037798707
evolution_strategy,rastrigin,110,13500,34.14302037798707
evolution_strategy,rastrigin,110,13600,34.14302037798707
evolution_strategy,rastrigin,110,13700,34.14302037798707
evolution_strategy,rastrigin,110,13800,34.14302037798707
evolution_strategy,rastrigin,110,13900,34.14302037798707
evolution_strategy,rastrigin,110,14000,34.14302037798707
evolution_strategy,rastrigin,110,14100,34.14302037798707
evolution_strategy,rastrigin,110,14200,34.14302037798707
evolution_strategy,rastrigin,110,14300,34.14302037798707
evolution_strategy,rastrigin,110,14400,34.14302037798707
evolution_strategy,rastrigin,110,14500,34.14302037798707
evolution_strategy,rastrigin,110,14600,33.193448823801646
evolution_strategy,rastrigin,110,14700,33.193448823801646
evolution_strategy,rastrigin,110,14800,33.193448823801646
evolution_strategy,rastrigin,110,14900,33.193448823801646
evolution_strategy,rastrigin,110,15000,33.193448823801646
evolution_strategy,rastrigin,110,15100,33.193448823801646
evolution_strategy,rastrigin,110,15200,33.193448823801646
evolution_strategy,rastrigin,110,15300,33.193448823801646
evolution_strategy,rastrigin,110,15400,33.193448823801646
evolution_strategy,rastrigin,110,15500,33.193448823801646
evolution_strategy,rastrigin,110,15600,33.193448823801646
evolution_strategy,rastrigin,110,15700,33.193448823801646
evolution_strategy,rastrigin,110,15800,33.193448823801646
evolution_strategy,rastrigin,110,15900,33.193448823801646
evolution_strategy,rastrigin,110,16000,33.193448823801646
evolution_strategy,rastrigin,110,16100,33.193448823801646
evolution_strategy,rastrigin,110,16200,33.193448823801646
evolution_strategy,rastrigin,110,16300,33.193448823801646
evolution_strategy,rastrigin,110,16400,33.193448823801646
evolution_strategy,rastrigin,110,16500,33.193448823801646
evolution_strategy,rastrigin,110,16600,33.193448823801646
evolution_strategy,rastrigin,110,16700,33.193448823801646
evolution_strategy,rastrigin,110,16800,33.193448823801646
evolution_strategy,rastrigin,110,16900,33.193448823801646
evolution_strategy,rastrigin,110,17000,33.193448823801646
evolution_strategy,rastrigin,110,17100,33.193448823801646
evolution_strategy,rastrigin,110,17200,33.193448823801646
evolution_strategy,rastrigin,110,17300,33.193448823801646
evolution_strategy,rastrigin,110,17400,33.193448823801646
evolution_strategy,rastrigin,110,17500,33.193448823801646
evolution_strategy,rastrigin,110,17600,33.193448823801646
evolution_strategy,rastrigin,110,17700,33.193448823801646
evolution_strategy,rastrigin,110,17800,33.193448823801646
evolution_strategy,rastrigin,110,17900,33.193448823801646
evolution_strategy,rastrigin,110,18000,33.193448823801646
evolution_strategy,rastrigin,110,18100,33.193448823801646
evolution_strategy,rastrigin,110,18200,33.193448823801646
evolution_strategy,rastrigin,110,18300,33.193448823801646
evolution_strategy,rastrigin,110,18400,33.193448823801646
evolution_strategy,rastrigin,110,18500,33.193448823801646
evolution_strategy,rastrigin,110,18600,33.193448823801646
evolution_strategy,rastrigin,110,18700,33.193448823801646
evolution_strategy,rastrigin,110,18800,33.193448823801646
evolution_strategy,rastrigin,110,18900,33.193448823801646
evolution_strategy,rastrigin,110,19000,33.193448823801646
evolution_strategy,rastrigin,110,19100,33.193448823801646
evolution_strategy,rastrigin,110,19200,33.193448823801646
evolution_strategy,rastrigin,110,19300,33.193448823801646
evolution_strategy,rastrigin,110,19400,33.193448823801646
evolution_strategy,rastrigin,110,19500,33.193448823801646
evolution_strategy,rastrigin,110,19600,33.193448823801646
evolution_strategy,rastrigin,110,19700,33.193448823801646
evolution_strategy,rastrigin,110,19800,33.193448823801646
evolution_strategy,rastrigin,110,19900,33.193448823801646
evolution_strategy,rastrigin,110,20000,33.193448823801646
evolution_strategy,rastrigin,111,100,99.8160124405402
evolution_strategy,rastrigin,111,200,83.0467184897975
evolution_strategy,rastrigin,111,300,73.39462786673238
evolution_strategy,rastrigin,111,400,62.5547734958029
evolution_strategy,rastrigin,111,500,61.61325864014692
evolution_strategy,rastrigin,111,600,60.46243505390419
evolution_strategy,rastrigin,111,700,56.043347230936945
evolution_strategy,rastrigin,111,800,56.043347230936945
evolution_strategy,rastrigin,111,900,56.043347230936945
evolution_strategy,rastrigin,111,1000,56.043347230936945
evolution_strategy,rastrigin,111,1100,56.043347230936945
evolution_strategy,rastrigin,111,1200,56.043347230936945
evolution_strategy,rastrigin,111,1300,56.043347230936945
evolution_strategy,rastrigin,111,1400,56.043347230936945
evolution_strategy,rastrigin,111,1500,56.043347230936945
evolution_strategy,rastrigin,111,1600,54.21934334412381
evolution_strategy,rastrigin,111,1700,54.21934334412381
evolution_strategy,rastrigin,111,1800,54.21934334412381
evolution_strategy,rastrigin,111,1900,54.21934334412381
evolution_strategy,rastrigin,111,2000,54.21934334412381
evolution_strategy,rastrigin,111,2100,54.21934334412381
evolution_strategy,rastrigin,111,2200,54.21934334412381
evolution_strategy,rastrigin,111,2300,54.21934334412381
evolution_strategy,rastrigin,111,2400,54.21934334412381
evolution_strategy,rastrigin,111,2500,54.21934334412381
evolution_strategy,rastrigin,111,2600,54.21934334412381
evolution_strategy,rastrigin,111,2700,54.21934334412381
evolution_strategy,rastrigin,111,2800,54.21934334412381
evolution_strategy,rastrigin,111,2900,54.21934334412381
evolution_strategy,rastrigin,111,3000,54.21934334412381
evolution_strategy,rastrigin,111,3100,53.146108337381555
evolution_strategy,rastrigin,111,3200,53.146108337381555
evolution_strategy,rastrigin,111,3300,53.146108337381555
evolution_strategy,rastrigin,111,3400,53.146108337381555
evolution_strategy,rastrigin,111,3500,53.146108337381555
evolution_strategy,rastrigin,111,3600,53.146108337381555
evolution_strategy,rastrigin,111,3700,53.146108337381555
evolution_strategy,rastrigin,111,3800,53.146108337381555
evolution_strategy,rastrigin,111,3900,53.146108337381555
evolution_strategy,rastrigin,111,4000,53.146108337381555
evolution_strategy,rastrigin,111,4100,53.146108337381555
evolution_strategy,rastrigin,111,4200,53.146108337381555
evolution_strategy,rastrigin,111,4300,53.146108337381555
evolution_strategy,rastrigin,111,4400,53.146108337381555
evolution_strategy,rastrigin,111,4500,53.146108337381555
evolution_strategy,rastrigin,111,4600,53.146108337381555
evolution_strategy,rastrigin,111,4700,53.146108337381555
evolution_strategy,rastrigin,111,4800,53.146108337381555
evolution_strategy,rastrigin,111,4900,53.146108337381555
evolution_strategy,rastrigin,111,5000,53.146108337381555
evolution_strategy,rastrigin,111,5100,53.146108337381555
evolution_strategy,rastrigin,111,5200,53.146108337381555
evolution_strategy,rastrigin,111,5300,53.146108337381555
evolution_strategy,rastrigin,111,5400,53.146108337381555
evolution_strategy,rastrigin,111,5500,53.146108337381555
evolution_strategy,rastrigin,111,5600,53.146108337381555
evolution_strategy,rastrigin,111,5700,53.146108337381555
evolution_strategy,rastrigin,111,5800,53.146108337381555
evolution_strategy,rastrigin,111,5900,53.146108337381555
evolution_strategy,rastrigin,111,6000,53.146108337381555
evolution_strategy,rastrigin,111,6100,53.146108337381555
evolution_strategy,rastrigin,111,6200,53.146108337381555
evolution_strategy,rastrigin,111,6300,53.146108337381555
evolution_strategy,rastrigin,111,6400,53.146108337381555
evolution_strategy,rastrigin,111,6500,53.146108337381555
evolution_strategy,rastrigin,111,6600,53.146108337381555
evolution_strategy,rastrigin,111,6700,53.146108337381555
evolution_strategy,rastrigin,111,6800,53.146108337381555
evolution_strategy,rastrigin,111,6900,53.146108337381555
evolution_strategy,rastrigin,111,7000,53.146108337381555
evolution_strategy,rastrigin,111,7100,53.146108337381555
evolution_strategy,rastrigin,111,7200,53.146108337381555
evolution_strategy,rastrigin,111,7300,53.146108337381555
evolution_strategy,rastrigin,111,7400,53.146108337381555
evolution_strategy,rastrigin,111,7500,53.146108337381555
evolution_strategy,rastrigin,111,7600,53.146108337381555
evolution_strategy,rastrigin,111,7700,53.146108337381555
evolution_strategy,rastrigin,111,7800,53.146108337381555
evolution_strategy,rastrigin,111,7900,53.146108337381555
evolution_strategy,rastrigin,111,8000,53.146108337381555
evolution_strategy,rastrigin,111,8100,53.146108337381555
evolution_strategy,rastrigin,111,8200,53.146108337381555
evolution_strategy,rastrigin,111,8300,53.146108337381555
evolution_strategy,rastrigin,111,8400,53.146108337381555
evolution_strategy,rastrigin,111,8500,53.146108337381555
evolution_strategy,rastrigin,111,8600,53.146108337381555
evolution_strategy,rastrigin,111,8700,53.146108337381555
evolution_strategy,rastrigin,111,8800,53.146108337381555
evolution_strategy,rastrigin,111,8900,53.146108337381555
evolution_strategy,rastrigin,111,9000,53.146108337381555
evolution_strategy,rastrigin,111,9100,53.146108337381555
evolution_strategy,rastrigin,111,9200,53.146108337381555
evolution_strategy,rastrigin,111,9300,53.146108337381555
evolution_strategy,rastrigin,111,9400,53.146108337381555
evolution_strategy,rastrigin,111,9500,53.146108337381555
evolution_strategy,rastrigin,111,9600,53.146108337381555
evolution_strategy,rastrigin,111,9700,53.146108337381555
evolution_strategy,rastrigin,111,9800,53.146108337381555
evolution_strategy,rastrigin,111,9900,53.146108337381555
evolution_strategy,rastrigin,111,10000,53.146108337381555
evolution_strategy,rastrigin,111,10100,53.146108337381555
evolution_strategy,rastrigin,111,10200,53.146108337381555
evolution_strategy,rastrigin,111,10300,53.146108337381555
evolution_strategy,rastrigin,111,10400,53.146108337381555
evolution_strategy,rastrigin,111,10500,53.146108337381555
evolution_strategy,rastrigin,111,10600,53.146108337381555
evolution_strategy,rastrigin,111,10700,53.146108337381555
evolution_strategy,rastrigin,111,10800,53.146108337381555
evolution_strategy,rastrigin,111,10900,53.146108337381555
evolution_strategy,rastrigin,111,11000,53.146108337381555
evolution_strategy,rastrigin,111,11100,53.146108337381555
evolution_strategy,rastrigin,111,11200,53.146108337381555
evolution_strategy,rastrigin,111,11300,53.146108337381555
evolution_strategy,rastrigin,111,11400,53.146108337381555
evolution_strategy,rastrigin,111,11500,53.146108337381555
evolution_strategy,rastrigin,111,11600,53.146108337381555
evolution_strategy,rastrigin,111,11700,53.146108337381555
evolution_strategy,rastrigin,111,11800,53.146108337381555
evolution_strategy,rastrigin,111,11900,53.146108337381555
evolution_strategy,rastrigin,111,12000,53.146108337381555
evolution_strategy,rastrigin,111,12100,53.146108337381555
evolution_strategy,rastrigin,111,12200,53.146108337381555
evolution_strategy,rastrigin,111,12300,53.146108337381555
evolution_strategy,rastrigin,111,12400,53.146108337381555
evolution_strategy,rastrigin,111,12500,53.146108337381555
evolution_strategy,rastrigin,111,12600,53.146108337381555
evolution_strategy,rastrigin,111,12700,53.146108337381555
evolution_strategy,rastrigin,111,12800,53.146108337381555
evolution_strategy,rastrigin,111,12900,53.146108337381555
evolution_strategy,rastrigin,111,13000,53.146108337381555
evolution_strategy,rastrigin,111,13100,53.146108337381555
evolution_strategy,rastrigin,111,13200,53.146108337381555
evolution_strategy,rastrigin,111,13300,53.146108337381555
evolution_strategy,rastrigin,111,13400,53.146108337381555
evolution_strategy,rastrigin,111,13500,53.146108337381555
evolution_strategy,rastrigin,111,13600,53.146108337381555
evolution_strategy,rastrigin,111,13700,53.146108337381555
evolution_strategy,rastrigin,111,13800,53.146108337381555
evolution_strategy,rastrigin,111,13900,53.146108337381555
evolution_strategy,rastrigin,111,14000,53.146108337381555
evolution_strategy,rastrigin,111,14100,53.146108337381555
evolution_strategy,rastrigin,111,14200,53.146108337381555
evolution_strategy,rastrigin,111,14300,53.146108337381555
evolution_strategy,rastrigin,111,14400,53.146108337381555
evolution_strategy,rastrigin,111,14500,53.146108337381555
evolution_strategy,rastrigin,111,14600,53.146108337381555
evolution_strategy,rastrigin,111,14700,53.146108337381555
evolution_strategy,rastrigin,111,14800,53.146108337381555
evolution_strategy,rastrigin,111,14900,53.146108337381555
evolution_strategy,rastrigin,111,15000,53.146108337381555
evolution_strategy,rastrigin,111,15100,53.146108337381555
evolution_strategy,rastrigin,111,15200,53.146108337381555
evolution_strategy,rastrigin,111,15300,53.146108337381555
evolution_strategy,rastrigin,111,15400,53.146108337381555
evolution_strategy,rastrigin,111,15500,53.146108337381555
evolution_strategy,rastrigin,111,15600,53.146108337381555
evolution_strategy,rastrigin,111,15700,53.146108337381555
evolution_strategy,rastrigin,111,15800,53.146108337381555
evolution_strategy,rastrigin,111,15900,53.146108337381555
evolution_strategy,rastrigin,111,16000,53.146108337381555
evolution_strategy,rastrigin,111,16100,53.146108337381555
evolution_strategy,rastrigin,111,16200,53.146108337381555
evolution_strategy,rastrigin,111,16300,53.146108337381555
evolution_strategy,rastrigin,111,16400,53.146108337381555
evolution_strategy,rastrigin,111,16500,53.146108337381555
evolution_strategy,rastrigin,111,16600,53.146108337381555
evolution_strategy,rastrigin,111,16700,53.146108337381555
evolution_strategy,rastrigin,111,16800,53.146108337381555
evolution_strategy,rastrigin,111,16900,53.146108337381555
evolution_strategy,rastrigin,111,17000,53.146108337381555
evolution_strategy,rastrigin,111,17100,53.146108337381555
evolution_strategy,rastrigin,111,17200,53.146108337381555
evolution_strategy,rastrigin,111,17300,53.146108337381555
evolution_strategy,rastrigin,111,17400,53.146108337381555
evolution_strategy,rastrigin,111,17500,53.146108337381555
evolution_strategy,rastrigin,111,17600,53.146108337381555
evolution_strategy,rastrigin,111,17700,53.146108337381555
evolution_strategy,rastrigin,111,17800,53.146108337381555
evolution_strategy,rastrigin,111,17900,53.146108337381555
evolution_strategy,rastrigin,111,18000,53.146108337381555
evolution_strategy,rastrigin,111,18100,53.146108337381555
evolution_strategy,rastrigin,111,18200,53.146108337381555
evolution_strategy,rastrigin,111,18300,53.146108337381555
evolution_strategy,rastrigin,111,18400,53.146108337381555
evolution_strategy,rastrigin,111,18500,53.146108337381555
evolution_strategy,rastrigin,111,18600,53.146108337381555
evolution_strategy,rastrigin,111,18700,53.146108337381555
evolution_strategy,rastrigin,111,18800,53.146108337381555
evolution_strategy,rastrigin,111,18900,53.146108337381555
evolution_strategy,rastrigin,111,19000,53.146108337381555
evolution_strategy,rastrigin,111,19100,53.146108337381555
evolution_strategy,rastrigin,111,19200,53.146108337381555
evolution_strategy,rastrigin,111,19300,53.146108337381555
evolution_strategy,rastrigin,111,19400,53.146108337381555
evolution_strategy,rastrigin,111,19500,53.146108337381555
evolution_strategy,rastrigin,111,19600,53.146108337381555
evolution_strategy,rastrigin,111,19700,53.146108337381555
evolution_strategy,rastrigin,111,19800,53.146108337381555
evolution_strategy,rastrigin,111,19900,53.146108337381555
evolution_strategy,rastrigin,111,20000,53.146108337381555
evolution_strategy,rastrigin,112,100,67.19751482743789
evolution_strategy,rastrigin,112,200,47.88551175412971
evolution_strategy,rastrigin,112,300,40.4579013627764
evolution_strategy,rastrigin,112,400,33.817707399593786
evolution_strategy,rastrigin,112,500,30.795100515897914
evolution_strategy,rastrigin,112,600,29.78891169075135
evolution_strategy,rastrigin,112,700,29.78891169075135
evolution_strategy,rastrigin,112,800,29.377923709410496
evolution_strategy,rastrigin,112,900,28.73231819333786
evolution_strategy,rastrigin,112,1000,28.73231819333786
evolution_strategy,rastrigin,112,1100,28.73231819333786
evolution_strategy,rastrigin,112,1200,28.469504283155374
evolution_strategy,rastrigin,112,1300,28.27269483763675
evolution_strategy,rastrigin,112,1400,28.27269483763675
evolution_strategy,rastrigin,112,1500,27.827836994569054
evolution_strategy,rastrigin,112,1600,27.827836994569054
evolution_strategy,rastrigin,112,1700,27.827836994569054
evolution_strategy,rastrigin,112,1800,27.827836994569054
evolution_strategy,rastrigin,112,1900,27.827836994569054
evolution_strategy,rastrigin,112,2000,27.827836994569054
evolution_strategy,rastrigin,112,2100,27.827836994569054
evolution_strategy,rastrigin,112,2200,27.827836994569054
evolution_strategy,rastrigin,112,2300,26.757380843950543
evolution_strategy,rastrigin,112,2400,26.757380843950543
evolution_strategy,rastrigin,112,2500,26.757380843950543
evolution_strategy,rastrigin,112,2600,26.757380843950543
evolution_strategy,rastrigin,112,2700,26.757380843950543
evolution_strategy,rastrigin,112,2800,26.757380843950543
evolution_strategy,rastrigin,112,2900,26.757380843950543
evolution_strategy,rastrigin,112,3000,26.757380843950543
evolution_strategy,rastrigin,112,3100,26.757380843950543
evolution_strategy,rastrigin,112,3200,26.757380843950543
evolution_strategy,rastrigin,112,3300,26.757380843950543
evolution_strategy,rastrigin,112,3400,26.757380843950543
evolution_strategy,rastrigin,112,3500,26.757380843950543
evolution_strategy,rastrigin,112,3600,26.757380843950543
evolution_strategy,rastrigin,112,3700,26.757380843950543
evolution_strategy,rastrigin,112,3800,26.757380843950543
evolution_strategy,rastrigin,112,3900,26.757380843950543
evolution_strategy,rastrigin,112,4000,26.757380843950543
evolution_strategy,rastrigin,112,4100,26.757380843950543
evolution_strategy,rastrigin,112,4200,26.757380843950543
evolution_strategy,rastrigin,112,4300,26.757380843950543
evolution_strategy,rastrigin,112,4400,26.757380843950543
evolution_strategy,rastrigin,112,4500,26.48222737788757
evolution_strategy,rastrigin,112,4600,26.48222737788757
evolution_strategy,rastrigin,112,4700,26.48222737788757
evolution_strategy,rastrigin,112,4800,26.48222737788757
evolution_strategy,rastrigin,112,4900,26.48222737788757
evolution_strategy,rastrigin,112,5000,26.48222737788757
evolution_strategy,rastrigin,112,5100,26.48222737788757
evolution_strategy,rastrigin,112,5200,26.48222737788757
evolution_strategy,rastrigin,112,5300,26.48222737788757
evolution_strategy,rastrigin,112,5400,26.48222737788757
evolution_strategy,rastrigin,112,5500,26.48222737788757
evolution_strategy,rastrigin,112,5600,26.48222737788757
evolution_strategy,rastrigin,112,5700,26.48222737788757
evolution_strategy,rastrigin,112,5800,26.48222737788757
evolution_strategy,rastrigin,112,5900,26.48222737788757
evolution_strategy,rastrigin,112,6000,26.48222737788757
evolution_strategy,rastrigin,112,6100,26.48222737788757
evolution_strategy,rastrigin,112,6200,26.48222737788757
evolution_strategy,rastrigin,112,6300,26.48222737788757
evolution_strategy,rastrigin,112,6400,26.040702375972856
evolution_strategy,rastrigin,112,6500,26.040702375972856
evolution_strategy,rastrigin,112,6600,26.040702375972856
evolution_strategy,rastrigin,112,6700,26.040702375972856
evolution_strategy,rastrigin,112,6800,26.040702375972856
evolution_strategy,rastrigin,112,6900,26.040702375972856
evolution_strategy,rastrigin,112,7000,26.040702375972856
evolution_strategy,rastrigin,112,7100,26.040702375972856
evolution_strategy,rastrigin,112,7200,26.040702375972856
evolution_strategy,rastrigin,112,7300,26.040702375972856
evolution_strategy,rastrigin,112,7400,26.040702375972856
evolution_strategy,rastrigin,112,7500,26.040702375972856
evolution_strategy,rastrigin,112,7600,26.040702375972856
evolution_strategy,rastrigin,112,7700,26.040702375972856
evolution_strategy,rastrigin,112,7800,26.040702375972856
evolution_strategy,rastrigin,112,7900,26.040702375972856
evolution_strategy,rastrigin,112,8000,26.040702375972856
evolution_strategy,rastrigin,112,8100,26.040702375972856
evolution_strategy,rastrigin,112,8200,26.040702375972856
evolution_strategy,rastrigin,112,8300,26.040702375972856
evolution_strategy,rastrigin,112,8400,26.040702375972856
evolution_strategy,rastrigin,112,8500,26.040702375972856
evolution_strategy,rastrigin,112,8600,26.040702375972856
evolution_strategy,rastrigin,112,8700,26.040702375972856
evolution_strategy,rastrigin,112,8800,26.040702375972856
evolution_strategy,rastrigin,112,8900,26.040702375972856
evolution_strategy,rastrigin,112,9000,26.040702375972856
evolution_strategy,rastrigin,112,9100,26.040702375972856
evolution_strategy,rastrigin,112,9200,26.040702375972856
evolution_strategy,rastrigin,112,9300,26.040702375972856
evolution_strategy,rastrigin,112,9400,26.040702375972856
evolution_strategy,rastrigin,112,9500,26.040702375972856
evolution_strategy,rastrigin,112,9600,26.040702375972856
evolution_strategy,rastrigin,112,9700,26.040702375972856
evolution_strategy,rastrigin,112,9800,26.040702375972856
evolution_strategy,rastrigin,112,9900,26.040702375972856
evolution_strategy,rastrigin,112,10000,26.040702375972856
evolution_strategy,rastrigin,112,10100,26.040702375972856
evolution_strategy,rastrigin,112,10200,26.040702375972856
evolution_strategy,rastrigin,112,10300,26.040702375972856
evolution_strategy,rastrigin,112,10400,26.040702375972856
evolution_strategy,rastrigin,112,10500,26.040702375972856
evolution_strategy,rastrigin,112,10600,26.040702375972856
evolution_strategy,rastrigin,112,10700,26.040702375972856
evolution_strategy,rastrigin,112,10800,26.040702375972856
evolution_strategy,rastrigin,112,10900,26.040702375972856
evolution_strategy,rastrigin,112,11000,26.040702375972856
evolution_strategy,rastrigin,112,11100,26.040702375972856
evolution_strategy,rastrigin,112,11200,26.040702375972856
evolution_strategy,rastrigin,112,11300,26.040702375972856
evolution_strategy,rastrigin,112,11400,26.040702375972856
evolution_strategy,rastrigin,112,11500,26.040702375972856
evolution_strategy,rastrigin,112,11600,26.040702375972856
evolution_strategy,rastrigin,112,11700,26.040702375972856
evolution_strategy,rastrigin,112,11800,26.040702375972856
evolution_strategy,rastrigin,112,11900,26.040702375972856
evolution_strategy,rastrigin,112,12000,26.040702375972856
evolution_strategy,rastrigin,112,12100,26.040702375972856
evolution_strategy,rastrigin,112,12200,26.040702375972856
evolution_strategy,rastrigin,112,12300,26.040702375972856
evolution_strategy,rastrigin,112,12400,26.040702375972856
evolution_strategy,rastrigin,112,12500,26.040702375972856
evolution_strategy,rastrigin,112,12600,26.040702375972856
evolution_strategy,rastrigin,112,12700,26.040702375972856
evolution_strategy,rastrigin,112,12800,26.040702375972856
evolution_strategy,rastrigin,112,12900,26.040702375972856
evolution_strategy,rastrigin,112,13000,26.040702375972856
evolution_strategy,rastrigin,112,13100,26.040702375972856
evolution_strategy,rastrigin,112,13200,26.040702375972856
evolution_strategy,rastrigin,112,13300,26.040702375972856
evolution_strategy,rastrigin,112,13400,26.040702375972856
evolution_strategy,rastrigin,112,13500,26.040702375972856
evolution_strategy,rastrigin,112,13600,26.040702375972856
evolution_strategy,rastrigin,112,13700,26.040702375972856
evolution_strategy,rastrigin,112,13800,26.040702375972856
evolution_strategy,rastrigin,112,13900,26.040702375972856
evolution_strategy,rastrigin,112,14000,26.040702375972856
evolution_strategy,rastrigin,112,14100,26.040702375972856
evolution_strategy,rastrigin,112,14200,26.040702375972856
evolution_strategy,rastrigin,112,14300,26.040702375972856
evolution_strategy,rastrigin,112,14400,26.040702375972856
evolution_strategy,rastrigin,112,14500,26.040702375972856
evolution_strategy,rastrigin,112,14600,26.040702375972856
evolution_strategy,rastrigin,112,14700,26.040702375972856
evolution_strategy,rastrigin,112,14800,26.040702375972856
evolution_strategy,rastrigin,112,14900,26.040702375972856
evolution_strategy,rastrigin,112,15000,26.040702375972856
evolution_strategy,rastrigin,112,15100,26.040702375972856
evolution_strategy,rastrigin,112,15200,26.040702375972856
evolution_strategy,rastrigin,112,15300,26.040702375972856
evolution_strategy,rastrigin,112,15400,26.040702375972856
evolution_strategy,rastrigin,112,15500,26.040702375972856
evolution_strategy,rastrigin,112,15600,26.040702375972856
evolution_strategy,rastrigin,112,15700,26.040702375972856
evolution_strategy,rastrigin,112,15800,26.040702375972856
evolution_strategy,rastrigin,112,15900,26.040702375972856
evolution_strategy,rastrigin,112,16000,26.040702375972856
evolution_strategy,rastrigin,112,16100,26.040702375972856
evolution_strategy,rastrigin,112,16200,26.040702375972856
evolution_strategy,rastrigin,112,16300,26.040702375972856
evolution_strategy,rastrigin,112,16400,26.040702375972856
evolution_strategy,rastrigin,112,16500,26.040702375972856
evolution_strategy,rastrigin,112,16600,26.040702375972856
evolution_strategy,rastrigin,112,16700,26.040702375972856
evolution_strategy,rastrigin,112,16800,26.040702375972856
evolution_strategy,rastrigin,112,16900,26.040702375972856
evolution_strategy,rastrigin,112,17000,26.040702375972856
evolution_strategy,rastrigin,112,17100,26.040702375972856
evolution_strategy,rastrigin,112,17200,26.040702375972856
evolution_strategy,rastrigin,112,17300,26.040702375972856
evolution_strategy,rastrigin,112,17400,26.040702375972856
evolution_strategy,rastrigin,112,17500,26.040702375972856
evolution_strategy,rastrigin,112,17600,26.040702375972856
evolution_strategy,rastrigin,112,17700,26.040702375972856
evolution_strategy,rastrigin,112,17800,26.040702375972856
evolution_strategy,rastrigin,112,17900,26.040702375972856
evolution_strategy,rastrigin,112,18000,26.040702375972856
evolution_strategy,rastrigin,112,18100,26.040702375972856
evolution_strategy,rastrigin,112,18200,26.040702375972856
evolution_strategy,rastrigin,112,18300,26.040702375972856
evolution_strategy,rastrigin,112,18400,26.040702375972856
evolution_strategy,rastrigin,112,18500,26.040702375972856
evolution_strategy,rastrigin,112,18600,26.040702375972856
evolution_strategy,rastrigin,112,18700,26.040702375972856
evolution_strategy,rastrigin,112,18800,26.040702375972856
evolution_strategy,rastrigin,112,18900,26.040702375972856
evolution_strategy,rastrigin,112,19000,26.040702375972856
evolution_strategy,rastrigin,112,19100,26.040702375972856
evolution_strategy,rastrigin,112,19200,26.040702375972856
evolution_strategy,rastrigin,112,19300,26.040702375972856
evolution_strategy,rastrigin,112,19400,26.040702375972856
evolution_strategy,rastrigin,112,19500,26.040702375972856
evolution_strategy,rastrigin,112,19600,26.040702375972856
evolution_strategy,rastrigin,112,19700,26.040702375972856
evolution_strategy,rastrigin,112,19800,26.040702375972856
evolution_strategy,rastrigin,112,19900,26.040702375972856
evolution_strategy,rastrigin,112,20000,26.040702375972856
evolution_strategy,rastrigin,113,100,56.82033863371845
evolution_strategy,rastrigin,113,200,43.835207136086716
evolution_strategy,rastrigin,113,300,30.18527671199122
evolution_strategy,rastrigin,113,400,27.069069005345924
evolution_strategy,rastrigin,113,500,27.069069005345924
evolution_strategy,rastrigin,113,600,26.62013854709771
evolution_strategy,rastrigin,113,700,25.44763798866225
evolution_strategy,rastrigin,113,800,23.29168469455763
evolution_strategy,rastrigin,113,900,23.29168469455763
evolution_strategy,rastrigin,113,1000,23.29168469455763
evolution_strategy,rastrigin,113,1100,20.814335977396354
evolution_strategy,rastrigin,113,1200,20.814335977396354
evolution_strategy,rastrigin,113,1300,20.814335977396354
evolution_strategy,rastrigin,113,1400,20.814335977396354
evolution_strategy,rastrigin,113,1500,20.814335977396354
evolution_strategy,rastrigin,113,1600,20.814335977396354
evolution_strategy,rastrigin,113,1700,20.814335977396354
evolution_strategy,rastrigin,113,1800,20.814335977396354
evolution_strategy,rastrigin,113,1900,20.814335977396354
evolution_strategy,rastrigin,113,2000,20.814335977396354
evolution_strategy,rastrigin,113,2100,20.814335977396354
evolution_strategy,rastrigin,113,2200,20.814335977396354
evolution_strategy,rastrigin,113,2300,20.814335977396354
evolution_strategy,rastrigin,113,2400,20.814335977396354
evolution_strategy,rastrigin,113,2500,20.814335977396354
evolution_strategy,rastrigin,113,2600,20.814335977396354
evolution_strategy,rastrigin,113,2700,20.814335977396354
evolution_strategy,rastrigin,113,2800,20.814335977396354
evolution_strategy,rastrigin,113,2900,20.814335977396354
evolution_strategy,rastrigin,113,3000,20.814335977396354
evolution_strategy,rastrigin,113,3100,20.814335977396354
evolution_strategy,rastrigin,113,3200,20.814335977396354
evolution_strategy,rastrigin,113,3300,20.814335977396354
evolution_strategy,rastrigin,113,3400,20.814335977396354
evolution_strategy,rastrigin,113,3500,20.814335977396354
evolution_strategy,rastrigin,113,3600,20.814335977396354
evolution_strategy,rastrigin,113,3700,20.814335977396354
evolution_strategy,rastrigin,113,3800,20.814335977396354
evolution_strategy,rastrigin,113,3900,20.814335977396354
evolution_strategy,rastrigin,113,4000,20.814335977396354
evolution_strategy,rastrigin,113,4100,20.814335977396354
evolution_strategy,rastrigin,113,4200,20.814335977396354
evolution_strategy,rastrigin,113,4300,20.814335977396354
evolution_strategy,rastrigin,113,4400,20.814335977396354
evolution_strategy,rastrigin,113,4500,20.814335977396354
evolution_strategy,rastrigin,113,4600,20.814335977396354
evolution_strategy,rastrigin,113,4700,20.814335977396354
evolution_strategy,rastrigin,113,4800,20.814335977396354
evolution_strategy,rastrigin,113,4900,20.814335977396354
evolution_strategy,rastrigin,113,5000,20.814335977396354
evolution_strategy,rastrigin,113,5100,20.814335977396354
evolution_strategy,rastrigin,113,5200,20.814335977396354
evolution_strategy,rastrigin,113,5300,20.814335977396354
evolution_strategy,rastrigin,113,5400,20.814335977396354
evolution_strategy,rastrigin,113,5500,20.814335977396354
evolution_strategy,rastrigin,113,5600,20.814335977396354
evolution_strategy,rastrigin,113,5700,20.814335977396354
evolution_strategy,rastrigin,113,5800,20.814335977396354
evolution_strategy,rastrigin,113,5900,20.814335977396354
evolution_strategy,rastrigin,113,6000,20.814335977396354
evolution_strategy,rastrigin,113,6100,20.814335977396354
evolution_strategy,rastrigin,113,6200,20.814335977396354
evolution_strategy,rastrigin,113,6300,20.814335977396354
evolution_strategy,rastrigin,113,6400,20.814335977396354
evolution_strategy,rastrigin,113,6500,20.814335977396354
evolution_strategy,rastrigin,113,6600,20.814335977396354
evolution_strategy,rastrigin,113,6700,20.814335977396354
evolution_strategy,rastrigin,113,6800,20.814335977396354
evolution_strategy,rastrigin,113,6900,20.814335977396354
evolution_strategy,rastrigin,113,7000,20.814335977396354
evolution_strategy,rastrigin,113,7100,20.814335977396354
evolution_strategy,rastrigin,113,7200,20.814335977396354
evolution_strategy,rastrigin,113,7300,20.814335977396354
evolution_strategy,rastrigin,113,7400,20.814335977396354
evolution_strategy,rastrigin,113,7500,20.814335977396354
evolution_strategy,rastrigin,113,7600,20.814335977396354
evolution_strategy,rastrigin,113,7700,20.814335977396354
evolution_strategy,rastrigin,113,7800,20.814335977396354
evolution_strategy,rastrigin,113,7900,20.814335977396354
evolution_strategy,rastrigin,113,8000,20.814335977396354
evolution_strategy,rastrigin,113,8100,20.814335977396354
evolution_strategy,rastrigin,113,8200,20.814335977396354
evolution_strategy,rastrigin,113,8300,20.814335977396354
evolution_strategy,rastrigin,113,8400,20.814335977396354
evolution_strategy,rastrigin,113,8500,20.814335977396354
evolution_strategy,rastrigin,113,8600,20.814335977396354
evolution_strategy,rastrigin,113,8700,20.814335977396354
evolution_strategy,rastrigin,113,8800,20.814335977396354
evolution_strategy,rastrigin,113,8900,20.814335977396354
evolution_strategy,rastrigin,113,9000,20.814335977396354
evolution_strategy,rastrigin,113,9100,20.814335977396354
evolution_strategy,rastrigin,113,9200,20.814335977396354
evolution_strategy,rastrigin,113,9300,20.814335977396354
evolution_strategy,rastrigin,113,9400,20.814335977396354
evolution_strategy,rastrigin,113,9500,20.814335977396354
evolution_strategy,rastrigin,113,9600,20.814335977396354
evolution_strategy,rastrigin,113,9700,20.814335977396354
evolution_strategy,rastrigin,113,9800,20.814335977396354
evolution_strategy,rastrigin,113,9900,20.814335977396354
evolution_strategy,rastrigin,113,10000,20.814335977396354
evolution_strategy,rastrigin,113,10100,20.814335977396354
evolution_strategy,rastrigin,113,10200,20.814335977396354
evolution_strategy,rastrigin,113,10300,20.814335977396354
evolution_strategy,rastrigin,113,10400,20.814335977396354
evolution_strategy,rastrigin,113,10500,20.814335977396354
evolution_strategy,rastrigin,113,10600,20.814335977396354
evolution_strategy,rastrigin,113,10700,20.814335977396354
evolution_strategy,rastrigin,113,10800,20.814335977396354
evolution_strategy,rastrigin,113,10900,20.814335977396354
evolution_strategy,rastrigin,113,11000,20.814335977396354
evolution_strategy,rastrigin,113,11100,20.814335977396354
evolution_strategy,rastrigin,113,11200,20.814335977396354
evolution_strategy,rastrigin,113,11300,20.814335977396354
evolution_strategy,rastrigin,113,11400,20.814335977396354
evolution_strategy,rastrigin,113,11500,20.814335977396354
evolution_strategy,rastrigin,113,11600,20.814335977396354
evolution_strategy,rastrigin,113,11700,20.814335977396354
evolution_strategy,rastrigin,113,11800,20.814335977396354
evolution_strategy,rastrigin,113,11900,20.814335977396354
evolution_strategy,rastrigin,113,12000,20.814335977396354
evolution_strategy,rastrigin,113,12100,20.814335977396354
evolution_strategy,rastrigin,113,12200,20.814335977396354
evolution_strategy,rastrigin,113,12300,20.814335977396354
evolution_strategy,rastrigin,113,12400,20.814335977396354
evolution_strategy,rastrigin,113,12500,20.814335977396354
evolution_strategy,rastrigin,113,12600,20.814335977396354
evolution_strategy,rastrigin,113,12700,20.814335977396354
evolution_strategy,rastrigin,113,12800,20.814335977396354
evolution_strategy,rastrigin,113,12900,20.814335977396354
evolution_strategy,rastrigin,113,13000,20.814335977396354
evolution_strategy,rastrigin,113,13100,20.814335977396354
evolution_strategy,rastrigin,113,13200,20.814335977396354
evolution_strategy,rastrigin,113,13300,20.814335977396354
evolution_strategy,rastrigin,113,13400,20.814335977396354
evolution_strategy,rastrigin,113,13500,20.814335977396354
evolution_strategy,rastrigin,113,13600,20.814335977396354
evolution_strategy,rastrigin,113,13700,20.814335977396354
evolution_strategy,rastrigin,113,13800,20.814335977396354
evolution_strategy,rastrigin,113,13900,20.814335977396354
evolution_strategy,rastrigin,113,14000,20.814335977396354
evolution_strategy,rastrigin,113,14100,20.814335977396354
evolution_strategy,rastrigin,113,14200,20.814335977396354
evolution_strategy,rastrigin,113,14300,20.814335977396354
evolution_strategy,rastrigin,113,14400,20.814335977396354
evolution_strategy,rastrigin,113,14500,20.814335977396354
evolution_strategy,rastrigin,113,14600,20.672180017642034
evolution_strategy,rastrigin,113,14700,20.672180017642034
evolution_strategy,rastrigin,113,14800,20.672180017642034
evolution_strategy,rastrigin,113,14900,20.672180017642034
evolution_strategy,rastrigin,113,15000,20.672180017642034
evolution_strategy,rastrigin,113,15100,20.672180017642034
evolution_strategy,rastrigin,113,15200,20.672180017642034
evolution_strategy,rastrigin,113,15300,20.672180017642034
evolution_strategy,rastrigin,113,15400,20.672180017642034
evolution_strategy,rastrigin,113,15500,20.672180017642034
evolution_strategy,rastrigin,113,15600,20.672180017642034
evolution_strategy,rastrigin,113,15700,20.672180017642034
evolution_strategy,rastrigin,113,15800,20.672180017642034
evolution_strategy,rastrigin,113,15900,20.672180017642034
evolution_strategy,rastrigin,113,16000,20.672180017642034
evolution_strategy,rastrigin,113,16100,20.672180017642034
evolution_strategy,rastrigin,113,16200,20.672180017642034
evolution_strategy,rastrigin,113,16300,20.672180017642034
evolution_strategy,rastrigin,113,16400,20.672180017642034
evolution_strategy,rastrigin,113,16500,20.672180017642034
evolution_strategy,rastrigin,113,16600,20.672180017642034
evolution_strategy,rastrigin,113,16700,20.672180017642034
evolution_strategy,rastrigin,113,16800,20.672180017642034
evolution_strategy,rastrigin,113,16900,20.672180017642034
evolution_strategy,rastrigin,113,17000,20.672180017642034
evolution_strategy,rastrigin,113,17100,20.672180017642034
evolution_strategy,rastrigin,113,17200,20.672180017642034
evolution_strategy,rastrigin,113,17300,20.672180017642034
evolution_strategy,rastrigin,113,17400,20.672180017642034
evolution_strategy,rastrigin,113,17500,20.672180017642034
evolution_strategy,rastrigin,113,17600,20.672180017642034
evolution_strategy,rastrigin,113,17700,20.672180017642034
evolution_strategy,rastrigin,113,17800,20.672180017642034
evolution_strategy,rastrigin,113,17900,20.672180017642034
evolution_strategy,rastrigin,113,18000,20.672180017642034
evolution_strategy,rastrigin,113,18100,20.672180017642034
evolution_strategy,rastrigin,113,18200,20.672180017642034
evolution_strategy,rastrigin,113,18300,20.672180017642034
evolution_strategy,rastrigin,113,18400,20.672180017642034
evolution_strategy,rastrigin,113,18500,20.672180017642034
evolution_strategy,rastrigin,113,18600,20.672180017642034
evolution_strategy,rastrigin,113,18700,20.672180017642034
evolution_strategy,rastrigin,113,18800,20.672180017642034
evolution_strategy,rastrigin,113,18900,20.672180017642034
evolution_strategy,rastrigin,113,19000,20.672180017642034
evolution_strategy,rastrigin,113,19100,20.672180017642034
evolution_strategy,rastrigin,113,19200,20.672180017642034
evolution_strategy,rastrigin,113,19300,20.672180017642034
evolution_strategy,rastrigin,113,19400,20.672180017642034
evolution_strategy,rastrigin,113,19500,20.672180017642034
evolution_strategy,rastrigin,113,19600,20.672180017642034
evolution_strategy,rastrigin,113,19700,20.672180017642034
evolution_strategy,rastrigin,113,19800,20.672180017642034
evolution_strategy,rastrigin,113,19900,20.672180017642034
evolution_strategy,rastrigin,113,20000,20.672180017642034
evolution_strategy,rastrigin,114,100,100.93410695638373
evolution_strategy,rastrigin,114,200,79.92935709009511
evolution_strategy,rastrigin,114,300,75.39831275853032
evolution_strategy,rastrigin,114,400,75.01096960704206
evolution_strategy,rastrigin,114,500,63.35515334483015
evolution_strategy,rastrigin,114,600,63.35515334483015
evolution_strategy,rastrigin,114,700,63.35515334483015
evolution_strategy,rastrigin,114,800,63.35515334483015
evolution_strategy,rastrigin,114,900,63.35515334483015
evolution_strategy,rastrigin,114,1000,63.35515334483015
evolution_strategy,rastrigin,114,1100,63.35515334483015
evolution_strategy,rastrigin,114,1200,63.35515334483015
evolution_strategy,rastrigin,114,1300,63.35515334483015
evolution_strategy,rastrigin,114,1400,63.35515334483015
evolution_strategy,rastrigin,114,1500,63.35515334483015
evolution_strategy,rastrigin,114,1600,63.35515334483015
evolution_strategy,rastrigin,114,1700,63.35515334483015
evolution_strategy,rastrigin,114,1800,63.35515334483015
evolution_strategy,rastrigin,114,1900,63.35515334483015
evolution_strategy,rastrigin,114,2000,63.25722997085875
evolution_strategy,rastrigin,114,2100,63.25722997085875
evolution_strategy,rastrigin,114,2200,63.25722997085875
evolution_strategy,rastrigin,114,2300,63.25722997085875
evolution_strategy,rastrigin,114,2400,63.25722997085875
evolution_strategy,rastrigin,114,2500,63.25722997085875
evolution_strategy,rastrigin,114,2600,63.25722997085875
evolution_strategy,rastrigin,114,2700,63.25722997085875
evolution_strategy,rastrigin,114,2800,63.25722997085875
evolution_strategy,rastrigin,114,2900,63.25722997085875
evolution_strategy,rastrigin,114,3000,63.25722997085875
evolution_strategy,rastrigin,114,3100,63.25722997085875
evolution_strategy,rastrigin,114,3200,63.25722997085875
evolution_strategy,rastrigin,114,3300,63.25722997085875
evolution_strategy,rastrigin,114,3400,63.25722997085875
evolution_strategy,rastrigin,114,3500,63.127333007709304
evolution_strategy,rastrigin,114,3600,63.127333007709304
evolution_strategy,rastrigin,114,3700,63.127333007709304
evolution_strategy,rastrigin,114,3800,63.127333007709304
evolution_strategy,rastrigin,114,3900,62.86276354583967
evolution_strategy,rastrigin,114,4000,62.86276354583967
evolution_strategy,rastrigin,114,4100,62.85751164086614
evolution_strategy,rastrigin,114,4200,62.85751164086614
evolution_strategy,rastrigin,114,4300,62.624615610810004
evolution_strategy,rastrigin,114,4400,62.624615610810004
evolution_strategy,rastrigin,114,4500,62.624615610810004
evolution_strategy,rastrigin,114,4600,62.624615610810004
evolution_strategy,rastrigin,114,4700,62.624615610810004
evolution_strategy,rastrigin,114,4800,62.624615610810004
evolution_strategy,rastrigin,114,4900,62.624615610810004
evolution_strategy,rastrigin,114,5000,62.624615610810004
evolution_strategy,rastrigin,114,5100,62.624615610810004
evolution_strategy,rastrigin,114,5200,62.624615610810004
evolution_strategy,rastrigin,114,5300,62.624615610810004
evolution_strategy,rastrigin,114,5400,62.624615610810004
evolution_strategy,rastrigin,114,5500,62.358995571987435
evolution_strategy,rastrigin,114,5600,62.358995571987435
evolution_strategy,rastrigin,114,5700,62.358995571987435
evolution_strategy,rastrigin,114,5800,62.358995571987435
evolution_strategy,rastrigin,114,5900,62.358995571987435
evolution_strategy,rastrigin,114,6000,61.411160789806495
evolution_strategy,rastrigin,114,6100,61.411160789806495
evolution_strategy,rastrigin,114,6200,61.411160789806495
evolution_strategy,rastrigin,114,6300,61.411160789806495
evolution_strategy,rastrigin,114,6400,61.411160789806495
evolution_strategy,rastrigin,114,6500,61.411160789806495
evolution_strategy,rastrigin,114,6600,61.411160789806495
evolution_strategy,rastrigin,114,6700,61.411160789806495
evolution_strategy,rastrigin,114,6800,61.411160789806495
evolution_strategy,rastrigin,114,6900,61.411160789806495
evolution_strategy,rastrigin,114,7000,61.411160789806495
evolution_strategy,rastrigin,114,7100,61.411160789806495
evolution_strategy,rastrigin,114,7200,61.411160789806495
evolution_strategy,rastrigin,114,7300,61.411160789806495
evolution_strategy,rastrigin,114,7400,61.411160789806495
evolution_strategy,rastrigin,114,7500,61.411160789806495
evolution_strategy,rastrigin,114,7600,61.411160789806495
evolution_strategy,rastrigin,114,7700,61.411160789806495
evolution_strategy,rastrigin,114,7800,61.411160789806495
evolution_strategy,rastrigin,114,7900,61.411160789806495
evolution_strategy,rastrigin,114,8000,61.411160789806495
evolution_strategy,rastrigin,114,8100,61.411160789806495
evolution_strategy,rastrigin,114,8200,61.411160789806495
evolution_strategy,rastrigin,114,8300,61.411160789806495
evolution_strategy,rastrigin,114,8400,61.411160789806495
evolution_strategy,rastrigin,114,8500,61.411160789806495
evolution_strategy,rastrigin,114,8600,61.411160789806495
evolution_strategy,rastrigin,114,8700,61.411160789806495
evolution_strategy,rastrigin,114,8800,61.411160789806495
evolution_strategy,rastrigin,114,8900,61.411160789806495
evolution_strategy,rastrigin,114,9000,61.411160789806495
evolution_strategy,rastrigin,114,9100,61.411160789806495
evolution_strategy,rastrigin,114,9200,61.411160789806495
evolution_strategy,rastrigin,114,9300,61.411160789806495
evolution_strategy,rastrigin,114,9400,61.411160789806495
evolution_strategy,rastrigin,114,9500,61.411160789806495
evolution_strategy,rastrigin,114,9600,61.411160789806495
evolution_strategy,rastrigin,114,9700,61.411160789806495
evolution_strategy,rastrigin,114,9800,61.411160789806495
evolution_strategy,rastrigin,114,9900,61.411160789806495
evolution_strategy,rastrigin,114,10000,61.411160789806495
evolution_strategy,rastrigin,114,10100,61.411160789806495
evolution_strategy,rastrigin,114,10200,61.411160789806495
evolution_strategy,rastrigin,114,10300,61.411160789806495
evolution_strategy,rastrigin,114,10400,61.411160789806495
evolution_strategy,rastrigin,114,10500,61.411160789806495
evolution_strategy,rastrigin,114,10600,61.411160789806495
evolution_strategy,rastrigin,114,10700,61.411160789806495
evolution_strategy,rastrigin,114,10800,61.411160789806495
evolution_strategy,rastrigin,114,10900,61.411160789806495
evolution_strategy,rastrigin,114,11000,61.411160789806495
evolution_strategy,rastrigin,114,11100,61.411160789806495
evolution_strategy,rastrigin,114,11200,61.411160789806495
evolution_strategy,rastrigin,114,11300,61.411160789806495
evolution_strategy,rastrigin,114,11400,61.411160789806495
evolution_strategy,rastrigin,114,11500,61.411160789806495
evolution_strategy,rastrigin,114,11600,61.411160789806495
evolution_strategy,rastrigin,114,11700,61.411160789806495
evolution_strategy,rastrigin,114,11800,61.411160789806495
evolution_strategy,rastrigin,114,11900,61.411160789806495
evolution_strategy,rastrigin,114,12000,61.411160789806495
evolution_strategy,rastrigin,114,12100,61.411160789806495
evolution_strategy,rastrigin,114,12200,61.411160789806495
evolution_strategy,rastrigin,114,12300,61.411160789806495
evolution_strategy,rastrigin,114,12400,61.411160789806495
evolution_strategy,rastrigin,114,12500,61.411160789806495
evolution_strategy,rastrigin,114,12600,61.411160789806495
evolution_strategy,rastrigin,114,12700,61.411160789806495
evolution_strategy,rastrigin,114,12800,61.411160789806495
evolution_strategy,rastrigin,114,12900,61.411160789806495
evolution_strategy,rastrigin,114,13000,61.411160789806495
evolution_strategy,rastrigin,114,13100,61.411160789806495
evolution_strategy,rastrigin,114,13200,61.411160789806495
evolution_strategy,rastrigin,114,13300,61.411160789806495
evolution_strategy,rastrigin,114,13400,61.411160789806495
evolution_strategy,rastrigin,114,13500,61.411160789806495
evolution_strategy,rastrigin,114,13600,61.411160789806495
evolution_strategy,rastrigin,114,13700,61.411160789806495
evolution_strategy,rastrigin,114,13800,61.411160789806495
evolution_strategy,rastrigin,114,13900,61.411160789806495
evolution_strategy,rastrigin,114,14000,61.411160789806495
evolution_strategy,rastrigin,114,14100,61.411160789806495
evolution_strategy,rastrigin,114,14200,61.411160789806495
evolution_strategy,rastrigin,114,14300,61.411160789806495
evolution_strategy,rastrigin,114,14400,61.411160789806495
evolution_strategy,rastrigin,114,14500,61.411160789806495
evolution_strategy,rastrigin,114,14600,61.411160789806495
evolution_strategy,rastrigin,114,14700,61.411160789806495
evolution_strategy,rastrigin,114,14800,61.411160789806495
evolution_strategy,rastrigin,114,14900,61.411160789806495
evolution_strategy,rastrigin,114,15000,61.411160789806495
evolution_strategy,rastrigin,114,15100,61.411160789806495
evolution_strategy,rastrigin,114,15200,61.411160789806495
evolution_strategy,rastrigin,114,15300,61.411160789806495
evolution_strategy,rastrigin,114,15400,61.411160789806495
evolution_strategy,rastrigin,114,15500,61.411160789806495
evolution_strategy,rastrigin,114,15600,61.411160789806495
evolution_strategy,rastrigin,114,15700,61.411160789806495
evolution_strategy,rastrigin,114,15800,61.411160789806495
evolution_strategy,rastrigin,114,15900,61.411160789806495
evolution_strategy,rastrigin,114,16000,61.411160789806495
evolution_strategy,rastrigin,114,16100,61.411160789806495
evolution_strategy,rastrigin,114,16200,61.411160789806495
evolution_strategy,rastrigin,114,16300,61.411160789806495
evolution_strategy,rastrigin,114,16400,61.411160789806495
evolution_strategy,rastrigin,114,16500,61.411160789806495
evolution_strategy,rastrigin,114,16600,61.411160789806495
evolution_strategy,rastrigin,114,16700,61.411160789806495
evolution_strategy,rastrigin,114,16800,61.411160789806495
evolution_strategy,rastrigin,114,16900,61.411160789806495
evolution_strategy,rastrigin,114,17000,61.411160789806495
evolution_strategy,rastrigin,114,17100,61.411160789806495
evolution_strategy,rastrigin,114,17200,61.411160789806495
evolution_strategy,rastrigin,114,17300,61.411160789806495
evolution_strategy,rastrigin,114,17400,61.411160789806495
evolution_strategy,rastrigin,114,17500,61.411160789806495
evolution_strategy,rastrigin,114,17600,61.411160789806495
evolution_strategy,rastrigin,114,17700,61.411160789806495
evolution_strategy,rastrigin,114,17800,61.411160789806495
evolution_strategy,rastrigin,114,17900,61.411160789806495
evolution_strategy,rastrigin,114,18000,61.411160789806495
evolution_strategy,rastrigin,114,18100,61.411160789806495
evolution_strategy,rastrigin,114,18200,61.411160789806495
evolution_strategy,rastrigin,114,18300,61.411160789806495
evolution_strategy,rastrigin,114,18400,61.411160789806495
evolution_strategy,rastrigin,114,18500,61.411160789806495
evolution_strategy,rastrigin,114,18600,61.411160789806495
evolution_strategy,rastrigin,114,18700,61.411160789806495
evolution_strategy,rastrigin,114,18800,61.411160789806495
evolution_strategy,rastrigin,114,18900,61.411160789806495
evolution_strategy,rastrigin,114,19000,61.18036291272812
evolution_strategy,rastrigin,114,19100,61.18036291272812
evolution_strategy,rastrigin,114,19200,61.18036291272812
evolution_strategy,rastrigin,114,19300,61.18036291272812
evolution_strategy,rastrigin,114,19400,61.18036291272812
evolution_strategy,rastrigin,114,19500,61.18036291272812
evolution_strategy,rastrigin,114,19600,61.18036291272812
evolution_strategy,rastrigin,114,19700,61.18036291272812
evolution_strategy,rastrigin,114,19800,61.18036291272812
evolution_strategy,rastrigin,114,19900,61.18036291272812
evolution_strategy,rastrigin,114,20000,61.18036291272812
evolution_strategy,rastrigin,115,100,98.12906889299856
evolution_strategy,rastrigin,115,200,80.75206707632424
evolution_strategy,rastrigin,115,300,63.823748814416476
evolution_strategy,rastrigin,115,400,56.29036755564686
evolution_strategy,rastrigin,115,500,50.392958086261046
evolution_strategy,rastrigin,115,600,46.302238119192126
evolution_strategy,rastrigin,115,700,46.277651184636696
evolution_strategy,rastrigin,115,800,45.546461678981636
evolution_strategy,rastrigin,115,900,44.52327304062719
evolution_strategy,rastrigin,115,1000,42.39674927036301
evolution_strategy,rastrigin,115,1100,41.301617711580484
evolution_strategy,rastrigin,115,1200,41.301617711580484
evolution_strategy,rastrigin,115,1300,41.301617711580484
evolution_strategy,rastrigin,115,1400,41.301617711580484
evolution_strategy,rastrigin,115,1500,41.301617711580484
evolution_strategy,rastrigin,115,1600,41.301617711580484
evolution_strategy,rastrigin,115,1700,41.301617711580484
evolution_strategy,rastrigin,115,1800,40.28434795012724
evolution_strategy,rastrigin,115,1900,40.28434795012724
evolution_strategy,rastrigin,115,2000,40.28434795012724
evolution_strategy,rastrigin,115,2100,40.28434795012724
evolution_strategy,rastrigin,115,2200,40.28434795012724
evolution_strategy,rastrigin,115,2300,40.28434795012724
evolution_strategy,rastrigin,115,2400,40.28434795012724
evolution_strategy,rastrigin,115,2500,40.28434795012724
evolution_strategy,rastrigin,115,2600,40.28434795012724
evolution_strategy,rastrigin,115,2700,40.28434795012724
evolution_strategy,rastrigin,115,2800,40.28434795012724
evolution_strategy,rastrigin,115,2900,40.28434795012724
evolution_strategy,rastrigin,115,3000,40.28434795012724
evolution_strategy,rastrigin,115,3100,40.28434795012724
evolution_strategy,rastrigin,115,3200,40.28434795012724
evolution_strategy,rastrigin,115,3300,38.64681550296349
evolution_strategy,rastrigin,115,3400,38.64681550296349
evolution_strategy,rastrigin,115,3500,38.64681550296349
evolution_strategy,rastrigin,115,3600,38.64681550296349
evolution_strategy,rastrigin,115,3700,38.64681550296349
evolution_strategy,rastrigin,115,3800,38.64681550296349
evolution_strategy,rastrigin,115,3900,38.64681550296349
evolution_strategy,rastrigin,115,4000,38.64681550296349
evolution_strategy,rastrigin,115,4100,38.64681550296349
evolution_strategy,rastrigin,115,4200,38.64681550296349
evolution_strategy,rastrigin,115,4300,38.64681550296349
evolution_strategy,rastrigin,115,4400,38.64681550296349
evolution_strategy,rastrigin,115,4500,38.64681550296349
evolution_strategy,rastrigin,115,4600,38.64681550296349
evolution_strategy,rastrigin,115,4700,38.64681550296349
evolution_strategy,rastrigin,115,4800,38.64681550296349
evolution_strategy,rastrigin,115,4900,38.64681550296349
evolution_strategy,rastrigin,115,5000,38.64681550296349
evolution_strategy,rastrigin,115,5100,38.64681550296349
evolution_strategy,rastrigin,115,5200,38.64681550296349
evolution_strategy,rastrigin,115,5300,38.64681550296349
evolution_strategy,rastrigin,115,5400,38.64681550296349
evolution_strategy,rastrigin,115,5500,38.64681550296349
evolution_strategy,rastrigin,115,5600,38.64681550296349
evolution_strategy,rastrigin,115,5700,38.64681550296349
evolution_strategy,rastrigin,115,5800,38.64681550296349
evolution_strategy,rastrigin,115,5900,38.64681550296349
evolution_strategy,rastrigin,115,6000,38.64681550296349
evolution_strategy,rastrigin,115,6100,38.64681550296349
evolution_strategy,rastrigin,115,6200,38.64681550296349
evolution_strategy,rastrigin,115,6300,38.64681550296349
evolution_strategy,rastrigin,115,6400,38.64681550296349
evolution_strategy,rastrigin,115,6500,38.64681550296349
evolution_strategy,rastrigin,115,6600,38.64681550296349
evolution_strategy,rastrigin,115,6700,38.64681550296349
evolution_strategy,rastrigin,115,6800,38.64681550296349
evolution_strategy,rastrigin,115,6900,38.64681550296349
evolution_strategy,rastrigin,115,7000,38.64681550296349
evolution_strategy,rastrigin,115,7100,38.64681550296349
evolution_strategy,rastrigin,115,7200,38.64681550296349
evolution_strategy,rastrigin,115,7300,38.64681550296349
evolution_strategy,rastrigin,115,7400,38.64681550296349
evolution_strategy,rastrigin,115,7500,38.64681550296349
evolution_strategy,rastrigin,115,7600,38.64681550296349
evolution_strategy,rastrigin,115,7700,38.64681550296349
evolution_strategy,rastrigin,115,7800,38.64681550296349
evolution_strategy,rastrigin,115,7900,38.64681550296349
evolution_strategy,rastrigin,115,8000,38.64681550296349
evolution_strategy,rastrigin,115,8100,38.64681550296349
evolution_strategy,rastrigin,115,8200,38.64681550296349
evolution_strategy,rastrigin,115,8300,38.64681550296349
evolution_strategy,rastrigin,115,8400,38.64681550296349
evolution_strategy,rastrigin,115,8500,38.64681550296349
evolution_strategy,rastrigin,115,8600,38.64681550296349
evolution_strategy,rastrigin,115,8700,38.64681550296349
evolution_strategy,rastrigin,115,8800,38.64681550296349
evolution_strategy,rastrigin,115,8900,38.64681550296349
evolution_strategy,rastrigin,115,9000,38.64681550296349
evolution_strategy,rastrigin,115,9100,38.64681550296349
evolution_strategy,rastrigin,115,9200,38.64681550296349
evolution_strategy,rastrigin,115,9300,38.64681550296349
evolution_strategy,rastrigin,115,9400,38.64681550296349
evolution_strategy,rastrigin,115,9500,38.64681550296349
evolution_strategy,rastrigin,115,9600,38.64681550296349
evolution_strategy,rastrigin,115,9700,38.64681550296349
evolution_strategy,rastrigin,115,9800,38.64681550296349
evolution_strategy,rastrigin,115,9900,38.64681550296349
evolution_strategy,rastrigin,115,10000,38.64681550296349
evolution_strategy,rastrigin,115,10100,38.64681550296349
evolution_strategy,rastrigin,115,10200,38.64681550296349
evolution_strategy,rastrigin,115,10300,38.64681550296349
evolution_strategy,rastrigin,115,10400,38.64681550296349
evolution_strategy,rastrigin,115,10500,38.64681550296349
evolution_strategy,rastrigin,115,10600,38.64681550296349
evolution_strategy,rastrigin,115,10700,38.64681550296349
evolution_strategy,rastrigin,115,10800,38.64681550296349
evolution_strategy,rastrigin,115,10900,38.64681550296349
evolution_strategy,rastrigin,115,11000,38.64681550296349
evolution_strategy,rastrigin,115,11100,38.64681550296349
evolution_strategy,rastrigin,115,11200,38.64681550296349
evolution_strategy,rastrigin,115,11300,38.64681550296349
evolution_strategy,rastrigin,115,11400,38.64681550296349
evolution_strategy,rastrigin,115,11500,38.64681550296349
evolution_strategy,rastrigin,115,11600,38.64681550296349
evolution_strategy,rastrigin,115,11700,38.64681550296349
evolution_strategy,rastrigin,115,11800,38.64681550296349
evolution_strategy,rastrigin,115,11900,38.64681550296349
evolution_strategy,rastrigin,115,12000,38.64681550296349
evolution_strategy,rastrigin,115,12100,38.64681550296349
evolution_strategy,rastrigin,115,12200,38.64681550296349
evolution_strategy,rastrigin,115,12300,38.64681550296349
evolution_strategy,rastrigin,115,12400,38.64681550296349
evolution_strategy,rastrigin,115,12500,38.64681550296349
evolution_strategy,rastrigin,115,12600,38.64681550296349
evolution_strategy,rastrigin,115,12700,38.64681550296349
evolution_strategy,rastrigin,115,12800,38.64681550296349
evolution_strategy,rastrigin,115,12900,38.64681550296349
evolution_strategy,rastrigin,115,13000,38.64681550296349
evolution_strategy,rastrigin,115,13100,38.64681550296349
evolution_strategy,rastrigin,115,13200,38.64681550296349
evolution_strategy,rastrigin,115,13300,38.64681550296349
evolution_strategy,rastrigin,115,13400,38.64681550296349
evolution_strategy,rastrigin,115,13500,38.64681550296349
evolution_strategy,rastrigin,115,13600,38.64681550296349
evolution_strategy,rastrigin,115,13700,38.64681550296349
evolution_strategy,rastrigin,115,13800,38.64681550296349
evolution_strategy,rastrigin,115,13900,38.64681550296349
evolution_strategy,rastrigin,115,14000,38.64681550296349
evolution_strategy,rastrigin,115,14100,38.64681550296349
evolution_strategy,rastrigin,115,14200,38.64681550296349
evolution_strategy,rastrigin,115,14300,38.64681550296349
evolution_strategy,rastrigin,115,14400,38.64681550296349
evolution_strategy,rastrigin,115,14500,38.64681550296349
evolution_strategy,rastrigin,115,14600,38.64681550296349
evolution_strategy,rastrigin,115,14700,38.64681550296349
evolution_strategy,rastrigin,115,14800,38.64681550296349
evolution_strategy,rastrigin,115,14900,38.64681550296349
evolution_strategy,rastrigin,115,15000,38.64681550296349
evolution_strategy,rastrigin,115,15100,38.64681550296349
evolution_strategy,rastrigin,115,15200,38.64681550296349
evolution_strategy,rastrigin,115,15300,38.64681550296349
evolution_strategy,rastrigin,115,15400,38.64681550296349
evolution_strategy,rastrigin,115,15500,38.64681550296349
evolution_strategy,rastrigin,115,15600,38.64681550296349
evolution_strategy,rastrigin,115,15700,38.64681550296349
evolution_strategy,rastrigin,115,15800,38.64681550296349
evolution_strategy,rastrigin,115,15900,38.64681550296349
evolution_strategy,rastrigin,115,16000,38.64681550296349
evolution_strategy,rastrigin,115,16100,38.64681550296349
evolution_strategy,rastrigin,115,16200,38.64681550296349
evolution_strategy,rastrigin,115,16300,38.64681550296349
evolution_strategy,rastrigin,115,16400,38.64681550296349
evolution_strategy,rastrigin,115,16500,38.64681550296349
evolution_strategy,rastrigin,115,16600,38.64681550296349
evolution_strategy,rastrigin,115,16700,38.64681550296349
evolution_strategy,rastrigin,115,16800,38.64681550296349
evolution_strategy,rastrigin,115,16900,38.64681550296349
evolution_strategy,rastrigin,115,17000,38.64681550296349
evolution_strategy,rastrigin,115,17100,38.64681550296349
evolution_strategy,rastrigin,115,17200,38.64681550296349
evolution_strategy,rastrigin,115,17300,38.64681550296349
evolution_strategy,rastrigin,115,17400,38.64681550296349
evolution_strategy,rastrigin,115,17500,38.64681550296349
evolution_strategy,rastrigin,115,17600,38.64681550296349
evolution_strategy,rastrigin,115,17700,38.64681550296349
evolution_strategy,rastrigin,115,17800,38.64681550296349
evolution_strategy,rastrigin,115,17900,38.64681550296349
evolution_strategy,rastrigin,115,18000,38.64681550296349
evolution_strategy,rastrigin,115,18100,38.64681550296349
evolution_strategy,rastrigin,115,18200,38.64681550296349
evolution_strategy,rastrigin,115,18300,38.64681550296349
evolution_strategy,rastrigin,115,18400,38.64681550296349
evolution_strategy,rastrigin,115,18500,38.64681550296349
evolution_strategy,rastrigin,115,18600,38.64681550296349
evolution_strategy,rastrigin,115,18700,38.64681550296349
evolution_strategy,rastrigin,115,18800,38.64681550296349
evolution_strategy,rastrigin,115,18900,38.64681550296349
evolution_strategy,rastrigin,115,19000,38.64681550296349
evolution_strategy,rastrigin,115,19100,38.64681550296349
evolution_strategy,rastrigin,115,19200,38.64681550296349
evolution_strategy,rastrigin,115,19300,38.64681550296349
evolution_strategy,rastrigin,115,19400,38.64681550296349
evolution_strategy,rastrigin,115,19500,38.64681550296349
evolution_strategy,rastrigin,115,19600,38.64681550296349
evolution_strategy,rastrigin,115,19700,38.64681550296349
evolution_strategy,rastrigin,115,19800,38.64681550296349
evolution_strategy,rastrigin,115,19900,38.64681550296349
evolution_strategy,rastrigin,115,20000,38.64681550296349
evolution_strategy,rastrigin,116,100,116.58268352141434
evolution_strategy,rastrigin,116,200,90.60360629815108
evolution_strategy,rastrigin,116,300,72.30657562926035
evolution_strategy,rastrigin,116,400,72.30657562926035
evolution_strategy,rastrigin,116,500,69.05359464612273
evolution_strategy,rastrigin,116,600,69.05359464612273
evolution_strategy,rastrigin,116,700,69.05359464612273
evolution_strategy,rastrigin,116,800,69.05359464612273
evolution_strategy,rastrigin,116,900,69.05359464612273
evolution_strategy,rastrigin,116,1000,68.59247772839001
evolution_strategy,rastrigin,116,1100,68.59247772839001
evolution_strategy,rastrigin,116,1200,68.59247772839001
evolution_strategy,rastrigin,116,1300,68.59247772839001
evolution_strategy,rastrigin,116,1400,68.52034382890506
evolution_strategy,rastrigin,116,1500,67.94984487447539
evolution_strategy,rastrigin,116,1600,67.94984487447539
evolution_strategy,rastrigin,116,1700,67.94984487447539
evolution_strategy,rastrigin,116,1800,67.94984487447539
evolution_strategy,rastrigin,116,1900,67.94984487447539
evolution_strategy,rastrigin,116,2000,67.94984487447539
evolution_strategy,rastrigin,116,2100,67.94984487447539
evolution_strategy,rastrigin,116,2200,67.94984487447539
evolution_strategy,rastrigin,116,2300,67.85344056031244
evolution_strategy,rastrigin,116,2400,67.85344056031244
evolution_strategy,rastrigin,116,2500,67.85344056031244
evolution_strategy,rastrigin,116,2600,67.85344056031244
evolution_strategy,rastrigin,116,2700,67.85344056031244
evolution_strategy,rastrigin,116,2800,67.85344056031244
evolution_strategy,rastrigin,116,2900,67.85344056031244
evolution_strategy,rastrigin,116,3000,67.85344056031244
evolution_strategy,rastrigin,116,3100,67.85344056031244
evolution_strategy,rastrigin,116,3200,67.85344056031244
evolution_strategy,rastrigin,116,3300,67.85344056031244
evolution_strategy,rastrigin,116,3400,67.85344056031244
evolution_strategy,rastrigin,116,3500,66.82138095148372
evolution_strategy,rastrigin,116,3600,66.82138095148372
evolution_strategy,rastrigin,116,3700,66.82138095148372
evolution_strategy,rastrigin,116,3800,66.82138095148372
evolution_strategy,rastrigin,116,3900,66.82138095148372
evolution_strategy,rastrigin,116,4000,66.82138095148372
evolution_strategy,rastrigin,116,4100,66.82138095148372
evolution_strategy,rastrigin,116,4200,66.82138095148372
evolution_strategy,rastrigin,116,4300,66.82138095148372
evolution_strategy,rastrigin,116,4400,66.82138095148372
evolution_strategy,rastrigin,116,4500,66.82138095148372
evolution_strategy,rastrigin,116,4600,66.82138095148372
evolution_strategy,rastrigin,116,4700,66.82138095148372
evolution_strategy,rastrigin,116,4800,66.82138095148372
evolution_strategy,rastrigin,116,4900,66.82138095148372
evolution_strategy,rastrigin,116,5000,66.82138095148372
evolution_strategy,rastrigin,116,5100,66.82138095148372
evolution_strategy,rastrigin,116,5200,66.82138095148372
evolution_strategy,rastrigin,116,5300,66.82138095148372
evolution_strategy,rastrigin,116,5400,66.82138095148372
evolution_strategy,rastrigin,116,5500,66.82138095148372
evolution_strategy,rastrigin,116,5600,66.82138095148372
evolution_strategy,rastrigin,116,5700,66.82138095148372
evolution_strategy,rastrigin,116,5800,66.82138095148372
evolution_strategy,rastrigin,116,5900,66.82138095148372
evolution_strategy,rastrigin,116,6000,66.82138095148372
evolution_strategy,rastrigin,116,6100,66.82138095148372
evolution_strategy,rastrigin,116,6200,66.82138095148372
evolution_strategy,rastrigin,116,6300,66.82138095148372
evolution_strategy,rastrigin,116,6400,66.82138095148372
evolution_strategy,rastrigin,116,6500,66.82138095148372
evolution_strategy,rastrigin,116,6600,66.82138095148372
evolution_strategy,rastrigin,116,6700,66.82138095148372
evolution_strategy,rastrigin,116,6800,66.82138095148372
evolution_strategy,rastrigin,116,6900,66.39043929198428
evolution_strategy,rastrigin,116,7000,66.39043929198428
evolution_strategy,rastrigin,116,7100,64.8286775224861
evolution_strategy,rastrigin,116,7200,64.8286775224861
evolution_strategy,rastrigin,116,7300,64.8286775224861
evolution_strategy,rastrigin,116,7400,64.8286775224861
evolution_strategy,rastrigin,116,7500,64.8286775224861
evolution_strategy,rastrigin,116,7600,64.8286775224861
evolution_strategy,rastrigin,116,7700,64.8286775224861
evolution_strategy,rastrigin,116,7800,64.8286775224861
evolution_strategy,rastrigin,116,7900,64.8286775224861
evolution_strategy,rastrigin,116,8000,64.8286775224861
evolution_strategy,rastrigin,116,8100,64.8286775224861
evolution_strategy,rastrigin,116,8200,64.8286775224861
evolution_strategy,rastrigin,116,8300,64.8286775224861
evolution_strategy,rastrigin,116,8400,64.8286775224861
evolution_strategy,rastrigin,116,8500,64.8286775224861
evolution_strategy,rastrigin,116,8600,64.8286775224861
evolution_strategy,rastrigin,116,8700,64.8286775224861
evolution_strategy,rastrigin,116,8800,64.8286775224861
evolution_strategy,rastrigin,116,8900,64.8286775224861
evolution_strategy,rastrigin,116,9000,64.8286775224861
evolution_strategy,rastrigin,116,9100,64.8286775224861
evolution_strategy,rastrigin,116,9200,64.8286775224861
evolution_strategy,rastrigin,116,9300,64.8286775224861
evolution_strategy,rastrigin,116,9400,64.8286775224861
evolution_strategy,rastrigin,116,9500,64.8286775224861
evolution_strategy,rastrigin,116,9600,64.8286775224861
evolution_strategy,rastrigin,116,9700,64.8286775224861
evolution_strategy,rastrigin,116,9800,64.8286775224861
evolution_strategy,rastrigin,116,9900,64.8286775224861
evolution_strategy,rastrigin,116,10000,64.8286775224861
evolution_strategy,rastrigin,116,10100,64.8286775224861
evolution_strategy,rastrigin,116,10200,64.8286775224861
evolution_strategy,rastrigin,116,10300,64.8286775224861
evolution_strategy,rastrigin,116,10400,64.8286775224861
evolution_strategy,rastrigin,116,10500,64.8286775224861
evolution_strategy,rastrigin,116,10600,64.8286775224861
evolution_strategy,rastrigin,116,10700,64.8286775224861
evolution_strategy,rastrigin,116,10800,64.8286775224861
evolution_strategy,rastrigin,116,10900,64.8286775224861
evolution_strategy,rastrigin,116,11000,64.8286775224861
evolution_strategy,rastrigin,116,11100,64.8286775224861
evolution_strategy,rastrigin,116,11200,64.8286775224861
evolution_strategy,rastrigin,116,11300,64.8286775224861
evolution_strategy,rastrigin,116,11400,64.8286775224861
evolution_strategy,rastrigin,116,11500,64.8286775224861
evolution_strategy,rastrigin,116,11600,64.8286775224861
evolution_strategy,rastrigin,116,11700,64.8286775224861
evolution_strategy,rastrigin,116,11800,64.8286775224861
evolution_strategy,rastrigin,116,11900,64.8286775224861
evolution_strategy,rastrigin,116,12000,64.8286775224861
evolution_strategy,rastrigin,116,12100,64.8286775224861
evolution_strategy,rastrigin,116,12200,64.8286775224861
evolution_strategy,rastrigin,116,12300,64.8286775224861
evolution_strategy,rastrigin,116,12400,64.8286775224861
evolution_strategy,rastrigin,116,12500,64.8286775224861
evolution_strategy,rastrigin,116,12600,64.8286775224861
evolution_strategy,rastrigin,116,12700,64.8286775224861
evolution_strategy,rastrigin,116,12800,64.8286775224861
evolution_strategy,rastrigin,116,12900,64.8286775224861
evolution_strategy,rastrigin,116,13000,64.8286775224861
evolution_strategy,rastrigin,116,13100,64.8286775224861
evolution_strategy,rastrigin,116,13200,64.8286775224861
evolution_strategy,rastrigin,116,13300,64.8286775224861
evolution_strategy,rastrigin,116,13400,64.8286775224861
evolution_strategy,rastrigin,116,13500,64.8286775224861
evolution_strategy,rastrigin,116,13600,64.8286775224861
evolution_strategy,rastrigin,116,13700,64.8286775224861
evolution_strategy,rastrigin,116,13800,64.8286775224861
evolution_strategy,rastrigin,116,13900,64.8286775224861
evolution_strategy,rastrigin,116,14000,64.8286775224861
evolution_strategy,rastrigin,116,14100,64.8286775224861
evolution_strategy,rastrigin,116,14200,64.8286775224861
evolution_strategy,rastrigin,116,14300,64.8286775224861
evolution_strategy,rastrigin,116,14400,64.8286775224861
evolution_strategy,rastrigin,116,14500,64.8286775224861
evolution_strategy,rastrigin,116,14600,64.8286775224861
evolution_strategy,rastrigin,116,14700,64.8286775224861
evolution_strategy,rastrigin,116,14800,64.8286775224861
evolution_strategy,rastrigin,116,14900,64.8286775224861
evolution_strategy,rastrigin,116,15000,64.8286775224861
evolution_strategy,rastrigin,116,15100,64.8286775224861
evolution_strategy,rastrigin,116,15200,64.8286775224861
evolution_strategy,rastrigin,116,15300,64.8286775224861
evolution_strategy,rastrigin,116,15400,64.8286775224861
evolution_strategy,rastrigin,116,15500,64.8286775224861
evolution_strategy,rastrigin,116,15600,64.8286775224861
evolution_strategy,rastrigin,116,15700,64.8286775224861
evolution_strategy,rastrigin,116,15800,64.8286775224861
evolution_strategy,rastrigin,116,15900,64.8286775224861
evolution_strategy,rastrigin,116,16000,64.8286775224861
evolution_strategy,rastrigin,116,16100,64.8286775224861
evolution_strategy,rastrigin,116,16200,64.8286775224861
evolution_strategy,rastrigin,116,16300,64.8286775224861
evolution_strategy,rastrigin,116,16400,64.8286775224861
evolution_strategy,rastrigin,116,16500,64.8286775224861
evolution_strategy,rastrigin,116,16600,64.8286775224861
evolution_strategy,rastrigin,116,16700,64.8286775224861
evolution_strategy,rastrigin,116,16800,64.8286775224861
evolution_strategy,rastrigin,116,16900,64.8286775224861
evolution_strategy,rastrigin,116,17000,64.8286775224861
evolution_strategy,rastrigin,116,17100,64.8286775224861
evolution_strategy,rastrigin,116,17200,64.8286775224861
evolution_strategy,rastrigin,116,17300,64.8286775224861
evolution_strategy,rastrigin,116,17400,64.8286775224861
evolution_strategy,rastrigin,116,17500,64.8286775224861
evolution_strategy,rastrigin,116,17600,64.8286775224861
evolution_strategy,rastrigin,116,17700,64.8286775224861
evolution_strategy,rastrigin,116,17800,64.8286775224861
evolution_strategy,rastrigin,116,17900,64.8286775224861
evolution_strategy,rastrigin,116,18000,64.8286775224861
evolution_strategy,rastrigin,116,18100,64.8286775224861
evolution_strategy,rastrigin,116,18200,64.8286775224861
evolution_strategy,rastrigin,116,18300,64.8286775224861
evolution_strategy,rastrigin,116,18400,64.8286775224861
evolution_strategy,rastrigin,116,18500,64.8286775224861
evolution_strategy,rastrigin,116,18600,64.8286775224861
evolution_strategy,rastrigin,116,18700,64.8286775224861
evolution_strategy,rastrigin,116,18800,64.8286775224861
evolution_strategy,rastrigin,116,18900,64.8286775224861
evolution_strategy,rastrigin,116,19000,64.8286775224861
evolution_strategy,rastrigin,116,19100,64.8286775224861
evolution_strategy,rastrigin,116,19200,64.8286775224861
evolution_strategy,rastrigin,116,19300,64.8286775224861
evolution_strategy,rastrigin,116,19400,64.8286775224861
evolution_strategy,rastrigin,116,19500,64.8286775224861
evolution_strategy,rastrigin,116,19600,64.8286775224861
evolution_strategy,rastrigin,116,19700,64.8286775224861
evolution_strategy,rastrigin,116,19800,64.8286775224861
evolution_strategy,rastrigin,116,19900,64.8286775224861
evolution_strategy,rastrigin,116,20000,64.8286775224861
evolution_strategy,rastrigin,117,100,94.43659314262591
evolution_strategy,rastrigin,117,200,79.28222675299006
evolution_strategy,rastrigin,117,300,66.45759899018128
evolution_strategy,rastrigin,117,400,52.22133372270298
evolution_strategy,rastrigin,117,500,42.9036382154433
evolution_strategy,rastrigin,117,600,38.02985382517011
evolution_strategy,rastrigin,117,700,37.15463607936374
evolution_strategy,rastrigin,117,800,36.19570021450811
evolution_strategy,rastrigin,117,900,34.90399939951378
evolution_strategy,rastrigin,117,1000,33.28659515672885
evolution_strategy,rastrigin,117,1100,32.08812927505606
evolution_strategy,rastrigin,117,1200,32.08812927505606
evolution_strategy,rastrigin,117,1300,32.08812927505606
evolution_strategy,rastrigin,117,1400,32.08812927505606
evolution_strategy,rastrigin,117,1500,32.08812927505606
evolution_strategy,rastrigin,117,1600,32.08812927505606
evolution_strategy,rastrigin,117,1700,32.08812927505606
evolution_strategy,rastrigin,117,1800,32.036973232293164
evolution_strategy,rastrigin,117,1900,32.017029564040556
evolution_strategy,rastrigin,117,2000,30.392852024050597
evolution_strategy,rastrigin,117,2100,30.392852024050597
evolution_strategy,rastrigin,117,2200,30.392852024050597
evolution_strategy,rastrigin,117,2300,30.392852024050597
evolution_strategy,rastrigin,117,2400,30.392852024050597
evolution_strategy,rastrigin,117,2500,29.882207094790544
evolution_strategy,rastrigin,117,2600,29.882207094790544
evolution_strategy,rastrigin,117,2700,29.40501050257194
evolution_strategy,rastrigin,117,2800,29.40501050257194
evolution_strategy,rastrigin,117,2900,29.40501050257194
evolution_strategy,rastrigin,117,3000,29.40501050257194
evolution_strategy,rastrigin,117,3100,29.40501050257194
evolution_strategy,rastrigin,117,3200,29.40501050257194
evolution_strategy,rastrigin,117,3300,28.527111625000913
evolution_strategy,rastrigin,117,3400,28.527111625000913
evolution_strategy,rastrigin,117,3500,28.527111625000913
evolution_strategy,rastrigin,117,3600,28.527111625000913
evolution_strategy,rastrigin,117,3700,28.527111625000913
evolution_strategy,rastrigin,117,3800,28.527111625000913
evolution_strategy,rastrigin,117,3900,28.527111625000913
evolution_strategy,rastrigin,117,4000,28.527111625000913
evolution_strategy,rastrigin,117,4100,28.527111625000913
evolution_strategy,rastrigin,117,4200,28.527111625000913
evolution_strategy,rastrigin,117,4300,28.527111625000913
evolution_strategy,rastrigin,117,4400,28.527111625000913
evolution_strategy,rastrigin,117,4500,28.527111625000913
evolution_strategy,rastrigin,117,4600,28.527111625000913
evolution_strategy,rastrigin,117,4700,28.527111625000913
evolution_strategy,rastrigin,117,4800,28.527111625000913
evolution_strategy,rastrigin,117,4900,28.527111625000913
evolution_strategy,rastrigin,117,5000,28.527111625000913
evolution_strategy,rastrigin,117,5100,28.527111625000913
evolution_strategy,rastrigin,117,5200,28.527111625000913
evolution_strategy,rastrigin,117,5300,28.527111625000913
evolution_strategy,rastrigin,117,5400,28.527111625000913
evolution_strategy,rastrigin,117,5500,28.527111625000913
evolution_strategy,rastrigin,117,5600,28.527111625000913
evolution_strategy,rastrigin,117,5700,28.527111625000913
evolution_strategy,rastrigin,117,5800,28.527111625000913
evolution_strategy,rastrigin,117,5900,28.527111625000913
evolution_strategy,rastrigin,117,6000,28.527111625000913
evolution_strategy,rastrigin,117,6100,28.527111625000913
evolution_strategy,rastrigin,117,6200,28.527111625000913
evolution_strategy,rastrigin,117,6300,28.527111625000913
evolution_strategy,rastrigin,117,6400,28.527111625000913
evolution_strategy,rastrigin,117,6500,28.527111625000913
evolution_strategy,rastrigin,117,6600,28.527111625000913
evolution_strategy,rastrigin,117,6700,28.527111625000913
evolution_strategy,rastrigin,117,6800,28.527111625000913
evolution_strategy,rastrigin,117,6900,28.527111625000913
evolution_strategy,rastrigin,117,7000,28.527111625000913
evolution_strategy,rastrigin,117,7100,28.527111625000913
evolution_strategy,rastrigin,117,7200,28.527111625000913
evolution_strategy,rastrigin,117,7300,28.527111625000913
evolution_strategy,rastrigin,117,7400,28.527111625000913
evolution_strategy,rastrigin,117,7500,28.527111625000913
evolution_strategy,rastrigin,117,7600,28.527111625000913
evolution_strategy,rastrigin,117,7700,28.527111625000913
evolution_strategy,rastrigin,117,7800,28.527111625000913
evolution_strategy,rastrigin,117,7900,28.527111625000913
evolution_strategy,rastrigin,117,8000,28.527111625000913
evolution_strategy,rastrigin,117,8100,28.527111625000913
evolution_strategy,rastrigin,117,8200,28.527111625000913
evolution_strategy,rastrigin,117,8300,28.527111625000913
evolution_strategy,rastrigin,117,8400,28.527111625000913
evolution_strategy,rastrigin,117,8500,28.527111625000913
evolution_strategy,rastrigin,117,8600,28.527111625000913
evolution_strategy,rastrigin,117,8700,28.527111625000913
evolution_strategy,rastrigin,117,8800,28.527111625000913
evolution_strategy,rastrigin,117,8900,28.527111625000913
evolution_strategy,rastrigin,117,9000,28.527111625000913
evolution_strategy,rastrigin,117,9100,28.527111625000913
evolution_strategy,rastrigin,117,9200,28.527111625000913
evolution_strategy,rastrigin,117,9300,28.527111625000913
evolution_strategy,rastrigin,117,9400,28.527111625000913
evolution_strategy,rastrigin,117,9500,28.527111625000913
evolution_strategy,rastrigin,117,9600,28.527111625000913
evolution_strategy,rastrigin,117,9700,28.527111625000913
evolution_strategy,rastrigin,117,9800,28.527111625000913
evolution_strategy,rastrigin,117,9900,28.527111625000913
evolution_strategy,rastrigin,117,10000,28.527111625000913
evolution_strategy,rastrigin,117,10100,28.527111625000913
evolution_strategy,rastrigin,117,10200,28.527111625000913
evolution_strategy,rastrigin,117,10300,28.527111625000913
evolution_strategy,rastrigin,117,10400,28.527111625000913
evolution_strategy,rastrigin,117,10500,28.527111625000913
evolution_strategy,rastrigin,117,10600,28.527111625000913
evolution_strategy,rastrigin,117,10700,28.527111625000913
evolution_strategy,rastrigin,117,10800,28.527111625000913
evolution_strategy,rastrigin,117,10900,28.527111625000913
evolution_strategy,rastrigin,117,11000,28.527111625000913
evolution_strategy,rastrigin,117,11100,28.527111625000913
evolution_strategy,rastrigin,117,11200,28.527111625000913
evolution_strategy,rastrigin,117,11300,28.527111625000913
evolution_strategy,rastrigin,117,11400,28.527111625000913
evolution_strategy,rastrigin,117,11500,28.527111625000913
evolution_strategy,rastrigin,117,11600,28.527111625000913
evolution_strategy,rastrigin,117,11700,28.527111625000913
evolution_strategy,rastrigin,117,11800,28.527111625000913
evolution_strategy,rastrigin,117,11900,28.527111625000913
evolution_strategy,rastrigin,117,12000,28.527111625000913
evolution_strategy,rastrigin,117,12100,28.527111625000913
evolution_strategy,rastrigin,117,12200,28.527111625000913
evolution_strategy,rastrigin,117,12300,28.527111625000913
evolution_strategy,rastrigin,117,12400,28.527111625000913
evolution_strategy,rastrigin,117,12500,28.527111625000913
evolution_strategy,rastrigin,117,12600,28.527111625000913
evolution_strategy,rastrigin,117,12700,28.527111625000913
evolution_strategy,rastrigin,117,12800,28.527111625000913
evolution_strategy,rastrigin,117,12900,28.527111625000913
evolution_strategy,rastrigin,117,13000,28.527111625000913
evolution_strategy,rastrigin,117,13100,28.527111625000913
evolution_strategy,rastrigin,117,13200,28.527111625000913
evolution_strategy,rastrigin,117,13300,28.527111625000913
evolution_strategy,rastrigin,117,13400,28.527111625000913
evolution_strategy,rastrigin,117,13500,28.527111625000913
evolution_strategy,rastrigin,117,13600,28.527111625000913
evolution_strategy,rastrigin,117,13700,28.527111625000913
evolution_strategy,rastrigin,117,13800,28.527111625000913
evolution_strategy,rastrigin,117,13900,28.527111625000913
evolution_strategy,rastrigin,117,14000,28.527111625000913
evolution_strategy,rastrigin,117,14100,28.527111625000913
evolution_strategy,rastrigin,117,14200,28.527111625000913
evolution_strategy,rastrigin,117,14300,28.527111625000913
evolution_strategy,rastrigin,117,14400,28.527111625000913
evolution_strategy,rastrigin,117,14500,28.527111625000913
evolution_strategy,rastrigin,117,14600,28.527111625000913
evolution_strategy,rastrigin,117,14700,28.527111625000913
evolution_strategy,rastrigin,117,14800,28.527111625000913
evolution_strategy,rastrigin,117,14900,28.527111625000913
evolution_strategy,rastrigin,117,15000,28.527111625000913
evolution_strategy,rastrigin,117,15100,28.527111625000913
evolution_strategy,rastrigin,117,15200,28.527111625000913
evolution_strategy,rastrigin,117,15300,28.527111625000913
evolution_strategy,rastrigin,117,15400,28.527111625000913
evolution_strategy,rastrigin,117,15500,28.527111625000913
evolution_strategy,rastrigin,117,15600,28.527111625000913
evolution_strategy,rastrigin,117,15700,28.527111625000913
evolution_strategy,rastrigin,117,15800,28.527111625000913
evolution_strategy,rastrigin,117,15900,28.527111625000913
evolution_strategy,rastrigin,117,16000,28.527111625000913
evolution_strategy,rastrigin,117,16100,28.527111625000913
evolution_strategy,rastrigin,117,16200,28.527111625000913
evolution_strategy,rastrigin,117,16300,28.527111625000913
evolution_strategy,rastrigin,117,16400,28.527111625000913
evolution_strategy,rastrigin,117,16500,28.527111625000913
evolution_strategy,rastrigin,117,16600,28.527111625000913
evolution_strategy,rastrigin,117,16700,28.527111625000913
evolution_strategy,rastrigin,117,16800,28.527111625000913
evolution_strategy,rastrigin,117,16900,28.527111625000913
evolution_strategy,rastrigin,117,17000,28.527111625000913
evolution_strategy,rastrigin,117,17100,28.527111625000913
evolution_strategy,rastrigin,117,17200,28.527111625000913
evolution_strategy,rastrigin,117,17300,28.527111625000913
evolution_strategy,rastrigin,117,17400,28.362463192758014
evolution_strategy,rastrigin,117,17500,28.362463192758014
evolution_strategy,rastrigin,117,17600,28.362463192758014
evolution_strategy,rastrigin,117,17700,28.362463192758014
evolution_strategy,rastrigin,117,17800,28.362463192758014
evolution_strategy,rastrigin,117,17900,28.362463192758014
evolution_strategy,rastrigin,117,18000,27.855690960942894
evolution_strategy,rastrigin,117,18100,27.855690960942894
evolution_strategy,rastrigin,117,18200,27.855690960942894
evolution_strategy,rastrigin,117,18300,27.855690960942894
evolution_strategy,rastrigin,117,18400,27.855690960942894
evolution_strategy,rastrigin,117,18500,27.855690960942894
evolution_strategy,rastrigin,117,18600,27.855690960942894
evolution_strategy,rastrigin,117,18700,27.855690960942894
evolution_strategy,rastrigin,117,18800,27.855690960942894
evolution_strategy,rastrigin,117,18900,27.855690960942894
evolution_strategy,rastrigin,117,19000,27.855690960942894
evolution_strategy,rastrigin,117,19100,27.855690960942894
evolution_strategy,rastrigin,117,19200,27.855690960942894
evolution_strategy,rastrigin,117,19300,27.855690960942894
evolution_strategy,rastrigin,117,19400,27.855690960942894
evolution_strategy,rastrigin,117,19500,27.855690960942894
evolution_strategy,rastrigin,117,19600,27.855690960942894
evolution_strategy,rastrigin,117,19700,27.855690960942894
evolution_strategy,rastrigin,117,19800,27.855690960942894
evolution_strategy,rastrigin,117,19900,27.855690960942894
evolution_strategy,rastrigin,117,20000,27.855690960942894
evolution_strategy,rastrigin,118,100,92.4445175506386
evolution_strategy,rastrigin,118,200,81.03077013648314
evolution_strategy,rastrigin,118,300,67.56537439637448
evolution_strategy,rastrigin,118,400,59.632430998835964
evolution_strategy,rastrigin,118,500,59.632430998835964
evolution_strategy,rastrigin,118,600,59.632430998835964
evolution_strategy,rastrigin,118,700,59.632430998835964
evolution_strategy,rastrigin,118,800,59.632430998835964
evolution_strategy,rastrigin,118,900,59.632430998835964
evolution_strategy,rastrigin,118,1000,58.458595780377706
evolution_strategy,rastrigin,118,1100,58.458595780377706
evolution_strategy,rastrigin,118,1200,58.458595780377706
evolution_strategy,rastrigin,118,1300,58.458595780377706
evolution_strategy,rastrigin,118,1400,58.458595780377706
evolution_strategy,rastrigin,118,1500,58.458595780377706
evolution_strategy,rastrigin,118,1600,58.458595780377706
evolution_strategy,rastrigin,118,1700,58.458595780377706
evolution_strategy,rastrigin,118,1800,58.458595780377706
evolution_strategy,rastrigin,118,1900,58.458595780377706
evolution_strategy,rastrigin,118,2000,58.458595780377706
evolution_strategy,rastrigin,118,2100,58.3086413479671
evolution_strategy,rastrigin,118,2200,58.3086413479671
evolution_strategy,rastrigin,118,2300,56.02598014565792
evolution_strategy,rastrigin,118,2400,56.02598014565792
evolution_strategy,rastrigin,118,2500,56.02598014565792
evolution_strategy,rastrigin,118,2600,56.02598014565792
evolution_strategy,rastrigin,118,2700,56.02598014565792
evolution_strategy,rastrigin,118,2800,56.02598014565792
evolution_strategy,rastrigin,118,2900,56.02598014565792
evolution_strategy,rastrigin,118,3000,56.02598014565792
evolution_strategy,rastrigin,118,3100,56.02598014565792
evolution_strategy,rastrigin,118,3200,56.02598014565792
evolution_strategy,rastrigin,118,3300,56.02598014565792
evolution_strategy,rastrigin,118,3400,56.02598014565792
evolution_strategy,rastrigin,118,3500,56.02598014565792
evolution_strategy,rastrigin,118,3600,56.02598014565792
evolution_strategy,rastrigin,118,3700,56.02598014565792
evolution_strategy,rastrigin,118,3800,56.02598014565792
evolution_strategy,rastrigin,118,3900,56.02598014565792
evolution_strategy,rastrigin,118,4000,56.02598014565792
evolution_strategy,rastrigin,118,4100,56.02598014565792
evolution_strategy,rastrigin,118,4200,56.02598014565792
evolution_strategy,rastrigin,118,4300,56.02598014565792
evolution_strategy,rastrigin,118,4400,56.02598014565792
evolution_strategy,rastrigin,118,4500,56.02598014565792
evolution_strategy,rastrigin,118,4600,56.02598014565792
evolution_strategy,rastrigin,118,4700,56.02598014565792
evolution_strategy,rastrigin,118,4800,56.02598014565792
evolution_strategy,rastrigin,118,4900,56.02598014565792
evolution_strategy,rastrigin,118,5000,56.02598014565792
evolution_strategy,rastrigin,118,5100,56.02598014565792
evolution_strategy,rastrigin,118,5200,56.02598014565792
evolution_strategy,rastrigin,118,5300,56.02598014565792
evolution_strategy,rastrigin,118,5400,56.02598014565792
evolution_strategy,rastrigin,118,5500,56.02598014565792
evolution_strategy,rastrigin,118,5600,56.02598014565792
evolution_strategy,rastrigin,118,5700,56.02598014565792
evolution_strategy,rastrigin,118,5800,56.02598014565792
evolution_strategy,rastrigin,118,5900,56.02598014565792
evolution_strategy,rastrigin,118,6000,56.02598014565792
evolution_strategy,rastrigin,118,6100,56.02598014565792
evolution_strategy,rastrigin,118,6200,56.02598014565792
evolution_strategy,rastrigin,118,6300,56.02598014565792
evolution_strategy,rastrigin,118,6400,56.02598014565792
evolution_strategy,rastrigin,118,6500,56.02598014565792
evolution_strategy,rastrigin,118,6600,56.02598014565792
evolution_strategy,rastrigin,118,6700,56.02598014565792
evolution_strategy,rastrigin,118,6800,56.02598014565792
evolution_strategy,rastrigin,118,6900,56.02598014565792
evolution_strategy,rastrigin,118,7000,56.02598014565792
evolution_strategy,rastrigin,118,7100,56.02598014565792
evolution_strategy,rastrigin,118,7200,56.02598014565792
evolution_strategy,rastrigin,118,7300,56.02598014565792
evolution_strategy,rastrigin,118,7400,56.02598014565792
evolution_strategy,rastrigin,118,7500,56.02598014565792
evolution_strategy,rastrigin,118,7600,56.02598014565792
evolution_strategy,rastrigin,118,7700,56.02598014565792
evolution_strategy,rastrigin,118,7800,56.02598014565792
evolution_strategy,rastrigin,118,7900,56.02598014565792
evolution_strategy,rastrigin,118,8000,56.02598014565792
evolution_strategy,rastrigin,118,8100,56.02598014565792
evolution_strategy,rastrigin,118,8200,56.02598014565792
evolution_strategy,rastrigin,118,8300,56.02598014565792
evolution_strategy,rastrigin,118,8400,56.02598014565792
evolution_strategy,rastrigin,118,8500,56.02598014565792
evolution_strategy,rastrigin,118,8600,56.02598014565792
evolution_strategy,rastrigin,118,8700,56.02598014565792
evolution_strategy,rastrigin,118,8800,56.02598014565792
evolution_strategy,rastrigin,118,8900,56.02598014565792
evolution_strategy,rastrigin,118,9000,56.02598014565792
evolution_strategy,rastrigin,118,9100,56.02598014565792
evolution_strategy,rastrigin,118,9200,56.02598014565792
evolution_strategy,rastrigin,118,9300,56.02598014565792
evolution_strategy,rastrigin,118,9400,56.02598014565792
evolution_strategy,rastrigin,118,9500,56.02598014565792
evolution_strategy,rastrigin,118,9600,56.02598014565792
evolution_strategy,rastrigin,118,9700,56.02598014565792
evolution_strategy,rastrigin,118,9800,56.02598014565792
evolution_strategy,rastrigin,118,9900,56.02598014565792
evolution_strategy,rastrigin,118,10000,56.02598014565792
evolution_strategy,rastrigin,118,10100,56.02598014565792
evolution_strategy,rastrigin,118,10200,56.02598014565792
evolution_strategy,rastrigin,118,10300,56.02598014565792
evolution_strategy,rastrigin,118,10400,56.02598014565792
evolution_strategy,rastrigin,118,10500,56.02598014565792
evolution_strategy,rastrigin,118,10600,56.02598014565792
evolution_strategy,rastrigin,118,10700,56.02598014565792
evolution_strategy,rastrigin,118,10800,56.02598014565792
evolution_strategy,rastrigin,118,10900,56.02598014565792
evolution_strategy,rastrigin,118,11000,56.02598014565792
evolution_strategy,rastrigin,118,11100,56.02598014565792
evolution_strategy,rastrigin,118,11200,56.02598014565792
evolution_strategy,rastrigin,118,11300,56.02598014565792
evolution_strategy,rastrigin,118,11400,56.02598014565792
evolution_strategy,rastrigin,118,11500,56.02598014565792
evolution_strategy,rastrigin,118,11600,56.02598014565792
evolution_strategy,rastrigin,118,11700,56.02598014565792
evolution_strategy,rastrigin,118,11800,56.02598014565792
evolution_strategy,rastrigin,118,11900,56.02598014565792
evolution_strategy,rastrigin,118,12000,56.02598014565792
evolution_strategy,rastrigin,118,12100,56.02598014565792
evolution_strategy,rastrigin,118,12200,56.02598014565792
evolution_strategy,rastrigin,118,12300,56.02598014565792
evolution_strategy,rastrigin,118,12400,56.02598014565792
evolution_strategy,rastrigin,118,12500,56.02598014565792
evolution_strategy,rastrigin,118,12600,56.02598014565792
evolution_strategy,rastrigin,118,12700,56.02598014565792
evolution_strategy,rastrigin,118,12800,56.02598014565792
evolution_strategy,rastrigin,118,12900,56.02598014565792
evolution_strategy,rastrigin,118,13000,56.02598014565792
evolution_strategy,rastrigin,118,13100,56.02598014565792
evolution_strategy,rastrigin,118,13200,56.02598014565792
evolution_strategy,rastrigin,118,13300,56.02598014565792
evolution_strategy,rastrigin,118,13400,56.02598014565792
evolution_strategy,rastrigin,118,13500,56.02598014565792
evolution_strategy,rastrigin,118,13600,56.02598014565792
evolution_strategy,rastrigin,118,13700,56.02598014565792
evolution_strategy,rastrigin,118,13800,56.02598014565792
evolution_strategy,rastrigin,118,13900,56.02598014565792
evolution_strategy,rastrigin,118,14000,56.02598014565792
evolution_strategy,rastrigin,118,14100,56.02598014565792
evolution_strategy,rastrigin,118,14200,56.02598014565792
evolution_strategy,rastrigin,118,14300,56.02598014565792
evolution_strategy,rastrigin,118,14400,56.02598014565792
evolution_strategy,rastrigin,118,14500,56.02598014565792
evolution_strategy,rastrigin,118,14600,56.02598014565792
evolution_strategy,rastrigin,118,14700,54.74618914175578
evolution_strategy,rastrigin,118,14800,54.74618914175578
evolution_strategy,rastrigin,118,14900,54.74618914175578
evolution_strategy,rastrigin,118,15000,54.74618914175578
evolution_strategy,rastrigin,118,15100,54.74618914175578
evolution_strategy,rastrigin,118,15200,54.74618914175578
evolution_strategy,rastrigin,118,15300,54.74618914175578
evolution_strategy,rastrigin,118,15400,54.74618914175578
evolution_strategy,rastrigin,118,15500,54.74618914175578
evolution_strategy,rastrigin,118,15600,54.74618914175578
evolution_strategy,rastrigin,118,15700,54.74618914175578
evolution_strategy,rastrigin,118,15800,54.74618914175578
evolution_strategy,rastrigin,118,15900,54.74618914175578
evolution_strategy,rastrigin,118,16000,54.74618914175578
evolution_strategy,rastrigin,118,16100,54.74618914175578
evolution_strategy,rastrigin,118,16200,54.74618914175578
evolution_strategy,rastrigin,118,16300,54.74618914175578
evolution_strategy,rastrigin,118,16400,54.74618914175578
evolution_strategy,rastrigin,118,16500,54.74618914175578
evolution_strategy,rastrigin,118,16600,54.74618914175578
evolution_strategy,rastrigin,118,16700,54.74618914175578
evolution_strategy,rastrigin,118,16800,54.74618914175578
evolution_strategy,rastrigin,118,16900,54.74618914175578
evolution_strategy,rastrigin,118,17000,54.74618914175578
evolution_strategy,rastrigin,118,17100,54.74618914175578
evolution_strategy,rastrigin,118,17200,54.74618914175578
evolution_strategy,rastrigin,118,17300,54.74618914175578
evolution_strategy,rastrigin,118,17400,54.74618914175578
evolution_strategy,rastrigin,118,17500,54.74618914175578
evolution_strategy,rastrigin,118,17600,54.74618914175578
evolution_strategy,rastrigin,118,17700,54.74618914175578
evolution_strategy,rastrigin,118,17800,54.74618914175578
evolution_strategy,rastrigin,118,17900,54.74618914175578
evolution_strategy,rastrigin,118,18000,54.74618914175578
evolution_strategy,rastrigin,118,18100,54.74618914175578
evolution_strategy,rastrigin,118,18200,54.74618914175578
evolution_strategy,rastrigin,118,18300,54.74618914175578
evolution_strategy,rastrigin,118,18400,54.74618914175578
evolution_strategy,rastrigin,118,18500,54.74618914175578
evolution_strategy,rastrigin,118,18600,54.74618914175578
evolution_strategy,rastrigin,118,18700,54.74618914175578
evolution_strategy,rastrigin,118,18800,54.74618914175578
evolution_strategy,rastrigin,118,18900,54.74618914175578
evolution_strategy,rastrigin,118,19000,54.74618914175578
evolution_strategy,rastrigin,118,19100,54.74618914175578
evolution_strategy,rastrigin,118,19200,54.74618914175578
evolution_strategy,rastrigin,118,19300,54.74618914175578
evolution_strategy,rastrigin,118,19400,54.74618914175578
evolution_strategy,rastrigin,118,19500,54.74618914175578
evolution_strategy,rastrigin,118,19600,54.74618914175578
evolution_strategy,rastrigin,118,19700,54.74618914175578
evolution_strategy,rastrigin,118,19800,54.74618914175578
evolution_strategy,rastrigin,118,19900,54.74618914175578
evolution_strategy,rastrigin,118,20000,54.74618914175578
evolution_strategy,rastrigin,119,100,108.51410964357676
evolution_strategy,rastrigin,119,200,95.32455177997869
evolution_strategy,rastrigin,119,300,75.94836755422926
evolution_strategy,rastrigin,119,400,44.82550998562726
evolution_strategy,rastrigin,119,500,43.01675367098699
evolution_strategy,rastrigin,119,600,33.03488959093352
evolution_strategy,rastrigin,119,700,33.03488959093352
evolution_strategy,rastrigin,119,800,29.824687822078445
evolution_strategy,rastrigin,119,900,28.103379054813644
evolution_strategy,rastrigin,119,1000,27.292761306958056
evolution_strategy,rastrigin,119,1100,27.292761306958056
evolution_strategy,rastrigin,119,1200,27.292761306958056
evolution_strategy,rastrigin,119,1300,27.292761306958056
evolution_strategy,rastrigin,119,1400,26.620948896159774
evolution_strategy,rastrigin,119,1500,26.620948896159774
evolution_strategy,rastrigin,119,1600,26.594773171546123
evolution_strategy,rastrigin,119,1700,26.304758079136576
evolution_strategy,rastrigin,119,1800,26.304758079136576
evolution_strategy,rastrigin,119,1900,26.304758079136576
evolution_strategy,rastrigin,119,2000,26.304758079136576
evolution_strategy,rastrigin,119,2100,25.394933116603312
evolution_strategy,rastrigin,119,2200,25.394933116603312
evolution_strategy,rastrigin,119,2300,25.394933116603312
evolution_strategy,rastrigin,119,2400,25.120728090205233
evolution_strategy,rastrigin,119,2500,25.120728090205233
evolution_strategy,rastrigin,119,2600,25.104559074992935
evolution_strategy,rastrigin,119,2700,24.971655334810066
evolution_strategy,rastrigin,119,2800,24.971655334810066
evolution_strategy,rastrigin,119,2900,24.38816777105336
evolution_strategy,rastrigin,119,3000,24.38816777105336
evolution_strategy,rastrigin,119,3100,24.38816777105336
evolution_strategy,rastrigin,119,3200,24.38816777105336
evolution_strategy,rastrigin,119,3300,24.38816777105336
evolution_strategy,rastrigin,119,3400,24.38816777105336
evolution_strategy,rastrigin,119,3500,24.38816777105336
evolution_strategy,rastrigin,119,3600,24.38816777105336
evolution_strategy,rastrigin,119,3700,24.38816777105336
evolution_strategy,rastrigin,119,3800,24.38816777105336
evolution_strategy,rastrigin,119,3900,24.38816777105336
evolution_strategy,rastrigin,119,4000,24.38816777105336
evolution_strategy,rastrigin,119,4100,24.38816777105336
evolution_strategy,rastrigin,119,4200,24.38816777105336
evolution_strategy,rastrigin,119,4300,24.38816777105336
evolution_strategy,rastrigin,119,4400,24.38816777105336
evolution_strategy,rastrigin,119,4500,24.38816777105336
evolution_strategy,rastrigin,119,4600,24.38816777105336
evolution_strategy,rastrigin,119,4700,24.38816777105336
evolution_strategy,rastrigin,119,4800,24.38816777105336
evolution_strategy,rastrigin,119,4900,24.38816777105336
evolution_strategy,rastrigin,119,5000,24.38816777105336
evolution_strategy,rastrigin,119,5100,24.38816777105336
evolution_strategy,rastrigin,119,5200,24.38816777105336
evolution_strategy,rastrigin,119,5300,24.38816777105336
evolution_strategy,rastrigin,119,5400,24.38816777105336
evolution_strategy,rastrigin,119,5500,24.38816777105336
evolution_strategy,rastrigin,119,5600,24.38816777105336
evolution_strategy,rastrigin,119,5700,24.38816777105336
evolution_strategy,rastrigin,119,5800,24.38816777105336
evolution_strategy,rastrigin,119,5900,24.38816777105336
evolution_strategy,rastrigin,119,6000,24.38816777105336
evolution_strategy,rastrigin,119,6100,24.38816777105336
evolution_strategy,rastrigin,119,6200,24.38816777105336
evolution_strategy,rastrigin,119,6300,24.38816777105336
evolution_strategy,rastrigin,119,6400,24.38816777105336
evolution_strategy,rastrigin,119,6500,24.38816777105336
evolution_strategy,rastrigin,119,6600,24.38816777105336
evolution_strategy,rastrigin,119,6700,24.38816777105336
evolution_strategy,rastrigin,119,6800,24.38816777105336
evolution_strategy,rastrigin,119,6900,22.667032193062497
evolution_strategy,rastrigin,119,7000,22.667032193062497
evolution_strategy,rastrigin,119,7100,22.667032193062497
evolution_strategy,rastrigin,119,7200,22.667032193062497
evolution_strategy,rastrigin,119,7300,22.667032193062497
evolution_strategy,rastrigin,119,7400,22.667032193062497
evolution_strategy,rastrigin,119,7500,22.667032193062497
evolution_strategy,rastrigin,119,7600,22.667032193062497
evolution_strategy,rastrigin,119,7700,22.667032193062497
evolution_strategy,rastrigin,119,7800,22.667032193062497
evolution_strategy,rastrigin,119,7900,22.667032193062497
evolution_strategy,rastrigin,119,8000,22.667032193062497
evolution_strategy,rastrigin,119,8100,22.667032193062497
evolution_strategy,rastrigin,119,8200,22.667032193062497
evolution_strategy,rastrigin,119,8300,22.667032193062497
evolution_strategy,rastrigin,119,8400,22.667032193062497
evolution_strategy,rastrigin,119,8500,22.667032193062497
evolution_strategy,rastrigin,119,8600,22.667032193062497
evolution_strategy,rastrigin,119,8700,22.667032193062497
evolution_strategy,rastrigin,119,8800,22.667032193062497
evolution_strategy,rastrigin,119,8900,22.667032193062497
evolution_strategy,rastrigin,119,9000,22.667032193062497
evolution_strategy,rastrigin,119,9100,22.667032193062497
evolution_strategy,rastrigin,119,9200,22.667032193062497
evolution_strategy,rastrigin,119,9300,22.667032193062497
evolution_strategy,rastrigin,119,9400,22.667032193062497
evolution_strategy,rastrigin,119,9500,22.667032193062497
evolution_strategy,rastrigin,119,9600,22.667032193062497
evolution_strategy,rastrigin,119,9700,22.667032193062497
evolution_strategy,rastrigin,119,9800,22.667032193062497
evolution_strategy,rastrigin,119,9900,22.667032193062497
evolution_strategy,rastrigin,119,10000,22.667032193062497
evolution_strategy,rastrigin,119,10100,22.667032193062497
evolution_strategy,rastrigin,119,10200,22.667032193062497
evolution_strategy,rastrigin,119,10300,22.667032193062497
evolution_strategy,rastrigin,119,10400,22.667032193062497
evolution_strategy,rastrigin,119,10500,22.667032193062497
evolution_strategy,rastrigin,119,10600,22.667032193062497
evolution_strategy,rastrigin,119,10700,22.667032193062497
evolution_strategy,rastrigin,119,10800,22.667032193062497
evolution_strategy,rastrigin,119,10900,22.667032193062497
evolution_strategy,rastrigin,119,11000,22.667032193062497
evolution_strategy,rastrigin,119,11100,22.667032193062497
evolution_strategy,rastrigin,119,11200,22.667032193062497
evolution_strategy,rastrigin,119,11300,22.667032193062497
evolution_strategy,rastrigin,119,11400,22.667032193062497
evolution_strategy,rastrigin,119,11500,22.667032193062497
evolution_strategy,rastrigin,119,11600,22.667032193062497
evolution_strategy,rastrigin,119,11700,22.667032193062497
evolution_strategy,rastrigin,119,11800,22.667032193062497
evolution_strategy,rastrigin,119,11900,22.667032193062497
evolution_strategy,rastrigin,119,12000,22.667032193062497
evolution_strategy,rastrigin,119,12100,22.667032193062497
evolution_strategy,rastrigin,119,12200,22.667032193062497
evolution_strategy,rastrigin,119,12300,22.667032193062497
evolution_strategy,rastrigin,119,12400,22.667032193062497
evolution_strategy,rastrigin,119,12500,22.667032193062497
evolution_strategy,rastrigin,119,12600,22.667032193062497
evolution_strategy,rastrigin,119,12700,22.667032193062497
evolution_strategy,rastrigin,119,12800,22.667032193062497
evolution_strategy,rastrigin,119,12900,22.667032193062497
evolution_strategy,rastrigin,119,13000,22.667032193062497
evolution_strategy,rastrigin,119,13100,22.667032193062497
evolution_strategy,rastrigin,119,13200,22.667032193062497
evolution_strategy,rastrigin,119,13300,22.667032193062497
evolution_strategy,rastrigin,119,13400,22.667032193062497
evolution_strategy,rastrigin,119,13500,22.667032193062497
evolution_strategy,rastrigin,119,13600,22.667032193062497
evolution_strategy,rastrigin,119,13700,22.667032193062497
evolution_strategy,rastrigin,119,13800,22.667032193062497
evolution_strategy,rastrigin,119,13900,22.667032193062497
evolution_strategy,rastrigin,119,14000,22.667032193062497
evolution_strategy,rastrigin,119,14100,22.667032193062497
evolution_strategy,rastrigin,119,14200,22.4463690668521
evolution_strategy,rastrigin,119,14300,22.4463690668521
evolution_strategy,rastrigin,119,14400,22.4463690668521
evolution_strategy,rastrigin,119,14500,22.4463690668521
evolution_strategy,rastrigin,119,14600,22.4463690668521
evolution_strategy,rastrigin,119,14700,22.4463690668521
evolution_strategy,rastrigin,119,14800,22.4463690668521
evolution_strategy,rastrigin,119,14900,22.4463690668521
evolution_strategy,rastrigin,119,15000,22.4463690668521
evolution_strategy,rastrigin,119,15100,22.4463690668521
evolution_strategy,rastrigin,119,15200,22.4463690668521
evolution_strategy,rastrigin,119,15300,22.4463690668521
evolution_strategy,rastrigin,119,15400,22.4463690668521
evolution_strategy,rastrigin,119,15500,22.4463690668521
evolution_strategy,rastrigin,119,15600,22.4463690668521
evolution_strategy,rastrigin,119,15700,22.4463690668521
evolution_strategy,rastrigin,119,15800,22.4463690668521
evolution_strategy,rastrigin,119,15900,22.4463690668521
evolution_strategy,rastrigin,119,16000,22.4463690668521
evolution_strategy,rastrigin,119,16100,22.4463690668521
evolution_strategy,rastrigin,119,16200,22.4463690668521
evolution_strategy,rastrigin,119,16300,22.4463690668521
evolution_strategy,rastrigin,119,16400,22.4463690668521
evolution_strategy,rastrigin,119,16500,22.4463690668521
evolution_strategy,rastrigin,119,16600,22.4463690668521
evolution_strategy,rastrigin,119,16700,22.4463690668521
evolution_strategy,rastrigin,119,16800,22.4463690668521
evolution_strategy,rastrigin,119,16900,22.4463690668521
evolution_strategy,rastrigin,119,17000,22.4463690668521
evolution_strategy,rastrigin,119,17100,22.4463690668521
evolution_strategy,rastrigin,119,17200,22.4463690668521
evolution_strategy,rastrigin,119,17300,22.4463690668521
evolution_strategy,rastrigin,119,17400,22.4463690668521
evolution_strategy,rastrigin,119,17500,22.4463690668521
evolution_strategy,rastrigin,119,17600,22.4463690668521
evolution_strategy,rastrigin,119,17700,22.4463690668521
evolution_strategy,rastrigin,119,17800,22.4463690668521
evolution_strategy,rastrigin,119,17900,22.4463690668521
evolution_strategy,rastrigin,119,18000,22.4463690668521
evolution_strategy,rastrigin,119,18100,22.4463690668521
evolution_strategy,rastrigin,119,18200,22.4463690668521
evolution_strategy,rastrigin,119,18300,22.4463690668521
evolution_strategy,rastrigin,119,18400,22.4463690668521
evolution_strategy,rastrigin,119,18500,22.4463690668521
evolution_strategy,rastrigin,119,18600,22.4463690668521
evolution_strategy,rastrigin,119,18700,22.4463690668521
evolution_strategy,rastrigin,119,18800,22.4463690668521
evolution_strategy,rastrigin,119,18900,22.4463690668521
evolution_strategy,rastrigin,119,19000,22.4463690668521
evolution_strategy,rastrigin,119,19100,22.4463690668521
evolution_strategy,rastrigin,119,19200,22.4463690668521
evolution_strategy,rastrigin,119,19300,22.4463690668521
evolution_strategy,rastrigin,119,19400,22.4463690668521
evolution_strategy,rastrigin,119,19500,22.4463690668521
evolution_strategy,rastrigin,119,19600,22.4463690668521
evolution_strategy,rastrigin,119,19700,22.4463690668521
evolution_strategy,rastrigin,119,19800,22.4463690668521
evolution_strategy,rastrigin,119,19900,22.4463690668521
evolution_strategy,rastrigin,119,20000,22.4463690668521
