algorithm,benchmark,seed,evaluations,best_value
evolution_strategy,rosenbrock,100,100,170708.79917784146
evolution_strategy,rosenbrock,100,200,158772.65065002418
evolution_strategy,rosenbrock,100,300,140165.98121127064
evolution_strategy,rosenbrock,100,400,118791.38501914956
evolution_strategy,rosenbrock,100,500,104452.35280110071
evolution_strategy,rosenbrock,100,600,89387.66166034836
evolution_strategy,rosenbrock,100,700,76074.05911632329
evolution_strategy,rosenbrock,100,800,65793.20478537065
evolution_strategy,rosenbrock,100,900,55700.006981567494
evolution_strategy,rosenbrock,100,1000,43652.6365699056
evolution_strategy,rosenbrock,100,1100,37604.26416294718
evolution_strategy,rosenbrock,100,1200,30685.52577504631
evolution_strategy,rosenbrock,100,1300,24694.88837153625
evolution_strategy,rosenbrock,100,1400,20880.439072039466
evolution_strategy,rosenbrock,100,1500,16575.37678877839
evolution_strategy,rosenbrock,100,1600,12324.659479714168
evolution_strategy,rosenbrock,100,1700,10626.93714815396
evolution_strategy,rosenbrock,100,1800,8480.294094846819
evolution_strategy,rosenbrock,100,1900,6513.586319116511
evolution_strategy,rosenbrock,100,2000,5082.225759016806
evolution_strategy,rosenbrock,100,2100,4298.217216332217
evolution_strategy,rosenbrock,100,2200,3047.842316865949
evolution_strategy,rosenbrock,100,2300,2309.83363098198
evolution_strategy,rosenbrock,100,2400,1808.9860784864657
evolution_strategy,rosenbrock,100,2500,1501.8872878536397
evolution_strategy,rosenbrock,100,2600,1197.6232895708101
evolution_strategy,rosenbrock,100,2700,963.1477534759379
evolution_strategy,rosenbrock,100,2800,736.3831035966565
evolution_strategy,rosenbrock,100,2900,630.0983542607554
evolution_strategy,rosenbrock,100,3000,575.3712296315501
evolution_strategy,rosenbrock,100,3100,546.3959176932239
evolution_strategy,rosenbrock,100,3200,524.3635881729955
evolution_strategy,rosenbrock,100,3300,504.25214356418775
evolution_strategy,rosenbrock,100,3400,481.241990128335
evolution_strategy,rosenbrock,100,3500,449.79035872823016
evolution_strategy,rosenbrock,100,3600,437.6783379113642
evolution_strategy,rosenbrock,100,3700,423.0029076624693
evolution_strategy,rosenbrock,100,3800,416.13738899627003
evolution_strategy,rosenbrock,100,3900,394.0140634189967
evolution_strategy,rosenbrock,100,4000,370.3690150929552
evolution_strategy,rosenbrock,100,4100,324.33635154672083
evolution_strategy,rosenbrock,100,4200,320.26510617735727
evolution_strategy,rosenbrock,100,4300,293.10014053735375
evolution_strategy,rosenbrock,100,4400,270.4587218169635
evolution_strategy,rosenbrock,100,4500,238.04113258379266
evolution_strategy,rosenbrock,100,4600,224.5897181272768
evolution_strategy,rosenbrock,100,4700,199.57569634302007
evolution_strategy,rosenbrock,100,4800,164.17630401342313
evolution_strategy,rosenbrock,100,4900,143.5284215248531
evolution_strategy,rosenbrock,100,5000,121.49177390117131
evolution_strategy,rosenbrock,100,5100,99.90985407911978
evolution_strategy,rosenbrock,100,5200,78.65012511619025
evolution_strategy,rosenbrock,100,5300,68.02829691132504
evolution_strategy,rosenbrock,100,5400,39.385641615482356
evolution_strategy,rosenbrock,100,5500,24.575052664610176
evolution_strategy,rosenbrock,100,5600,17.139503466348437
evolution_strategy,rosenbrock,100,5700,9.901611687078427
evolution_strategy,rosenbrock,100,5800,9.901611687078427
evolution_strategy,rosenbrock,100,5900,9.051524619496284
evolution_strategy,rosenbrock,100,6000,9.051524619496284
evolution_strategy,rosenbrock,100,6100,9.051524619496284
evolution_strategy,rosenbrock,100,6200,8.411465017976587
evolution_strategy,rosenbrock,100,6300,8.128909176494778
evolution_strategy,rosenbrock,100,6400,8.128909176494778
evolution_strategy,rosenbrock,100,6500,8.128909176494778
evolution_strategy,rosenbrock,100,6600,8.128909176494778
evolution_strategy,rosenbrock,100,6700,8.128909176494778
evolution_strategy,rosenbrock,100,6800,8.128909176494778
evolution_strategy,rosenbrock,100,6900,8.128909176494778
evolution_strategy,rosenbrock,100,7000,8.128909176494778
evolution_strategy,rosenbrock,100,7100,8.128909176494778
evolution_strategy,rosenbrock,100,7200,8.128909176494778
evolution_strategy,rosenbrock,100,7300,8.128909176494778
evolution_strategy,rosenbrock,100,7400,7.777223812658159
evolution_strategy,rosenbrock,100,7500,7.777223812658159
evolution_strategy,rosenbrock,100,7600,7.777223812658159
evolution_strategy,rosenbrock,100,7700,7.777223812658159
evolution_strategy,rosenbrock,100,7800,7.777223812658159
evolution_strategy,rosenbrock,100,7900,7.777223812658159
evolution_strategy,rosenbrock,100,8000,7.777223812658159
evolution_strategy,rosenbrock,100,8100,7.777223812658159
evolution_strategy,rosenbrock,100,8200,7.777223812658159
evolution_strategy,rosenbrock,100,8300,7.777223812658159
evolution_strategy,rosenbrock,100,8400,7.777223812658159
evolution_strategy,rosenbrock,100,8500,7.777223812658159
evolution_strategy,rosenbrock,100,8600,7.777223812658159
evolution_strategy,rosenbrock,100,8700,7.777223812658159
evolution_strategy,rosenbrock,100,8800,7.777223812658159
evolution_strategy,rosenbrock,100,8900,7.777223812658159
evolution_strategy,rosenbrock,100,9000,7.777223812658159
evolution_strategy,rosenbrock,100,9100,7.777223812658159
evolution_strategy,rosenbrock,100,9200,7.777223812658159
evolution_strategy,rosenbrock,100,9300,7.777223812658159
evolution_strategy,rosenbrock,100,9400,6.538336892172909
evolution_strategy,rosenbrock,100,9500,5.320444045761294
evolution_strategy,rosenbrock,100,9600,5.320444045761294
evolution_strategy,rosenbrock,100,9700,5.320444045761294
evolution_strategy,rosenbrock,100,9800,5.320444045761294
evolution_strategy,rosenbrock,100,9900,5.320444045761294
evolution_strategy,rosenbrock,100,10000,5.320444045761294
evolution_strategy,rosenbrock,100,10100,5.320444045761294
evolution_strategy,rosenbrock,100,10200,5.320444045761294
evolution_strategy,rosenbrock,100,10300,5.320444045761294
evolution_strategy,rosenbrock,100,10400,5.320444045761294
evolution_strategy,rosenbrock,100,10500,5.320444045761294
evolution_strategy,rosenbrock,100,10600,5.320444045761294
evolution_strategy,rosenbrock,100,10700,5.320444045761294
evolution_strategy,rosenbrock,100,10800,5.320444045761294
evolution_strategy,rosenbrock,100,10900,5.320444045761294
evolution_strategy,rosenbrock,100,11000,5.320444045761294
evolution_strategy,rosenbrock,100,11100,5.320444045761294
evolution_strategy,rosenbrock,100,11200,5.320444045761294
evolution_strategy,rosenbrock,100,11300,5.320444045761294
evolution_strategy,rosenbrock,100,11400,5.320444045761294
evolution_strategy,rosenbrock,100,11500,5.320444045761294
evolution_strategy,rosenbrock,100,11600,5.320444045761294
evolution_strategy,rosenbrock,100,11700,5.320444045761294
evolution_strategy,rosenbrock,100,11800,5.320444045761294
evolution_strategy,rosenbrock,100,11900,5.320444045761294
evolution_strategy,rosenbrock,100,12000,5.320444045761294
evolution_strategy,rosenbrock,100,12100,5.320444045761294
evolution_strategy,rosenbrock,100,12200,5.320444045761294
evolution_strategy,rosenbrock,100,12300,5.320444045761294
evolution_strategy,rosenbrock,100,12400,5.320444045761294
evolution_strategy,rosenbrock,100,12500,5.320444045761294
evolution_strategy,rosenbrock,100,12600,5.320444045761294
evolution_strategy,rosenbrock,100,12700,5.320444045761294
evolution_strategy,rosenbrock,100,12800,5.320444045761294
evolution_strategy,rosenbrock,100,12900,5.320444045761294
evolution_strategy,rosenbrock,100,13000,5.320444045761294
evolution_strategy,rosenbrock,100,13100,5.320444045761294
evolution_strategy,rosenbrock,100,13200,5.320444045761294
evolution_strategy,rosenbrock,100,13300,5.320444045761294
evolution_strategy,rosenbrock,100,13400,5.320444045761294
evolution_strategy,rosenbrock,100,13500,5.320444045761294
evolution_strategy,rosenbrock,100,13600,5.320444045761294
evolution_strategy,rosenbrock,100,13700,5.320444045761294
evolution_strategy,rosenbrock,100,13800,5.320444045761294
evolution_strategy,rosenbrock,100,13900,5.320444045761294
evolution_strategy,rosenbrock,100,14000,5.320444045761294
evolution_strategy,rosenbrock,100,14100,5.320444045761294
evolution_strategy,rosenbrock,100,14200,5.320444045761294
evolution_strategy,rosenbrock,100,14300,5.320444045761294
evolution_strategy,rosenbrock,100,14400,5.320444045761294
evolution_strategy,rosenbrock,100,14500,5.320444045761294
evolution_strategy,rosenbrock,100,14600,5.320444045761294
evolution_strategy,rosenbrock,100,14700,5.320444045761294
evolution_strategy,rosenbrock,100,14800,5.320444045761294
evolution_strategy,rosenbrock,100,14900,5.320444045761294
evolution_strategy,rosenbrock,100,15000,5.320444045761294
evolution_strategy,rosenbrock,100,15100,5.320444045761294
evolution_strategy,rosenbrock,100,15200,5.320444045761294
evolution_strategy,rosenbrock,100,15300,5.320444045761294
evolution_strategy,rosenbrock,100,15400,5.320444045761294
evolution_strategy,rosenbrock,100,15500,5.320444045761294
evolution_strategy,rosenbrock,100,15600,5.320444045761294
evolution_strategy,rosenbrock,100,15700,5.320444045761294
evolution_strategy,rosenbrock,100,15800,5.320444045761294
evolution_strategy,rosenbrock,100,15900,5.320444045761294
evolution_strategy,rosenbrock,100,16000,5.306767043796251
evolution_strategy,rosenbrock,100,16100,5.306767043796251
evolution_strategy,rosenbrock,100,16200,5.306767043796251
evolution_strategy,rosenbrock,100,16300,5.306767043796251
evolution_strategy,rosenbrock,100,16400,5.306767043796251
evolution_strategy,rosenbrock,100,16500,5.306767043796251
evolution_strategy,rosenbrock,100,16600,5.306767043796251
evolution_strategy,rosenbrock,100,16700,5.306767043796251
evolution_strategy,rosenbrock,100,16800,5.306767043796251
evolution_strategy,rosenbrock,100,16900,5.306767043796251
evolution_strategy,rosenbrock,100,17000,5.306767043796251
evolution_strategy,rosenbrock,100,17100,5.306767043796251
evolution_strategy,rosenbrock,100,17200,5.306767043796251
evolution_strategy,rosenbrock,100,17300,5.306767043796251
evolution_strategy,rosenbrock,100,17400,5.306767043796251
evolution_strategy,rosenbrock,100,17500,5.306767043796251
evolution_strategy,rosenbrock,100,17600,5.306767043796251
evolution_strategy,rosenbrock,100,17700,5.306767043796251
evolution_strategy,rosenbrock,100,17800,5.306767043796251
evolution_strategy,rosenbrock,100,17900,5.306767043796251
evolution_strategy,rosenbrock,100,18000,5.306767043796251
evolution_strategy,rosenbrock,100,18100,5.306767043796251
evolution_strategy,rosenbrock,100,18200,5.306767043796251
evolution_strategy,rosenbrock,100,18300,5.306767043796251
evolution_strategy,rosenbrock,100,18400,5.306767043796251
evolution_strategy,rosenbrock,100,18500,5.306767043796251
evolution_strategy,rosenbrock,100,18600,5.306767043796251
evolution_strategy,rosenbrock,100,18700,5.306767043796251
evolution_strategy,rosenbrock,100,18800,5.306767043796251
evolution_strategy,rosenbrock,100,18900,5.306767043796251
evolution_strategy,rosenbrock,100,19000,5.306767043796251
evolution_strategy,rosenbrock,100,19100,5.306767043796251
evolution_strategy,rosenbrock,100,19200,5.306767043796251
evolution_strategy,rosenbrock,100,19300,5.306767043796251
evolution_strategy,rosenbrock,100,19400,5.306767043796251
evolution_strategy,rosenbrock,100,19500,5.306767043796251
evolution_strategy,rosenbrock,100,19600,5.306767043796251
evolution_strategy,rosenbrock,100,19700,5.306767043796251
evolution_strategy,rosenbrock,100,19800,5.306767043796251
evolution_strategy,rosenbrock,100,19900,5.306767043796251
evolution_strategy,rosenbrock,100,20000,5.306767043796251
evolution_strategy,rosenbrock,101,100,70333.27857397308
evolution_strategy,rosenbrock,101,200,61767.50822484254
evolution_strategy,rosenbrock,101,300,55367.874424387526
evolution_strategy,rosenbrock,101,400,45376.87870678037
evolution_strategy,rosenbrock,101,500,40172.48832339881
evolution_strategy,rosenbrock,101,600,32389.17612070827
evolution_strategy,rosenbrock,101,700,27910.703013342023
evolution_strategy,rosenbrock,101,800,22065.982960524543
evolution_strategy,rosenbrock,101,900,18521.972046248837
evolution_strategy,rosenbrock,101,1000,14452.479606770557
evolution_strategy,rosenbrock,101,1100,10694.347478685842
evolution_strategy,rosenbrock,101,1200,8207.68636611122
evolution_strategy,rosenbrock,101,1300,6683.615354265706
evolution_strategy,rosenbrock,101,1400,5143.418358865917
evolution_strategy,rosenbrock,101,1500,3779.679911279317
evolution_strategy,rosenbrock,101,1600,3038.358175739148
evolution_strategy,rosenbrock,101,1700,2171.3672690567764
evolution_strategy,rosenbrock,101,1800,1786.7502211789872
evolution_strategy,rosenbrock,101,1900,1221.7879786772721
evolution_strategy,rosenbrock,101,2000,900.960190367639
evolution_strategy,rosenbrock,101,2100,666.0550477253767
evolution_strategy,rosenbrock,101,2200,544.4213754028915
evolution_strategy,rosenbrock,101,2300,490.7129016023638
evolution_strategy,rosenbrock,101,2400,354.7707442869699
evolution_strategy,rosenbrock,101,2500,310.3467957924782
evolution_strategy,rosenbrock,101,2600,260.7019683412113
evolution_strategy,rosenbrock,101,2700,245.59145061969895
evolution_strategy,rosenbrock,101,2800,228.8190506246071
evolution_strategy,rosenbrock,101,2900,224.56101407246587
evolution_strategy,rosenbrock,101,3000,224.56101407246587
evolution_strategy,rosenbrock,101,3100,222.57048613415225
evolution_strategy,rosenbrock,101,3200,222.57048613415225
evolution_strategy,rosenbrock,101,3300,211.9501389583858
evolution_strategy,rosenbrock,101,3400,211.9501389583858
evolution_strategy,rosenbrock,101,3500,209.84335360619554
evolution_strategy,rosenbrock,101,3600,205.1987989678744
evolution_strategy,rosenbrock,101,3700,199.35362933651362
evolution_strategy,rosenbrock,101,3800,199.35362933651362
evolution_strategy,rosenbrock,101,3900,195.6085741039478
evolution_strategy,rosenbrock,101,4000,195.6085741039478
evolution_strategy,rosenbrock,101,4100,195.6085741039478
evolution_strategy,rosenbrock,101,4200,186.83588210700498
evolution_strategy,rosenbrock,101,4300,186.83588210700498
evolution_strategy,rosenbrock,101,4400,186.83588210700498
evolution_strategy,rosenbrock,101,4500,180.00387874725314
evolution_strategy,rosenbrock,101,4600,175.95416372825275
evolution_strategy,rosenbrock,101,4700,158.63464040623043
evolution_strategy,rosenbrock,101,4800,158.63464040623043
evolution_strategy,rosenbrock,101,4900,153.36382116977802
evolution_strategy,rosenbrock,101,5000,151.20522533009472
evolution_strategy,rosenbrock,101,5100,147.28259888701982
evolution_strategy,rosenbrock,101,5200,144.19554058708852
evolution_strategy,rosenbrock,101,5300,140.05659419677627
evolution_strategy,rosenbrock,101,5400,132.41232213946526
evolution_strategy,rosenbrock,101,5500,132.41232213946526
evolution_strategy,rosenbrock,101,5600,129.5618649499264
evolution_strategy,rosenbrock,101,5700,117.28019766013175
evolution_strategy,rosenbrock,101,5800,113.59163132780859
evolution_strategy,rosenbrock,101,5900,108.79370966208226
evolution_strategy,rosenbrock,101,6000,99.27272614149757
evolution_strategy,rosenbrock,101,6100,94.18867014888372
evolution_strategy,rosenbrock,101,6200,85.22452457385472
evolution_strategy,rosenbrock,101,6300,77.64663707209318
evolution_strategy,rosenbrock,101,6400,59.46522429631578
evolution_strategy,rosenbrock,101,6500,44.336688223864996
evolution_strategy,rosenbrock,101,6600,30.370295731830595
evolution_strategy,rosenbrock,101,6700,26.200498455792154
evolution_strategy,rosenbrock,101,6800,21.06186804817609
evolution_strategy,rosenbrock,101,6900,11.780942120355313
evolution_strategy,rosenbrock,101,7000,11.24393987822726
evolution_strategy,rosenbrock,101,7100,10.918549531444423
evolution_strategy,rosenbrock,101,7200,10.918549531444423
evolution_strategy,rosenbrock,101,7300,10.918549531444423
evolution_strategy,rosenbrock,101,7400,10.918549531444423
evolution_strategy,rosenbrock,101,7500,10.853566266529906
evolution_strategy,rosenbrock,101,7600,10.687882683166295
evolution_strategy,rosenbrock,101,7700,10.687882683166295
evolution_strategy,rosenbrock,101,7800,10.687882683166295
evolution_strategy,rosenbrock,101,7900,10.687882683166295
evolution_strategy,rosenbrock,101,8000,9.244835708590657
evolution_strategy,rosenbrock,101,8100,9.244835708590657
evolution_strategy,rosenbrock,101,8200,9.244835708590657
evolution_strategy,rosenbrock,101,8300,9.244835708590657
evolution_strategy,rosenbrock,101,8400,9.244835708590657
evolution_strategy,rosenbrock,101,8500,9.244835708590657
evolution_strategy,rosenbrock,101,8600,9.244835708590657
evolution_strategy,rosenbrock,101,8700,9.244835708590657
evolution_strategy,rosenbrock,101,8800,9.244835708590657
evolution_strategy,rosenbrock,101,8900,9.244835708590657
evolution_strategy,rosenbrock,101,9000,9.244835708590657
evolution_strategy,rosenbrock,101,9100,9.244835708590657
evolution_strategy,rosenbrock,101,9200,9.244835708590657
evolution_strategy,rosenbrock,101,9300,9.244835708590657
evolution_strategy,rosenbrock,101,9400,9.244835708590657
evolution_strategy,rosenbrock,101,9500,9.244835708590657
evolution_strategy,rosenbrock,101,9600,9.244835708590657
evolution_strategy,rosenbrock,101,9700,9.244835708590657
evolution_strategy,rosenbrock,101,9800,9.244835708590657
evolution_strategy,rosenbrock,101,9900,9.244835708590657
evolution_strategy,rosenbrock,101,10000,9.244835708590657
evolution_strategy,rosenbrock,101,10100,9.244835708590657
evolution_strategy,rosenbrock,101,10200,9.244835708590657
evolution_strategy,rosenbrock,101,10300,9.244835708590657
evolution_strategy,rosenbrock,101,10400,9.244835708590657
evolution_strategy,rosenbrock,101,10500,9.244835708590657
evolution_strategy,rosenbrock,101,10600,9.244835708590657
evolution_strategy,rosenbrock,101,10700,9.244835708590657
evolution_strategy,rosenbrock,101,10800,9.244835708590657
evolution_strategy,rosenbrock,101,10900,9.244835708590657
evolution_strategy,rosenbrock,101,11000,9.244835708590657
evolution_strategy,rosenbrock,101,11100,9.244835708590657
evolution_strategy,rosenbrock,101,11200,9.244835708590657
evolution_strategy,rosenbrock,101,11300,9.244835708590657
evolution_strategy,rosenbrock,101,11400,9.244835708590657
evolution_strategy,rosenbrock,101,11500,9.244835708590657
evolution_strategy,rosenbrock,101,11600,9.244835708590657
evolution_strategy,rosenbrock,101,11700,9.244835708590657
evolution_strategy,rosenbrock,101,11800,9.244835708590657
evolution_strategy,rosenbrock,101,11900,9.244835708590657
evolution_strategy,rosenbrock,101,12000,9.244835708590657
evolution_strategy,rosenbrock,101,12100,9.244835708590657
evolution_strategy,rosenbrock,101,12200,9.244835708590657
evolution_strategy,rosenbrock,101,12300,9.244835708590657
evolution_strategy,rosenbrock,101,12400,9.244835708590657
evolution_strategy,rosenbrock,101,12500,9.244835708590657
evolution_strategy,rosenbrock,101,12600,9.244835708590657
evolution_strategy,rosenbrock,101,12700,9.244835708590657
evolution_strategy,rosenbrock,101,12800,9.244835708590657
evolution_strategy,rosenbrock,101,12900,9.244835708590657
evolution_strategy,rosenbrock,101,13000,9.244835708590657
evolution_strategy,rosenbrock,101,13100,9.244835708590657
evolution_strategy,rosenbrock,101,13200,9.244835708590657
evolution_strategy,rosenbrock,101,13300,9.244835708590657
evolution_strategy,rosenbrock,101,13400,9.244835708590657
evolution_strategy,rosenbrock,101,13500,9.244835708590657
evolution_strategy,rosenbrock,101,13600,9.244835708590657
evolution_strategy,rosenbrock,101,13700,9.244835708590657
evolution_strategy,rosenbrock,101,13800,8.520376973028656
evolution_strategy,rosenbrock,101,13900,8.520376973028656
evolution_strategy,rosenbrock,101,14000,8.520376973028656
evolution_strategy,rosenbrock,101,14100,8.520376973028656
evolution_strategy,rosenbrock,101,14200,8.520376973028656
evolution_strategy,rosenbrock,101,14300,8.520376973028656
evolution_strategy,rosenbrock,101,14400,8.520376973028656
evolution_strategy,rosenbrock,101,14500,8.520376973028656
evolution_strategy,rosenbrock,101,14600,8.520376973028656
evolution_strategy,rosenbrock,101,14700,8.520376973028656
evolution_strategy,rosenbrock,101,14800,8.520376973028656
evolution_strategy,rosenbrock,101,14900,8.520376973028656
evolution_strategy,rosenbrock,101,15000,8.520376973028656
evolution_strategy,rosenbrock,101,15100,8.520376973028656
evolution_strategy,rosenbrock,101,15200,8.520376973028656
evolution_strategy,rosenbrock,101,15300,8.520376973028656
evolution_strategy,rosenbrock,101,15400,8.520376973028656
evolution_strategy,rosenbrock,101,15500,8.520376973028656
evolution_strategy,rosenbrock,101,15600,8.520376973028656
evolution_strategy,rosenbrock,101,15700,8.520376973028656
evolution_strategy,rosenbrock,101,15800,8.520376973028656
evolution_strategy,rosenbrock,101,15900,8.520376973028656
evolution_strategy,rosenbrock,101,16000,8.520376973028656
evolution_strategy,rosenbrock,101,16100,8.520376973028656
evolution_strategy,rosenbrock,101,16200,8.520376973028656
evolution_strategy,rosenbrock,101,16300,8.520376973028656
evolution_strategy,rosenbrock,101,16400,8.520376973028656
evolution_strategy,rosenbrock,101,16500,8.520376973028656
evolution_strategy,rosenbrock,101,16600,8.520376973028656
evolution_strategy,rosenbrock,101,16700,8.520376973028656
evolution_strategy,rosenbrock,101,16800,8.520376973028656
evolution_strategy,rosenbrock,101,16900,8.520376973028656
evolution_strategy,rosenbrock,101,17000,8.520376973028656
evolution_strategy,rosenbrock,101,17100,8.520376973028656
evolution_strategy,rosenbrock,101,17200,8.520376973028656
evolution_strategy,rosenbrock,101,17300,8.520376973028656
evolution_strategy,rosenbrock,101,17400,8.520376973028656
evolution_strategy,rosenbrock,101,17500,8.520376973028656
evolution_strategy,rosenbrock,101,17600,8.520376973028656
evolution_strategy,rosenbrock,101,17700,8.520376973028656
evolution_strategy,rosenbrock,101,17800,8.520376973028656
evolution_strategy,rosenbrock,101,17900,8.520376973028656
evolution_strategy,rosenbrock,101,18000,8.520376973028656
evolution_strategy,rosenbrock,101,18100,8.520376973028656
evolution_strategy,rosenbrock,101,18200,8.520376973028656
evolution_strategy,rosenbrock,101,18300,8.520376973028656
evolution_strategy,rosenbrock,101,18400,8.520376973028656
evolution_strategy,rosenbrock,101,18500,8.520376973028656
evolution_strategy,rosenbrock,101,18600,8.520376973028656
evolution_strategy,rosenbrock,101,18700,8.520376973028656
evolution_strategy,rosenbrock,101,18800,8.520376973028656
evolution_strategy,rosenbrock,101,18900,8.520376973028656
evolution_strategy,rosenbrock,101,19000,8.520376973028656
evolution_strategy,rosenbrock,101,19100,8.520376973028656
evolution_strategy,rosenbrock,101,19200,8.520376973028656
evolution_strategy,rosenbrock,101,19300,8.520376973028656
evolution_strategy,rosenbrock,101,19400,8.520376973028656
evolution_strategy,rosenbrock,101,19500,8.359233538629505
evolution_strategy,rosenbrock,101,19600,8.359233538629505
evolution_strategy,rosenbrock,101,19700,8.359233538629505
evolution_strategy,rosenbrock,101,19800,8.359233538629505
evolution_strategy,rosenbrock,101,19900,8.359233538629505
evolution_strategy,rosenbrock,101,20000,8.359233538629505
evolution_strategy,rosenbrock,102,100,49150.200805088614
evolution_strategy,rosenbrock,102,200,40672.15507090375
evolution_strategy,rosenbrock,102,300,34044.41903014444
evolution_strategy,rosenbrock,102,400,29539.499711555683
evolution_strategy,rosenbrock,102,500,22257.96802114606
evolution_strategy,rosenbrock,102,600,17400.301220306414
evolution_strategy,rosenbrock,102,700,14358.259390199764
evolution_strategy,rosenbrock,102,800,10799.452010722767
evolution_strategy,rosenbrock,102,900,8650.908939662653
evolution_strategy,rosenbrock,102,1000,6705.795923699873
evolution_strategy,rosenbrock,102,1100,5147.709086067389
evolution_strategy,rosenbrock,102,1200,4029.051821866574
evolution_strategy,rosenbrock,102,1300,2833.61592670132
evolution_strategy,rosenbrock,102,1400,1717.5556256532118
evolution_strategy,rosenbrock,102,1500,1266.2100333063788
evolution_strategy,rosenbrock,102,1600,935.2196811815935
evolution_strategy,rosenbrock,102,1700,590.0749600535448
evolution_strategy,rosenbrock,102,1800,419.6925787420679
evolution_strategy,rosenbrock,102,1900,240.46393613321624
evolution_strategy,rosenbrock,102,2000,182.04456485223432
evolution_strategy,rosenbrock,102,2100,141.33325466249602
evolution_strategy,rosenbrock,102,2200,100.79762186788963
evolution_strategy,rosenbrock,102,2300,66.50094689248348
evolution_strategy,rosenbrock,102,2400,46.20237229436498
evolution_strategy,rosenbrock,102,2500,33.77627894441546
evolution_strategy,rosenbrock,102,2600,27.992362217937718
evolution_strategy,rosenbrock,102,2700,16.062777894801833
evolution_strategy,rosenbrock,102,2800,11.067138178350447
evolution_strategy,rosenbrock,102,2900,11.067138178350447
evolution_strategy,rosenbrock,102,3000,11.067138178350447
evolution_strategy,rosenbrock,102,3100,9.244567692879652
evolution_strategy,rosenbrock,102,3200,9.244567692879652
evolution_strategy,rosenbrock,102,3300,9.244567692879652
evolution_strategy,rosenbrock,102,3400,8.169696214583867
evolution_strategy,rosenbrock,102,3500,8.169696214583867
evolution_strategy,rosenbrock,102,3600,8.169696214583867
evolution_strategy,rosenbrock,102,3700,8.169696214583867
evolution_strategy,rosenbrock,102,3800,8.169696214583867
evolution_strategy,rosenbrock,102,3900,8.169696214583867
evolution_strategy,rosenbrock,102,4000,8.169696214583867
evolution_strategy,rosenbrock,102,4100,8.169696214583867
evolution_strategy,rosenbrock,102,4200,8.169696214583867
evolution_strategy,rosenbrock,102,4300,8.169696214583867
evolution_strategy,rosenbrock,102,4400,8.169696214583867
evolution_strategy,rosenbrock,102,4500,8.169696214583867
evolution_strategy,rosenbrock,102,4600,8.169696214583867
evolution_strategy,rosenbrock,102,4700,8.169696214583867
evolution_strategy,rosenbrock,102,4800,8.169696214583867
evolution_strategy,rosenbrock,102,4900,8.169696214583867
evolution_strategy,rosenbrock,102,5000,8.169696214583867
evolution_strategy,rosenbrock,102,5100,8.169696214583867
evolution_strategy,rosenbrock,102,5200,8.169696214583867
evolution_strategy,rosenbrock,102,5300,8.169696214583867
evolution_strategy,rosenbrock,102,5400,8.169696214583867
evolution_strategy,rosenbrock,102,5500,8.169696214583867
evolution_strategy,rosenbrock,102,5600,8.169696214583867
evolution_strategy,rosenbrock,102,5700,8.169696214583867
evolution_strategy,rosenbrock,102,5800,8.169696214583867
evolution_strategy,rosenbrock,102,5900,8.169696214583867
evolution_strategy,rosenbrock,102,6000,8.169696214583867
evolution_strategy,rosenbrock,102,6100,8.169696214583867
evolution_strategy,rosenbrock,102,6200,8.169696214583867
evolution_strategy,rosenbrock,102,6300,8.169696214583867
evolution_strategy,rosenbrock,102,6400,8.169696214583867
evolution_strategy,rosenbrock,102,6500,8.169696214583867
evolution_strategy,rosenbrock,102,6600,8.169696214583867
evolution_strategy,rosenbrock,102,6700,8.169696214583867
evolution_strategy,rosenbrock,102,6800,8.169696214583867
evolution_strategy,rosenbrock,102,6900,8.169696214583867
evolution_strategy,rosenbrock,102,7000,8.169696214583867
evolution_strategy,rosenbrock,102,7100,8.169696214583867
evolution_strategy,rosenbrock,102,7200,8.169696214583867
evolution_strategy,rosenbrock,102,7300,8.169696214583867
evolution_strategy,rosenbrock,102,7400,8.169696214583867
evolution_strategy,rosenbrock,102,7500,8.169696214583867
evolution_strategy,rosenbrock,102,7600,8.169696214583867
evolution_strategy,rosenbrock,102,7700,8.169696214583867
evolution_strategy,rosenbrock,102,7800,8.169696214583867
evolution_strategy,rosenbrock,102,7900,8.169696214583867
evolution_strategy,rosenbrock,102,8000,8.169696214583867
evolution_strategy,rosenbrock,102,8100,8.169696214583867
evolution_strategy,rosenbrock,102,8200,8.169696214583867
evolution_strategy,rosenbrock,102,8300,8.169696214583867
evolution_strategy,rosenbrock,102,8400,8.169696214583867
evolution_strategy,rosenbrock,102,8500,8.169696214583867
evolution_strategy,rosenbrock,102,8600,8.169696214583867
evolution_strategy,rosenbrock,102,8700,8.169696214583867
evolution_strategy,rosenbrock,102,8800,8.169696214583867
evolution_strategy,rosenbrock,102,8900,8.169696214583867
evolution_strategy,rosenbrock,102,9000,8.169696214583867
evolution_strategy,rosenbrock,102,9100,8.169696214583867
evolution_strategy,rosenbrock,102,9200,8.169696214583867
evolution_strategy,rosenbrock,102,9300,8.169696214583867
evolution_strategy,rosenbrock,102,9400,8.169696214583867
evolution_strategy,rosenbrock,102,9500,8.169696214583867
evolution_strategy,rosenbrock,102,9600,8.169696214583867
evolution_strategy,rosenbrock,102,9700,8.169696214583867
evolution_strategy,rosenbrock,102,9800,8.169696214583867
evolution_strategy,rosenbrock,102,9900,8.169696214583867
evolution_strategy,rosenbrock,102,10000,8.169696214583867
evolution_strategy,rosenbrock,102,10100,8.169696214583867
evolution_strategy,rosenbrock,102,10200,8.169696214583867
evolution_strategy,rosenbrock,102,10300,8.169696214583867
evolution_strategy,rosenbrock,102,10400,8.169696214583867
evolution_strategy,rosenbrock,102,10500,8.169696214583867
evolution_strategy,rosenbrock,102,10600,8.169696214583867
evolution_strategy,rosenbrock,102,10700,8.169696214583867
evolution_strategy,rosenbrock,102,10800,8.169696214583867
evolution_strategy,rosenbrock,102,10900,8.169696214583867
evolution_strategy,rosenbrock,102,11000,8.169696214583867
evolution_strategy,rosenbrock,102,11100,8.169696214583867
evolution_strategy,rosenbrock,102,11200,8.169696214583867
evolution_strategy,rosenbrock,102,11300,8.169696214583867
evolution_strategy,rosenbrock,102,11400,8.169696214583867
evolution_strategy,rosenbrock,102,11500,8.169696214583867
evolution_strategy,rosenbrock,102,11600,8.169696214583867
evolution_strategy,rosenbrock,102,11700,8.169696214583867
evolution_strategy,rosenbrock,102,11800,8.169696214583867
evolution_strategy,rosenbrock,102,11900,7.769786649231201
evolution_strategy,rosenbrock,102,12000,7.769786649231201
evolution_strategy,rosenbrock,102,12100,7.769786649231201
evolution_strategy,rosenbrock,102,12200,7.769786649231201
evolution_strategy,rosenbrock,102,12300,7.769786649231201
evolution_strategy,rosenbrock,102,12400,7.769786649231201
evolution_strategy,rosenbrock,102,12500,7.769786649231201
evolution_strategy,rosenbrock,102,12600,7.769786649231201
evolution_strategy,rosenbrock,102,12700,7.769786649231201
evolution_strategy,rosenbrock,102,12800,7.769786649231201
evolution_strategy,rosenbrock,102,12900,7.769786649231201
evolution_strategy,rosenbrock,102,13000,7.769786649231201
evolution_strategy,rosenbrock,102,13100,7.13652475545083
evolution_strategy,rosenbrock,102,13200,7.13652475545083
evolution_strategy,rosenbrock,102,13300,7.13652475545083
evolution_strategy,rosenbrock,102,13400,7.13652475545083
evolution_strategy,rosenbrock,102,13500,7.13652475545083
evolution_strategy,rosenbrock,102,13600,7.13652475545083
evolution_strategy,rosenbrock,102,13700,7.13652475545083
evolution_strategy,rosenbrock,102,13800,7.13652475545083
evolution_strategy,rosenbrock,102,13900,7.13652475545083
evolution_strategy,rosenbrock,102,14000,7.13652475545083
evolution_strategy,rosenbrock,102,14100,7.13652475545083
evolution_strategy,rosenbrock,102,14200,7.13652475545083
evolution_strategy,rosenbrock,102,14300,7.13652475545083
evolution_strategy,rosenbrock,102,14400,7.13652475545083
evolution_strategy,rosenbrock,102,14500,7.13652475545083
evolution_strategy,rosenbrock,102,14600,7.13652475545083
evolution_strategy,rosenbrock,102,14700,7.13652475545083
evolution_strategy,rosenbrock,102,14800,7.13652475545083
evolution_strategy,rosenbrock,102,14900,7.13652475545083
evolution_strategy,rosenbrock,102,15000,7.13652475545083
evolution_strategy,rosenbrock,102,15100,7.13652475545083
evolution_strategy,rosenbrock,102,15200,7.13652475545083
evolution_strategy,rosenbrock,102,15300,7.13652475545083
evolution_strategy,rosenbrock,102,15400,7.13652475545083
evolution_strategy,rosenbrock,102,15500,7.13652475545083
evolution_strategy,rosenbrock,102,15600,7.13652475545083
evolution_strategy,rosenbrock,102,15700,7.13652475545083
evolution_strategy,rosenbrock,102,15800,7.13652475545083
evolution_strategy,rosenbrock,102,15900,7.13652475545083
evolution_strategy,rosenbrock,102,16000,7.13652475545083
evolution_strategy,rosenbrock,102,16100,7.13652475545083
evolution_strategy,rosenbrock,102,16200,7.13652475545083
evolution_strategy,rosenbrock,102,16300,7.13652475545083
evolution_strategy,rosenbrock,102,16400,7.13652475545083
evolution_strategy,rosenbrock,102,16500,7.13652475545083
evolution_strategy,rosenbrock,102,16600,7.13652475545083
evolution_strategy,rosenbrock,102,16700,7.13652475545083
evolution_strategy,rosenbrock,102,16800,7.13652475545083
evolution_strategy,rosenbrock,102,16900,7.13652475545083
evolution_strategy,rosenbrock,102,17000,7.13652475545083
evolution_strategy,rosenbrock,102,17100,7.13652475545083
evolution_strategy,rosenbrock,102,17200,7.13652475545083
evolution_strategy,rosenbrock,102,17300,7.13652475545083
evolution_strategy,rosenbrock,102,17400,7.13652475545083
evolution_strategy,rosenbrock,102,17500,7.13652475545083
evolution_strategy,rosenbrock,102,17600,7.13652475545083
evolution_strategy,rosenbrock,102,17700,7.13652475545083
evolution_strategy,rosenbrock,102,17800,7.13652475545083
evolution_strategy,rosenbrock,102,17900,7.13652475545083
evolution_strategy,rosenbrock,102,18000,7.13652475545083
evolution_strategy,rosenbrock,102,18100,7.13652475545083
evolution_strategy,rosenbrock,102,18200,7.13652475545083
evolution_strategy,rosenbrock,102,18300,7.13652475545083
evolution_strategy,rosenbrock,102,18400,7.13652475545083
evolution_strategy,rosenbrock,102,18500,7.13652475545083
evolution_strategy,rosenbrock,102,18600,7.13652475545083
evolution_strategy,rosenbrock,102,18700,7.13652475545083
evolution_strategy,rosenbrock,102,18800,7.13652475545083
evolution_strategy,rosenbrock,102,18900,7.13652475545083
evolution_strategy,rosenbrock,102,19000,7.13652475545083
evolution_strategy,rosenbrock,102,19100,7.13652475545083
evolution_strategy,rosenbrock,102,19200,7.13652475545083
evolution_strategy,rosenbrock,102,19300,7.13652475545083
evolution_strategy,rosenbrock,102,19400,7.13652475545083
evolution_strategy,rosenbrock,102,19500,7.13652475545083
evolution_strategy,rosenbrock,102,19600,7.13652475545083
evolution_strategy,rosenbrock,102,19700,7.13652475545083
evolution_strategy,rosenbrock,102,19800,7.13652475545083
evolution_strategy,rosenbrock,102,19900,7.13652475545083
evolution_strategy,rosenbrock,102,20000,7.13652475545083
evolution_strategy,rosenbrock,103,100,152378.4276546912
evolution_strategy,rosenbrock,103,200,132637.82094327966
evolution_strategy,rosenbrock,103,300,121220.53647448355
evolution_strategy,rosenbrock,103,400,104519.23588192023
evolution_strategy,rosenbrock,103,500,84577.42905558189
evolution_strategy,rosenbrock,103,600,73273.43563228342
evolution_strategy,rosenbrock,103,700,62860.50236332483
evolution_strategy,rosenbrock,103,800,51833.09530406206
evolution_strategy,rosenbrock,103,900,43294.8500529578
evolution_strategy,rosenbrock,103,1000,37816.150054345955
evolution_strategy,rosenbrock,103,1100,31369.971454841667
evolution_strategy,rosenbrock,103,1200,26331.360864970906
evolution_strategy,rosenbrock,103,1300,22631.510724287542
evolution_strategy,rosenbrock,103,1400,18767.05262054134
evolution_strategy,rosenbrock,103,1500,15737.524193900814
evolution_strategy,rosenbrock,103,1600,14094.219134205017
evolution_strategy,rosenbrock,103,1700,12749.144772664702
evolution_strategy,rosenbrock,103,1800,10799.730920272043
evolution_strategy,rosenbrock,103,1900,9568.518003385685
evolution_strategy,rosenbrock,103,2000,8368.351486030351
evolution_strategy,rosenbrock,103,2100,7420.374613518854
evolution_strategy,rosenbrock,103,2200,6152.141149046962
evolution_strategy,rosenbrock,103,2300,5371.413619800711
evolution_strategy,rosenbrock,103,2400,4230.343609050756
evolution_strategy,rosenbrock,103,2500,3430.2773218978045
evolution_strategy,rosenbrock,103,2600,2272.1032917536577
evolution_strategy,rosenbrock,103,2700,1580.958662237875
evolution_strategy,rosenbrock,103,2800,974.2541532447614
evolution_strategy,rosenbrock,103,2900,654.3337785243084
evolution_strategy,rosenbrock,103,3000,443.40755765008345
evolution_strategy,rosenbrock,103,3100,399.3496680225618
evolution_strategy,rosenbrock,103,3200,285.16302915881647
evolution_strategy,rosenbrock,103,3300,257.8969814796349
evolution_strategy,rosenbrock,103,3400,235.03681823280317
evolution_strategy,rosenbrock,103,3500,230.41819677920662
evolution_strategy,rosenbrock,103,3600,218.13567130819177
evolution_strategy,rosenbrock,103,3700,191.27181337403047
evolution_strategy,rosenbrock,103,3800,191.27181337403047
evolution_strategy,rosenbrock,103,3900,188.75178571218072
evolution_strategy,rosenbrock,103,4000,179.61446603527827
evolution_strategy,rosenbrock,103,4100,176.58362067328852
evolution_strategy,rosenbrock,103,4200,176.5640776061483
evolution_strategy,rosenbrock,103,4300,173.7885887995559
evolution_strategy,rosenbrock,103,4400,171.98113270727328
evolution_strategy,rosenbrock,103,4500,168.13348420389798
evolution_strategy,rosenbrock,103,4600,163.5265720798161
evolution_strategy,rosenbrock,103,4700,163.5265720798161
evolution_strategy,rosenbrock,103,4800,158.10033343079147
evolution_strategy,rosenbrock,103,4900,158.10033343079147
evolution_strategy,rosenbrock,103,5000,152.5600651297351
evolution_strategy,rosenbrock,103,5100,152.5600651297351
evolution_strategy,rosenbrock,103,5200,152.5600651297351
evolution_strategy,rosenbrock,103,5300,152.5600651297351
evolution_strategy,rosenbrock,103,5400,152.39884868215
evolution_strategy,rosenbrock,103,5500,152.39884868215
evolution_strategy,rosenbrock,103,5600,152.39884868215
evolution_strategy,rosenbrock,103,5700,152.39884868215
evolution_strategy,rosenbrock,103,5800,152.04212647930592
evolution_strategy,rosenbrock,103,5900,152.04212647930592
evolution_strategy,rosenbrock,103,6000,152.04212647930592
evolution_strategy,rosenbrock,103,6100,152.04212647930592
evolution_strategy,rosenbrock,103,6200,152.04212647930592
evolution_strategy,rosenbrock,103,6300,149.69366990723736
evolution_strategy,rosenbrock,103,6400,149.69366990723736
evolution_strategy,rosenbrock,103,6500,149.69366990723736
evolution_strategy,rosenbrock,103,6600,149.69366990723736
evolution_strategy,rosenbrock,103,6700,149.69366990723736
evolution_strategy,rosenbrock,103,6800,149.69366990723736
evolution_strategy,rosenbrock,103,6900,149.69366990723736
evolution_strategy,rosenbrock,103,7000,149.69366990723736
evolution_strategy,rosenbrock,103,7100,149.69366990723736
evolution_strategy,rosenbrock,103,7200,149.69366990723736
evolution_strategy,rosenbrock,103,7300,149.69366990723736
evolution_strategy,rosenbrock,103,7400,149.69366990723736
evolution_strategy,rosenbrock,103,7500,149.69366990723736
evolution_strategy,rosenbrock,103,7600,149.69366990723736
evolution_strategy,rosenbrock,103,7700,149.03393592523554
evolution_strategy,rosenbrock,103,7800,149.03393592523554
evolution_strategy,rosenbrock,103,7900,149.03393592523554
evolution_strategy,rosenbrock,103,8000,149.03393592523554
evolution_strategy,rosenbrock,103,8100,149.03393592523554
evolution_strategy,rosenbrock,103,8200,149.03393592523554
evolution_strategy,rosenbrock,103,8300,149.03393592523554
evolution_strategy,rosenbrock,103,8400,149.03393592523554
evolution_strategy,rosenbrock,103,8500,149.03393592523554
evolution_strategy,rosenbrock,103,8600,149.03393592523554
evolution_strategy,rosenbrock,103,8700,149.03393592523554
evolution_strategy,rosenbrock,103,8800,149.03393592523554
evolution_strategy,rosenbrock,103,8900,149.03393592523554
evolution_strategy,rosenbrock,103,9000,149.03393592523554
evolution_strategy,rosenbrock,103,9100,149.03393592523554
evolution_strategy,rosenbrock,103,9200,146.2346308363679
evolution_strategy,rosenbrock,103,9300,146.2346308363679
evolution_strategy,rosenbrock,103,9400,146.05511318354843
evolution_strategy,rosenbrock,103,9500,144.1221031504627
evolution_strategy,rosenbrock,103,9600,144.1221031504627
evolution_strategy,rosenbrock,103,9700,144.1221031504627
evolution_strategy,rosenbrock,103,9800,144.1221031504627
evolution_strategy,rosenbrock,103,9900,144.1221031504627
evolution_strategy,rosenbrock,103,10000,144.1221031504627
evolution_strategy,rosenbrock,103,10100,144.1221031504627
evolution_strategy,rosenbrock,103,10200,144.1221031504627
evolution_strategy,rosenbrock,103,10300,144.1221031504627
evolution_strategy,rosenbrock,103,10400,144.1221031504627
evolution_strategy,rosenbrock,103,10500,144.1221031504627
evolution_strategy,rosenbrock,103,10600,144.1221031504627
evolution_strategy,rosenbrock,103,10700,144.1221031504627
evolution_strategy,rosenbrock,103,10800,144.1221031504627
evolution_strategy,rosenbrock,103,10900,144.1221031504627
evolution_strategy,rosenbrock,103,11000,144.1221031504627
evolution_strategy,rosenbrock,103,11100,144.1221031504627
evolution_strategy,rosenbrock,103,11200,144.1221031504627
evolution_strategy,rosenbrock,103,11300,144.1221031504627
evolution_strategy,rosenbrock,103,11400,144.1221031504627
evolution_strategy,rosenbrock,103,11500,144.1221031504627
evolution_strategy,rosenbrock,103,11600,144.1221031504627
evolution_strategy,rosenbrock,103,11700,144.1221031504627
evolution_strategy,rosenbrock,103,11800,144.1221031504627
evolution_strategy,rosenbrock,103,11900,143.31513848064608
evolution_strategy,rosenbrock,103,12000,140.85337908804615
evolution_strategy,rosenbrock,103,12100,140.85337908804615
evolution_strategy,rosenbrock,103,12200,140.85337908804615
evolution_strategy,rosenbrock,103,12300,140.85337908804615
evolution_strategy,rosenbrock,103,12400,140.85337908804615
evolution_strategy,rosenbrock,103,12500,140.85337908804615
evolution_strategy,rosenbrock,103,12600,140.85337908804615
evolution_strategy,rosenbrock,103,12700,140.6669512858461
evolution_strategy,rosenbrock,103,12800,139.45121123830702
evolution_strategy,rosenbrock,103,12900,139.45121123830702
evolution_strategy,rosenbrock,103,13000,139.45121123830702
evolution_strategy,rosenbrock,103,13100,139.45121123830702
evolution_strategy,rosenbrock,103,13200,139.45121123830702
evolution_strategy,rosenbrock,103,13300,139.45121123830702
evolution_strategy,rosenbrock,103,13400,139.45121123830702
evolution_strategy,rosenbrock,103,13500,139.45121123830702
evolution_strategy,rosenbrock,103,13600,139.45121123830702
evolution_strategy,rosenbrock,103,13700,139.45121123830702
evolution_strategy,rosenbrock,103,13800,139.45121123830702
evolution_strategy,rosenbrock,103,13900,139.45121123830702
evolution_strategy,rosenbrock,103,14000,139.45121123830702
evolution_strategy,rosenbrock,103,14100,139.45121123830702
evolution_strategy,rosenbrock,103,14200,139.45121123830702
evolution_strategy,rosenbrock,103,14300,139.45121123830702
evolution_strategy,rosenbrock,103,14400,139.45121123830702
evolution_strategy,rosenbrock,103,14500,139.45121123830702
evolution_strategy,rosenbrock,103,14600,139.45121123830702
evolution_strategy,rosenbrock,103,14700,139.45121123830702
evolution_strategy,rosenbrock,103,14800,139.45121123830702
evolution_strategy,rosenbrock,103,14900,138.50760922533203
evolution_strategy,rosenbrock,103,15000,136.51635393337492
evolution_strategy,rosenbrock,103,15100,136.51635393337492
evolution_strategy,rosenbrock,103,15200,136.51635393337492
evolution_strategy,rosenbrock,103,15300,136.51635393337492
evolution_strategy,rosenbrock,103,15400,136.51635393337492
evolution_strategy,rosenbrock,103,15500,136.51635393337492
evolution_strategy,rosenbrock,103,15600,136.51635393337492
evolution_strategy,rosenbrock,103,15700,136.51635393337492
evolution_strategy,rosenbrock,103,15800,136.51635393337492
evolution_strategy,rosenbrock,103,15900,136.51635393337492
evolution_strategy,rosenbrock,103,16000,136.51635393337492
evolution_strategy,rosenbrock,103,16100,136.51635393337492
evolution_strategy,rosenbrock,103,16200,136.51635393337492
evolution_strategy,rosenbrock,103,16300,136.51635393337492
evolution_strategy,rosenbrock,103,16400,136.51635393337492
evolution_strategy,rosenbrock,103,16500,136.51635393337492
evolution_strategy,rosenbrock,103,16600,136.51635393337492
evolution_strategy,rosenbrock,103,16700,136.0275154669752
evolution_strategy,rosenbrock,103,16800,136.0275154669752
evolution_strategy,rosenbrock,103,16900,136.0275154669752
evolution_strategy,rosenbrock,103,17000,136.0275154669752
evolution_strategy,rosenbrock,103,17100,136.0275154669752
evolution_strategy,rosenbrock,103,17200,136.0275154669752
evolution_strategy,rosenbrock,103,17300,136.0275154669752
evolution_strategy,rosenbrock,103,17400,136.0275154669752
evolution_strategy,rosenbrock,103,17500,136.0275154669752
evolution_strategy,rosenbrock,103,17600,136.0275154669752
evolution_strategy,rosenbrock,103,17700,136.0275154669752
evolution_strategy,rosenbrock,103,17800,136.0275154669752
evolution_strategy,rosenbrock,103,17900,136.0275154669752
evolution_strategy,rosenbrock,103,18000,136.0275154669752
evolution_strategy,rosenbrock,103,18100,136.0275154669752
evolution_strategy,rosenbrock,103,18200,134.9060682118229
evolution_strategy,rosenbrock,103,18300,134.9060682118229
evolution_strategy,rosenbrock,103,18400,134.9060682118229
evolution_strategy,rosenbrock,103,18500,134.9060682118229
evolution_strategy,rosenbrock,103,18600,134.9060682118229
evolution_strategy,rosenbrock,103,18700,134.9060682118229
evolution_strategy,rosenbrock,103,18800,134.9060682118229
evolution_strategy,rosenbrock,103,18900,134.9060682118229
evolution_strategy,rosenbrock,103,19000,134.9060682118229
evolution_strategy,rosenbrock,103,19100,134.9060682118229
evolution_strategy,rosenbrock,103,19200,134.83259961753072
evolution_strategy,rosenbrock,103,19300,134.83259961753072
evolution_strategy,rosenbrock,103,19400,133.89787545995964
evolution_strategy,rosenbrock,103,19500,133.89787545995964
evolution_strategy,rosenbrock,103,19600,133.89787545995964
evolution_strategy,rosenbrock,103,19700,133.89787545995964
evolution_strategy,rosenbrock,103,19800,133.89787545995964
evolution_strategy,rosenbrock,103,19900,133.45283547029337
evolution_strategy,rosenbrock,103,20000,133.45283547029337
evolution_strategy,rosenbrock,104,100,111896.98577339358
evolution_strategy,rosenbrock,104,200,94766.10772184485
evolution_strategy,rosenbrock,104,300,82444.9279346484
evolution_strategy,rosenbrock,104,400,73461.33612435
evolution_strategy,rosenbrock,104,500,62233.73446726377
evolution_strategy,rosenbrock,104,600,54112.509132765896
evolution_strategy,rosenbrock,104,700,44510.79415093624
evolution_strategy,rosenbrock,104,800,37373.983417680625
evolution_strategy,rosenbrock,104,900,30219.599857602145
evolution_strategy,rosenbrock,104,1000,24603.534410339176
evolution_strategy,rosenbrock,104,1100,19590.776951449687
evolution_strategy,rosenbrock,104,1200,14361.74809006707
evolution_strategy,rosenbrock,104,1300,11371.79438180522
evolution_strategy,rosenbrock,104,1400,9524.069437576201
evolution_strategy,rosenbrock,104,1500,6913.524681680372
evolution_strategy,rosenbrock,104,1600,5345.639163856361
evolution_strategy,rosenbrock,104,1700,4339.128170746348
evolution_strategy,rosenbrock,104,1800,3587.136062554111
evolution_strategy,rosenbrock,104,1900,2344.1858649467163
evolution_strategy,rosenbrock,104,2000,1855.542766729345
evolution_strategy,rosenbrock,104,2100,969.565403118249
evolution_strategy,rosenbrock,104,2200,749.8994397450921
evolution_strategy,rosenbrock,104,2300,474.1569470224239
evolution_strategy,rosenbrock,104,2400,376.56326286053786
evolution_strategy,rosenbrock,104,2500,308.2761930968324
evolution_strategy,rosenbrock,104,2600,245.62732757947194
evolution_strategy,rosenbrock,104,2700,237.371999334442
evolution_strategy,rosenbrock,104,2800,189.1254759185344
evolution_strategy,rosenbrock,104,2900,178.82969119250345
evolution_strategy,rosenbrock,104,3000,150.35680001461242
evolution_strategy,rosenbrock,104,3100,139.50383383826005
evolution_strategy,rosenbrock,104,3200,139.21830772379516
evolution_strategy,rosenbrock,104,3300,127.55513940449234
evolution_strategy,rosenbrock,104,3400,120.41344216916339
evolution_strategy,rosenbrock,104,3500,119.79257626098381
evolution_strategy,rosenbrock,104,3600,114.66152145726127
evolution_strategy,rosenbrock,104,3700,114.66152145726127
evolution_strategy,rosenbrock,104,3800,114.66152145726127
evolution_strategy,rosenbrock,104,3900,114.66152145726127
evolution_strategy,rosenbrock,104,4000,114.66152145726127
evolution_strategy,rosenbrock,104,4100,110.2090038872184
evolution_strategy,rosenbrock,104,4200,110.2090038872184
evolution_strategy,rosenbrock,104,4300,109.19459449315114
evolution_strategy,rosenbrock,104,4400,109.19459449315114
evolution_strategy,rosenbrock,104,4500,109.19459449315114
evolution_strategy,rosenbrock,104,4600,109.19459449315114
evolution_strategy,rosenbrock,104,4700,109.19459449315114
evolution_strategy,rosenbrock,104,4800,109.19459449315114
evolution_strategy,rosenbrock,104,4900,109.19459449315114
evolution_strategy,rosenbrock,104,5000,109.19459449315114
evolution_strategy,rosenbrock,104,5100,109.19459449315114
evolution_strategy,rosenbrock,104,5200,109.19459449315114
evolution_strategy,rosenbrock,104,5300,109.19459449315114
evolution_strategy,rosenbrock,104,5400,109.19459449315114
evolution_strategy,rosenbrock,104,5500,109.19459449315114
evolution_strategy,rosenbrock,104,5600,109.19459449315114
evolution_strategy,rosenbrock,104,5700,109.19459449315114
evolution_strategy,rosenbrock,104,5800,109.19459449315114
evolution_strategy,rosenbrock,104,5900,109.19459449315114
evolution_strategy,rosenbrock,104,6000,109.19459449315114
evolution_strategy,rosenbrock,104,6100,109.19459449315114
evolution_strategy,rosenbrock,104,6200,109.19459449315114
evolution_strategy,rosenbrock,104,6300,109.19459449315114
evolution_strategy,rosenbrock,104,6400,109.19459449315114
evolution_strategy,rosenbrock,104,6500,109.19459449315114
evolution_strategy,rosenbrock,104,6600,109.19459449315114
evolution_strategy,rosenbrock,104,6700,109.19459449315114
evolution_strategy,rosenbrock,104,6800,109.19459449315114
evolution_strategy,rosenbrock,104,6900,109.19459449315114
evolution_strategy,rosenbrock,104,7000,109.19459449315114
evolution_strategy,rosenbrock,104,7100,109.19459449315114
evolution_strategy,rosenbrock,104,7200,109.19459449315114
evolution_strategy,rosenbrock,104,7300,109.19459449315114
evolution_strategy,rosenbrock,104,7400,109.19459449315114
evolution_strategy,rosenbrock,104,7500,109.19459449315114
evolution_strategy,rosenbrock,104,7600,109.19459449315114
evolution_strategy,rosenbrock,104,7700,109.19459449315114
evolution_strategy,rosenbrock,104,7800,109.19459449315114
evolution_strategy,rosenbrock,104,7900,109.19459449315114
evolution_strategy,rosenbrock,104,8000,109.19459449315114
evolution_strategy,rosenbrock,104,8100,109.19459449315114
evolution_strategy,rosenbrock,104,8200,109.19459449315114
evolution_strategy,rosenbrock,104,8300,109.19459449315114
evolution_strategy,rosenbrock,104,8400,109.19459449315114
evolution_strategy,rosenbrock,104,8500,109.19459449315114
evolution_strategy,rosenbrock,104,8600,109.19459449315114
evolution_strategy,rosenbrock,104,8700,109.19459449315114
evolution_strategy,rosenbrock,104,8800,109.19459449315114
evolution_strategy,rosenbrock,104,8900,109.19459449315114
evolution_strategy,rosenbrock,104,9000,109.19459449315114
evolution_strategy,rosenbrock,104,9100,109.19459449315114
evolution_strategy,rosenbrock,104,9200,106.86692862427967
evolution_strategy,rosenbrock,104,9300,106.86692862427967
evolution_strategy,rosenbrock,104,9400,106.86692862427967
evolution_strategy,rosenbrock,104,9500,106.86692862427967
evolution_strategy,rosenbrock,104,9600,106.86692862427967
evolution_strategy,rosenbrock,104,9700,106.86692862427967
evolution_strategy,rosenbrock,104,9800,106.86692862427967
evolution_strategy,rosenbrock,104,9900,106.86692862427967
evolution_strategy,rosenbrock,104,10000,106.86692862427967
evolution_strategy,rosenbrock,104,10100,106.86692862427967
evolution_strategy,rosenbrock,104,10200,106.86692862427967
evolution_strategy,rosenbrock,104,10300,106.86692862427967
evolution_strategy,rosenbrock,104,10400,106.86692862427967
evolution_strategy,rosenbrock,104,10500,106.86692862427967
evolution_strategy,rosenbrock,104,10600,106.86692862427967
evolution_strategy,rosenbrock,104,10700,106.86692862427967
evolution_strategy,rosenbrock,104,10800,106.86692862427967
evolution_strategy,rosenbrock,104,10900,106.86692862427967
evolution_strategy,rosenbrock,104,11000,106.86692862427967
evolution_strategy,rosenbrock,104,11100,106.86692862427967
evolution_strategy,rosenbrock,104,11200,106.86692862427967
evolution_strategy,rosenbrock,104,11300,106.86692862427967
evolution_strategy,rosenbrock,104,11400,106.86692862427967
evolution_strategy,rosenbrock,104,11500,106.86692862427967
evolution_strategy,rosenbrock,104,11600,106.86692862427967
evolution_strategy,rosenbrock,104,11700,106.86692862427967
evolution_strategy,rosenbrock,104,11800,106.86692862427967
evolution_strategy,rosenbrock,104,11900,106.86692862427967
evolution_strategy,rosenbrock,104,12000,106.86692862427967
evolution_strategy,rosenbrock,104,12100,106.86692862427967
evolution_strategy,rosenbrock,104,12200,106.86692862427967
evolution_strategy,rosenbrock,104,12300,106.80734244646152
evolution_strategy,rosenbrock,104,12400,106.80734244646152
evolution_strategy,rosenbrock,104,12500,106.80734244646152
evolution_strategy,rosenbrock,104,12600,106.80734244646152
evolution_strategy,rosenbrock,104,12700,106.80734244646152
evolution_strategy,rosenbrock,104,12800,106.80734244646152
evolution_strategy,rosenbrock,104,12900,106.80734244646152
evolution_strategy,rosenbrock,104,13000,106.80734244646152
evolution_strategy,rosenbrock,104,13100,106.80734244646152
evolution_strategy,rosenbrock,104,13200,106.80734244646152
evolution_strategy,rosenbrock,104,13300,106.80734244646152
evolution_strategy,rosenbrock,104,13400,106.80734244646152
evolution_strategy,rosenbrock,104,13500,106.80734244646152
evolution_strategy,rosenbrock,104,13600,106.80734244646152
evolution_strategy,rosenbrock,104,13700,106.74717220020884
evolution_strategy,rosenbrock,104,13800,106.74717220020884
evolution_strategy,rosenbrock,104,13900,106.74717220020884
evolution_strategy,rosenbrock,104,14000,106.74717220020884
evolution_strategy,rosenbrock,104,14100,106.74717220020884
evolution_strategy,rosenbrock,104,14200,106.74717220020884
evolution_strategy,rosenbrock,104,14300,106.74717220020884
evolution_strategy,rosenbrock,104,14400,106.74717220020884
evolution_strategy,rosenbrock,104,14500,106.74717220020884
evolution_strategy,rosenbrock,104,14600,106.74717220020884
evolution_strategy,rosenbrock,104,14700,106.74717220020884
evolution_strategy,rosenbrock,104,14800,106.74717220020884
evolution_strategy,rosenbrock,104,14900,106.74717220020884
evolution_strategy,rosenbrock,104,15000,106.74717220020884
evolution_strategy,rosenbrock,104,15100,106.74717220020884
evolution_strategy,rosenbrock,104,15200,106.74717220020884
evolution_strategy,rosenbrock,104,15300,106.74717220020884
evolution_strategy,rosenbrock,104,15400,106.74717220020884
evolution_strategy,rosenbrock,104,15500,106.74717220020884
evolution_strategy,rosenbrock,104,15600,106.74717220020884
evolution_strategy,rosenbrock,104,15700,106.74717220020884
evolution_strategy,rosenbrock,104,15800,106.74717220020884
evolution_strategy,rosenbrock,104,15900,106.74717220020884
evolution_strategy,rosenbrock,104,16000,106.74717220020884
evolution_strategy,rosenbrock,104,16100,106.74717220020884
evolution_strategy,rosenbrock,104,16200,106.74717220020884
evolution_strategy,rosenbrock,104,16300,106.74717220020884
evolution_strategy,rosenbrock,104,16400,106.74717220020884
evolution_strategy,rosenbrock,104,16500,106.74717220020884
evolution_strategy,rosenbrock,104,16600,106.74689244945493
evolution_strategy,rosenbrock,104,16700,106.74689244945493
evolution_strategy,rosenbrock,104,16800,106.74689244945493
evolution_strategy,rosenbrock,104,16900,106.74689244945493
evolution_strategy,rosenbrock,104,17000,104.8114341311319
evolution_strategy,rosenbrock,104,17100,104.8114341311319
evolution_strategy,rosenbrock,104,17200,104.8114341311319
evolution_strategy,rosenbrock,104,17300,104.8114341311319
evolution_strategy,rosenbrock,104,17400,104.8114341311319
evolution_strategy,rosenbrock,104,17500,104.8114341311319
evolution_strategy,rosenbrock,104,17600,104.8114341311319
evolution_strategy,rosenbrock,104,17700,104.8114341311319
evolution_strategy,rosenbrock,104,17800,104.8114341311319
evolution_strategy,rosenbrock,104,17900,104.8114341311319
evolution_strategy,rosenbrock,104,18000,104.8114341311319
evolution_strategy,rosenbrock,104,18100,104.8114341311319
evolution_strategy,rosenbrock,104,18200,104.8114341311319
evolution_strategy,rosenbrock,104,18300,104.8114341311319
evolution_strategy,rosenbrock,104,18400,104.8114341311319
evolution_strategy,rosenbrock,104,18500,104.8114341311319
evolution_strategy,rosenbrock,104,18600,104.8114341311319
evolution_strategy,rosenbrock,104,18700,104.8114341311319
evolution_strategy,rosenbrock,104,18800,104.8114341311319
evolution_strategy,rosenbrock,104,18900,104.8114341311319
evolution_strategy,rosenbrock,104,19000,104.8114341311319
evolution_strategy,rosenbrock,104,19100,104.8114341311319
evolution_strategy,rosenbrock,104,19200,104.8114341311319
evolution_strategy,rosenbrock,104,19300,104.8114341311319
evolution_strategy,rosenbrock,104,19400,104.8114341311319
evolution_strategy,rosenbrock,104,19500,104.8114341311319
evolution_strategy,rosenbrock,104,19600,104.8114341311319
evolution_strategy,rosenbrock,104,19700,104.8114341311319
evolution_strategy,rosenbrock,104,19800,104.8114341311319
evolution_strategy,rosenbrock,104,19900,104.8114341311319
evolution_strategy,rosenbrock,104,20000,104.8114341311319
evolution_strategy,rosenbrock,105,100,93106.74265156094
evolution_strategy,rosenbrock,105,200,81399.03210006391
evolution_strategy,rosenbrock,105,300,62112.10617323387
evolution_strategy,rosenbrock,105,400,54729.48384629244
evolution_strategy,rosenbrock,105,500,43180.116608299955
evolution_strategy,rosenbrock,105,600,36835.87186774086
evolution_strategy,rosenbrock,105,700,27230.658705723567
evolution_strategy,rosenbrock,105,800,24743.114585700365
evolution_strategy,rosenbrock,105,900,19330.1319383097
evolution_strategy,rosenbrock,105,1000,15114.192311234248
evolution_strategy,rosenbrock,105,1100,11880.234620026156
evolution_strategy,rosenbrock,105,1200,10033.63435393653
evolution_strategy,rosenbrock,105,1300,7342.889449430747
evolution_strategy,rosenbrock,105,1400,4916.636090316373
evolution_strategy,rosenbrock,105,1500,4422.542809142225
evolution_strategy,rosenbrock,105,1600,3194.06808983024
evolution_strategy,rosenbrock,105,1700,2465.9719898245685
evolution_strategy,rosenbrock,105,1800,1884.4996586662178
evolution_strategy,rosenbrock,105,1900,1497.4409411407876
evolution_strategy,rosenbrock,105,2000,1241.2831977322812
evolution_strategy,rosenbrock,105,2100,916.9081490469316
evolution_strategy,rosenbrock,105,2200,763.5694778363627
evolution_strategy,rosenbrock,105,2300,512.7716055341159
evolution_strategy,rosenbrock,105,2400,437.84706461799647
evolution_strategy,rosenbrock,105,2500,327.6827957471179
evolution_strategy,rosenbrock,105,2600,240.86467189677916
evolution_strategy,rosenbrock,105,2700,171.06532061027397
evolution_strategy,rosenbrock,105,2800,119.50406422365751
evolution_strategy,rosenbrock,105,2900,92.31977125462352
evolution_strategy,rosenbrock,105,3000,59.71042658668243
evolution_strategy,rosenbrock,105,3100,41.59022749777151
evolution_strategy,rosenbrock,105,3200,27.08159008310025
evolution_strategy,rosenbrock,105,3300,23.83009252781473
evolution_strategy,rosenbrock,105,3400,19.444937750569096
evolution_strategy,rosenbrock,105,3500,14.26028846482187
evolution_strategy,rosenbrock,105,3600,12.581566020157084
evolution_strategy,rosenbrock,105,3700,12.581566020157084
evolution_strategy,rosenbrock,105,3800,10.827527978223362
evolution_strategy,rosenbrock,105,3900,10.827527978223362
evolution_strategy,rosenbrock,105,4000,10.827527978223362
evolution_strategy,rosenbrock,105,4100,10.827527978223362
evolution_strategy,rosenbrock,105,4200,10.827527978223362
evolution_strategy,rosenbrock,105,4300,10.827527978223362
evolution_strategy,rosenbrock,105,4400,10.495989070336693
evolution_strategy,rosenbrock,105,4500,10.495989070336693
evolution_strategy,rosenbrock,105,4600,10.495989070336693
evolution_strategy,rosenbrock,105,4700,10.495989070336693
evolution_strategy,rosenbrock,105,4800,10.495989070336693
evolution_strategy,rosenbrock,105,4900,10.495989070336693
evolution_strategy,rosenbrock,105,5000,10.495989070336693
evolution_strategy,rosenbrock,105,5100,10.495989070336693
evolution_strategy,rosenbrock,105,5200,10.495989070336693
evolution_strategy,rosenbrock,105,5300,10.495989070336693
evolution_strategy,rosenbrock,105,5400,10.495989070336693
evolution_strategy,rosenbrock,105,5500,10.495989070336693
evolution_strategy,rosenbrock,105,5600,10.495989070336693
evolution_strategy,rosenbrock,105,5700,9.932715633763921
evolution_strategy,rosenbrock,105,5800,9.932715633763921
evolution_strategy,rosenbrock,105,5900,9.813165535992463
evolution_strategy,rosenbrock,105,6000,9.813165535992463
evolution_strategy,rosenbrock,105,6100,9.813165535992463
evolution_strategy,rosenbrock,105,6200,9.813165535992463
evolution_strategy,rosenbrock,105,6300,9.813165535992463
evolution_strategy,rosenbrock,105,6400,9.813165535992463
evolution_strategy,rosenbrock,105,6500,9.813165535992463
evolution_strategy,rosenbrock,105,6600,9.813165535992463
evolution_strategy,rosenbrock,105,6700,9.813165535992463
evolution_strategy,rosenbrock,105,6800,9.813165535992463
evolution_strategy,rosenbrock,105,6900,9.813165535992463
evolution_strategy,rosenbrock,105,7000,9.813165535992463
evolution_strategy,rosenbrock,105,7100,9.813165535992463
evolution_strategy,rosenbrock,105,7200,9.813165535992463
evolution_strategy,rosenbrock,105,7300,9.813165535992463
evolution_strategy,rosenbrock,105,7400,9.813165535992463
evolution_strategy,rosenbrock,105,7500,9.813165535992463
evolution_strategy,rosenbrock,105,7600,9.813165535992463
evolution_strategy,rosenbrock,105,7700,9.813165535992463
evolution_strategy,rosenbrock,105,7800,9.813165535992463
evolution_strategy,rosenbrock,105,7900,9.42745058660633
evolution_strategy,rosenbrock,105,8000,9.42745058660633
evolution_strategy,rosenbrock,105,8100,9.42745058660633
evolution_strategy,rosenbrock,105,8200,9.42745058660633
evolution_strategy,rosenbrock,105,8300,9.42745058660633
evolution_strategy,rosenbrock,105,8400,9.42745058660633
evolution_strategy,rosenbrock,105,8500,9.42745058660633
evolution_strategy,rosenbrock,105,8600,9.42745058660633
evolution_strategy,rosenbrock,105,8700,9.42745058660633
evolution_strategy,rosenbrock,105,8800,9.42745058660633
evolution_strategy,rosenbrock,105,8900,9.42745058660633
evolution_strategy,rosenbrock,105,9000,9.42745058660633
evolution_strategy,rosenbrock,105,9100,9.42745058660633
evolution_strategy,rosenbrock,105,9200,9.42745058660633
evolution_strategy,rosenbrock,105,9300,9.42745058660633
evolution_strategy,rosenbrock,105,9400,9.42745058660633
evolution_strategy,rosenbrock,105,9500,9.42745058660633
evolution_strategy,rosenbrock,105,9600,9.42745058660633
evolution_strategy,rosenbrock,105,9700,9.42745058660633
evolution_strategy,rosenbrock,105,9800,9.42745058660633
evolution_strategy,rosenbrock,105,9900,9.42745058660633
evolution_strategy,rosenbrock,105,10000,9.42745058660633
evolution_strategy,rosenbrock,105,10100,9.42745058660633
evolution_strategy,rosenbrock,105,10200,9.078060966016814
evolution_strategy,rosenbrock,105,10300,9.078060966016814
evolution_strategy,rosenbrock,105,10400,9.078060966016814
evolution_strategy,rosenbrock,105,10500,9.078060966016814
evolution_strategy,rosenbrock,105,10600,9.078060966016814
evolution_strategy,rosenbrock,105,10700,9.078060966016814
evolution_strategy,rosenbrock,105,10800,9.078060966016814
evolution_strategy,rosenbrock,105,10900,9.078060966016814
evolution_strategy,rosenbrock,105,11000,9.078060966016814
evolution_strategy,rosenbrock,105,11100,9.078060966016814
evolution_strategy,rosenbrock,105,11200,9.078060966016814
evolution_strategy,rosenbrock,105,11300,9.078060966016814
evolution_strategy,rosenbrock,105,11400,9.078060966016814
evolution_strategy,rosenbrock,105,11500,9.078060966016814
evolution_strategy,rosenbrock,105,11600,9.078060966016814
evolution_strategy,rosenbrock,105,11700,9.078060966016814
evolution_strategy,rosenbrock,105,11800,9.078060966016814
evolution_strategy,rosenbrock,105,11900,9.078060966016814
evolution_strategy,rosenbrock,105,12000,9.078060966016814
evolution_strategy,rosenbrock,105,12100,9.078060966016814
evolution_strategy,rosenbrock,105,12200,9.078060966016814
evolution_strategy,rosenbrock,105,12300,9.078060966016814
evolution_strategy,rosenbrock,105,12400,9.078060966016814
evolution_strategy,rosenbrock,105,12500,9.078060966016814
evolution_strategy,rosenbrock,105,12600,9.078060966016814
evolution_strategy,rosenbrock,105,12700,9.078060966016814
evolution_strategy,rosenbrock,105,12800,9.078060966016814
evolution_strategy,rosenbrock,105,12900,9.078060966016814
evolution_strategy,rosenbrock,105,13000,9.078060966016814
evolution_strategy,rosenbrock,105,13100,9.078060966016814
evolution_strategy,rosenbrock,105,13200,9.078060966016814
evolution_strategy,rosenbrock,105,13300,9.078060966016814
evolution_strategy,rosenbrock,105,13400,9.078060966016814
evolution_strategy,rosenbrock,105,13500,9.078060966016814
evolution_strategy,rosenbrock,105,13600,9.078060966016814
evolution_strategy,rosenbrock,105,13700,9.078060966016814
evolution_strategy,rosenbrock,105,13800,9.078060966016814
evolution_strategy,rosenbrock,105,13900,9.078060966016814
evolution_strategy,rosenbrock,105,14000,9.078060966016814
evolution_strategy,rosenbrock,105,14100,9.078060966016814
evolution_strategy,rosenbrock,105,14200,9.078060966016814
evolution_strategy,rosenbrock,105,14300,9.078060966016814
evolution_strategy,rosenbrock,105,14400,9.078060966016814
evolution_strategy,rosenbrock,105,14500,9.078060966016814
evolution_strategy,rosenbrock,105,14600,9.078060966016814
evolution_strategy,rosenbrock,105,14700,9.078060966016814
evolution_strategy,rosenbrock,105,14800,9.078060966016814
evolution_strategy,rosenbrock,105,14900,9.078060966016814
evolution_strategy,rosenbrock,105,15000,9.078060966016814
evolution_strategy,rosenbrock,105,15100,9.078060966016814
evolution_strategy,rosenbrock,105,15200,9.078060966016814
evolution_strategy,rosenbrock,105,15300,9.078060966016814
evolution_strategy,rosenbrock,105,15400,9.078060966016814
evolution_strategy,rosenbrock,105,15500,9.078060966016814
evolution_strategy,rosenbrock,105,15600,9.078060966016814
evolution_strategy,rosenbrock,105,15700,9.078060966016814
evolution_strategy,rosenbrock,105,15800,8.446532126613743
evolution_strategy,rosenbrock,105,15900,8.446532126613743
evolution_strategy,rosenbrock,105,16000,8.446532126613743
evolution_strategy,rosenbrock,105,16100,8.446532126613743
evolution_strategy,rosenbrock,105,16200,8.446532126613743
evolution_strategy,rosenbrock,105,16300,8.446532126613743
evolution_strategy,rosenbrock,105,16400,8.446532126613743
evolution_strategy,rosenbrock,105,16500,8.446532126613743
evolution_strategy,rosenbrock,105,16600,8.446532126613743
evolution_strategy,rosenbrock,105,16700,8.446532126613743
evolution_strategy,rosenbrock,105,16800,8.446532126613743
evolution_strategy,rosenbrock,105,16900,8.446532126613743
evolution_strategy,rosenbrock,105,17000,8.446532126613743
evolution_strategy,rosenbrock,105,17100,8.446532126613743
evolution_strategy,rosenbrock,105,17200,8.446532126613743
evolution_strategy,rosenbrock,105,17300,8.446532126613743
evolution_strategy,rosenbrock,105,17400,8.446532126613743
evolution_strategy,rosenbrock,105,17500,8.446532126613743
evolution_strategy,rosenbrock,105,17600,8.446532126613743
evolution_strategy,rosenbrock,105,17700,8.446532126613743
evolution_strategy,rosenbrock,105,17800,8.446532126613743
evolution_strategy,rosenbrock,105,17900,8.446532126613743
evolution_strategy,rosenbrock,105,18000,8.446532126613743
evolution_strategy,rosenbrock,105,18100,8.446532126613743
evolution_strategy,rosenbrock,105,18200,8.446532126613743
evolution_strategy,rosenbrock,105,18300,8.446532126613743
evolution_strategy,rosenbrock,105,18400,8.446532126613743
evolution_strategy,rosenbrock,105,18500,8.446532126613743
evolution_strategy,rosenbrock,105,18600,8.446532126613743
evolution_strategy,rosenbrock,105,18700,8.446532126613743
evolution_strategy,rosenbrock,105,18800,8.446532126613743
evolution_strategy,rosenbrock,105,18900,8.446532126613743
evolution_strategy,rosenbrock,105,19000,8.446532126613743
evolution_strategy,rosenbrock,105,19100,8.446532126613743
evolution_strategy,rosenbrock,105,19200,8.446532126613743
evolution_strategy,rosenbrock,105,19300,8.446532126613743
evolution_strategy,rosenbrock,105,19400,8.446532126613743
evolution_strategy,rosenbrock,105,19500,8.446532126613743
evolution_strategy,rosenbrock,105,19600,8.446532126613743
evolution_strategy,rosenbrock,105,19700,8.446532126613743
evolution_strategy,rosenbrock,105,19800,8.446532126613743
evolution_strategy,rosenbrock,105,19900,8.446532126613743
evolution_strategy,rosenbrock,105,20000,8.446532126613743
evolution_strategy,rosenbrock,106,100,112377.58067235854
evolution_strategy,rosenbrock,106,200,98294.1877763298
evolution_strategy,rosenbrock,106,300,86371.24425925367
evolution_strategy,rosenbrock,106,400,66543.62015965732
evolution_strategy,rosenbrock,106,500,55728.33617020197
evolution_strategy,rosenbrock,106,600,48764.50231110593
evolution_strategy,rosenbrock,106,700,38788.46528432476
evolution_strategy,rosenbrock,106,800,32940.08353920031
evolution_strategy,rosenbrock,106,900,22331.423569578972
evolution_strategy,rosenbrock,106,1000,18275.062019766556
evolution_strategy,rosenbrock,106,1100,13894.387729042868
evolution_strategy,rosenbrock,106,1200,10399.283649900526
evolution_strategy,rosenbrock,106,1300,8621.208414022618
evolution_strategy,rosenbrock,106,1400,6990.305664558688
evolution_strategy,rosenbrock,106,1500,4993.781089304713
evolution_strategy,rosenbrock,106,1600,3766.6118029167083
evolution_strategy,rosenbrock,106,1700,2855.7916537495294
evolution_strategy,rosenbrock,106,1800,2274.0192543950347
evolution_strategy,rosenbrock,106,1900,1806.9967961456487
evolution_strategy,rosenbrock,106,2000,1399.3851069481664
evolution_strategy,rosenbrock,106,2100,1250.9887955285762
evolution_strategy,rosenbrock,106,2200,1137.4658892542623
evolution_strategy,rosenbrock,106,2300,1076.5911649292896
evolution_strategy,rosenbrock,106,2400,1016.9800980001978
evolution_strategy,rosenbrock,106,2500,991.1807383863365
evolution_strategy,rosenbrock,106,2600,972.3988261649263
evolution_strategy,rosenbrock,106,2700,934.9393216451217
evolution_strategy,rosenbrock,106,2800,903.8094357824582
evolution_strategy,rosenbrock,106,2900,893.0629595863603
evolution_strategy,rosenbrock,106,3000,844.5442341137766
evolution_strategy,rosenbrock,106,3100,835.4298309402494
evolution_strategy,rosenbrock,106,3200,819.5116331331918
evolution_strategy,rosenbrock,106,3300,815.1130082014072
evolution_strategy,rosenbrock,106,3400,796.1501041854519
evolution_strategy,rosenbrock,106,3500,774.6403214399174
evolution_strategy,rosenbrock,106,3600,742.1810858516207
evolution_strategy,rosenbrock,106,3700,713.4050324491304
evolution_strategy,rosenbrock,106,3800,712.3781061372749
evolution_strategy,rosenbrock,106,3900,689.18383294613
evolution_strategy,rosenbrock,106,4000,679.7271062354027
evolution_strategy,rosenbrock,106,4100,665.9409309762584
evolution_strategy,rosenbrock,106,4200,647.4755394952334
evolution_strategy,rosenbrock,106,4300,633.9780081255051
evolution_strategy,rosenbrock,106,4400,622.4568008878784
evolution_strategy,rosenbrock,106,4500,601.2333380013191
evolution_strategy,rosenbrock,106,4600,592.2923162686727
evolution_strategy,rosenbrock,106,4700,566.8723057068718
evolution_strategy,rosenbrock,106,4800,546.4886839027342
evolution_strategy,rosenbrock,106,4900,534.92917066643
evolution_strategy,rosenbrock,106,5000,510.37997284192073
evolution_strategy,rosenbrock,106,5100,485.1135863044259
evolution_strategy,rosenbrock,106,5200,466.4486538873249
evolution_strategy,rosenbrock,106,5300,455.436243439984
evolution_strategy,rosenbrock,106,5400,446.41029203598407
evolution_strategy,rosenbrock,106,5500,427.047192032328
evolution_strategy,rosenbrock,106,5600,402.08014161651204
evolution_strategy,rosenbrock,106,5700,365.63768144753544
evolution_strategy,rosenbrock,106,5800,345.90548674002855
evolution_strategy,rosenbrock,106,5900,319.87314401991387
evolution_strategy,rosenbrock,106,6000,298.7527642201461
evolution_strategy,rosenbrock,106,6100,286.31998847559043
evolution_strategy,rosenbrock,106,6200,257.4525953132008
evolution_strategy,rosenbrock,106,6300,238.75556905119535
evolution_strategy,rosenbrock,106,6400,215.82720550910062
evolution_strategy,rosenbrock,106,6500,197.73014830860092
evolution_strategy,rosenbrock,106,6600,178.62100454035507
evolution_strategy,rosenbrock,106,6700,157.33929902909495
evolution_strategy,rosenbrock,106,6800,141.13613771643935
evolution_strategy,rosenbrock,106,6900,112.34132852897564
evolution_strategy,rosenbrock,106,7000,87.69259011460291
evolution_strategy,rosenbrock,106,7100,73.20100759492392
evolution_strategy,rosenbrock,106,7200,65.5371412714396
evolution_strategy,rosenbrock,106,7300,52.256600378657325
evolution_strategy,rosenbrock,106,7400,39.07440331597423
evolution_strategy,rosenbrock,106,7500,21.17520930245599
evolution_strategy,rosenbrock,106,7600,12.522777998440322
evolution_strategy,rosenbrock,106,7700,12.522777998440322
evolution_strategy,rosenbrock,106,7800,12.522777998440322
evolution_strategy,rosenbrock,106,7900,12.522777998440322
evolution_strategy,rosenbrock,106,8000,10.383633772588771
evolution_strategy,rosenbrock,106,8100,10.383633772588771
evolution_strategy,rosenbrock,106,8200,10.383633772588771
evolution_strategy,rosenbrock,106,8300,10.383633772588771
evolution_strategy,rosenbrock,106,8400,10.383633772588771
evolution_strategy,rosenbrock,106,8500,10.383633772588771
evolution_strategy,rosenbrock,106,8600,9.95941541111328
evolution_strategy,rosenbrock,106,8700,9.95941541111328
evolution_strategy,rosenbrock,106,8800,9.401845452867777
evolution_strategy,rosenbrock,106,8900,9.401845452867777
evolution_strategy,rosenbrock,106,9000,9.401845452867777
evolution_strategy,rosenbrock,106,9100,9.401845452867777
evolution_strategy,rosenbrock,106,9200,9.401845452867777
evolution_strategy,rosenbrock,106,9300,9.401845452867777
evolution_strategy,rosenbrock,106,9400,9.401845452867777
evolution_strategy,rosenbrock,106,9500,9.401845452867777
evolution_strategy,rosenbrock,106,9600,9.401845452867777
evolution_strategy,rosenbrock,106,9700,9.401845452867777
evolution_strategy,rosenbrock,106,9800,9.401845452867777
evolution_strategy,rosenbrock,106,9900,9.401845452867777
evolution_strategy,rosenbrock,106,10000,9.401845452867777
evolution_strategy,rosenbrock,106,10100,8.909303559817586
evolution_strategy,rosenbrock,106,10200,8.909303559817586
evolution_strategy,rosenbrock,106,10300,8.909303559817586
evolution_strategy,rosenbrock,106,10400,8.909303559817586
evolution_strategy,rosenbrock,106,10500,8.909303559817586
evolution_strategy,rosenbrock,106,10600,7.9783905671789235
evolution_strategy,rosenbrock,106,10700,7.9783905671789235
evolution_strategy,rosenbrock,106,10800,7.9783905671789235
evolution_strategy,rosenbrock,106,10900,7.9783905671789235
evolution_strategy,rosenbrock,106,11000,7.9783905671789235
evolution_strategy,rosenbrock,106,11100,7.9783905671789235
evolution_strategy,rosenbrock,106,11200,7.9783905671789235
evolution_strategy,rosenbrock,106,11300,7.9783905671789235
evolution_strategy,rosenbrock,106,11400,7.9783905671789235
evolution_strategy,rosenbrock,106,11500,7.9783905671789235
evolution_strategy,rosenbrock,106,11600,7.9783905671789235
evolution_strategy,rosenbrock,106,11700,7.9783905671789235
evolution_strategy,rosenbrock,106,11800,7.9783905671789235
evolution_strategy,rosenbrock,106,11900,7.9783905671789235
evolution_strategy,rosenbrock,106,12000,7.9783905671789235
evolution_strategy,rosenbrock,106,12100,7.9783905671789235
evolution_strategy,rosenbrock,106,12200,7.9783905671789235
evolution_strategy,rosenbrock,106,12300,7.9783905671789235
evolution_strategy,rosenbrock,106,12400,7.9783905671789235
evolution_strategy,rosenbrock,106,12500,7.9783905671789235
evolution_strategy,rosenbrock,106,12600,7.9783905671789235
evolution_strategy,rosenbrock,106,12700,7.9783905671789235
evolution_strategy,rosenbrock,106,12800,7.9783905671789235
evolution_strategy,rosenbrock,106,12900,7.9783905671789235
evolution_strategy,rosenbrock,106,13000,7.9783905671789235
evolution_strategy,rosenbrock,106,13100,7.9783905671789235
evolution_strategy,rosenbrock,106,13200,7.9783905671789235
evolution_strategy,rosenbrock,106,13300,7.9783905671789235
evolution_strategy,rosenbrock,106,13400,7.9783905671789235
evolution_strategy,rosenbrock,106,13500,7.9783905671789235
evolution_strategy,rosenbrock,106,13600,7.9783905671789235
evolution_strategy,rosenbrock,106,13700,7.9783905671789235
evolution_strategy,rosenbrock,106,13800,7.9783905671789235
evolution_strategy,rosenbrock,106,13900,7.9783905671789235
evolution_strategy,rosenbrock,106,14000,7.9783905671789235
evolution_strategy,rosenbrock,106,14100,7.9783905671789235
evolution_strategy,rosenbrock,106,14200,7.9783905671789235
evolution_strategy,rosenbrock,106,14300,7.9783905671789235
evolution_strategy,rosenbrock,106,14400,7.9783905671789235
evolution_strategy,rosenbrock,106,14500,7.9783905671789235
evolution_strategy,rosenbrock,106,14600,7.9783905671789235
evolution_strategy,rosenbrock,106,14700,7.9783905671789235
evolution_strategy,rosenbrock,106,14800,7.9783905671789235
evolution_strategy,rosenbrock,106,14900,7.9783905671789235
evolution_strategy,rosenbrock,106,15000,7.9783905671789235
evolution_strategy,rosenbrock,106,15100,7.9783905671789235
evolution_strategy,rosenbrock,106,15200,7.9783905671789235
evolution_strategy,rosenbrock,106,15300,7.9783905671789235
evolution_strategy,rosenbrock,106,15400,7.5787327114517655
evolution_strategy,rosenbrock,106,15500,7.5787327114517655
evolution_strategy,rosenbrock,106,15600,7.5787327114517655
evolution_strategy,rosenbrock,106,15700,7.5787327114517655
evolution_strategy,rosenbrock,106,15800,7.5787327114517655
evolution_strategy,rosenbrock,106,15900,7.5787327114517655
evolution_strategy,rosenbrock,106,16000,7.5787327114517655
evolution_strategy,rosenbrock,106,16100,7.5787327114517655
evolution_strategy,rosenbrock,106,16200,7.5787327114517655
evolution_strategy,rosenbrock,106,16300,7.5787327114517655
evolution_strategy,rosenbrock,106,16400,7.5787327114517655
evolution_strategy,rosenbrock,106,16500,7.5787327114517655
evolution_strategy,rosenbrock,106,16600,7.5787327114517655
evolution_strategy,rosenbrock,106,16700,7.5787327114517655
evolution_strategy,rosenbrock,106,16800,7.5787327114517655
evolution_strategy,rosenbrock,106,16900,7.5787327114517655
evolution_strategy,rosenbrock,106,17000,7.5787327114517655
evolution_strategy,rosenbrock,106,17100,7.5787327114517655
evolution_strategy,rosenbrock,106,17200,7.5787327114517655
evolution_strategy,rosenbrock,106,17300,7.5787327114517655
evolution_strategy,rosenbrock,106,17400,7.5787327114517655
evolution_strategy,rosenbrock,106,17500,7.5787327114517655
evolution_strategy,rosenbrock,106,17600,7.5787327114517655
evolution_strategy,rosenbrock,106,17700,7.5787327114517655
evolution_strategy,rosenbrock,106,17800,7.5787327114517655
evolution_strategy,rosenbrock,106,17900,7.5787327114517655
evolution_strategy,rosenbrock,106,18000,7.5787327114517655
evolution_strategy,rosenbrock,106,18100,7.5787327114517655
evolution_strategy,rosenbrock,106,18200,7.5787327114517655
evolution_strategy,rosenbrock,106,18300,7.5787327114517655
evolution_strategy,rosenbrock,106,18400,7.5787327114517655
evolution_strategy,rosenbrock,106,18500,7.5787327114517655
evolution_strategy,rosenbrock,106,18600,7.5787327114517655
evolution_strategy,rosenbrock,106,18700,7.5787327114517655
evolution_strategy,rosenbrock,106,18800,7.5787327114517655
evolution_strategy,rosenbrock,106,18900,7.5787327114517655
evolution_strategy,rosenbrock,106,19000,7.5787327114517655
evolution_strategy,rosenbrock,106,19100,7.5787327114517655
evolution_strategy,rosenbrock,106,19200,7.5787327114517655
evolution_strategy,rosenbrock,106,19300,7.5787327114517655
evolution_strategy,rosenbrock,106,19400,7.5787327114517655
evolution_strategy,rosenbrock,106,19500,7.516959418840318
evolution_strategy,rosenbrock,106,19600,7.516959418840318
evolution_strategy,rosenbrock,106,19700,7.516959418840318
evolution_strategy,rosenbrock,106,19800,7.516959418840318
evolution_strategy,rosenbrock,106,19900,7.516959418840318
evolution_strategy,rosenbrock,106,20000,7.516959418840318
evolution_strategy,rosenbrock,107,100,100413.21179483325
evolution_strategy,rosenbrock,107,200,87293.53188937408
evolution_strategy,rosenbrock,107,300,78436.4606351683
evolution_strategy,rosenbrock,107,400,66355.97959061997
evolution_strategy,rosenbrock,107,500,55915.02347923393
evolution_strategy,rosenbrock,107,600,47231.82410461317
evolution_strategy,rosenbrock,107,700,41069.7865487232
evolution_strategy,rosenbrock,107,800,32699.412961748818
evolution_strategy,rosenbrock,107,900,27389.682257227378
evolution_strategy,rosenbrock,107,1000,23065.573919335697
evolution_strategy,rosenbrock,107,1100,18824.67201641895
evolution_strategy,rosenbrock,107,1200,15086.236274937619
evolution_strategy,rosenbrock,107,1300,12529.088765828375
evolution_strategy,rosenbrock,107,1400,9738.869992475007
evolution_strategy,rosenbrock,107,1500,8047.523115379567
evolution_strategy,rosenbrock,107,1600,6296.772333699162
evolution_strategy,rosenbrock,107,1700,5045.421110349875
evolution_strategy,rosenbrock,107,1800,4172.8387529162055
evolution_strategy,rosenbrock,107,1900,3518.290674280646
evolution_strategy,rosenbrock,107,2000,2934.389372529347
evolution_strategy,rosenbrock,107,2100,2068.251217216394
evolution_strategy,rosenbrock,107,2200,1466.7963798262758
evolution_strategy,rosenbrock,107,2300,1105.9455759737405
evolution_strategy,rosenbrock,107,2400,810.01812513756
evolution_strategy,rosenbrock,107,2500,561.5482718756884
evolution_strategy,rosenbrock,107,2600,483.6047820409426
evolution_strategy,rosenbrock,107,2700,348.31387702646947
evolution_strategy,rosenbrock,107,2800,251.0175865253354
evolution_strategy,rosenbrock,107,2900,157.029560805156
evolution_strategy,rosenbrock,107,3000,130.87811363683028
evolution_strategy,rosenbrock,107,3100,91.43511656212938
evolution_strategy,rosenbrock,107,3200,71.47603146311363
evolution_strategy,rosenbrock,107,3300,46.42703568774691
evolution_strategy,rosenbrock,107,3400,35.51173916506627
evolution_strategy,rosenbrock,107,3500,15.07509109472732
evolution_strategy,rosenbrock,107,3600,15.07509109472732
evolution_strategy,rosenbrock,107,3700,10.478816390188516
evolution_strategy,rosenbrock,107,3800,10.213467242366582
evolution_strategy,rosenbrock,107,3900,10.213467242366582
evolution_strategy,rosenbrock,107,4000,10.213467242366582
evolution_strategy,rosenbrock,107,4100,10.213467242366582
evolution_strategy,rosenbrock,107,4200,9.990625687846377
evolution_strategy,rosenbrock,107,4300,9.990625687846377
evolution_strategy,rosenbrock,107,4400,9.659083418119684
evolution_strategy,rosenbrock,107,4500,8.940080941966063
evolution_strategy,rosenbrock,107,4600,8.940080941966063
evolution_strategy,rosenbrock,107,4700,8.699962877866014
evolution_strategy,rosenbrock,107,4800,8.699962877866014
evolution_strategy,rosenbrock,107,4900,7.797229180395135
evolution_strategy,rosenbrock,107,5000,7.797229180395135
evolution_strategy,rosenbrock,107,5100,7.797229180395135
evolution_strategy,rosenbrock,107,5200,7.797229180395135
evolution_strategy,rosenbrock,107,5300,7.797229180395135
evolution_strategy,rosenbrock,107,5400,7.797229180395135
evolution_strategy,rosenbrock,107,5500,7.797229180395135
evolution_strategy,rosenbrock,107,5600,7.797229180395135
evolution_strategy,rosenbrock,107,5700,7.797229180395135
evolution_strategy,rosenbrock,107,5800,7.797229180395135
evolution_strategy,rosenbrock,107,5900,7.797229180395135
evolution_strategy,rosenbrock,107,6000,7.797229180395135
evolution_strategy,rosenbrock,107,6100,7.797229180395135
evolution_strategy,rosenbrock,107,6200,7.797229180395135
evolution_strategy,rosenbrock,107,6300,7.797229180395135
evolution_strategy,rosenbrock,107,6400,7.797229180395135
evolution_strategy,rosenbrock,107,6500,7.797229180395135
evolution_strategy,rosenbrock,107,6600,7.797229180395135
evolution_strategy,rosenbrock,107,6700,7.797229180395135
evolution_strategy,rosenbrock,107,6800,7.797229180395135
evolution_strategy,rosenbrock,107,6900,7.797229180395135
evolution_strategy,rosenbrock,107,7000,7.797229180395135
evolution_strategy,rosenbrock,107,7100,7.797229180395135
evolution_strategy,rosenbrock,107,7200,7.797229180395135
evolution_strategy,rosenbrock,107,7300,7.797229180395135
evolution_strategy,rosenbrock,107,7400,7.797229180395135
evolution_strategy,rosenbrock,107,7500,7.797229180395135
evolution_strategy,rosenbrock,107,7600,7.797229180395135
evolution_strategy,rosenbrock,107,7700,7.797229180395135
evolution_strategy,rosenbrock,107,7800,7.797229180395135
evolution_strategy,rosenbrock,107,7900,7.797229180395135
evolution_strategy,rosenbrock,107,8000,7.797229180395135
evolution_strategy,rosenbrock,107,8100,7.797229180395135
evolution_strategy,rosenbrock,107,8200,7.797229180395135
evolution_strategy,rosenbrock,107,8300,7.797229180395135
evolution_strategy,rosenbrock,107,8400,7.797229180395135
evolution_strategy,rosenbrock,107,8500,7.797229180395135
evolution_strategy,rosenbrock,107,8600,7.797229180395135
evolution_strategy,rosenbrock,107,8700,7.797229180395135
evolution_strategy,rosenbrock,107,8800,7.797229180395135
evolution_strategy,rosenbrock,107,8900,7.797229180395135
evolution_strategy,rosenbrock,107,9000,7.797229180395135
evolution_strategy,rosenbrock,107,9100,7.797229180395135
evolution_strategy,rosenbrock,107,9200,7.797229180395135
evolution_strategy,rosenbrock,107,9300,7.797229180395135
evolution_strategy,rosenbrock,107,9400,7.797229180395135
evolution_strategy,rosenbrock,107,9500,7.797229180395135
evolution_strategy,rosenbrock,107,9600,7.797229180395135
evolution_strategy,rosenbrock,107,9700,7.797229180395135
evolution_strategy,rosenbrock,107,9800,7.797229180395135
evolution_strategy,rosenbrock,107,9900,7.797229180395135
evolution_strategy,rosenbrock,107,10000,7.797229180395135
evolution_strategy,rosenbrock,107,10100,7.797229180395135
evolution_strategy,rosenbrock,107,10200,7.797229180395135
evolution_strategy,rosenbrock,107,10300,7.797229180395135
evolution_strategy,rosenbrock,107,10400,7.797229180395135
evolution_strategy,rosenbrock,107,10500,7.797229180395135
evolution_strategy,rosenbrock,107,10600,7.797229180395135
evolution_strategy,rosenbrock,107,10700,7.797229180395135
evolution_strategy,rosenbrock,107,10800,7.797229180395135
evolution_strategy,rosenbrock,107,10900,7.797229180395135
evolution_strategy,rosenbrock,107,11000,7.797229180395135
evolution_strategy,rosenbrock,107,11100,7.797229180395135
evolution_strategy,rosenbrock,107,11200,7.797229180395135
evolution_strategy,rosenbrock,107,11300,7.797229180395135
evolution_strategy,rosenbrock,107,11400,7.797229180395135
evolution_strategy,rosenbrock,107,11500,7.797229180395135
evolution_strategy,rosenbrock,107,11600,7.797229180395135
evolution_strategy,rosenbrock,107,11700,7.797229180395135
evolution_strategy,rosenbrock,107,11800,7.797229180395135
evolution_strategy,rosenbrock,107,11900,7.797229180395135
evolution_strategy,rosenbrock,107,12000,7.797229180395135
evolution_strategy,rosenbrock,107,12100,7.797229180395135
evolution_strategy,rosenbrock,107,12200,7.691167501190445
evolution_strategy,rosenbrock,107,12300,7.691167501190445
evolution_strategy,rosenbrock,107,12400,7.691167501190445
evolution_strategy,rosenbrock,107,12500,7.691167501190445
evolution_strategy,rosenbrock,107,12600,7.691167501190445
evolution_strategy,rosenbrock,107,12700,7.691167501190445
evolution_strategy,rosenbrock,107,12800,7.691167501190445
evolution_strategy,rosenbrock,107,12900,7.691167501190445
evolution_strategy,rosenbrock,107,13000,7.691167501190445
evolution_strategy,rosenbrock,107,13100,7.691167501190445
evolution_strategy,rosenbrock,107,13200,7.660468941725606
evolution_strategy,rosenbrock,107,13300,7.660468941725606
evolution_strategy,rosenbrock,107,13400,7.660468941725606
evolution_strategy,rosenbrock,107,13500,7.660468941725606
evolution_strategy,rosenbrock,107,13600,7.660468941725606
evolution_strategy,rosenbrock,107,13700,7.660468941725606
evolution_strategy,rosenbrock,107,13800,7.660468941725606
evolution_strategy,rosenbrock,107,13900,7.660468941725606
evolution_strategy,rosenbrock,107,14000,7.660468941725606
evolution_strategy,rosenbrock,107,14100,7.660468941725606
evolution_strategy,rosenbrock,107,14200,7.660468941725606
evolution_strategy,rosenbrock,107,14300,7.660468941725606
evolution_strategy,rosenbrock,107,14400,7.660468941725606
evolution_strategy,rosenbrock,107,14500,7.660468941725606
evolution_strategy,rosenbrock,107,14600,7.660468941725606
evolution_strategy,rosenbrock,107,14700,7.660468941725606
evolution_strategy,rosenbrock,107,14800,7.660468941725606
evolution_strategy,rosenbrock,107,14900,7.660468941725606
evolution_strategy,rosenbrock,107,15000,7.660468941725606
evolution_strategy,rosenbrock,107,15100,7.660468941725606
evolution_strategy,rosenbrock,107,15200,7.660468941725606
evolution_strategy,rosenbrock,107,15300,7.660468941725606
evolution_strategy,rosenbrock,107,15400,7.660468941725606
evolution_strategy,rosenbrock,107,15500,7.660468941725606
evolution_strategy,rosenbrock,107,15600,7.660468941725606
evolution_strategy,rosenbrock,107,15700,7.660468941725606
evolution_strategy,rosenbrock,107,15800,7.660468941725606
evolution_strategy,rosenbrock,107,15900,7.660468941725606
evolution_strategy,rosenbrock,107,16000,7.660468941725606
evolution_strategy,rosenbrock,107,16100,7.660468941725606
evolution_strategy,rosenbrock,107,16200,6.610348925055648
evolution_strategy,rosenbrock,107,16300,6.610348925055648
evolution_strategy,rosenbrock,107,16400,6.610348925055648
evolution_strategy,rosenbrock,107,16500,6.610348925055648
evolution_strategy,rosenbrock,107,16600,6.610348925055648
evolution_strategy,rosenbrock,107,16700,6.610348925055648
evolution_strategy,rosenbrock,107,16800,6.610348925055648
evolution_strategy,rosenbrock,107,16900,6.610348925055648
evolution_strategy,rosenbrock,107,17000,6.610348925055648
evolution_strategy,rosenbrock,107,17100,6.610348925055648
evolution_strategy,rosenbrock,107,17200,6.610348925055648
evolution_strategy,rosenbrock,107,17300,6.610348925055648
evolution_strategy,rosenbrock,107,17400,6.610348925055648
evolution_strategy,rosenbrock,107,17500,6.610348925055648
evolution_strategy,rosenbrock,107,17600,6.610348925055648
evolution_strategy,rosenbrock,107,17700,6.610348925055648
evolution_strategy,rosenbrock,107,17800,6.610348925055648
evolution_strategy,rosenbrock,107,17900,6.610348925055648
evolution_strategy,rosenbrock,107,18000,6.610348925055648
evolution_strategy,rosenbrock,107,18100,6.610348925055648
evolution_strategy,rosenbrock,107,18200,6.610348925055648
evolution_strategy,rosenbrock,107,18300,6.501401031324355
evolution_strategy,rosenbrock,107,18400,6.501401031324355
evolution_strategy,rosenbrock,107,18500,6.501401031324355
evolution_strategy,rosenbrock,107,18600,6.501401031324355
evolution_strategy,rosenbrock,107,18700,6.501401031324355
evolution_strategy,rosenbrock,107,18800,6.454076507226857
evolution_strategy,rosenbrock,107,18900,6.454076507226857
evolution_strategy,rosenbrock,107,19000,6.454076507226857
evolution_strategy,rosenbrock,107,19100,6.454076507226857
evolution_strategy,rosenbrock,107,19200,6.454076507226857
evolution_strategy,rosenbrock,107,19300,6.454076507226857
evolution_strategy,rosenbrock,107,19400,6.097403120877545
evolution_strategy,rosenbrock,107,19500,6.097403120877545
evolution_strategy,rosenbrock,107,19600,6.097403120877545
evolution_strategy,rosenbrock,107,19700,6.097403120877545
evolution_strategy,rosenbrock,107,19800,6.097403120877545
evolution_strategy,rosenbrock,107,19900,6.097403120877545
evolution_strategy,rosenbrock,107,20000,6.097403120877545
evolution_strategy,rosenbrock,108,100,56257.64375348031
evolution_strategy,rosenbrock,108,200,44795.93596349849
evolution_strategy,rosenbrock,108,300,38047.007961466596
evolution_strategy,rosenbrock,108,400,32332.16103460081
evolution_strategy,rosenbrock,108,500,26403.184691910283
evolution_strategy,rosenbrock,108,600,19799.668896437695
evolution_strategy,rosenbrock,108,700,15362.811934457253
evolution_strategy,rosenbrock,108,800,11418.870515047496
evolution_strategy,rosenbrock,108,900,9120.71309518299
evolution_strategy,rosenbrock,108,1000,6468.041414851656
evolution_strategy,rosenbrock,108,1100,4387.809710893167
evolution_strategy,rosenbrock,108,1200,3159.18836738898
evolution_strategy,rosenbrock,108,1300,2075.811725521634
evolution_strategy,rosenbrock,108,1400,1678.974236829768
evolution_strategy,rosenbrock,108,1500,1226.2103007982757
evolution_strategy,rosenbrock,108,1600,876.8364831411894
evolution_strategy,rosenbrock,108,1700,537.1612953670013
evolution_strategy,rosenbrock,108,1800,458.93028499406927
evolution_strategy,rosenbrock,108,1900,363.70123946727307
evolution_strategy,rosenbrock,108,2000,278.651726546482
evolution_strategy,rosenbrock,108,2100,213.6232650884956
evolution_strategy,rosenbrock,108,2200,174.10621017880106
evolution_strategy,rosenbrock,108,2300,133.41938516787422
evolution_strategy,rosenbrock,108,2400,133.41938516787422
evolution_strategy,rosenbrock,108,2500,129.86124967018924
evolution_strategy,rosenbrock,108,2600,129.8114843693442
evolution_strategy,rosenbrock,108,2700,109.66208966473181
evolution_strategy,rosenbrock,108,2800,109.66208966473181
evolution_strategy,rosenbrock,108,2900,109.66208966473181
evolution_strategy,rosenbrock,108,3000,108.79930076740386
evolution_strategy,rosenbrock,108,3100,104.78211000475731
evolution_strategy,rosenbrock,108,3200,104.78211000475731
evolution_strategy,rosenbrock,108,3300,101.43503587998595
evolution_strategy,rosenbrock,108,3400,101.43503587998595
evolution_strategy,rosenbrock,108,3500,101.43503587998595
evolution_strategy,rosenbrock,108,3600,101.43503587998595
evolution_strategy,rosenbrock,108,3700,101.43503587998595
evolution_strategy,rosenbrock,108,3800,101.43503587998595
evolution_strategy,rosenbrock,108,3900,101.43503587998595
evolution_strategy,rosenbrock,108,4000,100.2663733303694
evolution_strategy,rosenbrock,108,4100,100.2663733303694
evolution_strategy,rosenbrock,108,4200,99.83204696554566
evolution_strategy,rosenbrock,108,4300,97.97045834202382
evolution_strategy,rosenbrock,108,4400,97.97045834202382
evolution_strategy,rosenbrock,108,4500,97.97045834202382
evolution_strategy,rosenbrock,108,4600,97.97045834202382
evolution_strategy,rosenbrock,108,4700,97.97045834202382
evolution_strategy,rosenbrock,108,4800,97.97045834202382
evolution_strategy,rosenbrock,108,4900,97.97045834202382
evolution_strategy,rosenbrock,108,5000,97.97045834202382
evolution_strategy,rosenbrock,108,5100,97.97045834202382
evolution_strategy,rosenbrock,108,5200,97.97045834202382
evolution_strategy,rosenbrock,108,5300,97.97045834202382
evolution_strategy,rosenbrock,108,5400,97.97045834202382
evolution_strategy,rosenbrock,108,5500,97.97045834202382
evolution_strategy,rosenbrock,108,5600,97.97045834202382
evolution_strategy,rosenbrock,108,5700,97.97045834202382
evolution_strategy,rosenbrock,108,5800,97.97045834202382
evolution_strategy,rosenbrock,108,5900,97.97045834202382
evolution_strategy,rosenbrock,108,6000,97.97045834202382
evolution_strategy,rosenbrock,108,6100,97.97045834202382
evolution_strategy,rosenbrock,108,6200,97.97045834202382
evolution_strategy,rosenbrock,108,6300,97.97045834202382
evolution_strategy,rosenbrock,108,6400,97.97045834202382
evolution_strategy,rosenbrock,108,6500,97.97045834202382
evolution_strategy,rosenbrock,108,6600,97.97045834202382
evolution_strategy,rosenbrock,108,6700,97.97045834202382
evolution_strategy,rosenbrock,108,6800,97.97045834202382
evolution_strategy,rosenbrock,108,6900,97.97045834202382
evolution_strategy,rosenbrock,108,7000,97.97045834202382
evolution_strategy,rosenbrock,108,7100,97.97045834202382
evolution_strategy,rosenbrock,108,7200,97.97045834202382
evolution_strategy,rosenbrock,108,7300,97.97045834202382
evolution_strategy,rosenbrock,108,7400,97.97045834202382
evolution_strategy,rosenbrock,108,7500,97.97045834202382
evolution_strategy,rosenbrock,108,7600,97.97045834202382
evolution_strategy,rosenbrock,108,7700,97.97045834202382
evolution_strategy,rosenbrock,108,7800,97.97045834202382
evolution_strategy,rosenbrock,108,7900,97.97045834202382
evolution_strategy,rosenbrock,108,8000,97.97045834202382
evolution_strategy,rosenbrock,108,8100,97.97045834202382
evolution_strategy,rosenbrock,108,8200,97.53456042211612
evolution_strategy,rosenbrock,108,8300,97.53456042211612
evolution_strategy,rosenbrock,108,8400,97.53456042211612
evolution_strategy,rosenbrock,108,8500,97.53456042211612
evolution_strategy,rosenbrock,108,8600,97.53456042211612
evolution_strategy,rosenbrock,108,8700,96.71527091319024
evolution_strategy,rosenbrock,108,8800,96.71527091319024
evolution_strategy,rosenbrock,108,8900,96.71527091319024
evolution_strategy,rosenbrock,108,9000,96.71527091319024
evolution_strategy,rosenbrock,108,9100,96.71527091319024
evolution_strategy,rosenbrock,108,9200,96.71527091319024
evolution_strategy,rosenbrock,108,9300,96.71527091319024
evolution_strategy,rosenbrock,108,9400,96.71527091319024
evolution_strategy,rosenbrock,108,9500,96.71527091319024
evolution_strategy,rosenbrock,108,9600,96.71527091319024
evolution_strategy,rosenbrock,108,9700,96.71527091319024
evolution_strategy,rosenbrock,108,9800,96.71527091319024
evolution_strategy,rosenbrock,108,9900,96.71527091319024
evolution_strategy,rosenbrock,108,10000,96.71527091319024
evolution_strategy,rosenbrock,108,10100,96.71527091319024
evolution_strategy,rosenbrock,108,10200,96.71527091319024
evolution_strategy,rosenbrock,108,10300,96.71527091319024
evolution_strategy,rosenbrock,108,10400,96.71527091319024
evolution_strategy,rosenbrock,108,10500,96.71527091319024
evolution_strategy,rosenbrock,108,10600,96.71527091319024
evolution_strategy,rosenbrock,108,10700,96.71527091319024
evolution_strategy,rosenbrock,108,10800,96.71527091319024
evolution_strategy,rosenbrock,108,10900,96.71527091319024
evolution_strategy,rosenbrock,108,11000,96.71527091319024
evolution_strategy,rosenbrock,108,11100,96.71527091319024
evolution_strategy,rosenbrock,108,11200,96.71527091319024
evolution_strategy,rosenbrock,108,11300,96.71527091319024
evolution_strategy,rosenbrock,108,11400,96.71527091319024
evolution_strategy,rosenbrock,108,11500,96.71527091319024
evolution_strategy,rosenbrock,108,11600,96.71527091319024
evolution_strategy,rosenbrock,108,11700,96.71527091319024
evolution_strategy,rosenbrock,108,11800,96.71527091319024
evolution_strategy,rosenbrock,108,11900,96.71527091319024
evolution_strategy,rosenbrock,108,12000,96.71527091319024
evolution_strategy,rosenbrock,108,12100,96.71527091319024
evolution_strategy,rosenbrock,108,12200,96.71527091319024
evolution_strategy,rosenbrock,108,12300,96.71527091319024
evolution_strategy,rosenbrock,108,12400,96.71527091319024
evolution_strategy,rosenbrock,108,12500,96.71527091319024
evolution_strategy,rosenbrock,108,12600,96.71527091319024
evolution_strategy,rosenbrock,108,12700,96.71527091319024
evolution_strategy,rosenbrock,108,12800,96.71527091319024
evolution_strategy,rosenbrock,108,12900,96.71527091319024
evolution_strategy,rosenbrock,108,13000,96.71527091319024
evolution_strategy,rosenbrock,108,13100,96.71527091319024
evolution_strategy,rosenbrock,108,13200,96.71527091319024
evolution_strategy,rosenbrock,108,13300,96.71527091319024
evolution_strategy,rosenbrock,108,13400,96.71527091319024
evolution_strategy,rosenbrock,108,13500,96.71527091319024
evolution_strategy,rosenbrock,108,13600,96.71527091319024
evolution_strategy,rosenbrock,108,13700,96.71527091319024
evolution_strategy,rosenbrock,108,13800,96.71527091319024
evolution_strategy,rosenbrock,108,13900,96.71527091319024
evolution_strategy,rosenbrock,108,14000,96.71527091319024
evolution_strategy,rosenbrock,108,14100,96.71527091319024
evolution_strategy,rosenbrock,108,14200,96.71527091319024
evolution_strategy,rosenbrock,108,14300,96.71527091319024
evolution_strategy,rosenbrock,108,14400,96.71527091319024
evolution_strategy,rosenbrock,108,14500,96.71527091319024
evolution_strategy,rosenbrock,108,14600,96.71527091319024
evolution_strategy,rosenbrock,108,14700,96.71527091319024
evolution_strategy,rosenbrock,108,14800,96.71527091319024
evolution_strategy,rosenbrock,108,14900,96.71527091319024
evolution_strategy,rosenbrock,108,15000,96.71527091319024
evolution_strategy,rosenbrock,108,15100,96.71527091319024
evolution_strategy,rosenbrock,108,15200,96.71527091319024
evolution_strategy,rosenbrock,108,15300,96.71527091319024
evolution_strategy,rosenbrock,108,15400,96.71527091319024
evolution_strategy,rosenbrock,108,15500,96.71527091319024
evolution_strategy,rosenbrock,108,15600,96.71527091319024
evolution_strategy,rosenbrock,108,15700,96.71527091319024
evolution_strategy,rosenbrock,108,15800,96.71527091319024
evolution_strategy,rosenbrock,108,15900,96.71527091319024
evolution_strategy,rosenbrock,108,16000,96.71527091319024
evolution_strategy,rosenbrock,108,16100,96.71527091319024
evolution_strategy,rosenbrock,108,16200,96.71527091319024
evolution_strategy,rosenbrock,108,16300,96.71527091319024
evolution_strategy,rosenbrock,108,16400,96.71527091319024
evolution_strategy,rosenbrock,108,16500,96.71527091319024
evolution_strategy,rosenbrock,108,16600,96.71527091319024
evolution_strategy,rosenbrock,108,16700,96.71527091319024
evolution_strategy,rosenbrock,108,16800,96.71527091319024
evolution_strategy,rosenbrock,108,16900,96.71527091319024
evolution_strategy,rosenbrock,108,17000,96.71527091319024
evolution_strategy,rosenbrock,108,17100,96.71527091319024
evolution_strategy,rosenbrock,108,17200,96.71527091319024
evolution_strategy,rosenbrock,108,17300,96.71527091319024
evolution_strategy,rosenbrock,108,17400,96.71527091319024
evolution_strategy,rosenbrock,108,17500,96.71527091319024
evolution_strategy,rosenbrock,108,17600,96.71527091319024
evolution_strategy,rosenbrock,108,17700,96.71527091319024
evolution_strategy,rosenbrock,108,17800,96.71527091319024
evolution_strategy,rosenbrock,108,17900,96.71527091319024
evolution_strategy,rosenbrock,108,18000,96.71527091319024
evolution_strategy,rosenbrock,108,18100,96.71527091319024
evolution_strategy,rosenbrock,108,18200,96.71527091319024
evolution_strategy,rosenbrock,108,18300,96.71527091319024
evolution_strategy,rosenbrock,108,18400,96.71527091319024
evolution_strategy,rosenbrock,108,18500,96.71527091319024
evolution_strategy,rosenbrock,108,18600,96.71527091319024
evolution_strategy,rosenbrock,108,18700,96.71527091319024
evolution_strategy,rosenbrock,108,18800,96.71527091319024
evolution_strategy,rosenbrock,108,18900,96.71527091319024
evolution_strategy,rosenbrock,108,19000,96.71527091319024
evolution_strategy,rosenbrock,108,19100,96.71527091319024
evolution_strategy,rosenbrock,108,19200,96.71527091319024
evolution_strategy,rosenbrock,108,19300,96.71527091319024
evolution_strategy,rosenbrock,108,19400,96.71527091319024
evolution_strategy,rosenbrock,108,19500,96.71527091319024
evolution_strategy,rosenbrock,108,19600,96.71527091319024
evolution_strategy,rosenbrock,108,19700,96.71527091319024
evolution_strategy,rosenbrock,108,19800,96.71527091319024
evolution_strategy,rosenbrock,108,19900,96.71527091319024
evolution_strategy,rosenbrock,108,20000,96.71527091319024
evolution_strategy,rosenbrock,109,100,72312.37856195208
evolution_strategy,rosenbrock,109,200,62884.95380570868
evolution_strategy,rosenbrock,109,300,53458.420707409816
evolution_strategy,rosenbrock,109,400,45189.241550190534
evolution_strategy,rosenbrock,109,500,38148.34742937535
evolution_strategy,rosenbrock,109,600,32862.506479482465
evolution_strategy,rosenbrock,109,700,26219.28679637451
evolution_strategy,rosenbrock,109,800,21858.861950943105
evolution_strategy,rosenbrock,109,900,15929.180990071782
evolution_strategy,rosenbrock,109,1000,13758.164560195748
evolution_strategy,rosenbrock,109,1100,11216.051442799597
evolution_strategy,rosenbrock,109,1200,8835.37250857041
evolution_strategy,rosenbrock,109,1300,6908.910654716055
evolution_strategy,rosenbrock,109,1400,5462.23251590218
evolution_strategy,rosenbrock,109,1500,4240.145165774666
evolution_strategy,rosenbrock,109,1600,3470.4722894580946
evolution_strategy,rosenbrock,109,1700,2162.5321084224524
evolution_strategy,rosenbrock,109,1800,1960.2336589323743
evolution_strategy,rosenbrock,109,1900,1459.6945276968443
evolution_strategy,rosenbrock,109,2000,1134.1011795609113
evolution_strategy,rosenbrock,109,2100,945.6730406284066
evolution_strategy,rosenbrock,109,2200,759.3556956442981
evolution_strategy,rosenbrock,109,2300,662.5091595328188
evolution_strategy,rosenbrock,109,2400,630.1722482442983
evolution_strategy,rosenbrock,109,2500,578.2568484631604
evolution_strategy,rosenbrock,109,2600,515.0359185400575
evolution_strategy,rosenbrock,109,2700,494.6505778130247
evolution_strategy,rosenbrock,109,2800,465.18293757116874
evolution_strategy,rosenbrock,109,2900,449.79439810457575
evolution_strategy,rosenbrock,109,3000,415.58479348750734
evolution_strategy,rosenbrock,109,3100,379.3408340033363
evolution_strategy,rosenbrock,109,3200,359.80455668736806
evolution_strategy,rosenbrock,109,3300,322.6790998898812
evolution_strategy,rosenbrock,109,3400,317.0215064505737
evolution_strategy,rosenbrock,109,3500,300.20497036929055
evolution_strategy,rosenbrock,109,3600,271.58510654424265
evolution_strategy,rosenbrock,109,3700,233.4813276678347
evolution_strategy,rosenbrock,109,3800,225.3336654948207
evolution_strategy,rosenbrock,109,3900,194.3177877063932
evolution_strategy,rosenbrock,109,4000,171.71348167225267
evolution_strategy,rosenbrock,109,4100,146.36645599794443
evolution_strategy,rosenbrock,109,4200,119.3730783985178
evolution_strategy,rosenbrock,109,4300,107.40738171320082
evolution_strategy,rosenbrock,109,4400,80.43443959566252
evolution_strategy,rosenbrock,109,4500,72.96743654663494
evolution_strategy,rosenbrock,109,4600,57.976955151104676
evolution_strategy,rosenbrock,109,4700,46.862214626516725
evolution_strategy,rosenbrock,109,4800,29.467634464656122
evolution_strategy,rosenbrock,109,4900,15.938863179234758
evolution_strategy,rosenbrock,109,5000,14.090502876217174
evolution_strategy,rosenbrock,109,5100,13.889180557419234
evolution_strategy,rosenbrock,109,5200,12.648396109829827
evolution_strategy,rosenbrock,109,5300,12.648396109829827
evolution_strategy,rosenbrock,109,5400,11.820317022602117
evolution_strategy,rosenbrock,109,5500,11.172161513909849
evolution_strategy,rosenbrock,109,5600,11.172161513909849
evolution_strategy,rosenbrock,109,5700,10.901914923838167
evolution_strategy,rosenbrock,109,5800,10.685965114610335
evolution_strategy,rosenbrock,109,5900,10.685965114610335
evolution_strategy,rosenbrock,109,6000,10.685965114610335
evolution_strategy,rosenbrock,109,6100,10.685965114610335
evolution_strategy,rosenbrock,109,6200,9.904349770543284
evolution_strategy,rosenbrock,109,6300,9.904349770543284
evolution_strategy,rosenbrock,109,6400,9.904349770543284
evolution_strategy,rosenbrock,109,6500,9.904349770543284
evolution_strategy,rosenbrock,109,6600,9.904349770543284
evolution_strategy,rosenbrock,109,6700,9.904349770543284
evolution_strategy,rosenbrock,109,6800,9.904349770543284
evolution_strategy,rosenbrock,109,6900,9.904349770543284
evolution_strategy,rosenbrock,109,7000,9.904349770543284
evolution_strategy,rosenbrock,109,7100,9.904349770543284
evolution_strategy,rosenbrock,109,7200,9.904349770543284
evolution_strategy,rosenbrock,109,7300,9.904349770543284
evolution_strategy,rosenbrock,109,7400,9.536818659363025
evolution_strategy,rosenbrock,109,7500,9.536818659363025
evolution_strategy,rosenbrock,109,7600,9.536818659363025
evolution_strategy,rosenbrock,109,7700,9.536818659363025
evolution_strategy,rosenbrock,109,7800,9.536818659363025
evolution_strategy,rosenbrock,109,7900,9.536818659363025
evolution_strategy,rosenbrock,109,8000,9.536818659363025
evolution_strategy,rosenbrock,109,8100,9.536818659363025
evolution_strategy,rosenbrock,109,8200,9.536818659363025
evolution_strategy,rosenbrock,109,8300,9.536818659363025
evolution_strategy,rosenbrock,109,8400,9.536818659363025
evolution_strategy,rosenbrock,109,8500,9.536818659363025
evolution_strategy,rosenbrock,109,8600,9.536818659363025
evolution_strategy,rosenbrock,109,8700,9.536818659363025
evolution_strategy,rosenbrock,109,8800,9.536818659363025
evolution_strategy,rosenbrock,109,8900,9.536818659363025
evolution_strategy,rosenbrock,109,9000,9.536818659363025
evolution_strategy,rosenbrock,109,9100,9.536818659363025
evolution_strategy,rosenbrock,109,9200,9.536818659363025
evolution_strategy,rosenbrock,109,9300,9.536818659363025
evolution_strategy,rosenbrock,109,9400,9.536818659363025
evolution_strategy,rosenbrock,109,9500,9.536818659363025
evolution_strategy,rosenbrock,109,9600,9.536818659363025
evolution_strategy,rosenbrock,109,9700,9.536818659363025
evolution_strategy,rosenbrock,109,9800,9.536818659363025
evolution_strategy,rosenbrock,109,9900,9.536818659363025
evolution_strategy,rosenbrock,109,10000,9.536818659363025
evolution_strategy,rosenbrock,109,10100,9.536818659363025
evolution_strategy,rosenbrock,109,10200,9.536818659363025
evolution_strategy,rosenbrock,109,10300,9.536818659363025
evolution_strategy,rosenbrock,109,10400,9.536818659363025
evolution_strategy,rosenbrock,109,10500,9.536818659363025
evolution_strategy,rosenbrock,109,10600,9.536818659363025
evolution_strategy,rosenbrock,109,10700,9.536818659363025
evolution_strategy,rosenbrock,109,10800,9.536818659363025
evolution_strategy,rosenbrock,109,10900,9.536818659363025
evolution_strategy,rosenbrock,109,11000,9.536818659363025
evolution_strategy,rosenbrock,109,11100,9.536818659363025
evolution_strategy,rosenbrock,109,11200,9.536818659363025
evolution_strategy,rosenbrock,109,11300,9.536818659363025
evolution_strategy,rosenbrock,109,11400,9.536818659363025
evolution_strategy,rosenbrock,109,11500,9.536818659363025
evolution_strategy,rosenbrock,109,11600,9.536818659363025
evolution_strategy,rosenbrock,109,11700,9.536818659363025
evolution_strategy,rosenbrock,109,11800,9.536818659363025
evolution_strategy,rosenbrock,109,11900,9.536818659363025
evolution_strategy,rosenbrock,109,12000,9.536818659363025
evolution_strategy,rosenbrock,109,12100,9.536818659363025
evolution_strategy,rosenbrock,109,12200,9.536818659363025
evolution_strategy,rosenbrock,109,12300,9.331584750686938
evolution_strategy,rosenbrock,109,12400,9.331584750686938
evolution_strategy,rosenbrock,109,12500,9.331584750686938
evolution_strategy,rosenbrock,109,12600,9.331584750686938
evolution_strategy,rosenbrock,109,12700,9.331584750686938
evolution_strategy,rosenbrock,109,12800,9.331584750686938
evolution_strategy,rosenbrock,109,12900,9.331584750686938
evolution_strategy,rosenbrock,109,13000,9.331584750686938
evolution_strategy,rosenbrock,109,13100,9.331584750686938
evolution_strategy,rosenbrock,109,13200,9.331584750686938
evolution_strategy,rosenbrock,109,13300,9.331584750686938
evolution_strategy,rosenbrock,109,13400,9.331584750686938
evolution_strategy,rosenbrock,109,13500,9.331584750686938
evolution_strategy,rosenbrock,109,13600,9.331584750686938
evolution_strategy,rosenbrock,109,13700,9.331584750686938
evolution_strategy,rosenbrock,109,13800,9.331584750686938
evolution_strategy,rosenbrock,109,13900,9.331584750686938
evolution_strategy,rosenbrock,109,14000,9.331584750686938
evolution_strategy,rosenbrock,109,14100,9.331584750686938
evolution_strategy,rosenbrock,109,14200,9.089521260370164
evolution_strategy,rosenbrock,109,14300,9.089521260370164
evolution_strategy,rosenbrock,109,14400,9.089521260370164
evolution_strategy,rosenbrock,109,14500,9.089521260370164
evolution_strategy,rosenbrock,109,14600,9.089521260370164
evolution_strategy,rosenbrock,109,14700,9.089521260370164
evolution_strategy,rosenbrock,109,14800,9.089521260370164
evolution_strategy,rosenbrock,109,14900,9.089521260370164
evolution_strategy,rosenbrock,109,15000,9.089521260370164
evolution_strategy,rosenbrock,109,15100,9.089521260370164
evolution_strategy,rosenbrock,109,15200,9.089521260370164
evolution_strategy,rosenbrock,109,15300,9.089521260370164
evolution_strategy,rosenbrock,109,15400,9.089521260370164
evolution_strategy,rosenbrock,109,15500,9.089521260370164
evolution_strategy,rosenbrock,109,15600,9.089521260370164
evolution_strategy,rosenbrock,109,15700,9.089521260370164
evolution_strategy,rosenbrock,109,15800,9.089521260370164
evolution_strategy,rosenbrock,109,15900,9.089521260370164
evolution_strategy,rosenbrock,109,16000,9.089521260370164
evolution_strategy,rosenbrock,109,16100,9.089521260370164
evolution_strategy,rosenbrock,109,16200,9.089521260370164
evolution_strategy,rosenbrock,109,16300,9.089521260370164
evolution_strategy,rosenbrock,109,16400,9.052628587781465
evolution_strategy,rosenbrock,109,16500,9.052628587781465
evolution_strategy,rosenbrock,109,16600,9.052628587781465
evolution_strategy,rosenbrock,109,16700,9.052628587781465
evolution_strategy,rosenbrock,109,16800,9.052628587781465
evolution_strategy,rosenbrock,109,16900,9.052628587781465
evolution_strategy,rosenbrock,109,17000,9.052628587781465
evolution_strategy,rosenbrock,109,17100,9.052628587781465
evolution_strategy,rosenbrock,109,17200,9.052628587781465
evolution_strategy,rosenbrock,109,17300,9.052628587781465
evolution_strategy,rosenbrock,109,17400,9.052628587781465
evolution_strategy,rosenbrock,109,17500,9.052628587781465
evolution_strategy,rosenbrock,109,17600,9.052628587781465
evolution_strategy,rosenbrock,109,17700,9.052628587781465
evolution_strategy,rosenbrock,109,17800,9.052628587781465
evolution_strategy,rosenbrock,109,17900,9.052628587781465
evolution_strategy,rosenbrock,109,18000,9.052628587781465
evolution_strategy,rosenbrock,109,18100,9.052628587781465
evolution_strategy,rosenbrock,109,18200,9.052628587781465
evolution_strategy,rosenbrock,109,18300,9.052628587781465
evolution_strategy,rosenbrock,109,18400,9.052628587781465
evolution_strategy,rosenbrock,109,18500,9.052628587781465
evolution_strategy,rosenbrock,109,18600,9.052628587781465
evolution_strategy,rosenbrock,109,18700,9.052628587781465
evolution_strategy,rosenbrock,109,18800,9.052628587781465
evolution_strategy,rosenbrock,109,18900,9.052628587781465
evolution_strategy,rosenbrock,109,19000,8.443092939426563
evolution_strategy,rosenbrock,109,19100,8.443092939426563
evolution_strategy,rosenbrock,109,19200,8.443092939426563
evolution_strategy,rosenbrock,109,19300,8.443092939426563
evolution_strategy,rosenbrock,109,19400,8.443092939426563
evolution_strategy,rosenbrock,109,19500,8.443092939426563
evolution_strategy,rosenbrock,109,19600,8.443092939426563
evolution_strategy,rosenbrock,109,19700,8.443092939426563
evolution_strategy,rosenbrock,109,19800,8.443092939426563
evolution_strategy,rosenbrock,109,19900,8.443092939426563
evolution_strategy,rosenbrock,109,20000,8.443092939426563
evolution_strategy,rosenbrock,110,100,80872.7653165072
evolution_strategy,rosenbrock,110,200,66529.0133961587
evolution_strategy,rosenbrock,110,300,55980.18623598433
evolution_strategy,rosenbrock,110,400,45169.63260431473
evolution_strategy,rosenbrock,110,500,37515.35682792077
evolution_strategy,rosenbrock,110,600,29410.53998514773
evolution_strategy,rosenbrock,110,700,24279.887574580305
evolution_strategy,rosenbrock,110,800,15337.16562428501
evolution_strategy,rosenbrock,110,900,12486.307391281121
evolution_strategy,rosenbrock,110,1000,9524.171615337726
evolution_strategy,rosenbrock,110,1100,7946.9448679509815
evolution_strategy,rosenbrock,110,1200,6348.776597628676
evolution_strategy,rosenbrock,110,1300,5019.147145718042
evolution_strategy,rosenbrock,110,1400,4303.778131970013
evolution_strategy,rosenbrock,110,1500,3270.5183561114004
evolution_strategy,rosenbrock,110,1600,2458.096442899341
evolution_strategy,rosenbrock,110,1700,1720.7651852662502
evolution_strategy,rosenbrock,110,1800,1323.6597911498227
evolution_strategy,rosenbrock,110,1900,847.7087454669534
evolution_strategy,rosenbrock,110,2000,655.1898305546277
evolution_strategy,rosenbrock,110,2100,397.6940858609814
evolution_strategy,rosenbrock,110,2200,311.05188768462403
evolution_strategy,rosenbrock,110,2300,220.0485558474569
evolution_strategy,rosenbrock,110,2400,181.51319860559545
evolution_strategy,rosenbrock,110,2500,134.7987108228827
evolution_strategy,rosenbrock,110,2600,110.70788484075422
evolution_strategy,rosenbrock,110,2700,92.33097989833706
evolution_strategy,rosenbrock,110,2800,81.57691315902943
evolution_strategy,rosenbrock,110,2900,70.30484398219744
evolution_strategy,rosenbrock,110,3000,57.60480906875192
evolution_strategy,rosenbrock,110,3100,53.30507996313111
evolution_strategy,rosenbrock,110,3200,50.70832072909336
evolution_strategy,rosenbrock,110,3300,41.18538635602134
evolution_strategy,rosenbrock,110,3400,31.910391513461505
evolution_strategy,rosenbrock,110,3500,28.80269140053609
evolution_strategy,rosenbrock,110,3600,15.895072144687788
evolution_strategy,rosenbrock,110,3700,14.921574782109918
evolution_strategy,rosenbrock,110,3800,10.975359422422763
evolution_strategy,rosenbrock,110,3900,10.975359422422763
evolution_strategy,rosenbrock,110,4000,10.975359422422763
evolution_strategy,rosenbrock,110,4100,10.975359422422763
evolution_strategy,rosenbrock,110,4200,10.975359422422763
evolution_strategy,rosenbrock,110,4300,10.975359422422763
evolution_strategy,rosenbrock,110,4400,10.975359422422763
evolution_strategy,rosenbrock,110,4500,10.975359422422763
evolution_strategy,rosenbrock,110,4600,10.975359422422763
evolution_strategy,rosenbrock,110,4700,10.975359422422763
evolution_strategy,rosenbrock,110,4800,10.975359422422763
evolution_strategy,rosenbrock,110,4900,10.766066559776966
evolution_strategy,rosenbrock,110,5000,10.766066559776966
evolution_strategy,rosenbrock,110,5100,10.766066559776966
evolution_strategy,rosenbrock,110,5200,10.766066559776966
evolution_strategy,rosenbrock,110,5300,10.766066559776966
evolution_strategy,rosenbrock,110,5400,10.766066559776966
evolution_strategy,rosenbrock,110,5500,10.766066559776966
evolution_strategy,rosenbrock,110,5600,10.766066559776966
evolution_strategy,rosenbrock,110,5700,10.766066559776966
evolution_strategy,rosenbrock,110,5800,10.766066559776966
evolution_strategy,rosenbrock,110,5900,10.766066559776966
evolution_strategy,rosenbrock,110,6000,10.766066559776966
evolution_strategy,rosenbrock,110,6100,10.766066559776966
evolution_strategy,rosenbrock,110,6200,10.766066559776966
evolution_strategy,rosenbrock,110,6300,10.766066559776966
evolution_strategy,rosenbrock,110,6400,10.766066559776966
evolution_strategy,rosenbrock,110,6500,10.766066559776966
evolution_strategy,rosenbrock,110,6600,10.766066559776966
evolution_strategy,rosenbrock,110,6700,10.766066559776966
evolution_strategy,rosenbrock,110,6800,10.338041787219112
evolution_strategy,rosenbrock,110,6900,10.338041787219112
evolution_strategy,rosenbrock,110,7000,10.338041787219112
evolution_strategy,rosenbrock,110,7100,10.338041787219112
evolution_strategy,rosenbrock,110,7200,10.338041787219112
evolution_strategy,rosenbrock,110,7300,10.338041787219112
evolution_strategy,rosenbrock,110,7400,10.338041787219112
evolution_strategy,rosenbrock,110,7500,10.338041787219112
evolution_strategy,rosenbrock,110,7600,10.338041787219112
evolution_strategy,rosenbrock,110,7700,10.338041787219112
evolution_strategy,rosenbrock,110,7800,10.338041787219112
evolution_strategy,rosenbrock,110,7900,10.338041787219112
evolution_strategy,rosenbrock,110,8000,10.338041787219112
evolution_strategy,rosenbrock,110,8100,10.338041787219112
evolution_strategy,rosenbrock,110,8200,10.338041787219112
evolution_strategy,rosenbrock,110,8300,10.338041787219112
evolution_strategy,rosenbrock,110,8400,10.338041787219112
evolution_strategy,rosenbrock,110,8500,10.338041787219112
evolution_strategy,rosenbrock,110,8600,10.338041787219112
evolution_strategy,rosenbrock,110,8700,10.338041787219112
evolution_strategy,rosenbrock,110,8800,10.338041787219112
evolution_strategy,rosenbrock,110,8900,10.338041787219112
evolution_strategy,rosenbrock,110,9000,10.338041787219112
evolution_strategy,rosenbrock,110,9100,10.338041787219112
evolution_strategy,rosenbrock,110,9200,10.338041787219112
evolution_strategy,rosenbrock,110,9300,10.338041787219112
evolution_strategy,rosenbrock,110,9400,10.338041787219112
evolution_strategy,rosenbrock,110,9500,10.338041787219112
evolution_strategy,rosenbrock,110,9600,10.338041787219112
evolution_strategy,rosenbrock,110,9700,10.338041787219112
evolution_strategy,rosenbrock,110,9800,10.338041787219112
evolution_strategy,rosenbrock,110,9900,10.338041787219112
evolution_strategy,rosenbrock,110,10000,10.338041787219112
evolution_strategy,rosenbrock,110,10100,10.338041787219112
evolution_strategy,rosenbrock,110,10200,10.338041787219112
evolution_strategy,rosenbrock,110,10300,10.338041787219112
evolution_strategy,rosenbrock,110,10400,10.338041787219112
evolution_strategy,rosenbrock,110,10500,10.338041787219112
evolution_strategy,rosenbrock,110,10600,10.338041787219112
evolution_strategy,rosenbrock,110,10700,10.338041787219112
evolution_strategy,rosenbrock,110,10800,10.338041787219112
evolution_strategy,rosenbrock,110,10900,10.338041787219112
evolution_strategy,rosenbrock,110,11000,10.338041787219112
evolution_strategy,rosenbrock,110,11100,10.338041787219112
evolution_strategy,rosenbrock,110,11200,10.338041787219112
evolution_strategy,rosenbrock,110,11300,10.338041787219112
evolution_strategy,rosenbrock,110,11400,10.338041787219112
evolution_strategy,rosenbrock,110,11500,10.338041787219112
evolution_strategy,rosenbrock,110,11600,10.338041787219112
evolution_strategy,rosenbrock,110,11700,10.338041787219112
evolution_strategy,rosenbrock,110,11800,10.338041787219112
evolution_strategy,rosenbrock,110,11900,10.338041787219112
evolution_strategy,rosenbrock,110,12000,10.338041787219112
evolution_strategy,rosenbrock,110,12100,10.338041787219112
evolution_strategy,rosenbrock,110,12200,10.338041787219112
evolution_strategy,rosenbrock,110,12300,10.338041787219112
evolution_strategy,rosenbrock,110,12400,10.338041787219112
evolution_strategy,rosenbrock,110,12500,10.338041787219112
evolution_strategy,rosenbrock,110,12600,10.338041787219112
evolution_strategy,rosenbrock,110,12700,10.338041787219112
evolution_strategy,rosenbrock,110,12800,10.338041787219112
evolution_strategy,rosenbrock,110,12900,10.338041787219112
evolution_strategy,rosenbrock,110,13000,10.338041787219112
evolution_strategy,rosenbrock,110,13100,10.338041787219112
evolution_strategy,rosenbrock,110,13200,10.338041787219112
evolution_strategy,rosenbrock,110,13300,10.338041787219112
evolution_strategy,rosenbrock,110,13400,10.338041787219112
evolution_strategy,rosenbrock,110,13500,10.338041787219112
evolution_strategy,rosenbrock,110,13600,10.338041787219112
evolution_strategy,rosenbrock,110,13700,10.338041787219112
evolution_strategy,rosenbrock,110,13800,10.338041787219112
evolution_strategy,rosenbrock,110,13900,10.338041787219112
evolution_strategy,rosenbrock,110,14000,10.338041787219112
evolution_strategy,rosenbrock,110,14100,10.338041787219112
evolution_strategy,rosenbrock,110,14200,10.338041787219112
evolution_strategy,rosenbrock,110,14300,10.338041787219112
evolution_strategy,rosenbrock,110,14400,10.338041787219112
evolution_strategy,rosenbrock,110,14500,10.338041787219112
evolution_strategy,rosenbrock,110,14600,10.338041787219112
evolution_strategy,rosenbrock,110,14700,10.338041787219112
evolution_strategy,rosenbrock,110,14800,10.338041787219112
evolution_strategy,rosenbrock,110,14900,10.338041787219112
evolution_strategy,rosenbrock,110,15000,10.338041787219112
evolution_strategy,rosenbrock,110,15100,10.338041787219112
evolution_strategy,rosenbrock,110,15200,10.338041787219112
evolution_strategy,rosenbrock,110,15300,10.338041787219112
evolution_strategy,rosenbrock,110,15400,10.338041787219112
evolution_strategy,rosenbrock,110,15500,10.338041787219112
evolution_strategy,rosenbrock,110,15600,10.338041787219112
evolution_strategy,rosenbrock,110,15700,10.338041787219112
evolution_strategy,rosenbrock,110,15800,10.338041787219112
evolution_strategy,rosenbrock,110,15900,10.338041787219112
evolution_strategy,rosenbrock,110,16000,10.338041787219112
evolution_strategy,rosenbrock,110,16100,10.338041787219112
evolution_strategy,rosenbrock,110,16200,10.338041787219112
evolution_strategy,rosenbrock,110,16300,10.338041787219112
evolution_strategy,rosenbrock,110,16400,10.338041787219112
evolution_strategy,rosenbrock,110,16500,10.338041787219112
evolution_strategy,rosenbrock,110,16600,10.338041787219112
evolution_strategy,rosenbrock,110,16700,10.338041787219112
evolution_strategy,rosenbrock,110,16800,10.338041787219112
evolution_strategy,rosenbrock,110,16900,10.338041787219112
evolution_strategy,rosenbrock,110,17000,10.338041787219112
evolution_strategy,rosenbrock,110,17100,10.338041787219112
evolution_strategy,rosenbrock,110,17200,10.338041787219112
evolution_strategy,rosenbrock,110,17300,10.338041787219112
evolution_strategy,rosenbrock,110,17400,10.338041787219112
evolution_strategy,rosenbrock,110,17500,10.338041787219112
evolution_strategy,rosenbrock,110,17600,10.338041787219112
evolution_strategy,rosenbrock,110,17700,10.338041787219112
evolution_strategy,rosenbrock,110,17800,10.338041787219112
evolution_strategy,rosenbrock,110,17900,10.338041787219112
evolution_strategy,rosenbrock,110,18000,10.338041787219112
evolution_strategy,rosenbrock,110,18100,10.338041787219112
evolution_strategy,rosenbrock,110,18200,10.338041787219112
evolution_strategy,rosenbrock,110,18300,10.338041787219112
evolution_strategy,rosenbrock,110,18400,10.338041787219112
evolution_strategy,rosenbrock,110,18500,10.338041787219112
evolution_strategy,rosenbrock,110,18600,10.338041787219112
evolution_strategy,rosenbrock,110,18700,10.338041787219112
evolution_strategy,rosenbrock,110,18800,10.338041787219112
evolution_strategy,rosenbrock,110,18900,10.338041787219112
evolution_strategy,rosenbrock,110,19000,10.338041787219112
evolution_strategy,rosenbrock,110,19100,10.338041787219112
evolution_strategy,rosenbrock,110,19200,10.338041787219112
evolution_strategy,rosenbrock,110,19300,10.338041787219112
evolution_strategy,rosenbrock,110,19400,10.338041787219112
evolution_strategy,rosenbrock,110,19500,10.338041787219112
evolution_strategy,rosenbrock,110,19600,10.338041787219112
evolution_strategy,rosenbrock,110,19700,10.338041787219112
evolution_strategy,rosenbrock,110,19800,10.338041787219112
evolution_strategy,rosenbrock,110,19900,10.338041787219112
evolution_strategy,rosenbrock,110,20000,10.338041787219112
evolution_strategy,rosenbrock,111,100,75359.96831821413
evolution_strategy,rosenbrock,111,200,64655.10229478061
evolution_strategy,rosenbrock,111,300,55478.40352490304
evolution_strategy,rosenbrock,111,400,44323.49526251452
evolution_strategy,rosenbrock,111,500,36892.87781408741
evolution_strategy,rosenbrock,111,600,29492.25776968637
evolution_strategy,rosenbrock,111,700,25484.640814849943
evolution_strategy,rosenbrock,111,800,20539.704529037448
evolution_strategy,rosenbrock,111,900,15776.174875327535
evolution_strategy,rosenbrock,111,1000,12644.673686631297
evolution_strategy,rosenbrock,111,1100,10165.552020311754
evolution_strategy,rosenbrock,111,1200,8250.52611148168
evolution_strategy,rosenbrock,111,1300,6456.277854096998
evolution_strategy,rosenbrock,111,1400,4089.827032107353
evolution_strategy,rosenbrock,111,1500,3072.954624192125
evolution_strategy,rosenbrock,111,1600,2409.0045390367213
evolution_strategy,rosenbrock,111,1700,1876.2474744895164
evolution_strategy,rosenbrock,111,1800,1342.361830600028
evolution_strategy,rosenbrock,111,1900,994.1835819768584
evolution_strategy,rosenbrock,111,2000,659.0552830859749
evolution_strategy,rosenbrock,111,2100,489.4153625052347
evolution_strategy,rosenbrock,111,2200,348.5609200412498
evolution_strategy,rosenbrock,111,2300,249.14944421064553
evolution_strategy,rosenbrock,111,2400,202.39536480460222
evolution_strategy,rosenbrock,111,2500,184.60320428229545
evolution_strategy,rosenbrock,111,2600,157.84947415039812
evolution_strategy,rosenbrock,111,2700,141.9148789477133
evolution_strategy,rosenbrock,111,2800,129.91524242555715
evolution_strategy,rosenbrock,111,2900,123.57304734183724
evolution_strategy,rosenbrock,111,3000,120.60239885071967
evolution_strategy,rosenbrock,111,3100,120.60239885071967
evolution_strategy,rosenbrock,111,3200,119.53935482181588
evolution_strategy,rosenbrock,111,3300,119.53935482181588
evolution_strategy,rosenbrock,111,3400,116.98203902607733
evolution_strategy,rosenbrock,111,3500,116.98203902607733
evolution_strategy,rosenbrock,111,3600,115.32903126541578
evolution_strategy,rosenbrock,111,3700,109.20783275504776
evolution_strategy,rosenbrock,111,3800,108.54971179147593
evolution_strategy,rosenbrock,111,3900,108.54971179147593
evolution_strategy,rosenbrock,111,4000,105.34355020611416
evolution_strategy,rosenbrock,111,4100,97.91497354272
evolution_strategy,rosenbrock,111,4200,97.91497354272
evolution_strategy,rosenbrock,111,4300,94.61923556388373
evolution_strategy,rosenbrock,111,4400,93.45071814204208
evolution_strategy,rosenbrock,111,4500,84.25414670125207
evolution_strategy,rosenbrock,111,4600,69.8265234041938
evolution_strategy,rosenbrock,111,4700,69.8265234041938
evolution_strategy,rosenbrock,111,4800,55.70158806924243
evolution_strategy,rosenbrock,111,4900,50.68318570029963
evolution_strategy,rosenbrock,111,5000,41.12476605600941
evolution_strategy,rosenbrock,111,5100,34.39675167376649
evolution_strategy,rosenbrock,111,5200,23.808820916069916
evolution_strategy,rosenbrock,111,5300,18.305599454140285
evolution_strategy,rosenbrock,111,5400,11.031478561142775
evolution_strategy,rosenbrock,111,5500,11.031478561142775
evolution_strategy,rosenbrock,111,5600,11.031478561142775
evolution_strategy,rosenbrock,111,5700,11.031478561142775
evolution_strategy,rosenbrock,111,5800,11.031478561142775
evolution_strategy,rosenbrock,111,5900,11.031478561142775
evolution_strategy,rosenbrock,111,6000,10.640750067733459
evolution_strategy,rosenbrock,111,6100,10.640750067733459
evolution_strategy,rosenbrock,111,6200,10.286476838655778
evolution_strategy,rosenbrock,111,6300,10.286476838655778
evolution_strategy,rosenbrock,111,6400,10.286476838655778
evolution_strategy,rosenbrock,111,6500,10.286476838655778
evolution_strategy,rosenbrock,111,6600,10.286476838655778
evolution_strategy,rosenbrock,111,6700,10.286476838655778
evolution_strategy,rosenbrock,111,6800,10.286476838655778
evolution_strategy,rosenbrock,111,6900,10.286476838655778
evolution_strategy,rosenbrock,111,7000,10.286476838655778
evolution_strategy,rosenbrock,111,7100,10.286476838655778
evolution_strategy,rosenbrock,111,7200,10.286476838655778
evolution_strategy,rosenbrock,111,7300,10.286476838655778
evolution_strategy,rosenbrock,111,7400,10.286476838655778
evolution_strategy,rosenbrock,111,7500,10.286476838655778
evolution_strategy,rosenbrock,111,7600,10.286476838655778
evolution_strategy,rosenbrock,111,7700,10.286476838655778
evolution_strategy,rosenbrock,111,7800,10.286476838655778
evolution_strategy,rosenbrock,111,7900,10.286476838655778
evolution_strategy,rosenbrock,111,8000,10.286476838655778
evolution_strategy,rosenbrock,111,8100,10.286476838655778
evolution_strategy,rosenbrock,111,8200,10.286476838655778
evolution_strategy,rosenbrock,111,8300,10.286476838655778
evolution_strategy,rosenbrock,111,8400,10.286476838655778
evolution_strategy,rosenbrock,111,8500,10.286476838655778
evolution_strategy,rosenbrock,111,8600,10.286476838655778
evolution_strategy,rosenbrock,111,8700,10.286476838655778
evolution_strategy,rosenbrock,111,8800,9.994715302248203
evolution_strategy,rosenbrock,111,8900,9.994715302248203
evolution_strategy,rosenbrock,111,9000,9.994715302248203
evolution_strategy,rosenbrock,111,9100,9.994715302248203
evolution_strategy,rosenbrock,111,9200,9.994715302248203
evolution_strategy,rosenbrock,111,9300,9.994715302248203
evolution_strategy,rosenbrock,111,9400,9.994715302248203
evolution_strategy,rosenbrock,111,9500,9.994715302248203
evolution_strategy,rosenbrock,111,9600,9.994715302248203
evolution_strategy,rosenbrock,111,9700,9.994715302248203
evolution_strategy,rosenbrock,111,9800,9.994715302248203
evolution_strategy,rosenbrock,111,9900,9.994715302248203
evolution_strategy,rosenbrock,111,10000,9.994715302248203
evolution_strategy,rosenbrock,111,10100,9.994715302248203
evolution_strategy,rosenbrock,111,10200,9.994715302248203
evolution_strategy,rosenbrock,111,10300,9.994715302248203
evolution_strategy,rosenbrock,111,10400,9.994715302248203
evolution_strategy,rosenbrock,111,10500,9.994715302248203
evolution_strategy,rosenbrock,111,10600,9.994715302248203
evolution_strategy,rosenbrock,111,10700,9.994715302248203
evolution_strategy,rosenbrock,111,10800,9.994715302248203
evolution_strategy,rosenbrock,111,10900,9.994715302248203
evolution_strategy,rosenbrock,111,11000,9.994715302248203
evolution_strategy,rosenbrock,111,11100,9.994715302248203
evolution_strategy,rosenbrock,111,11200,9.994715302248203
evolution_strategy,rosenbrock,111,11300,9.994715302248203
evolution_strategy,rosenbrock,111,11400,9.994715302248203
evolution_strategy,rosenbrock,111,11500,9.994715302248203
evolution_strategy,rosenbrock,111,11600,9.994715302248203
evolution_strategy,rosenbrock,111,11700,9.994715302248203
evolution_strategy,rosenbrock,111,11800,9.994715302248203
evolution_strategy,rosenbrock,111,11900,9.994715302248203
evolution_strategy,rosenbrock,111,12000,9.994715302248203
evolution_strategy,rosenbrock,111,12100,9.958852919064459
evolution_strategy,rosenbrock,111,12200,9.958852919064459
evolution_strategy,rosenbrock,111,12300,9.958852919064459
evolution_strategy,rosenbrock,111,12400,9.958852919064459
evolution_strategy,rosenbrock,111,12500,9.958852919064459
evolution_strategy,rosenbrock,111,12600,9.958852919064459
evolution_strategy,rosenbrock,111,12700,9.958852919064459
evolution_strategy,rosenbrock,111,12800,9.958852919064459
evolution_strategy,rosenbrock,111,12900,9.958852919064459
evolution_strategy,rosenbrock,111,13000,9.958852919064459
evolution_strategy,rosenbrock,111,13100,9.958852919064459
evolution_strategy,rosenbrock,111,13200,9.958852919064459
evolution_strategy,rosenbrock,111,13300,9.958852919064459
evolution_strategy,rosenbrock,111,13400,9.958852919064459
evolution_strategy,rosenbrock,111,13500,9.958852919064459
evolution_strategy,rosenbrock,111,13600,9.958852919064459
evolution_strategy,rosenbrock,111,13700,9.958852919064459
evolution_strategy,rosenbrock,111,13800,9.958852919064459
evolution_strategy,rosenbrock,111,13900,9.958852919064459
evolution_strategy,rosenbrock,111,14000,9.958852919064459
evolution_strategy,rosenbrock,111,14100,9.958852919064459
evolution_strategy,rosenbrock,111,14200,9.958852919064459
evolution_strategy,rosenbrock,111,14300,9.958852919064459
evolution_strategy,rosenbrock,111,14400,9.958852919064459
evolution_strategy,rosenbrock,111,14500,9.958852919064459
evolution_strategy,rosenbrock,111,14600,9.958852919064459
evolution_strategy,rosenbrock,111,14700,9.958852919064459
evolution_strategy,rosenbrock,111,14800,9.958852919064459
evolution_strategy,rosenbrock,111,14900,9.958852919064459
evolution_strategy,rosenbrock,111,15000,9.958852919064459
evolution_strategy,rosenbrock,111,15100,9.958852919064459
evolution_strategy,rosenbrock,111,15200,9.958852919064459
evolution_strategy,rosenbrock,111,15300,9.958852919064459
evolution_strategy,rosenbrock,111,15400,9.958852919064459
evolution_strategy,rosenbrock,111,15500,9.958852919064459
evolution_strategy,rosenbrock,111,15600,9.867366037649457
evolution_strategy,rosenbrock,111,15700,9.867366037649457
evolution_strategy,rosenbrock,111,15800,9.867366037649457
evolution_strategy,rosenbrock,111,15900,9.867366037649457
evolution_strategy,rosenbrock,111,16000,9.867366037649457
evolution_strategy,rosenbrock,111,16100,9.867366037649457
evolution_strategy,rosenbrock,111,16200,9.867366037649457
evolution_strategy,rosenbrock,111,16300,9.867366037649457
evolution_strategy,rosenbrock,111,16400,9.867366037649457
evolution_strategy,rosenbrock,111,16500,9.867366037649457
evolution_strategy,rosenbrock,111,16600,9.867366037649457
evolution_strategy,rosenbrock,111,16700,9.79280733575242
evolution_strategy,rosenbrock,111,16800,9.79280733575242
evolution_strategy,rosenbrock,111,16900,9.79280733575242
evolution_strategy,rosenbrock,111,17000,9.79280733575242
evolution_strategy,rosenbrock,111,17100,9.79280733575242
evolution_strategy,rosenbrock,111,17200,9.79280733575242
evolution_strategy,rosenbrock,111,17300,9.79280733575242
evolution_strategy,rosenbrock,111,17400,9.609973322205052
evolution_strategy,rosenbrock,111,17500,9.609973322205052
evolution_strategy,rosenbrock,111,17600,9.609973322205052
evolution_strategy,rosenbrock,111,17700,9.609973322205052
evolution_strategy,rosenbrock,111,17800,9.609973322205052
evolution_strategy,rosenbrock,111,17900,9.609973322205052
evolution_strategy,rosenbrock,111,18000,9.609973322205052
evolution_strategy,rosenbrock,111,18100,9.609973322205052
evolution_strategy,rosenbrock,111,18200,9.609973322205052
evolution_strategy,rosenbrock,111,18300,9.609973322205052
evolution_strategy,rosenbrock,111,18400,9.609973322205052
evolution_strategy,rosenbrock,111,18500,9.609973322205052
evolution_strategy,rosenbrock,111,18600,9.609973322205052
evolution_strategy,rosenbrock,111,18700,9.609973322205052
evolution_strategy,rosenbrock,111,18800,9.609973322205052
evolution_strategy,rosenbrock,111,18900,9.609973322205052
evolution_strategy,rosenbrock,111,19000,9.609973322205052
evolution_strategy,rosenbrock,111,19100,9.609973322205052
evolution_strategy,rosenbrock,111,19200,9.609973322205052
evolution_strategy,rosenbrock,111,19300,9.609973322205052
evolution_strategy,rosenbrock,111,19400,9.609973322205052
evolution_strategy,rosenbrock,111,19500,9.609973322205052
evolution_strategy,rosenbrock,111,19600,9.609973322205052
evolution_strategy,rosenbrock,111,19700,9.609973322205052
evolution_strategy,rosenbrock,111,19800,9.609973322205052
evolution_strategy,rosenbrock,111,19900,9.609973322205052
evolution_strategy,rosenbrock,111,20000,9.609973322205052
evolution_strategy,rosenbrock,112,100,61918.08310325955
evolution_strategy,rosenbrock,112,200,52993.50889197695
evolution_strategy,rosenbrock,112,300,47270.700581336925
evolution_strategy,rosenbrock,112,400,39933.161783093776
evolution_strategy,rosenbrock,112,500,29139.127576485283
evolution_strategy,rosenbrock,112,600,26382.813905291558
evolution_strategy,rosenbrock,112,700,21635.695944546373
evolution_strategy,rosenbrock,112,800,18026.696251807603
evolution_strategy,rosenbrock,112,900,15500.541315340843
evolution_strategy,rosenbrock,112,1000,12217.630904032745
evolution_strategy,rosenbrock,112,1100,9187.589708880389
evolution_strategy,rosenbrock,112,1200,7345.353978014904
evolution_strategy,rosenbrock,112,1300,5807.417703475494
evolution_strategy,rosenbrock,112,1400,4303.241463451288
evolution_strategy,rosenbrock,112,1500,3356.6921924635053
evolution_strategy,rosenbrock,112,1600,2563.1175465329165
evolution_strategy,rosenbrock,112,1700,1927.2208297446477
evolution_strategy,rosenbrock,112,1800,1089.6481326686333
evolution_strategy,rosenbrock,112,1900,850.3692233363574
evolution_strategy,rosenbrock,112,2000,556.1480811162352
evolution_strategy,rosenbrock,112,2100,392.1488726206692
evolution_strategy,rosenbrock,112,2200,291.27598178340315
evolution_strategy,rosenbrock,112,2300,242.04160873070563
evolution_strategy,rosenbrock,112,2400,200.95568800050643
evolution_strategy,rosenbrock,112,2500,131.66910734714787
evolution_strategy,rosenbrock,112,2600,106.84319065920164
evolution_strategy,rosenbrock,112,2700,80.35595061877586
evolution_strategy,rosenbrock,112,2800,67.41118664113883
evolution_strategy,rosenbrock,112,2900,51.66962041184564
evolution_strategy,rosenbrock,112,3000,41.1961676736
evolution_strategy,rosenbrock,112,3100,32.455541975959136
evolution_strategy,rosenbrock,112,3200,19.209370665932475
evolution_strategy,rosenbrock,112,3300,14.708376965188922
evolution_strategy,rosenbrock,112,3400,13.926783736435128
evolution_strategy,rosenbrock,112,3500,13.926783736435128
evolution_strategy,rosenbrock,112,3600,11.223659999004383
evolution_strategy,rosenbrock,112,3700,11.223659999004383
evolution_strategy,rosenbrock,112,3800,8.973305646044603
evolution_strategy,rosenbrock,112,3900,8.973305646044603
evolution_strategy,rosenbrock,112,4000,8.973305646044603
evolution_strategy,rosenbrock,112,4100,8.973305646044603
evolution_strategy,rosenbrock,112,4200,8.973305646044603
evolution_strategy,rosenbrock,112,4300,8.973305646044603
evolution_strategy,rosenbrock,112,4400,8.973305646044603
evolution_strategy,rosenbrock,112,4500,8.973305646044603
evolution_strategy,rosenbrock,112,4600,8.973305646044603
evolution_strategy,rosenbrock,112,4700,8.973305646044603
evolution_strategy,rosenbrock,112,4800,8.973305646044603
evolution_strategy,rosenbrock,112,4900,8.973305646044603
evolution_strategy,rosenbrock,112,5000,8.973305646044603
evolution_strategy,rosenbrock,112,5100,8.973305646044603
evolution_strategy,rosenbrock,112,5200,8.973305646044603
evolution_strategy,rosenbrock,112,5300,8.973305646044603
evolution_strategy,rosenbrock,112,5400,8.973305646044603
evolution_strategy,rosenbrock,112,5500,8.973305646044603
evolution_strategy,rosenbrock,112,5600,8.973305646044603
evolution_strategy,rosenbrock,112,5700,8.973305646044603
evolution_strategy,rosenbrock,112,5800,8.973305646044603
evolution_strategy,rosenbrock,112,5900,8.973305646044603
evolution_strategy,rosenbrock,112,6000,8.973305646044603
evolution_strategy,rosenbrock,112,6100,8.973305646044603
evolution_strategy,rosenbrock,112,6200,8.973305646044603
evolution_strategy,rosenbrock,112,6300,8.973305646044603
evolution_strategy,rosenbrock,112,6400,8.973305646044603
evolution_strategy,rosenbrock,112,6500,8.973305646044603
evolution_strategy,rosenbrock,112,6600,8.973305646044603
evolution_strategy,rosenbrock,112,6700,8.973305646044603
evolution_strategy,rosenbrock,112,6800,8.625833313018129
evolution_strategy,rosenbrock,112,6900,8.625833313018129
evolution_strategy,rosenbrock,112,7000,8.625833313018129
evolution_strategy,rosenbrock,112,7100,8.625833313018129
evolution_strategy,rosenbrock,112,7200,8.625833313018129
evolution_strategy,rosenbrock,112,7300,8.625833313018129
evolution_strategy,rosenbrock,112,7400,8.625833313018129
evolution_strategy,rosenbrock,112,7500,8.625833313018129
evolution_strategy,rosenbrock,112,7600,8.625833313018129
evolution_strategy,rosenbrock,112,7700,8.625833313018129
evolution_strategy,rosenbrock,112,7800,8.625833313018129
evolution_strategy,rosenbrock,112,7900,8.625833313018129
evolution_strategy,rosenbrock,112,8000,8.625833313018129
evolution_strategy,rosenbrock,112,8100,8.625833313018129
evolution_strategy,rosenbrock,112,8200,8.625833313018129
evolution_strategy,rosenbrock,112,8300,8.625833313018129
evolution_strategy,rosenbrock,112,8400,8.625833313018129
evolution_strategy,rosenbrock,112,8500,8.625833313018129
evolution_strategy,rosenbrock,112,8600,8.625833313018129
evolution_strategy,rosenbrock,112,8700,8.625833313018129
evolution_strategy,rosenbrock,112,8800,8.625833313018129
evolution_strategy,rosenbrock,112,8900,8.625833313018129
evolution_strategy,rosenbrock,112,9000,8.625833313018129
evolution_strategy,rosenbrock,112,9100,8.625833313018129
evolution_strategy,rosenbrock,112,9200,8.625833313018129
evolution_strategy,rosenbrock,112,9300,8.625833313018129
evolution_strategy,rosenbrock,112,9400,8.625833313018129
evolution_strategy,rosenbrock,112,9500,8.625833313018129
evolution_strategy,rosenbrock,112,9600,8.625833313018129
evolution_strategy,rosenbrock,112,9700,8.625833313018129
evolution_strategy,rosenbrock,112,9800,8.625833313018129
evolution_strategy,rosenbrock,112,9900,8.625833313018129
evolution_strategy,rosenbrock,112,10000,8.625833313018129
evolution_strategy,rosenbrock,112,10100,8.625833313018129
evolution_strategy,rosenbrock,112,10200,8.625833313018129
evolution_strategy,rosenbrock,112,10300,8.625833313018129
evolution_strategy,rosenbrock,112,10400,8.624808302414316
evolution_strategy,rosenbrock,112,10500,8.624808302414316
evolution_strategy,rosenbrock,112,10600,8.624808302414316
evolution_strategy,rosenbrock,112,10700,8.624808302414316
evolution_strategy,rosenbrock,112,10800,8.624808302414316
evolution_strategy,rosenbrock,112,10900,8.624808302414316
evolution_strategy,rosenbrock,112,11000,8.624808302414316
evolution_strategy,rosenbrock,112,11100,8.624808302414316
evolution_strategy,rosenbrock,112,11200,8.07448870315677
evolution_strategy,rosenbrock,112,11300,8.07448870315677
evolution_strategy,rosenbrock,112,11400,8.032338907055465
evolution_strategy,rosenbrock,112,11500,8.032338907055465
evolution_strategy,rosenbrock,112,11600,8.032338907055465
evolution_strategy,rosenbrock,112,11700,8.032338907055465
evolution_strategy,rosenbrock,112,11800,8.032338907055465
evolution_strategy,rosenbrock,112,11900,8.032338907055465
evolution_strategy,rosenbrock,112,12000,8.032338907055465
evolution_strategy,rosenbrock,112,12100,8.032338907055465
evolution_strategy,rosenbrock,112,12200,8.032338907055465
evolution_strategy,rosenbrock,112,12300,8.032338907055465
evolution_strategy,rosenbrock,112,12400,8.032338907055465
evolution_strategy,rosenbrock,112,12500,8.032338907055465
evolution_strategy,rosenbrock,112,12600,8.032338907055465
evolution_strategy,rosenbrock,112,12700,8.032338907055465
evolution_strategy,rosenbrock,112,12800,8.032338907055465
evolution_strategy,rosenbrock,112,12900,8.032338907055465
evolution_strategy,rosenbrock,112,13000,8.032338907055465
evolution_strategy,rosenbrock,112,13100,8.032338907055465
evolution_strategy,rosenbrock,112,13200,8.032338907055465
evolution_strategy,rosenbrock,112,13300,8.032338907055465
evolution_strategy,rosenbrock,112,13400,8.032338907055465
evolution_strategy,rosenbrock,112,13500,8.032338907055465
evolution_strategy,rosenbrock,112,13600,8.032338907055465
evolution_strategy,rosenbrock,112,13700,8.032338907055465
evolution_strategy,rosenbrock,112,13800,8.032338907055465
evolution_strategy,rosenbrock,112,13900,8.032338907055465
evolution_strategy,rosenbrock,112,14000,8.032338907055465
evolution_strategy,rosenbrock,112,14100,8.032338907055465
evolution_strategy,rosenbrock,112,14200,8.032338907055465
evolution_strategy,rosenbrock,112,14300,8.032338907055465
evolution_strategy,rosenbrock,112,14400,8.032338907055465
evolution_strategy,rosenbrock,112,14500,8.032338907055465
evolution_strategy,rosenbrock,112,14600,8.032338907055465
evolution_strategy,rosenbrock,112,14700,8.032338907055465
evolution_strategy,rosenbrock,112,14800,8.032338907055465
evolution_strategy,rosenbrock,112,14900,8.032338907055465
evolution_strategy,rosenbrock,112,15000,8.032338907055465
evolution_strategy,rosenbrock,112,15100,8.032338907055465
evolution_strategy,rosenbrock,112,15200,8.032338907055465
evolution_strategy,rosenbrock,112,15300,8.032338907055465
evolution_strategy,rosenbrock,112,15400,8.032338907055465
evolution_strategy,rosenbrock,112,15500,8.032338907055465
evolution_strategy,rosenbrock,112,15600,8.032338907055465
evolution_strategy,rosenbrock,112,15700,8.032338907055465
evolution_strategy,rosenbrock,112,15800,8.032338907055465
evolution_strategy,rosenbrock,112,15900,7.9525837689897445
evolution_strategy,rosenbrock,112,16000,7.9525837689897445
evolution_strategy,rosenbrock,112,16100,7.9525837689897445
evolution_strategy,rosenbrock,112,16200,7.9525837689897445
evolution_strategy,rosenbrock,112,16300,7.9525837689897445
evolution_strategy,rosenbrock,112,16400,7.9525837689897445
evolution_strategy,rosenbrock,112,16500,7.9525837689897445
evolution_strategy,rosenbrock,112,16600,7.9525837689897445
evolution_strategy,rosenbrock,112,16700,7.9525837689897445
evolution_strategy,rosenbrock,112,16800,7.9525837689897445
evolution_strategy,rosenbrock,112,16900,7.9525837689897445
evolution_strategy,rosenbrock,112,17000,7.9525837689897445
evolution_strategy,rosenbrock,112,17100,7.9525837689897445
evolution_strategy,rosenbrock,112,17200,7.9525837689897445
evolution_strategy,rosenbrock,112,17300,7.9525837689897445
evolution_strategy,rosenbrock,112,17400,7.9525837689897445
evolution_strategy,rosenbrock,112,17500,7.9525837689897445
evolution_strategy,rosenbrock,112,17600,7.9525837689897445
evolution_strategy,rosenbrock,112,17700,7.9525837689897445
evolution_strategy,rosenbrock,112,17800,7.9525837689897445
evolution_strategy,rosenbrock,112,17900,7.9525837689897445
evolution_strategy,rosenbrock,112,18000,7.9525837689897445
evolution_strategy,rosenbrock,112,18100,7.9525837689897445
evolution_strategy,rosenbrock,112,18200,7.9525837689897445
evolution_strategy,rosenbrock,112,18300,7.9525837689897445
evolution_strategy,rosenbrock,112,18400,7.9525837689897445
evolution_strategy,rosenbrock,112,18500,7.9525837689897445
evolution_strategy,rosenbrock,112,18600,7.9525837689897445
evolution_strategy,rosenbrock,112,18700,7.9525837689897445
evolution_strategy,rosenbrock,112,18800,7.9525837689897445
evolution_strategy,rosenbrock,112,18900,7.9525837689897445
evolution_strategy,rosenbrock,112,19000,7.9525837689897445
evolution_strategy,rosenbrock,112,19100,7.9525837689897445
evolution_strategy,rosenbrock,112,19200,7.9525837689897445
evolution_strategy,rosenbrock,112,19300,7.9525837689897445
evolution_strategy,rosenbrock,112,19400,7.9525837689897445
evolution_strategy,rosenbrock,112,19500,7.9525837689897445
evolution_strategy,rosenbrock,112,19600,7.9525837689897445
evolution_strategy,rosenbrock,112,19700,7.9525837689897445
evolution_strategy,rosenbrock,112,19800,7.9393113446651125
evolution_strategy,rosenbrock,112,19900,7.9393113446651125
evolution_strategy,rosenbrock,112,20000,7.9393113446651125
evolution_strategy,rosenbrock,113,100,126627.91004004281
evolution_strategy,rosenbrock,113,200,109612.47257163252
evolution_strategy,rosenbrock,113,300,92236.86243270664
evolution_strategy,rosenbrock,113,400,77230.65763137494
evolution_strategy,rosenbrock,113,500,61460.07119627266
evolution_strategy,rosenbrock,113,600,54108.44501643886
evolution_strategy,rosenbrock,113,700,42311.67375514767
evolution_strategy,rosenbrock,113,800,33218.368773618524
evolution_strategy,rosenbrock,113,900,25107.99530972858
evolution_strategy,rosenbrock,113,1000,20963.16493123714
evolution_strategy,rosenbrock,113,1100,16445.156682747056
evolution_strategy,rosenbrock,113,1200,12937.594179698246
evolution_strategy,rosenbrock,113,1300,9948.720853501898
evolution_strategy,rosenbrock,113,1400,6835.015291892573
evolution_strategy,rosenbrock,113,1500,4455.953618316585
evolution_strategy,rosenbrock,113,1600,3075.601093983585
evolution_strategy,rosenbrock,113,1700,1918.8454401393014
evolution_strategy,rosenbrock,113,1800,1476.779666844565
evolution_strategy,rosenbrock,113,1900,978.3516405456501
evolution_strategy,rosenbrock,113,2000,645.59585073971
evolution_strategy,rosenbrock,113,2100,453.8530118836342
evolution_strategy,rosenbrock,113,2200,328.86615530219706
evolution_strategy,rosenbrock,113,2300,205.60503701719
evolution_strategy,rosenbrock,113,2400,156.69821542430856
evolution_strategy,rosenbrock,113,2500,134.55452051554335
evolution_strategy,rosenbrock,113,2600,109.55977402018564
evolution_strategy,rosenbrock,113,2700,109.55977402018564
evolution_strategy,rosenbrock,113,2800,109.55977402018564
evolution_strategy,rosenbrock,113,2900,105.09417720107564
evolution_strategy,rosenbrock,113,3000,105.09417720107564
evolution_strategy,rosenbrock,113,3100,105.09417720107564
evolution_strategy,rosenbrock,113,3200,99.63232020770826
evolution_strategy,rosenbrock,113,3300,99.63232020770826
evolution_strategy,rosenbrock,113,3400,98.92904489227305
evolution_strategy,rosenbrock,113,3500,98.92904489227305
evolution_strategy,rosenbrock,113,3600,95.35217054969733
evolution_strategy,rosenbrock,113,3700,95.35217054969733
evolution_strategy,rosenbrock,113,3800,95.35217054969733
evolution_strategy,rosenbrock,113,3900,95.35217054969733
evolution_strategy,rosenbrock,113,4000,95.35217054969733
evolution_strategy,rosenbrock,113,4100,93.78611334242125
evolution_strategy,rosenbrock,113,4200,93.78611334242125
evolution_strategy,rosenbrock,113,4300,93.63582324430261
evolution_strategy,rosenbrock,113,4400,93.63582324430261
evolution_strategy,rosenbrock,113,4500,93.63582324430261
evolution_strategy,rosenbrock,113,4600,89.38488737013327
evolution_strategy,rosenbrock,113,4700,89.28925547280512
evolution_strategy,rosenbrock,113,4800,84.98252296857049
evolution_strategy,rosenbrock,113,4900,84.98252296857049
evolution_strategy,rosenbrock,113,5000,82.68693101171432
evolution_strategy,rosenbrock,113,5100,81.28484765470316
evolution_strategy,rosenbrock,113,5200,77.10514235451772
evolution_strategy,rosenbrock,113,5300,63.288020686910336
evolution_strategy,rosenbrock,113,5400,61.42255355279088
evolution_strategy,rosenbrock,113,5500,53.94067513316938
evolution_strategy,rosenbrock,113,5600,44.48329321509234
evolution_strategy,rosenbrock,113,5700,34.237449767235525
evolution_strategy,rosenbrock,113,5800,24.695836229781087
evolution_strategy,rosenbrock,113,5900,12.946204324230841
evolution_strategy,rosenbrock,113,6000,12.946204324230841
evolution_strategy,rosenbrock,113,6100,10.808002533354719
evolution_strategy,rosenbrock,113,6200,10.707052116685926
evolution_strategy,rosenbrock,113,6300,9.488331104222532
evolution_strategy,rosenbrock,113,6400,9.368805533120355
evolution_strategy,rosenbrock,113,6500,9.368805533120355
evolution_strategy,rosenbrock,113,6600,7.930077558626186
evolution_strategy,rosenbrock,113,6700,7.930077558626186
evolution_strategy,rosenbrock,113,6800,7.930077558626186
evolution_strategy,rosenbrock,113,6900,7.930077558626186
evolution_strategy,rosenbrock,113,7000,7.930077558626186
evolution_strategy,rosenbrock,113,7100,7.930077558626186
evolution_strategy,rosenbrock,113,7200,7.930077558626186
evolution_strategy,rosenbrock,113,7300,7.5369690521250545
evolution_strategy,rosenbrock,113,7400,7.5369690521250545
evolution_strategy,rosenbrock,113,7500,7.5369690521250545
evolution_strategy,rosenbrock,113,7600,7.5369690521250545
evolution_strategy,rosenbrock,113,7700,7.5369690521250545
evolution_strategy,rosenbrock,113,7800,7.5369690521250545
evolution_strategy,rosenbrock,113,7900,7.5369690521250545
evolution_strategy,rosenbrock,113,8000,7.5369690521250545
evolution_strategy,rosenbrock,113,8100,6.855211448939231
evolution_strategy,rosenbrock,113,8200,6.855211448939231
evolution_strategy,rosenbrock,113,8300,6.855211448939231
evolution_strategy,rosenbrock,113,8400,6.855211448939231
evolution_strategy,rosenbrock,113,8500,6.855211448939231
evolution_strategy,rosenbrock,113,8600,6.855211448939231
evolution_strategy,rosenbrock,113,8700,6.855211448939231
evolution_strategy,rosenbrock,113,8800,6.855211448939231
evolution_strategy,rosenbrock,113,8900,6.855211448939231
evolution_strategy,rosenbrock,113,9000,6.855211448939231
evolution_strategy,rosenbrock,113,9100,6.855211448939231
evolution_strategy,rosenbrock,113,9200,6.855211448939231
evolution_strategy,rosenbrock,113,9300,6.855211448939231
evolution_strategy,rosenbrock,113,9400,6.855211448939231
evolution_strategy,rosenbrock,113,9500,6.855211448939231
evolution_strategy,rosenbrock,113,9600,6.855211448939231
evolution_strategy,rosenbrock,113,9700,6.855211448939231
evolution_strategy,rosenbrock,113,9800,6.855211448939231
evolution_strategy,rosenbrock,113,9900,6.855211448939231
evolution_strategy,rosenbrock,113,10000,6.855211448939231
evolution_strategy,rosenbrock,113,10100,6.855211448939231
evolution_strategy,rosenbrock,113,10200,6.855211448939231
evolution_strategy,rosenbrock,113,10300,6.855211448939231
evolution_strategy,rosenbrock,113,10400,6.646083122111681
evolution_strategy,rosenbrock,113,10500,6.646083122111681
evolution_strategy,rosenbrock,113,10600,6.646083122111681
evolution_strategy,rosenbrock,113,10700,6.646083122111681
evolution_strategy,rosenbrock,113,10800,6.646083122111681
evolution_strategy,rosenbrock,113,10900,6.646083122111681
evolution_strategy,rosenbrock,113,11000,6.646083122111681
evolution_strategy,rosenbrock,113,11100,6.646083122111681
evolution_strategy,rosenbrock,113,11200,6.646083122111681
evolution_strategy,rosenbrock,113,11300,6.646083122111681
evolution_strategy,rosenbrock,113,11400,6.646083122111681
evolution_strategy,rosenbrock,113,11500,6.646083122111681
evolution_strategy,rosenbrock,113,11600,6.646083122111681
evolution_strategy,rosenbrock,113,11700,6.646083122111681
evolution_strategy,rosenbrock,113,11800,6.646083122111681
evolution_strategy,rosenbrock,113,11900,6.646083122111681
evolution_strategy,rosenbrock,113,12000,6.646083122111681
evolution_strategy,rosenbrock,113,12100,6.646083122111681
evolution_strategy,rosenbrock,113,12200,6.646083122111681
evolution_strategy,rosenbrock,113,12300,6.646083122111681
evolution_strategy,rosenbrock,113,12400,6.646083122111681
evolution_strategy,rosenbrock,113,12500,6.646083122111681
evolution_strategy,rosenbrock,113,12600,6.646083122111681
evolution_strategy,rosenbrock,113,12700,6.646083122111681
evolution_strategy,rosenbrock,113,12800,6.646083122111681
evolution_strategy,rosenbrock,113,12900,6.646083122111681
evolution_strategy,rosenbrock,113,13000,5.708645054791953
evolution_strategy,rosenbrock,113,13100,5.708645054791953
evolution_strategy,rosenbrock,113,13200,5.708645054791953
evolution_strategy,rosenbrock,113,13300,5.708645054791953
evolution_strategy,rosenbrock,113,13400,5.708645054791953
evolution_strategy,rosenbrock,113,13500,5.708645054791953
evolution_strategy,rosenbrock,113,13600,5.708645054791953
evolution_strategy,rosenbrock,113,13700,5.708645054791953
evolution_strategy,rosenbrock,113,13800,5.708645054791953
evolution_strategy,rosenbrock,113,13900,5.708645054791953
evolution_strategy,rosenbrock,113,14000,5.708645054791953
evolution_strategy,rosenbrock,113,14100,5.708645054791953
evolution_strategy,rosenbrock,113,14200,5.708645054791953
evolution_strategy,rosenbrock,113,14300,5.708645054791953
evolution_strategy,rosenbrock,113,14400,5.708645054791953
evolution_strategy,rosenbrock,113,14500,5.708645054791953
evolution_strategy,rosenbrock,113,14600,5.708645054791953
evolution_strategy,rosenbrock,113,14700,5.708645054791953
evolution_strategy,rosenbrock,113,14800,5.708645054791953
evolution_strategy,rosenbrock,113,14900,5.708645054791953
evolution_strategy,rosenbrock,113,15000,5.708645054791953
evolution_strategy,rosenbrock,113,15100,5.708645054791953
evolution_strategy,rosenbrock,113,15200,5.708645054791953
evolution_strategy,rosenbrock,113,15300,5.708645054791953
evolution_strategy,rosenbrock,113,15400,5.708645054791953
evolution_strategy,rosenbrock,113,15500,5.708645054791953
evolution_strategy,rosenbrock,113,15600,5.708645054791953
evolution_strategy,rosenbrock,113,15700,5.708645054791953
evolution_strategy,rosenbrock,113,15800,5.708645054791953
evolution_strategy,rosenbrock,113,15900,5.708645054791953
evolution_strategy,rosenbrock,113,16000,5.708645054791953
evolution_strategy,rosenbrock,113,16100,5.708645054791953
evolution_strategy,rosenbrock,113,16200,5.708645054791953
evolution_strategy,rosenbrock,113,16300,5.708645054791953
evolution_strategy,rosenbrock,113,16400,5.708645054791953
evolution_strategy,rosenbrock,113,16500,5.708645054791953
evolution_strategy,rosenbrock,113,16600,5.708645054791953
evolution_strategy,rosenbrock,113,16700,5.708645054791953
evolution_strategy,rosenbrock,113,16800,5.708645054791953
evolution_strategy,rosenbrock,113,16900,5.708645054791953
evolution_strategy,rosenbrock,113,17000,5.708645054791953
evolution_strategy,rosenbrock,113,17100,5.708645054791953
evolution_strategy,rosenbrock,113,17200,5.708645054791953
evolution_strategy,rosenbrock,113,17300,5.708645054791953
evolution_strategy,rosenbrock,113,17400,5.708645054791953
evolution_strategy,rosenbrock,113,17500,5.708645054791953
evolution_strategy,rosenbrock,113,17600,5.708645054791953
evolution_strategy,rosenbrock,113,17700,5.708645054791953
evolution_strategy,rosenbrock,113,17800,5.708645054791953
evolution_strategy,rosenbrock,113,17900,5.290325263203941
evolution_strategy,rosenbrock,113,18000,5.290325263203941
evolution_strategy,rosenbrock,113,18100,5.290325263203941
evolution_strategy,rosenbrock,113,18200,5.290325263203941
evolution_strategy,rosenbrock,113,18300,5.290325263203941
evolution_strategy,rosenbrock,113,18400,5.290325263203941
evolution_strategy,rosenbrock,113,18500,5.290325263203941
evolution_strategy,rosenbrock,113,18600,5.290325263203941
evolution_strategy,rosenbrock,113,18700,5.290325263203941
evolution_strategy,rosenbrock,113,18800,5.290325263203941
evolution_strategy,rosenbrock,113,18900,5.290325263203941
evolution_strategy,rosenbrock,113,19000,5.290325263203941
evolution_strategy,rosenbrock,113,19100,5.290325263203941
evolution_strategy,rosenbrock,113,19200,5.290325263203941
evolution_strategy,rosenbrock,113,19300,5.290325263203941
evolution_strategy,rosenbrock,113,19400,5.290325263203941
evolution_strategy,rosenbrock,113,19500,5.290325263203941
evolution_strategy,rosenbrock,113,19600,5.290325263203941
evolution_strategy,rosenbrock,113,19700,5.290325263203941
evolution_strategy,rosenbrock,113,19800,5.290325263203941
evolution_strategy,rosenbrock,113,19900,5.290325263203941
evolution_strategy,rosenbrock,113,20000,5.290325263203941
evolution_strategy,rosenbrock,114,100,42467.22820891548
evolution_strategy,rosenbrock,114,200,35542.941711806765
evolution_strategy,rosenbrock,114,300,29157.75116624159
evolution_strategy,rosenbrock,114,400,22417.689571591396
evolution_strategy,rosenbrock,114,500,18145.68273026723
evolution_strategy,rosenbrock,114,600,14552.60026296152
evolution_strategy,rosenbrock,114,700,10554.617212687068
evolution_strategy,rosenbrock,114,800,8322.491122684949
evolution_strategy,rosenbrock,114,900,5789.123295468613
evolution_strategy,rosenbrock,114,1000,4640.582501142934
evolution_strategy,rosenbrock,114,1100,3651.9567533441423
evolution_strategy,rosenbrock,114,1200,2928.933827319581
evolution_strategy,rosenbrock,114,1300,2274.346912068538
evolution_strategy,rosenbrock,114,1400,1515.6445005136065
evolution_strategy,rosenbrock,114,1500,1201.5047591967043
evolution_strategy,rosenbrock,114,1600,806.7459887232003
evolution_strategy,rosenbrock,114,1700,696.9077566503183
evolution_strategy,rosenbrock,114,1800,564.3851065038361
evolution_strategy,rosenbrock,114,1900,344.51257183987207
evolution_strategy,rosenbrock,114,2000,282.9458410577662
evolution_strategy,rosenbrock,114,2100,207.1099357276886
evolution_strategy,rosenbrock,114,2200,131.990842219631
evolution_strategy,rosenbrock,114,2300,98.78074597799352
evolution_strategy,rosenbrock,114,2400,65.79195368922645
evolution_strategy,rosenbrock,114,2500,49.23357869089322
evolution_strategy,rosenbrock,114,2600,32.27492064591601
evolution_strategy,rosenbrock,114,2700,24.24420112408651
evolution_strategy,rosenbrock,114,2800,13.05831778206406
evolution_strategy,rosenbrock,114,2900,13.05831778206406
evolution_strategy,rosenbrock,114,3000,10.173989666032508
evolution_strategy,rosenbrock,114,3100,10.173989666032508
evolution_strategy,rosenbrock,114,3200,10.173989666032508
evolution_strategy,rosenbrock,114,3300,9.833690864058271
evolution_strategy,rosenbrock,114,3400,9.833690864058271
evolution_strategy,rosenbrock,114,3500,9.64275603999698
evolution_strategy,rosenbrock,114,3600,9.64275603999698
evolution_strategy,rosenbrock,114,3700,9.64275603999698
evolution_strategy,rosenbrock,114,3800,9.64275603999698
evolution_strategy,rosenbrock,114,3900,9.64275603999698
evolution_strategy,rosenbrock,114,4000,9.634981940016399
evolution_strategy,rosenbrock,114,4100,9.634981940016399
evolution_strategy,rosenbrock,114,4200,9.463880011437405
evolution_strategy,rosenbrock,114,4300,9.463880011437405
evolution_strategy,rosenbrock,114,4400,9.463880011437405
evolution_strategy,rosenbrock,114,4500,9.463880011437405
evolution_strategy,rosenbrock,114,4600,8.793476773733529
evolution_strategy,rosenbrock,114,4700,8.793476773733529
evolution_strategy,rosenbrock,114,4800,8.793476773733529
evolution_strategy,rosenbrock,114,4900,8.44759555265717
evolution_strategy,rosenbrock,114,5000,8.44759555265717
evolution_strategy,rosenbrock,114,5100,8.44759555265717
evolution_strategy,rosenbrock,114,5200,8.44759555265717
evolution_strategy,rosenbrock,114,5300,8.44759555265717
evolution_strategy,rosenbrock,114,5400,8.44759555265717
evolution_strategy,rosenbrock,114,5500,8.44759555265717
evolution_strategy,rosenbrock,114,5600,8.44759555265717
evolution_strategy,rosenbrock,114,5700,8.44759555265717
evolution_strategy,rosenbrock,114,5800,8.44759555265717
evolution_strategy,rosenbrock,114,5900,8.44759555265717
evolution_strategy,rosenbrock,114,6000,8.44759555265717
evolution_strategy,rosenbrock,114,6100,8.44759555265717
evolution_strategy,rosenbrock,114,6200,8.44759555265717
evolution_strategy,rosenbrock,114,6300,8.44759555265717
evolution_strategy,rosenbrock,114,6400,8.44759555265717
evolution_strategy,rosenbrock,114,6500,8.44759555265717
evolution_strategy,rosenbrock,114,6600,8.44759555265717
evolution_strategy,rosenbrock,114,6700,8.44759555265717
evolution_strategy,rosenbrock,114,6800,8.44759555265717
evolution_strategy,rosenbrock,114,6900,8.44759555265717
evolution_strategy,rosenbrock,114,7000,8.44759555265717
evolution_strategy,rosenbrock,114,7100,8.44759555265717
evolution_strategy,rosenbrock,114,7200,8.44759555265717
evolution_strategy,rosenbrock,114,7300,8.23957479014832
evolution_strategy,rosenbrock,114,7400,8.23957479014832
evolution_strategy,rosenbrock,114,7500,8.23957479014832
evolution_strategy,rosenbrock,114,7600,8.23957479014832
evolution_strategy,rosenbrock,114,7700,8.23957479014832
evolution_strategy,rosenbrock,114,7800,8.23957479014832
evolution_strategy,rosenbrock,114,7900,8.23957479014832
evolution_strategy,rosenbrock,114,8000,8.23957479014832
evolution_strategy,rosenbrock,114,8100,8.23957479014832
evolution_strategy,rosenbrock,114,8200,8.23957479014832
evolution_strategy,rosenbrock,114,8300,8.23957479014832
evolution_strategy,rosenbrock,114,8400,8.23957479014832
evolution_strategy,rosenbrock,114,8500,8.23957479014832
evolution_strategy,rosenbrock,114,8600,8.23957479014832
evolution_strategy,rosenbrock,114,8700,8.23957479014832
evolution_strategy,rosenbrock,114,8800,8.23957479014832
evolution_strategy,rosenbrock,114,8900,8.23957479014832
evolution_strategy,rosenbrock,114,9000,8.23957479014832
evolution_strategy,rosenbrock,114,9100,8.23957479014832
evolution_strategy,rosenbrock,114,9200,8.23957479014832
evolution_strategy,rosenbrock,114,9300,8.23957479014832
evolution_strategy,rosenbrock,114,9400,8.23957479014832
evolution_strategy,rosenbrock,114,9500,8.23957479014832
evolution_strategy,rosenbrock,114,9600,8.23957479014832
evolution_strategy,rosenbrock,114,9700,8.23957479014832
evolution_strategy,rosenbrock,114,9800,8.23957479014832
evolution_strategy,rosenbrock,114,9900,8.23957479014832
evolution_strategy,rosenbrock,114,10000,8.23957479014832
evolution_strategy,rosenbrock,114,10100,8.23957479014832
evolution_strategy,rosenbrock,114,10200,8.23957479014832
evolution_strategy,rosenbrock,114,10300,8.23957479014832
evolution_strategy,rosenbrock,114,10400,8.026439863262368
evolution_strategy,rosenbrock,114,10500,8.026439863262368
evolution_strategy,rosenbrock,114,10600,8.026439863262368
evolution_strategy,rosenbrock,114,10700,8.026439863262368
evolution_strategy,rosenbrock,114,10800,8.026439863262368
evolution_strategy,rosenbrock,114,10900,7.935282541326498
evolution_strategy,rosenbrock,114,11000,7.935282541326498
evolution_strategy,rosenbrock,114,11100,7.935282541326498
evolution_strategy,rosenbrock,114,11200,7.935282541326498
evolution_strategy,rosenbrock,114,11300,7.935282541326498
evolution_strategy,rosenbrock,114,11400,7.935282541326498
evolution_strategy,rosenbrock,114,11500,7.935282541326498
evolution_strategy,rosenbrock,114,11600,7.935282541326498
evolution_strategy,rosenbrock,114,11700,7.935282541326498
evolution_strategy,rosenbrock,114,11800,7.935282541326498
evolution_strategy,rosenbrock,114,11900,7.935282541326498
evolution_strategy,rosenbrock,114,12000,7.935282541326498
evolution_strategy,rosenbrock,114,12100,7.935282541326498
evolution_strategy,rosenbrock,114,12200,7.645090019895871
evolution_strategy,rosenbrock,114,12300,7.645090019895871
evolution_strategy,rosenbrock,114,12400,7.645090019895871
evolution_strategy,rosenbrock,114,12500,7.645090019895871
evolution_strategy,rosenbrock,114,12600,7.645090019895871
evolution_strategy,rosenbrock,114,12700,7.645090019895871
evolution_strategy,rosenbrock,114,12800,7.645090019895871
evolution_strategy,rosenbrock,114,12900,7.645090019895871
evolution_strategy,rosenbrock,114,13000,7.645090019895871
evolution_strategy,rosenbrock,114,13100,7.645090019895871
evolution_strategy,rosenbrock,114,13200,7.645090019895871
evolution_strategy,rosenbrock,114,13300,7.645090019895871
evolution_strategy,rosenbrock,114,13400,7.645090019895871
evolution_strategy,rosenbrock,114,13500,7.645090019895871
evolution_strategy,rosenbrock,114,13600,7.645090019895871
evolution_strategy,rosenbrock,114,13700,7.645090019895871
evolution_strategy,rosenbrock,114,13800,7.645090019895871
evolution_strategy,rosenbrock,114,13900,7.645090019895871
evolution_strategy,rosenbrock,114,14000,7.645090019895871
evolution_strategy,rosenbrock,114,14100,7.645090019895871
evolution_strategy,rosenbrock,114,14200,7.645090019895871
evolution_strategy,rosenbrock,114,14300,7.645090019895871
evolution_strategy,rosenbrock,114,14400,7.645090019895871
evolution_strategy,rosenbrock,114,14500,7.645090019895871
evolution_strategy,rosenbrock,114,14600,7.645090019895871
evolution_strategy,rosenbrock,114,14700,7.645090019895871
evolution_strategy,rosenbrock,114,14800,7.645090019895871
evolution_strategy,rosenbrock,114,14900,7.645090019895871
evolution_strategy,rosenbrock,114,15000,7.645090019895871
evolution_strategy,rosenbrock,114,15100,7.100998096565573
evolution_strategy,rosenbrock,114,15200,7.100998096565573
evolution_strategy,rosenbrock,114,15300,7.100998096565573
evolution_strategy,rosenbrock,114,15400,7.100998096565573
evolution_strategy,rosenbrock,114,15500,7.100998096565573
evolution_strategy,rosenbrock,114,15600,7.100998096565573
evolution_strategy,rosenbrock,114,15700,7.100998096565573
evolution_strategy,rosenbrock,114,15800,7.100998096565573
evolution_strategy,rosenbrock,114,15900,7.100998096565573
evolution_strategy,rosenbrock,114,16000,7.100998096565573
evolution_strategy,rosenbrock,114,16100,7.100998096565573
evolution_strategy,rosenbrock,114,16200,7.100998096565573
evolution_strategy,rosenbrock,114,16300,6.960310200677165
evolution_strategy,rosenbrock,114,16400,6.960310200677165
evolution_strategy,rosenbrock,114,16500,6.960310200677165
evolution_strategy,rosenbrock,114,16600,6.960310200677165
evolution_strategy,rosenbrock,114,16700,6.960310200677165
evolution_strategy,rosenbrock,114,16800,6.960310200677165
evolution_strategy,rosenbrock,114,16900,6.960310200677165
evolution_strategy,rosenbrock,114,17000,6.960310200677165
evolution_strategy,rosenbrock,114,17100,6.960310200677165
evolution_strategy,rosenbrock,114,17200,6.960310200677165
evolution_strategy,rosenbrock,114,17300,6.960310200677165
evolution_strategy,rosenbrock,114,17400,6.960310200677165
evolution_strategy,rosenbrock,114,17500,6.960310200677165
evolution_strategy,rosenbrock,114,17600,6.960310200677165
evolution_strategy,rosenbrock,114,17700,6.797912710239055
evolution_strategy,rosenbrock,114,17800,6.797912710239055
evolution_strategy,rosenbrock,114,17900,6.797912710239055
evolution_strategy,rosenbrock,114,18000,6.797912710239055
evolution_strategy,rosenbrock,114,18100,6.797912710239055
evolution_strategy,rosenbrock,114,18200,6.797912710239055
evolution_strategy,rosenbrock,114,18300,6.797912710239055
evolution_strategy,rosenbrock,114,18400,6.797912710239055
evolution_strategy,rosenbrock,114,18500,6.797912710239055
evolution_strategy,rosenbrock,114,18600,6.797912710239055
evolution_strategy,rosenbrock,114,18700,6.797912710239055
evolution_strategy,rosenbrock,114,18800,6.797912710239055
evolution_strategy,rosenbrock,114,18900,6.797912710239055
evolution_strategy,rosenbrock,114,19000,6.797912710239055
evolution_strategy,rosenbrock,114,19100,6.797912710239055
evolution_strategy,rosenbrock,114,19200,6.797912710239055
evolution_strategy,rosenbrock,114,19300,6.797912710239055
evolution_strategy,rosenbrock,114,19400,6.797912710239055
evolution_strategy,rosenbrock,114,19500,6.797912710239055
evolution_strategy,rosenbrock,114,19600,6.797912710239055
evolution_strategy,rosenbrock,114,19700,6.797912710239055
evolution_strategy,rosenbrock,114,19800,6.797912710239055
evolution_strategy,rosenbrock,114,19900,6.797912710239055
evolution_strategy,rosenbrock,114,20000,6.797912710239055
evolution_strategy,rosenbrock,115,100,113594.59861714936
evolution_strategy,rosenbrock,115,200,104175.41062430259
evolution_strategy,rosenbrock,115,300,79442.15060124121
evolution_strategy,rosenbrock,115,400,68749.4936461917
evolution_strategy,rosenbrock,115,500,58045.96050064659
evolution_strategy,rosenbrock,115,600,47033.963969550095
evolution_strategy,rosenbrock,115,700,37584.9307649495
evolution_strategy,rosenbrock,115,800,26762.03342227944
evolution_strategy,rosenbrock,115,900,23043.26340295034
evolution_strategy,rosenbrock,115,1000,18404.897302087113
evolution_strategy,rosenbrock,115,1100,15060.065604918811
evolution_strategy,rosenbrock,115,1200,12470.193244900622
evolution_strategy,rosenbrock,115,1300,9345.60528260264
evolution_strategy,rosenbrock,115,1400,6829.012782261771
evolution_strategy,rosenbrock,115,1500,5185.91985636087
evolution_strategy,rosenbrock,115,1600,3692.896010451588
evolution_strategy,rosenbrock,115,1700,2677.2399716992895
evolution_strategy,rosenbrock,115,1800,1883.7161632409327
evolution_strategy,rosenbrock,115,1900,1325.4924802238697
evolution_strategy,rosenbrock,115,2000,960.988458823577
evolution_strategy,rosenbrock,115,2100,691.2470922548673
evolution_strategy,rosenbrock,115,2200,477.90822993493725
evolution_strategy,rosenbrock,115,2300,366.43415440412673
evolution_strategy,rosenbrock,115,2400,281.2369871099972
evolution_strategy,rosenbrock,115,2500,221.5532825340389
evolution_strategy,rosenbrock,115,2600,171.76983998993762
evolution_strategy,rosenbrock,115,2700,161.88464905802007
evolution_strategy,rosenbrock,115,2800,144.01542820038983
evolution_strategy,rosenbrock,115,2900,128.84624060845925
evolution_strategy,rosenbrock,115,3000,128.17949855182064
evolution_strategy,rosenbrock,115,3100,126.63184896001904
evolution_strategy,rosenbrock,115,3200,125.89546746421499
evolution_strategy,rosenbrock,115,3300,122.68694369539658
evolution_strategy,rosenbrock,115,3400,122.68694369539658
evolution_strategy,rosenbrock,115,3500,122.05737735978764
evolution_strategy,rosenbrock,115,3600,116.7383892598394
evolution_strategy,rosenbrock,115,3700,116.73208929898401
evolution_strategy,rosenbrock,115,3800,116.73208929898401
evolution_strategy,rosenbrock,115,3900,116.73208929898401
evolution_strategy,rosenbrock,115,4000,115.80324171470394
evolution_strategy,rosenbrock,115,4100,114.9079918774697
evolution_strategy,rosenbrock,115,4200,114.9079918774697
evolution_strategy,rosenbrock,115,4300,114.9079918774697
evolution_strategy,rosenbrock,115,4400,111.92712779705228
evolution_strategy,rosenbrock,115,4500,111.92712779705228
evolution_strategy,rosenbrock,115,4600,111.47048670679234
evolution_strategy,rosenbrock,115,4700,105.51195048783823
evolution_strategy,rosenbrock,115,4800,103.7513454742185
evolution_strategy,rosenbrock,115,4900,103.7513454742185
evolution_strategy,rosenbrock,115,5000,103.7513454742185
evolution_strategy,rosenbrock,115,5100,103.7513454742185
evolution_strategy,rosenbrock,115,5200,103.7513454742185
evolution_strategy,rosenbrock,115,5300,102.50634613027331
evolution_strategy,rosenbrock,115,5400,102.50634613027331
evolution_strategy,rosenbrock,115,5500,102.50634613027331
evolution_strategy,rosenbrock,115,5600,102.50634613027331
evolution_strategy,rosenbrock,115,5700,101.87667736898476
evolution_strategy,rosenbrock,115,5800,101.87667736898476
evolution_strategy,rosenbrock,115,5900,100.27050495495088
evolution_strategy,rosenbrock,115,6000,100.11823037748131
evolution_strategy,rosenbrock,115,6100,99.1720176556979
evolution_strategy,rosenbrock,115,6200,98.0204741698564
evolution_strategy,rosenbrock,115,6300,96.24051111967185
evolution_strategy,rosenbrock,115,6400,96.24051111967185
evolution_strategy,rosenbrock,115,6500,96.24051111967185
evolution_strategy,rosenbrock,115,6600,96.24051111967185
evolution_strategy,rosenbrock,115,6700,92.53072121894623
evolution_strategy,rosenbrock,115,6800,92.53072121894623
evolution_strategy,rosenbrock,115,6900,89.4095456594054
evolution_strategy,rosenbrock,115,7000,88.29572063431688
evolution_strategy,rosenbrock,115,7100,83.95500314264861
evolution_strategy,rosenbrock,115,7200,75.11814168543751
evolution_strategy,rosenbrock,115,7300,56.47462737553459
evolution_strategy,rosenbrock,115,7400,54.35474558681341
evolution_strategy,rosenbrock,115,7500,48.787590751626915
evolution_strategy,rosenbrock,115,7600,37.75186229490551
evolution_strategy,rosenbrock,115,7700,22.965382470306547
evolution_strategy,rosenbrock,115,7800,7.22580209678623
evolution_strategy,rosenbrock,115,7900,7.22580209678623
evolution_strategy,rosenbrock,115,8000,7.22580209678623
evolution_strategy,rosenbrock,115,8100,7.22580209678623
evolution_strategy,rosenbrock,115,8200,7.22580209678623
evolution_strategy,rosenbrock,115,8300,7.22580209678623
evolution_strategy,rosenbrock,115,8400,7.22580209678623
evolution_strategy,rosenbrock,115,8500,7.22580209678623
evolution_strategy,rosenbrock,115,8600,7.22580209678623
evolution_strategy,rosenbrock,115,8700,7.22580209678623
evolution_strategy,rosenbrock,115,8800,7.22580209678623
evolution_strategy,rosenbrock,115,8900,7.22580209678623
evolution_strategy,rosenbrock,115,9000,7.22580209678623
evolution_strategy,rosenbrock,115,9100,7.22580209678623
evolution_strategy,rosenbrock,115,9200,7.22580209678623
evolution_strategy,rosenbrock,115,9300,7.22580209678623
evolution_strategy,rosenbrock,115,9400,7.22580209678623
evolution_strategy,rosenbrock,115,9500,7.22580209678623
evolution_strategy,rosenbrock,115,9600,7.22580209678623
evolution_strategy,rosenbrock,115,9700,7.22580209678623
evolution_strategy,rosenbrock,115,9800,7.22580209678623
evolution_strategy,rosenbrock,115,9900,7.22580209678623
evolution_strategy,rosenbrock,115,10000,7.22580209678623
evolution_strategy,rosenbrock,115,10100,7.22580209678623
evolution_strategy,rosenbrock,115,10200,7.22580209678623
evolution_strategy,rosenbrock,115,10300,7.22580209678623
evolution_strategy,rosenbrock,115,10400,7.22580209678623
evolution_strategy,rosenbrock,115,10500,7.22580209678623
evolution_strategy,rosenbrock,115,10600,7.22580209678623
evolution_strategy,rosenbrock,115,10700,7.22580209678623
evolution_strategy,rosenbrock,115,10800,7.22580209678623
evolution_strategy,rosenbrock,115,10900,7.22580209678623
evolution_strategy,rosenbrock,115,11000,7.22580209678623
evolution_strategy,rosenbrock,115,11100,6.717773417513726
evolution_strategy,rosenbrock,115,11200,6.717773417513726
evolution_strategy,rosenbrock,115,11300,6.717773417513726
evolution_strategy,rosenbrock,115,11400,6.717773417513726
evolution_strategy,rosenbrock,115,11500,6.717773417513726
evolution_strategy,rosenbrock,115,11600,6.717773417513726
evolution_strategy,rosenbrock,115,11700,6.717773417513726
evolution_strategy,rosenbrock,115,11800,6.717773417513726
evolution_strategy,rosenbrock,115,11900,6.717773417513726
evolution_strategy,rosenbrock,115,12000,6.717773417513726
evolution_strategy,rosenbrock,115,12100,6.717773417513726
evolution_strategy,rosenbrock,115,12200,6.717773417513726
evolution_strategy,rosenbrock,115,12300,6.717773417513726
evolution_strategy,rosenbrock,115,12400,6.717773417513726
evolution_strategy,rosenbrock,115,12500,6.717773417513726
evolution_strategy,rosenbrock,115,12600,6.717773417513726
evolution_strategy,rosenbrock,115,12700,6.717773417513726
evolution_strategy,rosenbrock,115,12800,6.553356459034632
evolution_strategy,rosenbrock,115,12900,6.553356459034632
evolution_strategy,rosenbrock,115,13000,6.553356459034632
evolution_strategy,rosenbrock,115,13100,5.879310470173989
evolution_strategy,rosenbrock,115,13200,5.879310470173989
evolution_strategy,rosenbrock,115,13300,5.879310470173989
evolution_strategy,rosenbrock,115,13400,5.3654433420550856
evolution_strategy,rosenbrock,115,13500,5.3654433420550856
evolution_strategy,rosenbrock,115,13600,5.3654433420550856
evolution_strategy,rosenbrock,115,13700,5.3654433420550856
evolution_strategy,rosenbrock,115,13800,5.3654433420550856
evolution_strategy,rosenbrock,115,13900,5.3654433420550856
evolution_strategy,rosenbrock,115,14000,5.3654433420550856
evolution_strategy,rosenbrock,115,14100,5.3654433420550856
evolution_strategy,rosenbrock,115,14200,5.3654433420550856
evolution_strategy,rosenbrock,115,14300,5.3654433420550856
evolution_strategy,rosenbrock,115,14400,5.3654433420550856
evolution_strategy,rosenbrock,115,14500,5.3654433420550856
evolution_strategy,rosenbrock,115,14600,5.3654433420550856
evolution_strategy,rosenbrock,115,14700,5.3654433420550856
evolution_strategy,rosenbrock,115,14800,5.3654433420550856
evolution_strategy,rosenbrock,115,14900,5.3654433420550856
evolution_strategy,rosenbrock,115,15000,5.3654433420550856
evolution_strategy,rosenbrock,115,15100,5.3654433420550856
evolution_strategy,rosenbrock,115,15200,5.3654433420550856
evolution_strategy,rosenbrock,115,15300,5.3654433420550856
evolution_strategy,rosenbrock,115,15400,5.3654433420550856
evolution_strategy,rosenbrock,115,15500,5.3654433420550856
evolution_strategy,rosenbrock,115,15600,5.3654433420550856
evolution_strategy,rosenbrock,115,15700,5.3654433420550856
evolution_strategy,rosenbrock,115,15800,5.3654433420550856
evolution_strategy,rosenbrock,115,15900,5.3654433420550856
evolution_strategy,rosenbrock,115,16000,5.3654433420550856
evolution_strategy,rosenbrock,115,16100,5.3654433420550856
evolution_strategy,rosenbrock,115,16200,5.3654433420550856
evolution_strategy,rosenbrock,115,16300,5.3654433420550856
evolution_strategy,rosenbrock,115,16400,5.3654433420550856
evolution_strategy,rosenbrock,115,16500,5.3654433420550856
evolution_strategy,rosenbrock,115,16600,5.3654433420550856
evolution_strategy,rosenbrock,115,16700,5.3654433420550856
evolution_strategy,rosenbrock,115,16800,5.3654433420550856
evolution_strategy,rosenbrock,115,16900,5.3654433420550856
evolution_strategy,rosenbrock,115,17000,5.3654433420550856
evolution_strategy,rosenbrock,115,17100,5.3654433420550856
evolution_strategy,rosenbrock,115,17200,5.3654433420550856
evolution_strategy,rosenbrock,115,17300,5.3654433420550856
evolution_strategy,rosenbrock,115,17400,5.3654433420550856
evolution_strategy,rosenbrock,115,17500,5.3654433420550856
evolution_strategy,rosenbrock,115,17600,5.3654433420550856
evolution_strategy,rosenbrock,115,17700,5.3654433420550856
evolution_strategy,rosenbrock,115,17800,5.3654433420550856
evolution_strategy,rosenbrock,115,17900,5.3654433420550856
evolution_strategy,rosenbrock,115,18000,5.3654433420550856
evolution_strategy,rosenbrock,115,18100,5.3654433420550856
evolution_strategy,rosenbrock,115,18200,5.3654433420550856
evolution_strategy,rosenbrock,115,18300,5.3654433420550856
evolution_strategy,rosenbrock,115,18400,5.3654433420550856
evolution_strategy,rosenbrock,115,18500,5.3654433420550856
evolution_strategy,rosenbrock,115,18600,5.3654433420550856
evolution_strategy,rosenbrock,115,18700,5.3654433420550856
evolution_strategy,rosenbrock,115,18800,5.3654433420550856
evolution_strategy,rosenbrock,115,18900,5.3654433420550856
evolution_strategy,rosenbrock,115,19000,5.3654433420550856
evolution_strategy,rosenbrock,115,19100,5.3654433420550856
evolution_strategy,rosenbrock,115,19200,5.3654433420550856
evolution_strategy,rosenbrock,115,19300,5.3654433420550856
evolution_strategy,rosenbrock,115,19400,5.3654433420550856
evolution_strategy,rosenbrock,115,19500,5.3654433420550856
evolution_strategy,rosenbrock,115,19600,5.3654433420550856
evolution_strategy,rosenbrock,115,19700,5.3654433420550856
evolution_strategy,rosenbrock,115,19800,5.3654433420550856
evolution_strategy,rosenbrock,115,19900,5.3654433420550856
evolution_strategy,rosenbrock,115,20000,5.3654433420550856
evolution_strategy,rosenbrock,116,100,43021.262575222834
evolution_strategy,rosenbrock,116,200,37882.87716685611
evolution_strategy,rosenbrock,116,300,33506.365544336135
evolution_strategy,rosenbrock,116,400,28406.849866265147
evolution_strategy,rosenbrock,116,500,23062.257329929165
evolution_strategy,rosenbrock,116,600,17843.16504886267
evolution_strategy,rosenbrock,116,700,15120.342442120633
evolution_strategy,rosenbrock,116,800,11385.241792764533
evolution_strategy,rosenbrock,116,900,8973.490056290295
evolution_strategy,rosenbrock,116,1000,7680.497321546115
evolution_strategy,rosenbrock,116,1100,5732.495274517839
evolution_strategy,rosenbrock,116,1200,4379.64624426577
evolution_strategy,rosenbrock,116,1300,3348.557714952591
evolution_strategy,rosenbrock,116,1400,2512.052029765169
evolution_strategy,rosenbrock,116,1500,1977.7546004509654
evolution_strategy,rosenbrock,116,1600,1544.3312495023542
evolution_strategy,rosenbrock,116,1700,1162.607485462058
evolution_strategy,rosenbrock,116,1800,756.4087396036653
evolution_strategy,rosenbrock,116,1900,630.3239121931502
evolution_strategy,rosenbrock,116,2000,438.3927725378718
evolution_strategy,rosenbrock,116,2100,334.1695621921007
evolution_strategy,rosenbrock,116,2200,319.94407492444213
evolution_strategy,rosenbrock,116,2300,276.06123060548595
evolution_strategy,rosenbrock,116,2400,259.9004805527799
evolution_strategy,rosenbrock,116,2500,228.53336878567336
evolution_strategy,rosenbrock,116,2600,228.53336878567336
evolution_strategy,rosenbrock,116,2700,201.32596218805543
evolution_strategy,rosenbrock,116,2800,195.3102807420625
evolution_strategy,rosenbrock,116,2900,192.3519652863992
evolution_strategy,rosenbrock,116,3000,189.51592166890967
evolution_strategy,rosenbrock,116,3100,183.47133372638865
evolution_strategy,rosenbrock,116,3200,175.42555172391647
evolution_strategy,rosenbrock,116,3300,174.8822488705203
evolution_strategy,rosenbrock,116,3400,173.8615141191579
evolution_strategy,rosenbrock,116,3500,173.58670159618228
evolution_strategy,rosenbrock,116,3600,170.8289559033251
evolution_strategy,rosenbrock,116,3700,170.8289559033251
evolution_strategy,rosenbrock,116,3800,170.29802020061226
evolution_strategy,rosenbrock,116,3900,168.76251777506164
evolution_strategy,rosenbrock,116,4000,168.76251777506164
evolution_strategy,rosenbrock,116,4100,168.76251777506164
evolution_strategy,rosenbrock,116,4200,168.76251777506164
evolution_strategy,rosenbrock,116,4300,168.76251777506164
evolution_strategy,rosenbrock,116,4400,168.19769515315838
evolution_strategy,rosenbrock,116,4500,168.19769515315838
evolution_strategy,rosenbrock,116,4600,168.19769515315838
evolution_strategy,rosenbrock,116,4700,167.45604076589825
evolution_strategy,rosenbrock,116,4800,167.45604076589825
evolution_strategy,rosenbrock,116,4900,167.45604076589825
evolution_strategy,rosenbrock,116,5000,167.45604076589825
evolution_strategy,rosenbrock,116,5100,166.2730461042906
evolution_strategy,rosenbrock,116,5200,166.2730461042906
evolution_strategy,rosenbrock,116,5300,166.2730461042906
evolution_strategy,rosenbrock,116,5400,166.2730461042906
evolution_strategy,rosenbrock,116,5500,166.2730461042906
evolution_strategy,rosenbrock,116,5600,166.2730461042906
evolution_strategy,rosenbrock,116,5700,166.2730461042906
evolution_strategy,rosenbrock,116,5800,166.2730461042906
evolution_strategy,rosenbrock,116,5900,164.22994571261344
evolution_strategy,rosenbrock,116,6000,164.22994571261344
evolution_strategy,rosenbrock,116,6100,164.22994571261344
evolution_strategy,rosenbrock,116,6200,164.22994571261344
evolution_strategy,rosenbrock,116,6300,164.22994571261344
evolution_strategy,rosenbrock,116,6400,164.20062408728447
evolution_strategy,rosenbrock,116,6500,164.20062408728447
evolution_strategy,rosenbrock,116,6600,164.20062408728447
evolution_strategy,rosenbrock,116,6700,164.20062408728447
evolution_strategy,rosenbrock,116,6800,164.20062408728447
evolution_strategy,rosenbrock,116,6900,164.20062408728447
evolution_strategy,rosenbrock,116,7000,164.20062408728447
evolution_strategy,rosenbrock,116,7100,164.20062408728447
evolution_strategy,rosenbrock,116,7200,164.0543154479932
evolution_strategy,rosenbrock,116,7300,164.0543154479932
evolution_strategy,rosenbrock,116,7400,164.0543154479932
evolution_strategy,rosenbrock,116,7500,164.0543154479932
evolution_strategy,rosenbrock,116,7600,164.0543154479932
evolution_strategy,rosenbrock,116,7700,164.0543154479932
evolution_strategy,rosenbrock,116,7800,164.0543154479932
evolution_strategy,rosenbrock,116,7900,164.0543154479932
evolution_strategy,rosenbrock,116,8000,164.0543154479932
evolution_strategy,rosenbrock,116,8100,164.0543154479932
evolution_strategy,rosenbrock,116,8200,164.0543154479932
evolution_strategy,rosenbrock,116,8300,164.0543154479932
evolution_strategy,rosenbrock,116,8400,164.0543154479932
evolution_strategy,rosenbrock,116,8500,164.0543154479932
evolution_strategy,rosenbrock,116,8600,164.0543154479932
evolution_strategy,rosenbrock,116,8700,164.0543154479932
evolution_strategy,rosenbrock,116,8800,164.0543154479932
evolution_strategy,rosenbrock,116,8900,164.0543154479932
evolution_strategy,rosenbrock,116,9000,164.0543154479932
evolution_strategy,rosenbrock,116,9100,164.0543154479932
evolution_strategy,rosenbrock,116,9200,164.0543154479932
evolution_strategy,rosenbrock,116,9300,164.0543154479932
evolution_strategy,rosenbrock,116,9400,164.0543154479932
evolution_strategy,rosenbrock,116,9500,164.0543154479932
evolution_strategy,rosenbrock,116,9600,164.0543154479932
evolution_strategy,rosenbrock,116,9700,163.43763006138988
evolution_strategy,rosenbrock,116,9800,163.43763006138988
evolution_strategy,rosenbrock,116,9900,163.43763006138988
evolution_strategy,rosenbrock,116,10000,163.43763006138988
evolution_strategy,rosenbrock,116,10100,161.84090592847227
evolution_strategy,rosenbrock,116,10200,161.84090592847227
evolution_strategy,rosenbrock,116,10300,161.84090592847227
evolution_strategy,rosenbrock,116,10400,161.84090592847227
evolution_strategy,rosenbrock,116,10500,161.84090592847227
evolution_strategy,rosenbrock,116,10600,161.84090592847227
evolution_strategy,rosenbrock,116,10700,161.84090592847227
evolution_strategy,rosenbrock,116,10800,161.84090592847227
evolution_strategy,rosenbrock,116,10900,161.84090592847227
evolution_strategy,rosenbrock,116,11000,161.84090592847227
evolution_strategy,rosenbrock,116,11100,161.84090592847227
evolution_strategy,rosenbrock,116,11200,161.84090592847227
evolution_strategy,rosenbrock,116,11300,161.84090592847227
evolution_strategy,rosenbrock,116,11400,161.84090592847227
evolution_strategy,rosenbrock,116,11500,161.84090592847227
evolution_strategy,rosenbrock,116,11600,161.84090592847227
evolution_strategy,rosenbrock,116,11700,161.84090592847227
evolution_strategy,rosenbrock,116,11800,161.84090592847227
evolution_strategy,rosenbrock,116,11900,161.84090592847227
evolution_strategy,rosenbrock,116,12000,161.84090592847227
evolution_strategy,rosenbrock,116,12100,161.84090592847227
evolution_strategy,rosenbrock,116,12200,161.84090592847227
evolution_strategy,rosenbrock,116,12300,161.84090592847227
evolution_strategy,rosenbrock,116,12400,161.84090592847227
evolution_strategy,rosenbrock,116,12500,161.84090592847227
evolution_strategy,rosenbrock,116,12600,161.84090592847227
evolution_strategy,rosenbrock,116,12700,161.84090592847227
evolution_strategy,rosenbrock,116,12800,161.84090592847227
evolution_strategy,rosenbrock,116,12900,161.84090592847227
evolution_strategy,rosenbrock,116,13000,161.13347529576302
evolution_strategy,rosenbrock,116,13100,161.13347529576302
evolution_strategy,rosenbrock,116,13200,161.13347529576302
evolution_strategy,rosenbrock,116,13300,158.9152691351649
evolution_strategy,rosenbrock,116,13400,158.9152691351649
evolution_strategy,rosenbrock,116,13500,158.9152691351649
evolution_strategy,rosenbrock,116,13600,158.9152691351649
evolution_strategy,rosenbrock,116,13700,158.9152691351649
evolution_strategy,rosenbrock,116,13800,158.9152691351649
evolution_strategy,rosenbrock,116,13900,158.9152691351649
evolution_strategy,rosenbrock,116,14000,158.9152691351649
evolution_strategy,rosenbrock,116,14100,158.9152691351649
evolution_strategy,rosenbrock,116,14200,158.9152691351649
evolution_strategy,rosenbrock,116,14300,158.9152691351649
evolution_strategy,rosenbrock,116,14400,158.9152691351649
evolution_strategy,rosenbrock,116,14500,158.9152691351649
evolution_strategy,rosenbrock,116,14600,158.9152691351649
evolution_strategy,rosenbrock,116,14700,158.9152691351649
evolution_strategy,rosenbrock,116,14800,158.9152691351649
evolution_strategy,rosenbrock,116,14900,158.9152691351649
evolution_strategy,rosenbrock,116,15000,158.9152691351649
evolution_strategy,rosenbrock,116,15100,158.9152691351649
evolution_strategy,rosenbrock,116,15200,158.9152691351649
evolution_strategy,rosenbrock,116,15300,158.9152691351649
evolution_strategy,rosenbrock,116,15400,158.9152691351649
evolution_strategy,rosenbrock,116,15500,158.9152691351649
evolution_strategy,rosenbrock,116,15600,158.9152691351649
evolution_strategy,rosenbrock,116,15700,158.9152691351649
evolution_strategy,rosenbrock,116,15800,158.9152691351649
evolution_strategy,rosenbrock,116,15900,158.9152691351649
evolution_strategy,rosenbrock,116,16000,158.9152691351649
evolution_strategy,rosenbrock,116,16100,158.9152691351649
evolution_strategy,rosenbrock,116,16200,158.9152691351649
evolution_strategy,rosenbrock,116,16300,158.9152691351649
evolution_strategy,rosenbrock,116,16400,158.9152691351649
evolution_strategy,rosenbrock,116,16500,158.9152691351649
evolution_strategy,rosenbrock,116,16600,158.9152691351649
evolution_strategy,rosenbrock,116,16700,158.9152691351649
evolution_strategy,rosenbrock,116,16800,158.9152691351649
evolution_strategy,rosenbrock,116,16900,158.9152691351649
evolution_strategy,rosenbrock,116,17000,158.9152691351649
evolution_strategy,rosenbrock,116,17100,158.9152691351649
evolution_strategy,rosenbrock,116,17200,158.9152691351649
evolution_strategy,rosenbrock,116,17300,158.9152691351649
evolution_strategy,rosenbrock,116,17400,158.9152691351649
evolution_strategy,rosenbrock,116,17500,158.9152691351649
evolution_strategy,rosenbrock,116,17600,158.9152691351649
evolution_strategy,rosenbrock,116,17700,158.9152691351649
evolution_strategy,rosenbrock,116,17800,158.9152691351649
evolution_strategy,rosenbrock,116,17900,158.9152691351649
evolution_strategy,rosenbrock,116,18000,158.9152691351649
evolution_strategy,rosenbrock,116,18100,158.9152691351649
evolution_strategy,rosenbrock,116,18200,158.77892983745562
evolution_strategy,rosenbrock,116,18300,158.77892983745562
evolution_strategy,rosenbrock,116,18400,158.77892983745562
evolution_strategy,rosenbrock,116,18500,158.77892983745562
evolution_strategy,rosenbrock,116,18600,158.77892983745562
evolution_strategy,rosenbrock,116,18700,158.77892983745562
evolution_strategy,rosenbrock,116,18800,158.77892983745562
evolution_strategy,rosenbrock,116,18900,158.77892983745562
evolution_strategy,rosenbrock,116,19000,158.77892983745562
evolution_strategy,rosenbrock,116,19100,158.77892983745562
evolution_strategy,rosenbrock,116,19200,158.77892983745562
evolution_strategy,rosenbrock,116,19300,158.77892983745562
evolution_strategy,rosenbrock,116,19400,158.77892983745562
evolution_strategy,rosenbrock,116,19500,158.77892983745562
evolution_strategy,rosenbrock,116,19600,158.77892983745562
evolution_strategy,rosenbrock,116,19700,158.77892983745562
evolution_strategy,rosenbrock,116,19800,158.64441934527463
evolution_strategy,rosenbrock,116,19900,158.64441934527463
evolution_strategy,rosenbrock,116,20000,158.64441934527463
evolution_strategy,rosenbrock,117,100,43853.69726109881
evolution_strategy,rosenbrock,117,200,39456.90420946633
evolution_strategy,rosenbrock,117,300,31822.766960363377
evolution_strategy,rosenbrock,117,400,27186.14742915622
evolution_strategy,rosenbrock,117,500,23019.37056487834
evolution_strategy,rosenbrock,117,600,19907.656174838834
evolution_strategy,rosenbrock,117,700,16117.486342475248
evolution_strategy,rosenbrock,117,800,13174.809738121734
evolution_strategy,rosenbrock,117,900,10843.459451373426
evolution_strategy,rosenbrock,117,1000,8376.786058361517
evolution_strategy,rosenbrock,117,1100,7157.360231023261
evolution_strategy,rosenbrock,117,1200,5559.541085372779
evolution_strategy,rosenbrock,117,1300,4327.350311375847
evolution_strategy,rosenbrock,117,1400,3917.828111132647
evolution_strategy,rosenbrock,117,1500,2938.2350507422725
evolution_strategy,rosenbrock,117,1600,2373.9562204499366
evolution_strategy,rosenbrock,117,1700,1741.8712492640693
evolution_strategy,rosenbrock,117,1800,1407.9080089749104
evolution_strategy,rosenbrock,117,1900,1045.2410913619879
evolution_strategy,rosenbrock,117,2000,792.4882561551722
evolution_strategy,rosenbrock,117,2100,671.4217226720921
evolution_strategy,rosenbrock,117,2200,569.8045516207673
evolution_strategy,rosenbrock,117,2300,428.4826308550727
evolution_strategy,rosenbrock,117,2400,293.2914771904724
evolution_strategy,rosenbrock,117,2500,245.5694638027023
evolution_strategy,rosenbrock,117,2600,201.31575647465087
evolution_strategy,rosenbrock,117,2700,162.92015101631318
evolution_strategy,rosenbrock,117,2800,119.57690404721947
evolution_strategy,rosenbrock,117,2900,95.3593800055705
evolution_strategy,rosenbrock,117,3000,93.33876418694506
evolution_strategy,rosenbrock,117,3100,75.19836097787736
evolution_strategy,rosenbrock,117,3200,74.36716589498893
evolution_strategy,rosenbrock,117,3300,64.42908863265208
evolution_strategy,rosenbrock,117,3400,51.95538798227155
evolution_strategy,rosenbrock,117,3500,48.88366606365276
evolution_strategy,rosenbrock,117,3600,33.65940526366402
evolution_strategy,rosenbrock,117,3700,28.135306797101563
evolution_strategy,rosenbrock,117,3800,19.810684728609985
evolution_strategy,rosenbrock,117,3900,19.29848942541849
evolution_strategy,rosenbrock,117,4000,15.196995783035206
evolution_strategy,rosenbrock,117,4100,14.39607871773041
evolution_strategy,rosenbrock,117,4200,13.704594635846941
evolution_strategy,rosenbrock,117,4300,13.58291513142722
evolution_strategy,rosenbrock,117,4400,13.58291513142722
evolution_strategy,rosenbrock,117,4500,10.745381559649335
evolution_strategy,rosenbrock,117,4600,10.745381559649335
evolution_strategy,rosenbrock,117,4700,10.745381559649335
evolution_strategy,rosenbrock,117,4800,9.526524536210022
evolution_strategy,rosenbrock,117,4900,9.526524536210022
evolution_strategy,rosenbrock,117,5000,9.526524536210022
evolution_strategy,rosenbrock,117,5100,9.526524536210022
evolution_strategy,rosenbrock,117,5200,9.526524536210022
evolution_strategy,rosenbrock,117,5300,9.526524536210022
evolution_strategy,rosenbrock,117,5400,9.168296407490256
evolution_strategy,rosenbrock,117,5500,9.168296407490256
evolution_strategy,rosenbrock,117,5600,8.99908821575154
evolution_strategy,rosenbrock,117,5700,8.99908821575154
evolution_strategy,rosenbrock,117,5800,8.99908821575154
evolution_strategy,rosenbrock,117,5900,8.574335815582002
evolution_strategy,rosenbrock,117,6000,8.574335815582002
evolution_strategy,rosenbrock,117,6100,8.574335815582002
evolution_strategy,rosenbrock,117,6200,8.574335815582002
evolution_strategy,rosenbrock,117,6300,8.574335815582002
evolution_strategy,rosenbrock,117,6400,8.574335815582002
evolution_strategy,rosenbrock,117,6500,8.574335815582002
evolution_strategy,rosenbrock,117,6600,8.574335815582002
evolution_strategy,rosenbrock,117,6700,8.574335815582002
evolution_strategy,rosenbrock,117,6800,8.574335815582002
evolution_strategy,rosenbrock,117,6900,8.574335815582002
evolution_strategy,rosenbrock,117,7000,8.574335815582002
evolution_strategy,rosenbrock,117,7100,8.574335815582002
evolution_strategy,rosenbrock,117,7200,8.574335815582002
evolution_strategy,rosenbrock,117,7300,8.574335815582002
evolution_strategy,rosenbrock,117,7400,8.574335815582002
evolution_strategy,rosenbrock,117,7500,8.574335815582002
evolution_strategy,rosenbrock,117,7600,8.574335815582002
evolution_strategy,rosenbrock,117,7700,8.574335815582002
evolution_strategy,rosenbrock,117,7800,8.574335815582002
evolution_strategy,rosenbrock,117,7900,8.574335815582002
evolution_strategy,rosenbrock,117,8000,8.574335815582002
evolution_strategy,rosenbrock,117,8100,8.574335815582002
evolution_strategy,rosenbrock,117,8200,8.574335815582002
evolution_strategy,rosenbrock,117,8300,8.574335815582002
evolution_strategy,rosenbrock,117,8400,8.574335815582002
evolution_strategy,rosenbrock,117,8500,8.574335815582002
evolution_strategy,rosenbrock,117,8600,8.574335815582002
evolution_strategy,rosenbrock,117,8700,7.656527024543433
evolution_strategy,rosenbrock,117,8800,7.656527024543433
evolution_strategy,rosenbrock,117,8900,7.656527024543433
evolution_strategy,rosenbrock,117,9000,7.656527024543433
evolution_strategy,rosenbrock,117,9100,7.656527024543433
evolution_strategy,rosenbrock,117,9200,7.656527024543433
evolution_strategy,rosenbrock,117,9300,7.656527024543433
evolution_strategy,rosenbrock,117,9400,7.656527024543433
evolution_strategy,rosenbrock,117,9500,7.656527024543433
evolution_strategy,rosenbrock,117,9600,7.656527024543433
evolution_strategy,rosenbrock,117,9700,7.656527024543433
evolution_strategy,rosenbrock,117,9800,7.656527024543433
evolution_strategy,rosenbrock,117,9900,7.656527024543433
evolution_strategy,rosenbrock,117,10000,7.656527024543433
evolution_strategy,rosenbrock,117,10100,7.656527024543433
evolution_strategy,rosenbrock,117,10200,7.656527024543433
evolution_strategy,rosenbrock,117,10300,7.656527024543433
evolution_strategy,rosenbrock,117,10400,7.656527024543433
evolution_strategy,rosenbrock,117,10500,7.656527024543433
evolution_strategy,rosenbrock,117,10600,7.656527024543433
evolution_strategy,rosenbrock,117,10700,7.656527024543433
evolution_strategy,rosenbrock,117,10800,7.656527024543433
evolution_strategy,rosenbrock,117,10900,7.656527024543433
evolution_strategy,rosenbrock,117,11000,7.656527024543433
evolution_strategy,rosenbrock,117,11100,7.656527024543433
evolution_strategy,rosenbrock,117,11200,7.656527024543433
evolution_strategy,rosenbrock,117,11300,7.656527024543433
evolution_strategy,rosenbrock,117,11400,7.656527024543433
evolution_strategy,rosenbrock,117,11500,7.656527024543433
evolution_strategy,rosenbrock,117,11600,7.656527024543433
evolution_strategy,rosenbrock,117,11700,7.656527024543433
evolution_strategy,rosenbrock,117,11800,7.656527024543433
evolution_strategy,rosenbrock,117,11900,7.656527024543433
evolution_strategy,rosenbrock,117,12000,7.656527024543433
evolution_strategy,rosenbrock,117,12100,7.656527024543433
evolution_strategy,rosenbrock,117,12200,7.656527024543433
evolution_strategy,rosenbrock,117,12300,7.656527024543433
evolution_strategy,rosenbrock,117,12400,7.656527024543433
evolution_strategy,rosenbrock,117,12500,7.656527024543433
evolution_strategy,rosenbrock,117,12600,7.656527024543433
evolution_strategy,rosenbrock,117,12700,7.656527024543433
evolution_strategy,rosenbrock,117,12800,7.656527024543433
evolution_strategy,rosenbrock,117,12900,7.656527024543433
evolution_strategy,rosenbrock,117,13000,7.656527024543433
evolution_strategy,rosenbrock,117,13100,7.656527024543433
evolution_strategy,rosenbrock,117,13200,7.656527024543433
evolution_strategy,rosenbrock,117,13300,7.656527024543433
evolution_strategy,rosenbrock,117,13400,7.656527024543433
evolution_strategy,rosenbrock,117,13500,7.656527024543433
evolution_strategy,rosenbrock,117,13600,7.656527024543433
evolution_strategy,rosenbrock,117,13700,7.656527024543433
evolution_strategy,rosenbrock,117,13800,7.656527024543433
evolution_strategy,rosenbrock,117,13900,7.656527024543433
evolution_strategy,rosenbrock,117,14000,7.656527024543433
evolution_strategy,rosenbrock,117,14100,7.656527024543433
evolution_strategy,rosenbrock,117,14200,7.656527024543433
evolution_strategy,rosenbrock,117,14300,7.656527024543433
evolution_strategy,rosenbrock,117,14400,7.656527024543433
evolution_strategy,rosenbrock,117,14500,7.656527024543433
evolution_strategy,rosenbrock,117,14600,7.656527024543433
evolution_strategy,rosenbrock,117,14700,7.656527024543433
evolution_strategy,rosenbrock,117,14800,7.656527024543433
evolution_strategy,rosenbrock,117,14900,7.656527024543433
evolution_strategy,rosenbrock,117,15000,7.656527024543433
evolution_strategy,rosenbrock,117,15100,7.656527024543433
evolution_strategy,rosenbrock,117,15200,7.656527024543433
evolution_strategy,rosenbrock,117,15300,7.656527024543433
evolution_strategy,rosenbrock,117,15400,7.656527024543433
evolution_strategy,rosenbrock,117,15500,7.656527024543433
evolution_strategy,rosenbrock,117,15600,7.656527024543433
evolution_strategy,rosenbrock,117,15700,7.656527024543433
evolution_strategy,rosenbrock,117,15800,7.656527024543433
evolution_strategy,rosenbrock,117,15900,7.656527024543433
evolution_strategy,rosenbrock,117,16000,7.656527024543433
evolution_strategy,rosenbrock,117,16100,7.656527024543433
evolution_strategy,rosenbrock,117,16200,7.656527024543433
evolution_strategy,rosenbrock,117,16300,7.656527024543433
evolution_strategy,rosenbrock,117,16400,7.656527024543433
evolution_strategy,rosenbrock,117,16500,7.656527024543433
evolution_strategy,rosenbrock,117,16600,7.656527024543433
evolution_strategy,rosenbrock,117,16700,7.656527024543433
evolution_strategy,rosenbrock,117,16800,7.656527024543433
evolution_strategy,rosenbrock,117,16900,7.656527024543433
evolution_strategy,rosenbrock,117,17000,7.656527024543433
evolution_strategy,rosenbrock,117,17100,7.656527024543433
evolution_strategy,rosenbrock,117,17200,7.656527024543433
evolution_strategy,rosenbrock,117,17300,7.656527024543433
evolution_strategy,rosenbrock,117,17400,7.656527024543433
evolution_strategy,rosenbrock,117,17500,7.656527024543433
evolution_strategy,rosenbrock,117,17600,7.656527024543433
evolution_strategy,rosenbrock,117,17700,7.656527024543433
evolution_strategy,rosenbrock,117,17800,7.656527024543433
evolution_strategy,rosenbrock,117,17900,7.656527024543433
evolution_strategy,rosenbrock,117,18000,7.656527024543433
evolution_strategy,rosenbrock,117,18100,7.656527024543433
evolution_strategy,rosenbrock,117,18200,7.656527024543433
evolution_strategy,rosenbrock,117,18300,7.656527024543433
evolution_strategy,rosenbrock,117,18400,7.656527024543433
evolution_strategy,rosenbrock,117,18500,7.656527024543433
evolution_strategy,rosenbrock,117,18600,7.656527024543433
evolution_strategy,rosenbrock,117,18700,7.656527024543433
evolution_strategy,rosenbrock,117,18800,7.656527024543433
evolution_strategy,rosenbrock,117,18900,7.656527024543433
evolution_strategy,rosenbrock,117,19000,7.656527024543433
evolution_strategy,rosenbrock,117,19100,7.656527024543433
evolution_strategy,rosenbrock,117,19200,7.656527024543433
evolution_strategy,rosenbrock,117,19300,7.656527024543433
evolution_strategy,rosenbrock,117,19400,7.656527024543433
evolution_strategy,rosenbrock,117,19500,7.656527024543433
evolution_strategy,rosenbrock,117,19600,7.656527024543433
evolution_strategy,rosenbrock,117,19700,7.656527024543433
evolution_strategy,rosenbrock,117,19800,7.656527024543433
evolution_strategy,rosenbrock,117,19900,7.656527024543433
evolution_strategy,rosenbrock,117,20000,7.656527024543433
evolution_strategy,rosenbrock,118,100,82292.6153013744
evolution_strategy,rosenbrock,118,200,67863.6163150182
evolution_strategy,rosenbrock,118,300,53408.21741435587
evolution_strategy,rosenbrock,118,400,42344.279101096894
evolution_strategy,rosenbrock,118,500,34868.881957436075
evolution_strategy,rosenbrock,118,600,29365.653107389993
evolution_strategy,rosenbrock,118,700,22906.37682453643
evolution_strategy,rosenbrock,118,800,18630.23378538989
evolution_strategy,rosenbrock,118,900,14022.353752598166
evolution_strategy,rosenbrock,118,1000,11100.468115767835
evolution_strategy,rosenbrock,118,1100,8922.148128891407
evolution_strategy,rosenbrock,118,1200,6236.638837406737
evolution_strategy,rosenbrock,118,1300,4967.8555403806895
evolution_strategy,rosenbrock,118,1400,4112.782498032253
evolution_strategy,rosenbrock,118,1500,3166.1943392818803
evolution_strategy,rosenbrock,118,1600,2333.596030566371
evolution_strategy,rosenbrock,118,1700,1628.6743636650929
evolution_strategy,rosenbrock,118,1800,1039.9548964285061
evolution_strategy,rosenbrock,118,1900,726.3145231145274
evolution_strategy,rosenbrock,118,2000,507.9328783529859
evolution_strategy,rosenbrock,118,2100,343.3131444525
evolution_strategy,rosenbrock,118,2200,205.17884858026756
evolution_strategy,rosenbrock,118,2300,143.01560201296928
evolution_strategy,rosenbrock,118,2400,84.71909150531319
evolution_strategy,rosenbrock,118,2500,37.26271565145529
evolution_strategy,rosenbrock,118,2600,25.406929761074405
evolution_strategy,rosenbrock,118,2700,22.191780750908105
evolution_strategy,rosenbrock,118,2800,16.84674990341868
evolution_strategy,rosenbrock,118,2900,11.944698448714094
evolution_strategy,rosenbrock,118,3000,11.944698448714094
evolution_strategy,rosenbrock,118,3100,11.657744572655535
evolution_strategy,rosenbrock,118,3200,10.553568414103921
evolution_strategy,rosenbrock,118,3300,10.375391838280102
evolution_strategy,rosenbrock,118,3400,10.375391838280102
evolution_strategy,rosenbrock,118,3500,10.370466618203462
evolution_strategy,rosenbrock,118,3600,8.767102172374946
evolution_strategy,rosenbrock,118,3700,8.767102172374946
evolution_strategy,rosenbrock,118,3800,8.767102172374946
evolution_strategy,rosenbrock,118,3900,8.767102172374946
evolution_strategy,rosenbrock,118,4000,8.767102172374946
evolution_strategy,rosenbrock,118,4100,8.767102172374946
evolution_strategy,rosenbrock,118,4200,8.767102172374946
evolution_strategy,rosenbrock,118,4300,8.767102172374946
evolution_strategy,rosenbrock,118,4400,8.767102172374946
evolution_strategy,rosenbrock,118,4500,8.767102172374946
evolution_strategy,rosenbrock,118,4600,8.767102172374946
evolution_strategy,rosenbrock,118,4700,8.767102172374946
evolution_strategy,rosenbrock,118,4800,8.767102172374946
evolution_strategy,rosenbrock,118,4900,8.767102172374946
evolution_strategy,rosenbrock,118,5000,8.767102172374946
evolution_strategy,rosenbrock,118,5100,8.767102172374946
evolution_strategy,rosenbrock,118,5200,8.767102172374946
evolution_strategy,rosenbrock,118,5300,8.767102172374946
evolution_strategy,rosenbrock,118,5400,8.767102172374946
evolution_strategy,rosenbrock,118,5500,8.767102172374946
evolution_strategy,rosenbrock,118,5600,8.767102172374946
evolution_strategy,rosenbrock,118,5700,8.527999610129122
evolution_strategy,rosenbrock,118,5800,8.527999610129122
evolution_strategy,rosenbrock,118,5900,8.527999610129122
evolution_strategy,rosenbrock,118,6000,8.527999610129122
evolution_strategy,rosenbrock,118,6100,8.527999610129122
evolution_strategy,rosenbrock,118,6200,8.527999610129122
evolution_strategy,rosenbrock,118,6300,8.527999610129122
evolution_strategy,rosenbrock,118,6400,8.527999610129122
evolution_strategy,rosenbrock,118,6500,8.527999610129122
evolution_strategy,rosenbrock,118,6600,8.527999610129122
evolution_strategy,rosenbrock,118,6700,8.527999610129122
evolution_strategy,rosenbrock,118,6800,8.527999610129122
evolution_strategy,rosenbrock,118,6900,8.527999610129122
evolution_strategy,rosenbrock,118,7000,8.527999610129122
evolution_strategy,rosenbrock,118,7100,8.524546757853894
evolution_strategy,rosenbrock,118,7200,8.524546757853894
evolution_strategy,rosenbrock,118,7300,8.524546757853894
evolution_strategy,rosenbrock,118,7400,8.524546757853894
evolution_strategy,rosenbrock,118,7500,8.524546757853894
evolution_strategy,rosenbrock,118,7600,8.524546757853894
evolution_strategy,rosenbrock,118,7700,8.524546757853894
evolution_strategy,rosenbrock,118,7800,8.524546757853894
evolution_strategy,rosenbrock,118,7900,8.524546757853894
evolution_strategy,rosenbrock,118,8000,8.524546757853894
evolution_strategy,rosenbrock,118,8100,8.524546757853894
evolution_strategy,rosenbrock,118,8200,8.524546757853894
evolution_strategy,rosenbrock,118,8300,8.524546757853894
evolution_strategy,rosenbrock,118,8400,8.524546757853894
evolution_strategy,rosenbrock,118,8500,8.524546757853894
evolution_strategy,rosenbrock,118,8600,8.524546757853894
evolution_strategy,rosenbrock,118,8700,8.524546757853894
evolution_strategy,rosenbrock,118,8800,8.524546757853894
evolution_strategy,rosenbrock,118,8900,8.524546757853894
evolution_strategy,rosenbrock,118,9000,8.524546757853894
evolution_strategy,rosenbrock,118,9100,8.524546757853894
evolution_strategy,rosenbrock,118,9200,8.524546757853894
evolution_strategy,rosenbrock,118,9300,8.524546757853894
evolution_strategy,rosenbrock,118,9400,8.524546757853894
evolution_strategy,rosenbrock,118,9500,8.524546757853894
evolution_strategy,rosenbrock,118,9600,8.524546757853894
evolution_strategy,rosenbrock,118,9700,8.524546757853894
evolution_strategy,rosenbrock,118,9800,8.524546757853894
evolution_strategy,rosenbrock,118,9900,8.524546757853894
evolution_strategy,rosenbrock,118,10000,8.524546757853894
evolution_strategy,rosenbrock,118,10100,8.524546757853894
evolution_strategy,rosenbrock,118,10200,8.524546757853894
evolution_strategy,rosenbrock,118,10300,8.339945044502564
evolution_strategy,rosenbrock,118,10400,8.339945044502564
evolution_strategy,rosenbrock,118,10500,8.339945044502564
evolution_strategy,rosenbrock,118,10600,8.339945044502564
evolution_strategy,rosenbrock,118,10700,8.339945044502564
evolution_strategy,rosenbrock,118,10800,8.339945044502564
evolution_strategy,rosenbrock,118,10900,8.339945044502564
evolution_strategy,rosenbrock,118,11000,8.339945044502564
evolution_strategy,rosenbrock,118,11100,8.339945044502564
evolution_strategy,rosenbrock,118,11200,8.339945044502564
evolution_strategy,rosenbrock,118,11300,8.339945044502564
evolution_strategy,rosenbrock,118,11400,8.339945044502564
evolution_strategy,rosenbrock,118,11500,8.339945044502564
evolution_strategy,rosenbrock,118,11600,8.339945044502564
evolution_strategy,rosenbrock,118,11700,8.339945044502564
evolution_strategy,rosenbrock,118,11800,8.339945044502564
evolution_strategy,rosenbrock,118,11900,8.339945044502564
evolution_strategy,rosenbrock,118,12000,8.339945044502564
evolution_strategy,rosenbrock,118,12100,8.339945044502564
evolution_strategy,rosenbrock,118,12200,8.339945044502564
evolution_strategy,rosenbrock,118,12300,8.339945044502564
evolution_strategy,rosenbrock,118,12400,8.339945044502564
evolution_strategy,rosenbrock,118,12500,8.339945044502564
evolution_strategy,rosenbrock,118,12600,8.339945044502564
evolution_strategy,rosenbrock,118,12700,8.339945044502564
evolution_strategy,rosenbrock,118,12800,8.339945044502564
evolution_strategy,rosenbrock,118,12900,8.339945044502564
evolution_strategy,rosenbrock,118,13000,8.339945044502564
evolution_strategy,rosenbrock,118,13100,8.339945044502564
evolution_strategy,rosenbrock,118,13200,8.339945044502564
evolution_strategy,rosenbrock,118,13300,8.339945044502564
evolution_strategy,rosenbrock,118,13400,8.339945044502564
evolution_strategy,rosenbrock,118,13500,8.046668482897912
evolution_strategy,rosenbrock,118,13600,8.046668482897912
evolution_strategy,rosenbrock,118,13700,8.046668482897912
evolution_strategy,rosenbrock,118,13800,8.046668482897912
evolution_strategy,rosenbrock,118,13900,8.046668482897912
evolution_strategy,rosenbrock,118,14000,8.046668482897912
evolution_strategy,rosenbrock,118,14100,8.046668482897912
evolution_strategy,rosenbrock,118,14200,8.046668482897912
evolution_strategy,rosenbrock,118,14300,8.046668482897912
evolution_strategy,rosenbrock,118,14400,8.046668482897912
evolution_strategy,rosenbrock,118,14500,8.046668482897912
evolution_strategy,rosenbrock,118,14600,8.046668482897912
evolution_strategy,rosenbrock,118,14700,8.046668482897912
evolution_strategy,rosenbrock,118,14800,8.046668482897912
evolution_strategy,rosenbrock,118,14900,8.046668482897912
evolution_strategy,rosenbrock,118,15000,8.046668482897912
evolution_strategy,rosenbrock,118,15100,8.046668482897912
evolution_strategy,rosenbrock,118,15200,8.046668482897912
evolution_strategy,rosenbrock,118,15300,8.046668482897912
evolution_strategy,rosenbrock,118,15400,8.046668482897912
evolution_strategy,rosenbrock,118,15500,8.046668482897912
evolution_strategy,rosenbrock,118,15600,8.046668482897912
evolution_strategy,rosenbrock,118,15700,8.046668482897912
evolution_strategy,rosenbrock,118,15800,8.046668482897912
evolution_strategy,rosenbrock,118,15900,8.046668482897912
evolution_strategy,rosenbrock,118,16000,8.046668482897912
evolution_strategy,rosenbrock,118,16100,8.046668482897912
evolution_strategy,rosenbrock,118,16200,8.046668482897912
evolution_strategy,rosenbrock,118,16300,8.046668482897912
evolution_strategy,rosenbrock,118,16400,8.046668482897912
evolution_strategy,rosenbrock,118,16500,8.046668482897912
evolution_strategy,rosenbrock,118,16600,8.046668482897912
evolution_strategy,rosenbrock,118,16700,8.046668482897912
evolution_strategy,rosenbrock,118,16800,8.046668482897912
evolution_strategy,rosenbrock,118,16900,8.046668482897912
evolution_strategy,rosenbrock,118,17000,8.046668482897912
evolution_strategy,rosenbrock,118,17100,8.046668482897912
evolution_strategy,rosenbrock,118,17200,8.046668482897912
evolution_strategy,rosenbrock,118,17300,8.046668482897912
evolution_strategy,rosenbrock,118,17400,8.046668482897912
evolution_strategy,rosenbrock,118,17500,8.046668482897912
evolution_strategy,rosenbrock,118,17600,8.046668482897912
evolution_strategy,rosenbrock,118,17700,8.046668482897912
evolution_strategy,rosenbrock,118,17800,8.046668482897912
evolution_strategy,rosenbrock,118,17900,8.046668482897912
evolution_strategy,rosenbrock,118,18000,8.046668482897912
evolution_strategy,rosenbrock,118,18100,8.046668482897912
evolution_strategy,rosenbrock,118,18200,8.046668482897912
evolution_strategy,rosenbrock,118,18300,8.046668482897912
evolution_strategy,rosenbrock,118,18400,8.046668482897912
evolution_strategy,rosenbrock,118,18500,8.046668482897912
evolution_strategy,rosenbrock,118,18600,8.046668482897912
evolution_strategy,rosenbrock,118,18700,8.046668482897912
evolution_strategy,rosenbrock,118,18800,8.046668482897912
evolution_strategy,rosenbrock,118,18900,8.046668482897912
evolution_strategy,rosenbrock,118,19000,8.046668482897912
evolution_strategy,rosenbrock,118,19100,8.046668482897912
evolution_strategy,rosenbrock,118,19200,8.046668482897912
evolution_strategy,rosenbrock,118,19300,8.046668482897912
evolution_strategy,rosenbrock,118,19400,8.046668482897912
evolution_strategy,rosenbrock,118,19500,8.046668482897912
evolution_strategy,rosenbrock,118,19600,8.046668482897912
evolution_strategy,rosenbrock,118,19700,8.046668482897912
evolution_strategy,rosenbrock,118,19800,8.046668482897912
evolution_strategy,rosenbrock,118,19900,8.046668482897912
evolution_strategy,rosenbrock,118,20000,8.046668482897912
evolution_strategy,rosenbrock,119,100,96779.38305884405
evolution_strategy,rosenbrock,119,200,80746.59163544903
evolution_strategy,rosenbrock,119,300,69543.54071033797
evolution_strategy,rosenbrock,119,400,58964.628112597304
evolution_strategy,rosenbrock,119,500,50696.44946659202
evolution_strategy,rosenbrock,119,600,41626.61111501638
evolution_strategy,rosenbrock,119,700,34894.89736470047
evolution_strategy,rosenbrock,119,800,28761.72299351919
evolution_strategy,rosenbrock,119,900,22917.63415923435
evolution_strategy,rosenbrock,119,1000,19968.05050976059
evolution_strategy,rosenbrock,119,1100,15614.159544963215
evolution_strategy,rosenbrock,119,1200,12889.279047403343
evolution_strategy,rosenbrock,119,1300,11313.304215385615
evolution_strategy,rosenbrock,119,1400,7563.609102251227
evolution_strategy,rosenbrock,119,1500,6356.045619254263
evolution_strategy,rosenbrock,119,1600,5226.775556376285
evolution_strategy,rosenbrock,119,1700,3617.862064032072
evolution_strategy,rosenbrock,119,1800,3003.0707436940984
evolution_strategy,rosenbrock,119,1900,2450.7685595975986
evolution_strategy,rosenbrock,119,2000,1889.9091090903835
evolution_strategy,rosenbrock,119,2100,1196.6899736009084
evolution_strategy,rosenbrock,119,2200,994.0666290409268
evolution_strategy,rosenbrock,119,2300,858.1905271841665
evolution_strategy,rosenbrock,119,2400,689.2200026618236
evolution_strategy,rosenbrock,119,2500,531.7214879843
evolution_strategy,rosenbrock,119,2600,440.414911640843
evolution_strategy,rosenbrock,119,2700,417.17661861186133
evolution_strategy,rosenbrock,119,2800,361.56003415121893
evolution_strategy,rosenbrock,119,2900,339.02443656073945
evolution_strategy,rosenbrock,119,3000,329.97798582827244
evolution_strategy,rosenbrock,119,3100,329.97798582827244
evolution_strategy,rosenbrock,119,3200,328.5163362328167
evolution_strategy,rosenbrock,119,3300,322.1200766191446
evolution_strategy,rosenbrock,119,3400,322.1200766191446
evolution_strategy,rosenbrock,119,3500,314.4407295832145
evolution_strategy,rosenbrock,119,3600,297.92821098774834
evolution_strategy,rosenbrock,119,3700,292.7840130563368
evolution_strategy,rosenbrock,119,3800,287.36828089108053
evolution_strategy,rosenbrock,119,3900,284.1359785762344
evolution_strategy,rosenbrock,119,4000,281.64525620225476
evolution_strategy,rosenbrock,119,4100,280.30672630216367
evolution_strategy,rosenbrock,119,4200,277.23327309797685
evolution_strategy,rosenbrock,119,4300,271.2740541559784
evolution_strategy,rosenbrock,119,4400,267.50410520960554
evolution_strategy,rosenbrock,119,4500,259.0018894194142
evolution_strategy,rosenbrock,119,4600,259.0018894194142
evolution_strategy,rosenbrock,119,4700,259.0018894194142
evolution_strategy,rosenbrock,119,4800,258.8973496271162
evolution_strategy,rosenbrock,119,4900,254.98080482922086
evolution_strategy,rosenbrock,119,5000,246.17991893995838
evolution_strategy,rosenbrock,119,5100,246.17991893995838
evolution_strategy,rosenbrock,119,5200,246.17991893995838
evolution_strategy,rosenbrock,119,5300,246.17991893995838
evolution_strategy,rosenbrock,119,5400,245.00790729948457
evolution_strategy,rosenbrock,119,5500,241.09383667473685
evolution_strategy,rosenbrock,119,5600,241.09383667473685
evolution_strategy,rosenbrock,119,5700,239.66980381907254
evolution_strategy,rosenbrock,119,5800,239.66980381907254
evolution_strategy,rosenbrock,119,5900,238.4254298521465
evolution_strategy,rosenbrock,119,6000,238.4254298521465
evolution_strategy,rosenbrock,119,6100,228.91955456976052
evolution_strategy,rosenbrock,119,6200,220.16880054191205
evolution_strategy,rosenbrock,119,6300,220.16880054191205
evolution_strategy,rosenbrock,119,6400,219.30145723094537
evolution_strategy,rosenbrock,119,6500,219.30145723094537
evolution_strategy,rosenbrock,119,6600,215.1603499837471
evolution_strategy,rosenbrock,119,6700,215.13314771517233
evolution_strategy,rosenbrock,119,6800,213.78938991350773
evolution_strategy,rosenbrock,119,6900,213.78938991350773
evolution_strategy,rosenbrock,119,7000,211.0677882875695
evolution_strategy,rosenbrock,119,7100,204.79318542334153
evolution_strategy,rosenbrock,119,7200,204.79318542334153
evolution_strategy,rosenbrock,119,7300,204.79318542334153
evolution_strategy,rosenbrock,119,7400,203.8754255090332
evolution_strategy,rosenbrock,119,7500,196.89145226339284
evolution_strategy,rosenbrock,119,7600,196.89145226339284
evolution_strategy,rosenbrock,119,7700,196.89145226339284
evolution_strategy,rosenbrock,119,7800,196.89145226339284
evolution_strategy,rosenbrock,119,7900,194.9739930576648
evolution_strategy,rosenbrock,119,8000,186.04758251082254
evolution_strategy,rosenbrock,119,8100,186.04758251082254
evolution_strategy,rosenbrock,119,8200,181.41152226176072
evolution_strategy,rosenbrock,119,8300,180.7918682108711
evolution_strategy,rosenbrock,119,8400,175.1740377009169
evolution_strategy,rosenbrock,119,8500,175.1740377009169
evolution_strategy,rosenbrock,119,8600,174.5601292979549
evolution_strategy,rosenbrock,119,8700,166.2884387433813
evolution_strategy,rosenbrock,119,8800,166.2884387433813
evolution_strategy,rosenbrock,119,8900,160.3588793629587
evolution_strategy,rosenbrock,119,9000,160.0356547984464
evolution_strategy,rosenbrock,119,9100,154.60653253169258
evolution_strategy,rosenbrock,119,9200,148.87473818610576
evolution_strategy,rosenbrock,119,9300,140.00800804916096
evolution_strategy,rosenbrock,119,9400,129.51331063530137
evolution_strategy,rosenbrock,119,9500,128.10197519320988
evolution_strategy,rosenbrock,119,9600,126.0895061751958
evolution_strategy,rosenbrock,119,9700,122.61435774464258
evolution_strategy,rosenbrock,119,9800,118.58167768934425
evolution_strategy,rosenbrock,119,9900,114.32546448565189
evolution_strategy,rosenbrock,119,10000,103.71529375580175
evolution_strategy,rosenbrock,119,10100,91.53086282759757
evolution_strategy,rosenbrock,119,10200,90.98923993339723
evolution_strategy,rosenbrock,119,10300,85.96392300441491
evolution_strategy,rosenbrock,119,10400,62.46408587230406
evolution_strategy,rosenbrock,119,10500,61.35064038386963
evolution_strategy,rosenbrock,119,10600,48.54367123041387
evolution_strategy,rosenbrock,119,10700,39.03252835803377
evolution_strategy,rosenbrock,119,10800,21.7977797512704
evolution_strategy,rosenbrock,119,10900,19.88653669065605
evolution_strategy,rosenbrock,119,11000,12.098139664516957
evolution_strategy,rosenbrock,119,11100,12.098139664516957
evolution_strategy,rosenbrock,119,11200,12.098139664516957
evolution_strategy,rosenbrock,119,11300,12.098139664516957
evolution_strategy,rosenbrock,119,11400,12.098139664516957
evolution_strategy,rosenbrock,119,11500,12.063141449177088
evolution_strategy,rosenbrock,119,11600,12.063141449177088
evolution_strategy,rosenbrock,119,11700,12.063141449177088
evolution_strategy,rosenbrock,119,11800,12.063141449177088
evolution_strategy,rosenbrock,119,11900,10.967951733063469
evolution_strategy,rosenbrock,119,12000,10.967951733063469
evolution_strategy,rosenbrock,119,12100,10.967951733063469
evolution_strategy,rosenbrock,119,12200,10.967951733063469
evolution_strategy,rosenbrock,119,12300,10.967951733063469
evolution_strategy,rosenbrock,119,12400,10.967951733063469
evolution_strategy,rosenbrock,119,12500,10.967951733063469
evolution_strategy,rosenbrock,119,12600,10.967951733063469
evolution_strategy,rosenbrock,119,12700,10.967951733063469
evolution_strategy,rosenbrock,119,12800,10.967951733063469
evolution_strategy,rosenbrock,119,12900,10.967951733063469
evolution_strategy,rosenbrock,119,13000,10.967951733063469
evolution_strategy,rosenbrock,119,13100,10.967951733063469
evolution_strategy,rosenbrock,119,13200,10.967951733063469
evolution_strategy,rosenbrock,119,13300,10.967951733063469
evolution_strategy,rosenbrock,119,13400,10.967951733063469
evolution_strategy,rosenbrock,119,13500,10.091725575015396
evolution_strategy,rosenbrock,119,13600,10.091725575015396
evolution_strategy,rosenbrock,119,13700,10.091725575015396
evolution_strategy,rosenbrock,119,13800,10.091725575015396
evolution_strategy,rosenbrock,119,13900,9.626600145860186
evolution_strategy,rosenbrock,119,14000,9.626600145860186
evolution_strategy,rosenbrock,119,14100,9.626600145860186
evolution_strategy,rosenbrock,119,14200,9.626600145860186
evolution_strategy,rosenbrock,119,14300,9.626600145860186
evolution_strategy,rosenbrock,119,14400,9.626600145860186
evolution_strategy,rosenbrock,119,14500,9.626600145860186
evolution_strategy,rosenbrock,119,14600,9.626600145860186
evolution_strategy,rosenbrock,119,14700,9.626600145860186
evolution_strategy,rosenbrock,119,14800,9.626600145860186
evolution_strategy,rosenbrock,119,14900,9.626600145860186
evolution_strategy,rosenbrock,119,15000,9.626600145860186
evolution_strategy,rosenbrock,119,15100,9.626600145860186
evolution_strategy,rosenbrock,119,15200,9.626600145860186
evolution_strategy,rosenbrock,119,15300,9.626600145860186
evolution_strategy,rosenbrock,119,15400,9.626600145860186
evolution_strategy,rosenbrock,119,15500,9.608182776750516
evolution_strategy,rosenbrock,119,15600,9.608182776750516
evolution_strategy,rosenbrock,119,15700,9.608182776750516
evolution_strategy,rosenbrock,119,15800,9.608182776750516
evolution_strategy,rosenbrock,119,15900,9.608182776750516
evolution_strategy,rosenbrock,119,16000,9.608182776750516
evolution_strategy,rosenbrock,119,16100,9.56080980899673
evolution_strategy,rosenbrock,119,16200,9.56080980899673
evolution_strategy,rosenbrock,119,16300,8.64247463963203
evolution_strategy,rosenbrock,119,16400,8.64247463963203
evolution_strategy,rosenbrock,119,16500,8.64247463963203
evolution_strategy,rosenbrock,119,16600,8.64247463963203
evolution_strategy,rosenbrock,119,16700,8.64247463963203
evolution_strategy,rosenbrock,119,16800,8.64247463963203
evolution_strategy,rosenbrock,119,16900,8.64247463963203
evolution_strategy,rosenbrock,119,17000,8.64247463963203
evolution_strategy,rosenbrock,119,17100,8.64247463963203
evolution_strategy,rosenbrock,119,17200,8.64247463963203
evolution_strategy,rosenbrock,119,17300,8.64247463963203
evolution_strategy,rosenbrock,119,17400,8.64247463963203
evolution_strategy,rosenbrock,119,17500,8.64247463963203
evolution_strategy,rosenbrock,119,17600,8.64247463963203
evolution_strategy,rosenbrock,119,17700,8.64247463963203
evolution_strategy,rosenbrock,119,17800,8.64247463963203
evolution_strategy,rosenbrock,119,17900,8.64247463963203
evolution_strategy,rosenbrock,119,18000,8.64247463963203
evolution_strategy,rosenbrock,119,18100,8.64247463963203
evolution_strategy,rosenbrock,119,18200,8.64247463963203
evolution_strategy,rosenbrock,119,18300,8.64247463963203
evolution_strategy,rosenbrock,119,18400,8.64247463963203
evolution_strategy,rosenbrock,119,18500,8.64247463963203
evolution_strategy,rosenbrock,119,18600,8.64247463963203
evolution_strategy,rosenbrock,119,18700,8.64247463963203
evolution_strategy,rosenbrock,119,18800,8.64247463963203
evolution_strategy,rosenbrock,119,18900,8.64247463963203
evolution_strategy,rosenbrock,119,19000,8.64247463963203
evolution_strategy,rosenbrock,119,19100,8.64247463963203
evolution_strategy,rosenbrock,119,19200,8.64247463963203
evolution_strategy,rosenbrock,119,19300,8.64247463963203
evolution_strategy,rosenbrock,119,19400,8.64247463963203
evolution_strategy,rosenbrock,119,19500,8.64247463963203
evolution_strategy,rosenbrock,119,19600,8.64247463963203
evolution_strategy,rosenbrock,119,19700,8.64247463963203
evolution_strategy,rosenbrock,119,19800,8.64247463963203
evolution_strategy,rosenbrock,119,19900,8.64247463963203
evolution_strategy,rosenbrock,119,20000,8.64247463963203
