algorithm,benchmark,seed,evaluations,best_value
evolution_strategy,sphere,100,100,41.688019014651765
evolution_strategy,sphere,100,200,38.516334419897646
evolution_strategy,sphere,100,300,35.655503662538884
evolution_strategy,sphere,100,400,32.25787691032942
evolution_strategy,sphere,100,500,28.96238140150733
evolution_strategy,sphere,100,600,26.85828125972681
evolution_strategy,sphere,100,700,23.704921897571076
evolution_strategy,sphere,100,800,20.907520999604927
evolution_strategy,sphere,100,900,17.635834045148574
evolution_strategy,sphere,100,1000,15.342221179921603
evolution_strategy,sphere,100,1100,13.175562074429191
evolution_strategy,sphere,100,1200,11.157345639342882
evolution_strategy,sphere,100,1300,9.752963516213539
evolution_strategy,sphere,100,1400,7.564824058551473
evolution_strategy,sphere,100,1500,6.234347004787425
evolution_strategy,sphere,100,1600,4.515543751611729
evolution_strategy,sphere,100,1700,3.56864976870503
evolution_strategy,sphere,100,1800,2.8445218497908478
evolution_strategy,sphere,100,1900,2.0072951667581704
evolution_strategy,sphere,100,2000,1.554171240743393
evolution_strategy,sphere,100,2100,0.986625735422962
evolution_strategy,sphere,100,2200,0.5740416099493334
evolution_strategy,sphere,100,2300,0.40763232932087823
evolution_strategy,sphere,100,2400,0.23563219017197676
evolution_strategy,sphere,100,2500,0.08539174733233659
evolution_strategy,sphere,100,2600,0.06173511800264401
evolution_strategy,sphere,100,2700,0.04583161096868625
evolution_strategy,sphere,100,2800,0.04583161096868625
evolution_strategy,sphere,100,2900,0.03945306278325958
evolution_strategy,sphere,100,3000,0.03945306278325958
evolution_strategy,sphere,100,3100,0.02687005076428299
evolution_strategy,sphere,100,3200,0.02496181712034032
evolution_strategy,sphere,100,3300,0.02250062683097373
evolution_strategy,sphere,100,3400,0.02250062683097373
evolution_strategy,sphere,100,3500,0.02250062683097373
evolution_strategy,sphere,100,3600,0.02250062683097373
evolution_strategy,sphere,100,3700,0.02250062683097373
evolution_strategy,sphere,100,3800,0.02250062683097373
evolution_strategy,sphere,100,3900,0.02250062683097373
evolution_strategy,sphere,100,4000,0.02250062683097373
evolution_strategy,sphere,100,4100,0.009319623890173398
evolution_strategy,sphere,100,4200,0.009319623890173398
evolution_strategy,sphere,100,4300,0.009319623890173398
evolution_strategy,sphere,100,4400,0.009319623890173398
evolution_strategy,sphere,100,4500,0.009319623890173398
evolution_strategy,sphere,100,4600,0.009319623890173398
evolution_strategy,sphere,100,4700,0.009319623890173398
evolution_strategy,sphere,100,4800,0.009319623890173398
evolution_strategy,sphere,100,4900,0.009319623890173398
evolution_strategy,sphere,100,5000,0.009319623890173398
evolution_strategy,sphere,100,5100,0.009319623890173398
evolution_strategy,sphere,100,5200,0.009319623890173398
evolution_strategy,sphere,100,5300,0.009319623890173398
evolution_strategy,sphere,100,5400,0.009319623890173398
evolution_strategy,sphere,100,5500,0.009319623890173398
evolution_strategy,sphere,100,5600,0.009319623890173398
evolution_strategy,sphere,100,5700,0.009319623890173398
evolution_strategy,sphere,100,5800,0.009319623890173398
evolution_strategy,sphere,100,5900,0.009319623890173398
evolution_strategy,sphere,100,6000,0.009319623890173398
evolution_strategy,sphere,100,6100,0.009319623890173398
evolution_strategy,sphere,100,6200,0.009319623890173398
evolution_strategy,sphere,100,6300,0.009319623890173398
evolution_strategy,sphere,100,6400,0.009319623890173398
evolution_strategy,sphere,100,6500,0.009319623890173398
evolution_strategy,sphere,100,6600,0.009319623890173398
evolution_strategy,sphere,100,6700,0.009319623890173398
evolution_strategy,sphere,100,6800,0.009319623890173398
evolution_strategy,sphere,100,6900,0.009319623890173398
evolution_strategy,sphere,100,7000,0.009319623890173398
evolution_strategy,sphere,100,7100,0.009319623890173398
evolution_strategy,sphere,100,7200,0.009319623890173398
evolution_strategy,sphere,100,7300,0.009319623890173398
evolution_strategy,sphere,100,7400,0.009319623890173398
evolution_strategy,sphere,100,7500,0.009319623890173398
evolution_strategy,sphere,100,7600,0.009319623890173398
evolution_strategy,sphere,100,7700,0.009319623890173398
evolution_strategy,sphere,100,7800,0.009319623890173398
evolution_strategy,sphere,100,7900,0.009319623890173398
evolution_strategy,sphere,100,8000,0.009319623890173398
evolution_strategy,sphere,100,8100,0.009319623890173398
evolution_strategy,sphere,100,8200,0.009319623890173398
evolution_strategy,sphere,100,8300,0.009319623890173398
evolution_strategy,sphere,100,8400,0.009319623890173398
evolution_strategy,sphere,100,8500,0.009319623890173398
evolution_strategy,sphere,100,8600,0.009319623890173398
evolution_strategy,sphere,100,8700,0.009319623890173398
evolution_strategy,sphere,100,8800,0.009319623890173398
evolution_strategy,sphere,100,8900,0.009319623890173398
evolution_strategy,sphere,100,9000,0.009319623890173398
evolution_strategy,sphere,100,9100,0.009319623890173398
evolution_strategy,sphere,100,9200,0.009319623890173398
evolution_strategy,sphere,100,9300,0.009319623890173398
evolution_strategy,sphere,100,9400,0.009319623890173398
evolution_strategy,sphere,100,9500,0.009319623890173398
evolution_strategy,sphere,100,9600,0.009319623890173398
evolution_strategy,sphere,100,9700,0.009319623890173398
evolution_strategy,sphere,100,9800,0.009319623890173398
evolution_strategy,sphere,100,9900,0.009319623890173398
evolution_strategy,sphere,100,10000,0.009319623890173398
evolution_strategy,sphere,100,10100,0.009319623890173398
evolution_strategy,sphere,100,10200,0.009319623890173398
evolution_strategy,sphere,100,10300,0.009319623890173398
evolution_strategy,sphere,100,10400,0.009319623890173398
evolution_strategy,sphere,100,10500,0.009319623890173398
evolution_strategy,sphere,100,10600,0.009319623890173398
evolution_strategy,sphere,100,10700,0.009319623890173398
evolution_strategy,sphere,100,10800,0.009319623890173398
evolution_strategy,sphere,100,10900,0.009319623890173398
evolution_strategy,sphere,100,11000,0.009319623890173398
evolution_strategy,sphere,100,11100,0.009319623890173398
evolution_strategy,sphere,100,11200,0.009319623890173398
evolution_strategy,sphere,100,11300,0.009319623890173398
evolution_strategy,sphere,100,11400,0.009319623890173398
evolution_strategy,sphere,100,11500,0.009319623890173398
evolution_strategy,sphere,100,11600,0.009319623890173398
evolution_strategy,sphere,100,11700,0.009319623890173398
evolution_strategy,sphere,100,11800,0.009319623890173398
evolution_strategy,sphere,100,11900,0.009319623890173398
evolution_strategy,sphere,100,12000,0.009319623890173398
evolution_strategy,sphere,100,12100,0.009319623890173398
evolution_strategy,sphere,100,12200,0.009319623890173398
evolution_strategy,sphere,100,12300,0.009319623890173398
evolution_strategy,sphere,100,12400,0.008393076732084163
evolution_strategy,sphere,100,12500,0.008393076732084163
evolution_strategy,sphere,100,12600,0.008393076732084163
evolution_strategy,sphere,100,12700,0.008393076732084163
evolution_strategy,sphere,100,12800,0.008393076732084163
evolution_strategy,sphere,100,12900,0.008393076732084163
evolution_strategy,sphere,100,13000,0.008393076732084163
evolution_strategy,sphere,100,13100,0.008393076732084163
evolution_strategy,sphere,100,13200,0.008393076732084163
evolution_strategy,sphere,100,13300,0.008393076732084163
evolution_strategy,sphere,100,13400,0.008393076732084163
evolution_strategy,sphere,100,13500,0.008393076732084163
evolution_strategy,sphere,100,13600,0.008393076732084163
evolution_strategy,sphere,100,13700,0.008393076732084163
evolution_strategy,sphere,100,13800,0.008393076732084163
evolution_strategy,sphere,100,13900,0.008393076732084163
evolution_strategy,sphere,100,14000,0.008393076732084163
evolution_strategy,sphere,100,14100,0.008393076732084163
evolution_strategy,sphere,100,14200,0.008393076732084163
evolution_strategy,sphere,100,14300,0.008393076732084163
evolution_strategy,sphere,100,14400,0.008393076732084163
evolution_strategy,sphere,100,14500,0.008393076732084163
evolution_strategy,sphere,100,14600,0.008393076732084163
evolution_strategy,sphere,100,14700,0.008393076732084163
evolution_strategy,sphere,100,14800,0.008393076732084163
evolution_strategy,sphere,100,14900,0.008393076732084163
evolution_strategy,sphere,100,15000,0.008393076732084163
evolution_strategy,sphere,100,15100,0.008393076732084163
evolution_strategy,sphere,100,15200,0.008393076732084163
evolution_strategy,sphere,100,15300,0.008393076732084163
evolution_strategy,sphere,100,15400,0.008393076732084163
evolution_strategy,sphere,100,15500,0.008393076732084163
evolution_strategy,sphere,100,15600,0.008393076732084163
evolution_strategy,sphere,100,15700,0.008393076732084163
evolution_strategy,sphere,100,15800,0.008393076732084163
evolution_strategy,sphere,100,15900,0.008393076732084163
evolution_strategy,sphere,100,16000,0.008393076732084163
evolution_strategy,sphere,100,16100,0.008393076732084163
evolution_strategy,sphere,100,16200,0.008393076732084163
evolution_strategy,sphere,100,16300,0.008393076732084163
evolution_strategy,sphere,100,16400,0.008393076732084163
evolution_strategy,sphere,100,16500,0.008393076732084163
evolution_strategy,sphere,100,16600,0.008393076732084163
evolution_strategy,sphere,100,16700,0.008393076732084163
evolution_strategy,sphere,100,16800,0.008393076732084163
evolution_strategy,sphere,100,16900,0.008393076732084163
evolution_strategy,sphere,100,17000,0.008393076732084163
evolution_strategy,sphere,100,17100,0.008393076732084163
evolution_strategy,sphere,100,17200,0.008393076732084163
evolution_strategy,sphere,100,17300,0.008393076732084163
evolution_strategy,sphere,100,17400,0.008393076732084163
evolution_strategy,sphere,100,17500,0.008393076732084163
evolution_strategy,sphere,100,17600,0.008393076732084163
evolution_strategy,sphere,100,17700,0.008393076732084163
evolution_strategy,sphere,100,17800,0.008393076732084163
evolution_strategy,sphere,100,17900,0.008393076732084163
evolution_strategy,sphere,100,18000,0.008393076732084163
evolution_strategy,sphere,100,18100,0.008393076732084163
evolution_strategy,sphere,100,18200,0.008393076732084163
evolution_strategy,sphere,100,18300,0.008393076732084163
evolution_strategy,sphere,100,18400,0.008393076732084163
evolution_strategy,sphere,100,18500,0.008393076732084163
evolution_strategy,sphere,100,18600,0.008393076732084163
evolution_strategy,sphere,100,18700,0.008393076732084163
evolution_strategy,sphere,100,18800,0.008393076732084163
evolution_strategy,sphere,100,18900,0.008393076732084163
evolution_strategy,sphere,100,19000,0.008393076732084163
evolution_strategy,sphere,100,19100,0.008393076732084163
evolution_strategy,sphere,100,19200,0.008393076732084163
evolution_strategy,sphere,100,19300,0.008393076732084163
evolution_strategy,sphere,100,19400,0.008393076732084163
evolution_strategy,sphere,100,19500,0.008393076732084163
evolution_strategy,sphere,100,19600,0.008393076732084163
evolution_strategy,sphere,100,19700,0.008393076732084163
evolution_strategy,sphere,100,19800,0.008393076732084163
evolution_strategy,sphere,100,19900,0.008393076732084163
evolution_strategy,sphere,100,20000,0.008393076732084163
evolution_strategy,sphere,101,100,41.60134081885587
evolution_strategy,sphere,101,200,35.06017687362392
evolution_strategy,sphere,101,300,31.781070963353066
evolution_strategy,sphere,101,400,28.78783136520148
evolution_strategy,sphere,101,500,25.92299371866325
evolution_strategy,sphere,101,600,21.452784308555223
evolution_strategy,sphere,101,700,18.679659972418435
evolution_strategy,sphere,101,800,16.716645183712963
evolution_strategy,sphere,101,900,14.046228115897536
evolution_strategy,sphere,101,1000,12.531857449504173
evolution_strategy,sphere,101,1100,11.178824834400553
evolution_strategy,sphere,101,1200,9.168337057777142
evolution_strategy,sphere,101,1300,7.837200284772799
evolution_strategy,sphere,101,1400,6.377469559417582
evolution_strategy,sphere,101,1500,5.130135043928577
evolution_strategy,sphere,101,1600,4.304539920515652
evolution_strategy,sphere,101,1700,3.3464965705290464
evolution_strategy,sphere,101,1800,2.2658510284226603
evolution_strategy,sphere,101,1900,1.383107475007458
evolution_strategy,sphere,101,2000,0.7276964738322806
evolution_strategy,sphere,101,2100,0.3859853002950505
evolution_strategy,sphere,101,2200,0.2754450043177531
evolution_strategy,sphere,101,2300,0.14916585834886686
evolution_strategy,sphere,101,2400,0.06788022567583893
evolution_strategy,sphere,101,2500,0.06788022567583893
evolution_strategy,sphere,101,2600,0.036500948904722115
evolution_strategy,sphere,101,2700,0.036500948904722115
evolution_strategy,sphere,101,2800,0.035489954755752874
evolution_strategy,sphere,101,2900,0.027635751363200393
evolution_strategy,sphere,101,3000,0.026066748829265577
evolution_strategy,sphere,101,3100,0.026066748829265577
evolution_strategy,sphere,101,3200,0.02016005624662029
evolution_strategy,sphere,101,3300,0.02016005624662029
evolution_strategy,sphere,101,3400,0.02016005624662029
evolution_strategy,sphere,101,3500,0.02016005624662029
evolution_strategy,sphere,101,3600,0.02016005624662029
evolution_strategy,sphere,101,3700,0.02016005624662029
evolution_strategy,sphere,101,3800,0.02016005624662029
evolution_strategy,sphere,101,3900,0.02016005624662029
evolution_strategy,sphere,101,4000,0.019116417925185165
evolution_strategy,sphere,101,4100,0.019116417925185165
evolution_strategy,sphere,101,4200,0.019116417925185165
evolution_strategy,sphere,101,4300,0.019116417925185165
evolution_strategy,sphere,101,4400,0.019116417925185165
evolution_strategy,sphere,101,4500,0.017014427736324157
evolution_strategy,sphere,101,4600,0.017014427736324157
evolution_strategy,sphere,101,4700,0.017014427736324157
evolution_strategy,sphere,101,4800,0.014483104344225214
evolution_strategy,sphere,101,4900,0.014483104344225214
evolution_strategy,sphere,101,5000,0.014483104344225214
evolution_strategy,sphere,101,5100,0.014483104344225214
evolution_strategy,sphere,101,5200,0.014483104344225214
evolution_strategy,sphere,101,5300,0.014483104344225214
evolution_strategy,sphere,101,5400,0.014483104344225214
evolution_strategy,sphere,101,5500,0.014483104344225214
evolution_strategy,sphere,101,5600,0.014483104344225214
evolution_strategy,sphere,101,5700,0.014483104344225214
evolution_strategy,sphere,101,5800,0.014483104344225214
evolution_strategy,sphere,101,5900,0.013153911593212232
evolution_strategy,sphere,101,6000,0.013153911593212232
evolution_strategy,sphere,101,6100,0.013153911593212232
evolution_strategy,sphere,101,6200,0.013153911593212232
evolution_strategy,sphere,101,6300,0.013153911593212232
evolution_strategy,sphere,101,6400,0.013153911593212232
evolution_strategy,sphere,101,6500,0.013153911593212232
evolution_strategy,sphere,101,6600,0.013153911593212232
evolution_strategy,sphere,101,6700,0.013153911593212232
evolution_strategy,sphere,101,6800,0.013153911593212232
evolution_strategy,sphere,101,6900,0.013153911593212232
evolution_strategy,sphere,101,7000,0.013153911593212232
evolution_strategy,sphere,101,7100,0.013153911593212232
evolution_strategy,sphere,101,7200,0.013153911593212232
evolution_strategy,sphere,101,7300,0.013153911593212232
evolution_strategy,sphere,101,7400,0.013153911593212232
evolution_strategy,sphere,101,7500,0.013153911593212232
evolution_strategy,sphere,101,7600,0.013153911593212232
evolution_strategy,sphere,101,7700,0.013153911593212232
evolution_strategy,sphere,101,7800,0.013153911593212232
evolution_strategy,sphere,101,7900,0.013153911593212232
evolution_strategy,sphere,101,8000,0.013153911593212232
evolution_strategy,sphere,101,8100,0.013153911593212232
evolution_strategy,sphere,101,8200,0.013153911593212232
evolution_strategy,sphere,101,8300,0.013153911593212232
evolution_strategy,sphere,101,8400,0.013153911593212232
evolution_strategy,sphere,101,8500,0.013153911593212232
evolution_strategy,sphere,101,8600,0.013153911593212232
evolution_strategy,sphere,101,8700,0.013153911593212232
evolution_strategy,sphere,101,8800,0.013153911593212232
evolution_strategy,sphere,101,8900,0.013153911593212232
evolution_strategy,sphere,101,9000,0.013153911593212232
evolution_strategy,sphere,101,9100,0.013153911593212232
evolution_strategy,sphere,101,9200,0.013153911593212232
evolution_strategy,sphere,101,9300,0.013153911593212232
evolution_strategy,sphere,101,9400,0.013153911593212232
evolution_strategy,sphere,101,9500,0.011199799660260972
evolution_strategy,sphere,101,9600,0.011199799660260972
evolution_strategy,sphere,101,9700,0.011199799660260972
evolution_strategy,sphere,101,9800,0.011199799660260972
evolution_strategy,sphere,101,9900,0.011199799660260972
evolution_strategy,sphere,101,10000,0.011199799660260972
evolution_strategy,sphere,101,10100,0.011199799660260972
evolution_strategy,sphere,101,10200,0.011199799660260972
evolution_strategy,sphere,101,10300,0.011199799660260972
evolution_strategy,sphere,101,10400,0.011199799660260972
evolution_strategy,sphere,101,10500,0.011199799660260972
evolution_strategy,sphere,101,10600,0.011199799660260972
evolution_strategy,sphere,101,10700,0.011199799660260972
evolution_strategy,sphere,101,10800,0.011199799660260972
evolution_strategy,sphere,101,10900,0.011199799660260972
evolution_strategy,sphere,101,11000,0.011199799660260972
evolution_strategy,sphere,101,11100,0.011199799660260972
evolution_strategy,sphere,101,11200,0.011199799660260972
evolution_strategy,sphere,101,11300,0.011199799660260972
evolution_strategy,sphere,101,11400,0.011199799660260972
evolution_strategy,sphere,101,11500,0.011199799660260972
evolution_strategy,sphere,101,11600,0.011199799660260972
evolution_strategy,sphere,101,11700,0.011199799660260972
evolution_strategy,sphere,101,11800,0.011199799660260972
evolution_strategy,sphere,101,11900,0.011199799660260972
evolution_strategy,sphere,101,12000,0.011199799660260972
evolution_strategy,sphere,101,12100,0.011199799660260972
evolution_strategy,sphere,101,12200,0.011199799660260972
evolution_strategy,sphere,101,12300,0.011199799660260972
evolution_strategy,sphere,101,12400,0.011199799660260972
evolution_strategy,sphere,101,12500,0.011199799660260972
evolution_strategy,sphere,101,12600,0.011199799660260972
evolution_strategy,sphere,101,12700,0.011199799660260972
evolution_strategy,sphere,101,12800,0.011199799660260972
evolution_strategy,sphere,101,12900,0.005532687907830076
evolution_strategy,sphere,101,13000,0.005532687907830076
evolution_strategy,sphere,101,13100,0.005532687907830076
evolution_strategy,sphere,101,13200,0.005532687907830076
evolution_strategy,sphere,101,13300,0.005532687907830076
evolution_strategy,sphere,101,13400,0.005532687907830076
evolution_strategy,sphere,101,13500,0.005532687907830076
evolution_strategy,sphere,101,13600,0.005532687907830076
evolution_strategy,sphere,101,13700,0.005532687907830076
evolution_strategy,sphere,101,13800,0.005532687907830076
evolution_strategy,sphere,101,13900,0.005532687907830076
evolution_strategy,sphere,101,14000,0.005532687907830076
evolution_strategy,sphere,101,14100,0.005532687907830076
evolution_strategy,sphere,101,14200,0.005532687907830076
evolution_strategy,sphere,101,14300,0.005532687907830076
evolution_strategy,sphere,101,14400,0.005532687907830076
evolution_strategy,sphere,101,14500,0.005532687907830076
evolution_strategy,sphere,101,14600,0.005532687907830076
evolution_strategy,sphere,101,14700,0.005532687907830076
evolution_strategy,sphere,101,14800,0.005532687907830076
evolution_strategy,sphere,101,14900,0.005532687907830076
evolution_strategy,sphere,101,15000,0.005532687907830076
evolution_strategy,sphere,101,15100,0.005532687907830076
evolution_strategy,sphere,101,15200,0.005532687907830076
evolution_strategy,sphere,101,15300,0.005532687907830076
evolution_strategy,sphere,101,15400,0.005532687907830076
evolution_strategy,sphere,101,15500,0.005532687907830076
evolution_strategy,sphere,101,15600,0.005532687907830076
evolution_strategy,sphere,101,15700,0.005532687907830076
evolution_strategy,sphere,101,15800,0.005532687907830076
evolution_strategy,sphere,101,15900,0.005532687907830076
evolution_strategy,sphere,101,16000,0.005532687907830076
evolution_strategy,sphere,101,16100,0.005532687907830076
evolution_strategy,sphere,101,16200,0.005532687907830076
evolution_strategy,sphere,101,16300,0.005532687907830076
evolution_strategy,sphere,101,16400,0.005532687907830076
evolution_strategy,sphere,101,16500,0.005532687907830076
evolution_strategy,sphere,101,16600,0.005532687907830076
evolution_strategy,sphere,101,16700,0.005532687907830076
evolution_strategy,sphere,101,16800,0.005532687907830076
evolution_strategy,sphere,101,16900,0.005532687907830076
evolution_strategy,sphere,101,17000,0.005532687907830076
evolution_strategy,sphere,101,17100,0.005532687907830076
evolution_strategy,sphere,101,17200,0.005532687907830076
evolution_strategy,sphere,101,17300,0.005532687907830076
evolution_strategy,sphere,101,17400,0.005532687907830076
evolution_strategy,sphere,101,17500,0.005532687907830076
evolution_strategy,sphere,101,17600,0.005532687907830076
evolution_strategy,sphere,101,17700,0.005532687907830076
evolution_strategy,sphere,101,17800,0.005532687907830076
evolution_strategy,sphere,101,17900,0.005532687907830076
evolution_strategy,sphere,101,18000,0.005532687907830076
evolution_strategy,sphere,101,18100,0.005532687907830076
evolution_strategy,sphere,101,18200,0.005532687907830076
evolution_strategy,sphere,101,18300,0.005532687907830076
evolution_strategy,sphere,101,18400,0.005532687907830076
evolution_strategy,sphere,101,18500,0.005532687907830076
evolution_strategy,sphere,101,18600,0.005532687907830076
evolution_strategy,sphere,101,18700,0.005532687907830076
evolution_strategy,sphere,101,18800,0.005532687907830076
evolution_strategy,sphere,101,18900,0.005532687907830076
evolution_strategy,sphere,101,19000,0.005532687907830076
evolution_strategy,sphere,101,19100,0.005532687907830076
evolution_strategy,sphere,101,19200,0.005532687907830076
evolution_strategy,sphere,101,19300,0.005532687907830076
evolution_strategy,sphere,101,19400,0.005532687907830076
evolution_strategy,sphere,101,19500,0.005532687907830076
evolution_strategy,sphere,101,19600,0.005532687907830076
evolution_strategy,sphere,101,19700,0.005532687907830076
evolution_strategy,sphere,101,19800,0.005532687907830076
evolution_strategy,sphere,101,19900,0.005532687907830076
evolution_strategy,sphere,101,20000,0.005532687907830076
evolution_strategy,sphere,102,100,12.780783767422673
evolution_strategy,sphere,102,200,10.639801105254444
evolution_strategy,sphere,102,300,8.27991867267373
evolution_strategy,sphere,102,400,7.132047826309915
evolution_strategy,sphere,102,500,5.552639873757419
evolution_strategy,sphere,102,600,4.224494187742945
evolution_strategy,sphere,102,700,3.5706649644763067
evolution_strategy,sphere,102,800,2.4419594191297413
evolution_strategy,sphere,102,900,1.5462683396185435
evolution_strategy,sphere,102,1000,1.0043333205965408
evolution_strategy,sphere,102,1100,0.6050397179089776
evolution_strategy,sphere,102,1200,0.3567732560372892
evolution_strategy,sphere,102,1300,0.17402933398868856
evolution_strategy,sphere,102,1400,0.1352345597752443
evolution_strategy,sphere,102,1500,0.09765021587350017
evolution_strategy,sphere,102,1600,0.06354996461323859
evolution_strategy,sphere,102,1700,0.0560611391876434
evolution_strategy,sphere,102,1800,0.0413064937794805
evolution_strategy,sphere,102,1900,0.03896609552682133
evolution_strategy,sphere,102,2000,0.03896609552682133
evolution_strategy,sphere,102,2100,0.027593450060945764
evolution_strategy,sphere,102,2200,0.026267372009472396
evolution_strategy,sphere,102,2300,0.026267372009472396
evolution_strategy,sphere,102,2400,0.026267372009472396
evolution_strategy,sphere,102,2500,0.026267372009472396
evolution_strategy,sphere,102,2600,0.017574676345661237
evolution_strategy,sphere,102,2700,0.017574676345661237
evolution_strategy,sphere,102,2800,0.017574676345661237
evolution_strategy,sphere,102,2900,0.017574676345661237
evolution_strategy,sphere,102,3000,0.017574676345661237
evolution_strategy,sphere,102,3100,0.017574676345661237
evolution_strategy,sphere,102,3200,0.017574676345661237
evolution_strategy,sphere,102,3300,0.017574676345661237
evolution_strategy,sphere,102,3400,0.017574676345661237
evolution_strategy,sphere,102,3500,0.017574676345661237
evolution_strategy,sphere,102,3600,0.017574676345661237
evolution_strategy,sphere,102,3700,0.017574676345661237
evolution_strategy,sphere,102,3800,0.017574676345661237
evolution_strategy,sphere,102,3900,0.017574676345661237
evolution_strategy,sphere,102,4000,0.017574676345661237
evolution_strategy,sphere,102,4100,0.017574676345661237
evolution_strategy,sphere,102,4200,0.017574676345661237
evolution_strategy,sphere,102,4300,0.017574676345661237
evolution_strategy,sphere,102,4400,0.017574676345661237
evolution_strategy,sphere,102,4500,0.017574676345661237
evolution_strategy,sphere,102,4600,0.017574676345661237
evolution_strategy,sphere,102,4700,0.017574676345661237
evolution_strategy,sphere,102,4800,0.017574676345661237
evolution_strategy,sphere,102,4900,0.017574676345661237
evolution_strategy,sphere,102,5000,0.017574676345661237
evolution_strategy,sphere,102,5100,0.01012224354557937
evolution_strategy,sphere,102,5200,0.01012224354557937
evolution_strategy,sphere,102,5300,0.01012224354557937
evolution_strategy,sphere,102,5400,0.01012224354557937
evolution_strategy,sphere,102,5500,0.01012224354557937
evolution_strategy,sphere,102,5600,0.01012224354557937
evolution_strategy,sphere,102,5700,0.01012224354557937
evolution_strategy,sphere,102,5800,0.01012224354557937
evolution_strategy,sphere,102,5900,0.01012224354557937
evolution_strategy,sphere,102,6000,0.01012224354557937
evolution_strategy,sphere,102,6100,0.01012224354557937
evolution_strategy,sphere,102,6200,0.01012224354557937
evolution_strategy,sphere,102,6300,0.01012224354557937
evolution_strategy,sphere,102,6400,0.01012224354557937
evolution_strategy,sphere,102,6500,0.01012224354557937
evolution_strategy,sphere,102,6600,0.01012224354557937
evolution_strategy,sphere,102,6700,0.01012224354557937
evolution_strategy,sphere,102,6800,0.01012224354557937
evolution_strategy,sphere,102,6900,0.01012224354557937
evolution_strategy,sphere,102,7000,0.01012224354557937
evolution_strategy,sphere,102,7100,0.01012224354557937
evolution_strategy,sphere,102,7200,0.01012224354557937
evolution_strategy,sphere,102,7300,0.01012224354557937
evolution_strategy,sphere,102,7400,0.01012224354557937
evolution_strategy,sphere,102,7500,0.01012224354557937
evolution_strategy,sphere,102,7600,0.01012224354557937
evolution_strategy,sphere,102,7700,0.01012224354557937
evolution_strategy,sphere,102,7800,0.01012224354557937
evolution_strategy,sphere,102,7900,0.01012224354557937
evolution_strategy,sphere,102,8000,0.01012224354557937
evolution_strategy,sphere,102,8100,0.01012224354557937
evolution_strategy,sphere,102,8200,0.01012224354557937
evolution_strategy,sphere,102,8300,0.01012224354557937
evolution_strategy,sphere,102,8400,0.01012224354557937
evolution_strategy,sphere,102,8500,0.01012224354557937
evolution_strategy,sphere,102,8600,0.01012224354557937
evolution_strategy,sphere,102,8700,0.01012224354557937
evolution_strategy,sphere,102,8800,0.01012224354557937
evolution_strategy,sphere,102,8900,0.01012224354557937
evolution_strategy,sphere,102,9000,0.01012224354557937
evolution_strategy,sphere,102,9100,0.01012224354557937
evolution_strategy,sphere,102,9200,0.01012224354557937
evolution_strategy,sphere,102,9300,0.01012224354557937
evolution_strategy,sphere,102,9400,0.01012224354557937
evolution_strategy,sphere,102,9500,0.01012224354557937
evolution_strategy,sphere,102,9600,0.01012224354557937
evolution_strategy,sphere,102,9700,0.01012224354557937
evolution_strategy,sphere,102,9800,0.01012224354557937
evolution_strategy,sphere,102,9900,0.01012224354557937
evolution_strategy,sphere,102,10000,0.01012224354557937
evolution_strategy,sphere,102,10100,0.01012224354557937
evolution_strategy,sphere,102,10200,0.01012224354557937
evolution_strategy,sphere,102,10300,0.01012224354557937
evolution_strategy,sphere,102,10400,0.01012224354557937
evolution_strategy,sphere,102,10500,0.01012224354557937
evolution_strategy,sphere,102,10600,0.01012224354557937
evolution_strategy,sphere,102,10700,0.01012224354557937
evolution_strategy,sphere,102,10800,0.01012224354557937
evolution_strategy,sphere,102,10900,0.01012224354557937
evolution_strategy,sphere,102,11000,0.01012224354557937
evolution_strategy,sphere,102,11100,0.01012224354557937
evolution_strategy,sphere,102,11200,0.01012224354557937
evolution_strategy,sphere,102,11300,0.01012224354557937
evolution_strategy,sphere,102,11400,0.01012224354557937
evolution_strategy,sphere,102,11500,0.01012224354557937
evolution_strategy,sphere,102,11600,0.01012224354557937
evolution_strategy,sphere,102,11700,0.01012224354557937
evolution_strategy,sphere,102,11800,0.01012224354557937
evolution_strategy,sphere,102,11900,0.01012224354557937
evolution_strategy,sphere,102,12000,0.01012224354557937
evolution_strategy,sphere,102,12100,0.01012224354557937
evolution_strategy,sphere,102,12200,0.01012224354557937
evolution_strategy,sphere,102,12300,0.01012224354557937
evolution_strategy,sphere,102,12400,0.009274884796036635
evolution_strategy,sphere,102,12500,0.009274884796036635
evolution_strategy,sphere,102,12600,0.009274884796036635
evolution_strategy,sphere,102,12700,0.009274884796036635
evolution_strategy,sphere,102,12800,0.009274884796036635
evolution_strategy,sphere,102,12900,0.009274884796036635
evolution_strategy,sphere,102,13000,0.009274884796036635
evolution_strategy,sphere,102,13100,0.009274884796036635
evolution_strategy,sphere,102,13200,0.009274884796036635
evolution_strategy,sphere,102,13300,0.009274884796036635
evolution_strategy,sphere,102,13400,0.009274884796036635
evolution_strategy,sphere,102,13500,0.009274884796036635
evolution_strategy,sphere,102,13600,0.009274884796036635
evolution_strategy,sphere,102,13700,0.009274884796036635
evolution_strategy,sphere,102,13800,0.009274884796036635
evolution_strategy,sphere,102,13900,0.009274884796036635
evolution_strategy,sphere,102,14000,0.009274884796036635
evolution_strategy,sphere,102,14100,0.009274884796036635
evolution_strategy,sphere,102,14200,0.009274884796036635
evolution_strategy,sphere,102,14300,0.009274884796036635
evolution_strategy,sphere,102,14400,0.009274884796036635
evolution_strategy,sphere,102,14500,0.009274884796036635
evolution_strategy,sphere,102,14600,0.009274884796036635
evolution_strategy,sphere,102,14700,0.009274884796036635
evolution_strategy,sphere,102,14800,0.009274884796036635
evolution_strategy,sphere,102,14900,0.009274884796036635
evolution_strategy,sphere,102,15000,0.009274884796036635
evolution_strategy,sphere,102,15100,0.009274884796036635
evolution_strategy,sphere,102,15200,0.009274884796036635
evolution_strategy,sphere,102,15300,0.009274884796036635
evolution_strategy,sphere,102,15400,0.009274884796036635
evolution_strategy,sphere,102,15500,0.009274884796036635
evolution_strategy,sphere,102,15600,0.009274884796036635
evolution_strategy,sphere,102,15700,0.009274884796036635
evolution_strategy,sphere,102,15800,0.009274884796036635
evolution_strategy,sphere,102,15900,0.009274884796036635
evolution_strategy,sphere,102,16000,0.009274884796036635
evolution_strategy,sphere,102,16100,0.009274884796036635
evolution_strategy,sphere,102,16200,0.009274884796036635
evolution_strategy,sphere,102,16300,0.009274884796036635
evolution_strategy,sphere,102,16400,0.009274884796036635
evolution_strategy,sphere,102,16500,0.009274884796036635
evolution_strategy,sphere,102,16600,0.009274884796036635
evolution_strategy,sphere,102,16700,0.009274884796036635
evolution_strategy,sphere,102,16800,0.009274884796036635
evolution_strategy,sphere,102,16900,0.009274884796036635
evolution_strategy,sphere,102,17000,0.009274884796036635
evolution_strategy,sphere,102,17100,0.009274884796036635
evolution_strategy,sphere,102,17200,0.009274884796036635
evolution_strategy,sphere,102,17300,0.009274884796036635
evolution_strategy,sphere,102,17400,0.009274884796036635
evolution_strategy,sphere,102,17500,0.009274884796036635
evolution_strategy,sphere,102,17600,0.009274884796036635
evolution_strategy,sphere,102,17700,0.009274884796036635
evolution_strategy,sphere,102,17800,0.009274884796036635
evolution_strategy,sphere,102,17900,0.009274884796036635
evolution_strategy,sphere,102,18000,0.009274884796036635
evolution_strategy,sphere,102,18100,0.009274884796036635
evolution_strategy,sphere,102,18200,0.009274884796036635
evolution_strategy,sphere,102,18300,0.009274884796036635
evolution_strategy,sphere,102,18400,0.009274884796036635
evolution_strategy,sphere,102,18500,0.009274884796036635
evolution_strategy,sphere,102,18600,0.009274884796036635
evolution_strategy,sphere,102,18700,0.009274884796036635
evolution_strategy,sphere,102,18800,0.009274884796036635
evolution_strategy,sphere,102,18900,0.009274884796036635
evolution_strategy,sphere,102,19000,0.009274884796036635
evolution_strategy,sphere,102,19100,0.009274884796036635
evolution_strategy,sphere,102,19200,0.009274884796036635
evolution_strategy,sphere,102,19300,0.009274884796036635
evolution_strategy,sphere,102,19400,0.009274884796036635
evolution_strategy,sphere,102,19500,0.009274884796036635
evolution_strategy,sphere,102,19600,0.009274884796036635
evolution_strategy,sphere,102,19700,0.009274884796036635
evolution_strategy,sphere,102,19800,0.009274884796036635
evolution_strategy,sphere,102,19900,0.009274884796036635
evolution_strategy,sphere,102,20000,0.009274884796036635
evolution_strategy,sphere,103,100,34.6038578403093
evolution_strategy,sphere,103,200,31.13043479752864
evolution_strategy,sphere,103,300,28.731596743599713
evolution_strategy,sphere,103,400,26.35961133859788
evolution_strategy,sphere,103,500,23.51408516175783
evolution_strategy,sphere,103,600,21.47155315996067
evolution_strategy,sphere,103,700,18.20353391034524
evolution_strategy,sphere,103,800,15.545762042961371
evolution_strategy,sphere,103,900,13.4385105102459
evolution_strategy,sphere,103,1000,11.784600833506913
evolution_strategy,sphere,103,1100,10.150449681603709
evolution_strategy,sphere,103,1200,7.988911219956484
evolution_strategy,sphere,103,1300,6.5064584578878915
evolution_strategy,sphere,103,1400,4.6744598749789485
evolution_strategy,sphere,103,1500,3.26159193771997
evolution_strategy,sphere,103,1600,2.1080089464463696
evolution_strategy,sphere,103,1700,1.4814497996494265
evolution_strategy,sphere,103,1800,0.9917978642321305
evolution_strategy,sphere,103,1900,0.6058818010327538
evolution_strategy,sphere,103,2000,0.2753164488502191
evolution_strategy,sphere,103,2100,0.19572181064274574
evolution_strategy,sphere,103,2200,0.059233243639593314
evolution_strategy,sphere,103,2300,0.043311225382438104
evolution_strategy,sphere,103,2400,0.03574659833578865
evolution_strategy,sphere,103,2500,0.03574659833578865
evolution_strategy,sphere,103,2600,0.03574659833578865
evolution_strategy,sphere,103,2700,0.03006328584488531
evolution_strategy,sphere,103,2800,0.03006328584488531
evolution_strategy,sphere,103,2900,0.03006328584488531
evolution_strategy,sphere,103,3000,0.018656737521789066
evolution_strategy,sphere,103,3100,0.018656737521789066
evolution_strategy,sphere,103,3200,0.018656737521789066
evolution_strategy,sphere,103,3300,0.018656737521789066
evolution_strategy,sphere,103,3400,0.014705472793800245
evolution_strategy,sphere,103,3500,0.014705472793800245
evolution_strategy,sphere,103,3600,0.014705472793800245
evolution_strategy,sphere,103,3700,0.014705472793800245
evolution_strategy,sphere,103,3800,0.014705472793800245
evolution_strategy,sphere,103,3900,0.014705472793800245
evolution_strategy,sphere,103,4000,0.014705472793800245
evolution_strategy,sphere,103,4100,0.014705472793800245
evolution_strategy,sphere,103,4200,0.014705472793800245
evolution_strategy,sphere,103,4300,0.014705472793800245
evolution_strategy,sphere,103,4400,0.014705472793800245
evolution_strategy,sphere,103,4500,0.014705472793800245
evolution_strategy,sphere,103,4600,0.014705472793800245
evolution_strategy,sphere,103,4700,0.014705472793800245
evolution_strategy,sphere,103,4800,0.014705472793800245
evolution_strategy,sphere,103,4900,0.014705472793800245
evolution_strategy,sphere,103,5000,0.014705472793800245
evolution_strategy,sphere,103,5100,0.014705472793800245
evolution_strategy,sphere,103,5200,0.014705472793800245
evolution_strategy,sphere,103,5300,0.014705472793800245
evolution_strategy,sphere,103,5400,0.014705472793800245
evolution_strategy,sphere,103,5500,0.014705472793800245
evolution_strategy,sphere,103,5600,0.014705472793800245
evolution_strategy,sphere,103,5700,0.014705472793800245
evolution_strategy,sphere,103,5800,0.014705472793800245
evolution_strategy,sphere,103,5900,0.014705472793800245
evolution_strategy,sphere,103,6000,0.014705472793800245
evolution_strategy,sphere,103,6100,0.014705472793800245
evolution_strategy,sphere,103,6200,0.014705472793800245
evolution_strategy,sphere,103,6300,0.014705472793800245
evolution_strategy,sphere,103,6400,0.014705472793800245
evolution_strategy,sphere,103,6500,0.014705472793800245
evolution_strategy,sphere,103,6600,0.014705472793800245
evolution_strategy,sphere,103,6700,0.014705472793800245
evolution_strategy,sphere,103,6800,0.014705472793800245
evolution_strategy,sphere,103,6900,0.014705472793800245
evolution_strategy,sphere,103,7000,0.014705472793800245
evolution_strategy,sphere,103,7100,0.014705472793800245
evolution_strategy,sphere,103,7200,0.014705472793800245
evolution_strategy,sphere,103,7300,0.014705472793800245
evolution_strategy,sphere,103,7400,0.014705472793800245
evolution_strategy,sphere,103,7500,0.014705472793800245
evolution_strategy,sphere,103,7600,0.014705472793800245
evolution_strategy,sphere,103,7700,0.014705472793800245
evolution_strategy,sphere,103,7800,0.014705472793800245
evolution_strategy,sphere,103,7900,0.014705472793800245
evolution_strategy,sphere,103,8000,0.014705472793800245
evolution_strategy,sphere,103,8100,0.014705472793800245
evolution_strategy,sphere,103,8200,0.014705472793800245
evolution_strategy,sphere,103,8300,0.014705472793800245
evolution_strategy,sphere,103,8400,0.014705472793800245
evolution_strategy,sphere,103,8500,0.014705472793800245
evolution_strategy,sphere,103,8600,0.006934275673909246
evolution_strategy,sphere,103,8700,0.006934275673909246
evolution_strategy,sphere,103,8800,0.006934275673909246
evolution_strategy,sphere,103,8900,0.006934275673909246
evolution_strategy,sphere,103,9000,0.006934275673909246
evolution_strategy,sphere,103,9100,0.006934275673909246
evolution_strategy,sphere,103,9200,0.006934275673909246
evolution_strategy,sphere,103,9300,0.006934275673909246
evolution_strategy,sphere,103,9400,0.006934275673909246
evolution_strategy,sphere,103,9500,0.006934275673909246
evolution_strategy,sphere,103,9600,0.006934275673909246
evolution_strategy,sphere,103,9700,0.006934275673909246
evolution_strategy,sphere,103,9800,0.006934275673909246
evolution_strategy,sphere,103,9900,0.006934275673909246
evolution_strategy,sphere,103,10000,0.006934275673909246
evolution_strategy,sphere,103,10100,0.006934275673909246
evolution_strategy,sphere,103,10200,0.006934275673909246
evolution_strategy,sphere,103,10300,0.006934275673909246
evolution_strategy,sphere,103,10400,0.006934275673909246
evolution_strategy,sphere,103,10500,0.006934275673909246
evolution_strategy,sphere,103,10600,0.006934275673909246
evolution_strategy,sphere,103,10700,0.006934275673909246
evolution_strategy,sphere,103,10800,0.006934275673909246
evolution_strategy,sphere,103,10900,0.006934275673909246
evolution_strategy,sphere,103,11000,0.006934275673909246
evolution_strategy,sphere,103,11100,0.006934275673909246
evolution_strategy,sphere,103,11200,0.006934275673909246
evolution_strategy,sphere,103,11300,0.006934275673909246
evolution_strategy,sphere,103,11400,0.006934275673909246
evolution_strategy,sphere,103,11500,0.006934275673909246
evolution_strategy,sphere,103,11600,0.006934275673909246
evolution_strategy,sphere,103,11700,0.006934275673909246
evolution_strategy,sphere,103,11800,0.006934275673909246
evolution_strategy,sphere,103,11900,0.006934275673909246
evolution_strategy,sphere,103,12000,0.006934275673909246
evolution_strategy,sphere,103,12100,0.006934275673909246
evolution_strategy,sphere,103,12200,0.006934275673909246
evolution_strategy,sphere,103,12300,0.006934275673909246
evolution_strategy,sphere,103,12400,0.006934275673909246
evolution_strategy,sphere,103,12500,0.006934275673909246
evolution_strategy,sphere,103,12600,0.006934275673909246
evolution_strategy,sphere,103,12700,0.006934275673909246
evolution_strategy,sphere,103,12800,0.006934275673909246
evolution_strategy,sphere,103,12900,0.006934275673909246
evolution_strategy,sphere,103,13000,0.006934275673909246
evolution_strategy,sphere,103,13100,0.006934275673909246
evolution_strategy,sphere,103,13200,0.006934275673909246
evolution_strategy,sphere,103,13300,0.006934275673909246
evolution_strategy,sphere,103,13400,0.006934275673909246
evolution_strategy,sphere,103,13500,0.006934275673909246
evolution_strategy,sphere,103,13600,0.006934275673909246
evolution_strategy,sphere,103,13700,0.006934275673909246
evolution_strategy,sphere,103,13800,0.006934275673909246
evolution_strategy,sphere,103,13900,0.006934275673909246
evolution_strategy,sphere,103,14000,0.006934275673909246
evolution_strategy,sphere,103,14100,0.006934275673909246
evolution_strategy,sphere,103,14200,0.006934275673909246
evolution_strategy,sphere,103,14300,0.006934275673909246
evolution_strategy,sphere,103,14400,0.006934275673909246
evolution_strategy,sphere,103,14500,0.006934275673909246
evolution_strategy,sphere,103,14600,0.006934275673909246
evolution_strategy,sphere,103,14700,0.006934275673909246
evolution_strategy,sphere,103,14800,0.006934275673909246
evolution_strategy,sphere,103,14900,0.006934275673909246
evolution_strategy,sphere,103,15000,0.006934275673909246
evolution_strategy,sphere,103,15100,0.006934275673909246
evolution_strategy,sphere,103,15200,0.006934275673909246
evolution_strategy,sphere,103,15300,0.006934275673909246
evolution_strategy,sphere,103,15400,0.006934275673909246
evolution_strategy,sphere,103,15500,0.006934275673909246
evolution_strategy,sphere,103,15600,0.006934275673909246
evolution_strategy,sphere,103,15700,0.006934275673909246
evolution_strategy,sphere,103,15800,0.006934275673909246
evolution_strategy,sphere,103,15900,0.006934275673909246
evolution_strategy,sphere,103,16000,0.006934275673909246
evolution_strategy,sphere,103,16100,0.006934275673909246
evolution_strategy,sphere,103,16200,0.006934275673909246
evolution_strategy,sphere,103,16300,0.006934275673909246
evolution_strategy,sphere,103,16400,0.006934275673909246
evolution_strategy,sphere,103,16500,0.006934275673909246
evolution_strategy,sphere,103,16600,0.006934275673909246
evolution_strategy,sphere,103,16700,0.006934275673909246
evolution_strategy,sphere,103,16800,0.006934275673909246
evolution_strategy,sphere,103,16900,0.006934275673909246
evolution_strategy,sphere,103,17000,0.006934275673909246
evolution_strategy,sphere,103,17100,0.006934275673909246
evolution_strategy,sphere,103,17200,0.006934275673909246
evolution_strategy,sphere,103,17300,0.006934275673909246
evolution_strategy,sphere,103,17400,0.006934275673909246
evolution_strategy,sphere,103,17500,0.006934275673909246
evolution_strategy,sphere,103,17600,0.006934275673909246
evolution_strategy,sphere,103,17700,0.006934275673909246
evolution_strategy,sphere,103,17800,0.006934275673909246
evolution_strategy,sphere,103,17900,0.006934275673909246
evolution_strategy,sphere,103,18000,0.006934275673909246
evolution_strategy,sphere,103,18100,0.006934275673909246
evolution_strategy,sphere,103,18200,0.006934275673909246
evolution_strategy,sphere,103,18300,0.006934275673909246
evolution_strategy,sphere,103,18400,0.006934275673909246
evolution_strategy,sphere,103,18500,0.006934275673909246
evolution_strategy,sphere,103,18600,0.006934275673909246
evolution_strategy,sphere,103,18700,0.006934275673909246
evolution_strategy,sphere,103,18800,0.006934275673909246
evolution_strategy,sphere,103,18900,0.006934275673909246
evolution_strategy,sphere,103,19000,0.006934275673909246
evolution_strategy,sphere,103,19100,0.006934275673909246
evolution_strategy,sphere,103,19200,0.006934275673909246
evolution_strategy,sphere,103,19300,0.006934275673909246
evolution_strategy,sphere,103,19400,0.006934275673909246
evolution_strategy,sphere,103,19500,0.006934275673909246
evolution_strategy,sphere,103,19600,0.006934275673909246
evolution_strategy,sphere,103,19700,0.006934275673909246
evolution_strategy,sphere,103,19800,0.006934275673909246
evolution_strategy,sphere,103,19900,0.006934275673909246
evolution_strategy,sphere,103,20000,0.006934275673909246
evolution_strategy,sphere,104,100,33.013172875491456
evolution_strategy,sphere,104,200,29.48425678216572
evolution_strategy,sphere,104,300,26.62834148869137
evolution_strategy,sphere,104,400,23.39425686509169
evolution_strategy,sphere,104,500,20.44947064221227
evolution_strategy,sphere,104,600,18.503704392668613
evolution_strategy,sphere,104,700,16.121649008505795
evolution_strategy,sphere,104,800,14.30044148093637
evolution_strategy,sphere,104,900,11.227401730646635
evolution_strategy,sphere,104,1000,9.635729493567665
evolution_strategy,sphere,104,1100,7.647861568921477
evolution_strategy,sphere,104,1200,6.416888906553066
evolution_strategy,sphere,104,1300,5.2946805615382635
evolution_strategy,sphere,104,1400,4.018144630015699
evolution_strategy,sphere,104,1500,3.06377342445299
evolution_strategy,sphere,104,1600,2.042916182448924
evolution_strategy,sphere,104,1700,1.3632039559407025
evolution_strategy,sphere,104,1800,0.88979130702372
evolution_strategy,sphere,104,1900,0.5316001557752139
evolution_strategy,sphere,104,2000,0.3135286523282857
evolution_strategy,sphere,104,2100,0.19682981066310543
evolution_strategy,sphere,104,2200,0.09675424773665703
evolution_strategy,sphere,104,2300,0.08411152812660287
evolution_strategy,sphere,104,2400,0.07287035186345105
evolution_strategy,sphere,104,2500,0.041102891214170996
evolution_strategy,sphere,104,2600,0.041102891214170996
evolution_strategy,sphere,104,2700,0.041102891214170996
evolution_strategy,sphere,104,2800,0.03704033500318044
evolution_strategy,sphere,104,2900,0.03704033500318044
evolution_strategy,sphere,104,3000,0.021396080360018215
evolution_strategy,sphere,104,3100,0.021396080360018215
evolution_strategy,sphere,104,3200,0.021396080360018215
evolution_strategy,sphere,104,3300,0.012671611578385604
evolution_strategy,sphere,104,3400,0.012671611578385604
evolution_strategy,sphere,104,3500,0.012671611578385604
evolution_strategy,sphere,104,3600,0.012671611578385604
evolution_strategy,sphere,104,3700,0.012671611578385604
evolution_strategy,sphere,104,3800,0.012671611578385604
evolution_strategy,sphere,104,3900,0.012671611578385604
evolution_strategy,sphere,104,4000,0.012671611578385604
evolution_strategy,sphere,104,4100,0.012671611578385604
evolution_strategy,sphere,104,4200,0.012671611578385604
evolution_strategy,sphere,104,4300,0.012671611578385604
evolution_strategy,sphere,104,4400,0.012671611578385604
evolution_strategy,sphere,104,4500,0.012671611578385604
evolution_strategy,sphere,104,4600,0.012671611578385604
evolution_strategy,sphere,104,4700,0.012671611578385604
evolution_strategy,sphere,104,4800,0.012671611578385604
evolution_strategy,sphere,104,4900,0.012671611578385604
evolution_strategy,sphere,104,5000,0.012671611578385604
evolution_strategy,sphere,104,5100,0.012671611578385604
evolution_strategy,sphere,104,5200,0.012671611578385604
evolution_strategy,sphere,104,5300,0.012671611578385604
evolution_strategy,sphere,104,5400,0.012671611578385604
evolution_strategy,sphere,104,5500,0.012671611578385604
evolution_strategy,sphere,104,5600,0.012671611578385604
evolution_strategy,sphere,104,5700,0.012671611578385604
evolution_strategy,sphere,104,5800,0.012671611578385604
evolution_strategy,sphere,104,5900,0.012671611578385604
evolution_strategy,sphere,104,6000,0.012671611578385604
evolution_strategy,sphere,104,6100,0.012671611578385604
evolution_strategy,sphere,104,6200,0.012671611578385604
evolution_strategy,sphere,104,6300,0.012671611578385604
evolution_strategy,sphere,104,6400,0.012671611578385604
evolution_strategy,sphere,104,6500,0.012671611578385604
evolution_strategy,sphere,104,6600,0.012671611578385604
evolution_strategy,sphere,104,6700,0.012671611578385604
evolution_strategy,sphere,104,6800,0.012671611578385604
evolution_strategy,sphere,104,6900,0.012671611578385604
evolution_strategy,sphere,104,7000,0.012671611578385604
evolution_strategy,sphere,104,7100,0.012671611578385604
evolution_strategy,sphere,104,7200,0.012671611578385604
evolution_strategy,sphere,104,7300,0.012671611578385604
evolution_strategy,sphere,104,7400,0.012671611578385604
evolution_strategy,sphere,104,7500,0.012671611578385604
evolution_strategy,sphere,104,7600,0.012671611578385604
evolution_strategy,sphere,104,7700,0.012671611578385604
evolution_strategy,sphere,104,7800,0.012671611578385604
evolution_strategy,sphere,104,7900,0.012671611578385604
evolution_strategy,sphere,104,8000,0.012671611578385604
evolution_strategy,sphere,104,8100,0.012671611578385604
evolution_strategy,sphere,104,8200,0.012671611578385604
evolution_strategy,sphere,104,8300,0.011559603043550994
evolution_strategy,sphere,104,8400,0.011559603043550994
evolution_strategy,sphere,104,8500,0.011559603043550994
evolution_strategy,sphere,104,8600,0.011559603043550994
evolution_strategy,sphere,104,8700,0.011559603043550994
evolution_strategy,sphere,104,8800,0.011559603043550994
evolution_strategy,sphere,104,8900,0.011559603043550994
evolution_strategy,sphere,104,9000,0.011559603043550994
evolution_strategy,sphere,104,9100,0.011559603043550994
evolution_strategy,sphere,104,9200,0.011559603043550994
evolution_strategy,sphere,104,9300,0.011559603043550994
evolution_strategy,sphere,104,9400,0.011559603043550994
evolution_strategy,sphere,104,9500,0.011559603043550994
evolution_strategy,sphere,104,9600,0.011559603043550994
evolution_strategy,sphere,104,9700,0.011559603043550994
evolution_strategy,sphere,104,9800,0.011559603043550994
evolution_strategy,sphere,104,9900,0.011559603043550994
evolution_strategy,sphere,104,10000,0.011559603043550994
evolution_strategy,sphere,104,10100,0.011559603043550994
evolution_strategy,sphere,104,10200,0.011559603043550994
evolution_strategy,sphere,104,10300,0.011559603043550994
evolution_strategy,sphere,104,10400,0.011559603043550994
evolution_strategy,sphere,104,10500,0.011559603043550994
evolution_strategy,sphere,104,10600,0.011559603043550994
evolution_strategy,sphere,104,10700,0.011559603043550994
evolution_strategy,sphere,104,10800,0.011559603043550994
evolution_strategy,sphere,104,10900,0.011559603043550994
evolution_strategy,sphere,104,11000,0.011559603043550994
evolution_strategy,sphere,104,11100,0.011559603043550994
evolution_strategy,sphere,104,11200,0.011559603043550994
evolution_strategy,sphere,104,11300,0.011559603043550994
evolution_strategy,sphere,104,11400,0.011559603043550994
evolution_strategy,sphere,104,11500,0.011559603043550994
evolution_strategy,sphere,104,11600,0.011559603043550994
evolution_strategy,sphere,104,11700,0.011559603043550994
evolution_strategy,sphere,104,11800,0.011559603043550994
evolution_strategy,sphere,104,11900,0.011559603043550994
evolution_strategy,sphere,104,12000,0.011559603043550994
evolution_strategy,sphere,104,12100,0.011559603043550994
evolution_strategy,sphere,104,12200,0.011559603043550994
evolution_strategy,sphere,104,12300,0.011559603043550994
evolution_strategy,sphere,104,12400,0.011559603043550994
evolution_strategy,sphere,104,12500,0.011559603043550994
evolution_strategy,sphere,104,12600,0.011559603043550994
evolution_strategy,sphere,104,12700,0.011559603043550994
evolution_strategy,sphere,104,12800,0.011559603043550994
evolution_strategy,sphere,104,12900,0.011559603043550994
evolution_strategy,sphere,104,13000,0.011559603043550994
evolution_strategy,sphere,104,13100,0.011559603043550994
evolution_strategy,sphere,104,13200,0.011559603043550994
evolution_strategy,sphere,104,13300,0.011559603043550994
evolution_strategy,sphere,104,13400,0.011559603043550994
evolution_strategy,sphere,104,13500,0.011559603043550994
evolution_strategy,sphere,104,13600,0.011559603043550994
evolution_strategy,sphere,104,13700,0.011559603043550994
evolution_strategy,sphere,104,13800,0.011559603043550994
evolution_strategy,sphere,104,13900,0.011559603043550994
evolution_strategy,sphere,104,14000,0.011559603043550994
evolution_strategy,sphere,104,14100,0.011559603043550994
evolution_strategy,sphere,104,14200,0.011559603043550994
evolution_strategy,sphere,104,14300,0.011559603043550994
evolution_strategy,sphere,104,14400,0.011559603043550994
evolution_strategy,sphere,104,14500,0.011559603043550994
evolution_strategy,sphere,104,14600,0.011559603043550994
evolution_strategy,sphere,104,14700,0.011559603043550994
evolution_strategy,sphere,104,14800,0.011559603043550994
evolution_strategy,sphere,104,14900,0.011559603043550994
evolution_strategy,sphere,104,15000,0.011559603043550994
evolution_strategy,sphere,104,15100,0.011559603043550994
evolution_strategy,sphere,104,15200,0.011559603043550994
evolution_strategy,sphere,104,15300,0.011559603043550994
evolution_strategy,sphere,104,15400,0.011559603043550994
evolution_strategy,sphere,104,15500,0.011559603043550994
evolution_strategy,sphere,104,15600,0.011559603043550994
evolution_strategy,sphere,104,15700,0.011559603043550994
evolution_strategy,sphere,104,15800,0.011559603043550994
evolution_strategy,sphere,104,15900,0.011559603043550994
evolution_strategy,sphere,104,16000,0.011559603043550994
evolution_strategy,sphere,104,16100,0.011559603043550994
evolution_strategy,sphere,104,16200,0.011559603043550994
evolution_strategy,sphere,104,16300,0.011559603043550994
evolution_strategy,sphere,104,16400,0.011559603043550994
evolution_strategy,sphere,104,16500,0.011559603043550994
evolution_strategy,sphere,104,16600,0.011559603043550994
evolution_strategy,sphere,104,16700,0.011559603043550994
evolution_strategy,sphere,104,16800,0.011559603043550994
evolution_strategy,sphere,104,16900,0.011559603043550994
evolution_strategy,sphere,104,17000,0.011559603043550994
evolution_strategy,sphere,104,17100,0.011559603043550994
evolution_strategy,sphere,104,17200,0.011559603043550994
evolution_strategy,sphere,104,17300,0.011559603043550994
evolution_strategy,sphere,104,17400,0.011559603043550994
evolution_strategy,sphere,104,17500,0.011559603043550994
evolution_strategy,sphere,104,17600,0.011559603043550994
evolution_strategy,sphere,104,17700,0.011559603043550994
evolution_strategy,sphere,104,17800,0.011559603043550994
evolution_strategy,sphere,104,17900,0.011559603043550994
evolution_strategy,sphere,104,18000,0.011559603043550994
evolution_strategy,sphere,104,18100,0.011559603043550994
evolution_strategy,sphere,104,18200,0.011559603043550994
evolution_strategy,sphere,104,18300,0.011559603043550994
evolution_strategy,sphere,104,18400,0.011559603043550994
evolution_strategy,sphere,104,18500,0.011559603043550994
evolution_strategy,sphere,104,18600,0.011559603043550994
evolution_strategy,sphere,104,18700,0.011559603043550994
evolution_strategy,sphere,104,18800,0.011559603043550994
evolution_strategy,sphere,104,18900,0.011559603043550994
evolution_strategy,sphere,104,19000,0.011559603043550994
evolution_strategy,sphere,104,19100,0.011559603043550994
evolution_strategy,sphere,104,19200,0.011559603043550994
evolution_strategy,sphere,104,19300,0.011559603043550994
evolution_strategy,sphere,104,19400,0.011559603043550994
evolution_strategy,sphere,104,19500,0.011559603043550994
evolution_strategy,sphere,104,19600,0.011559603043550994
evolution_strategy,sphere,104,19700,0.011559603043550994
evolution_strategy,sphere,104,19800,0.011559603043550994
evolution_strategy,sphere,104,19900,0.011559603043550994
evolution_strategy,sphere,104,20000,0.011559603043550994
evolution_strategy,sphere,105,100,30.35631916701596
evolution_strategy,sphere,105,200,27.90180785487987
evolution_strategy,sphere,105,300,23.589554063203334
evolution_strategy,sphere,105,400,20.199977496696903
evolution_strategy,sphere,105,500,18.399397808356856
evolution_strategy,sphere,105,600,15.932108853353304
evolution_strategy,sphere,105,700,13.801258415379209
evolution_strategy,sphere,105,800,11.222547216375865
evolution_strategy,sphere,105,900,8.966635018024851
evolution_strategy,sphere,105,1000,7.466045777099159
evolution_strategy,sphere,105,1100,6.170349035967858
evolution_strategy,sphere,105,1200,4.660303770633291
evolution_strategy,sphere,105,1300,3.743546660072247
evolution_strategy,sphere,105,1400,2.8700019571348956
evolution_strategy,sphere,105,1500,2.115950199159082
evolution_strategy,sphere,105,1600,1.532038439511992
evolution_strategy,sphere,105,1700,0.9933157128874466
evolution_strategy,sphere,105,1800,0.6369878657107695
evolution_strategy,sphere,105,1900,0.2404074992308569
evolution_strategy,sphere,105,2000,0.15779799902904565
evolution_strategy,sphere,105,2100,0.11201754372032588
evolution_strategy,sphere,105,2200,0.053289560353143674
evolution_strategy,sphere,105,2300,0.04640657595366537
evolution_strategy,sphere,105,2400,0.032452085837933034
evolution_strategy,sphere,105,2500,0.02032700038575197
evolution_strategy,sphere,105,2600,0.02032700038575197
evolution_strategy,sphere,105,2700,0.02032700038575197
evolution_strategy,sphere,105,2800,0.02032700038575197
evolution_strategy,sphere,105,2900,0.02032700038575197
evolution_strategy,sphere,105,3000,0.02032700038575197
evolution_strategy,sphere,105,3100,0.02032700038575197
evolution_strategy,sphere,105,3200,0.02032700038575197
evolution_strategy,sphere,105,3300,0.013515285557130977
evolution_strategy,sphere,105,3400,0.013515285557130977
evolution_strategy,sphere,105,3500,0.013515285557130977
evolution_strategy,sphere,105,3600,0.013515285557130977
evolution_strategy,sphere,105,3700,0.013515285557130977
evolution_strategy,sphere,105,3800,0.013515285557130977
evolution_strategy,sphere,105,3900,0.013515285557130977
evolution_strategy,sphere,105,4000,0.013515285557130977
evolution_strategy,sphere,105,4100,0.013515285557130977
evolution_strategy,sphere,105,4200,0.013515285557130977
evolution_strategy,sphere,105,4300,0.013515285557130977
evolution_strategy,sphere,105,4400,0.013515285557130977
evolution_strategy,sphere,105,4500,0.013515285557130977
evolution_strategy,sphere,105,4600,0.013515285557130977
evolution_strategy,sphere,105,4700,0.013515285557130977
evolution_strategy,sphere,105,4800,0.013515285557130977
evolution_strategy,sphere,105,4900,0.013515285557130977
evolution_strategy,sphere,105,5000,0.013515285557130977
evolution_strategy,sphere,105,5100,0.013515285557130977
evolution_strategy,sphere,105,5200,0.013515285557130977
evolution_strategy,sphere,105,5300,0.013515285557130977
evolution_strategy,sphere,105,5400,0.013515285557130977
evolution_strategy,sphere,105,5500,0.013515285557130977
evolution_strategy,sphere,105,5600,0.013515285557130977
evolution_strategy,sphere,105,5700,0.013515285557130977
evolution_strategy,sphere,105,5800,0.013515285557130977
evolution_strategy,sphere,105,5900,0.013515285557130977
evolution_strategy,sphere,105,6000,0.013515285557130977
evolution_strategy,sphere,105,6100,0.013515285557130977
evolution_strategy,sphere,105,6200,0.013515285557130977
evolution_strategy,sphere,105,6300,0.013515285557130977
evolution_strategy,sphere,105,6400,0.013515285557130977
evolution_strategy,sphere,105,6500,0.013515285557130977
evolution_strategy,sphere,105,6600,0.013515285557130977
evolution_strategy,sphere,105,6700,0.013515285557130977
evolution_strategy,sphere,105,6800,0.013515285557130977
evolution_strategy,sphere,105,6900,0.013515285557130977
evolution_strategy,sphere,105,7000,0.013515285557130977
evolution_strategy,sphere,105,7100,0.013515285557130977
evolution_strategy,sphere,105,7200,0.013515285557130977
evolution_strategy,sphere,105,7300,0.013515285557130977
evolution_strategy,sphere,105,7400,0.013515285557130977
evolution_strategy,sphere,105,7500,0.013515285557130977
evolution_strategy,sphere,105,7600,0.013515285557130977
evolution_strategy,sphere,105,7700,0.013515285557130977
evolution_strategy,sphere,105,7800,0.013515285557130977
evolution_strategy,sphere,105,7900,0.013515285557130977
evolution_strategy,sphere,105,8000,0.013515285557130977
evolution_strategy,sphere,105,8100,0.013515285557130977
evolution_strategy,sphere,105,8200,0.013515285557130977
evolution_strategy,sphere,105,8300,0.013515285557130977
evolution_strategy,sphere,105,8400,0.013515285557130977
evolution_strategy,sphere,105,8500,0.013515285557130977
evolution_strategy,sphere,105,8600,0.013515285557130977
evolution_strategy,sphere,105,8700,0.013515285557130977
evolution_strategy,sphere,105,8800,0.013515285557130977
evolution_strategy,sphere,105,8900,0.013515285557130977
evolution_strategy,sphere,105,9000,0.013515285557130977
evolution_strategy,sphere,105,9100,0.013515285557130977
evolution_strategy,sphere,105,9200,0.013515285557130977
evolution_strategy,sphere,105,9300,0.013515285557130977
evolution_strategy,sphere,105,9400,0.013515285557130977
evolution_strategy,sphere,105,9500,0.013515285557130977
evolution_strategy,sphere,105,9600,0.013515285557130977
evolution_strategy,sphere,105,9700,0.013515285557130977
evolution_strategy,sphere,105,9800,0.013515285557130977
evolution_strategy,sphere,105,9900,0.013515285557130977
evolution_strategy,sphere,105,10000,0.013515285557130977
evolution_strategy,sphere,105,10100,0.013515285557130977
evolution_strategy,sphere,105,10200,0.013515285557130977
evolution_strategy,sphere,105,10300,0.013515285557130977
evolution_strategy,sphere,105,10400,0.013515285557130977
evolution_strategy,sphere,105,10500,0.013515285557130977
evolution_strategy,sphere,105,10600,0.013515285557130977
evolution_strategy,sphere,105,10700,0.013515285557130977
evolution_strategy,sphere,105,10800,0.013515285557130977
evolution_strategy,sphere,105,10900,0.013515285557130977
evolution_strategy,sphere,105,11000,0.013515285557130977
evolution_strategy,sphere,105,11100,0.013515285557130977
evolution_strategy,sphere,105,11200,0.013515285557130977
evolution_strategy,sphere,105,11300,0.013515285557130977
evolution_strategy,sphere,105,11400,0.013515285557130977
evolution_strategy,sphere,105,11500,0.013515285557130977
evolution_strategy,sphere,105,11600,0.013515285557130977
evolution_strategy,sphere,105,11700,0.013515285557130977
evolution_strategy,sphere,105,11800,0.013515285557130977
evolution_strategy,sphere,105,11900,0.013515285557130977
evolution_strategy,sphere,105,12000,0.013515285557130977
evolution_strategy,sphere,105,12100,0.013515285557130977
evolution_strategy,sphere,105,12200,0.013515285557130977
evolution_strategy,sphere,105,12300,0.013515285557130977
evolution_strategy,sphere,105,12400,0.013515285557130977
evolution_strategy,sphere,105,12500,0.013515285557130977
evolution_strategy,sphere,105,12600,0.013515285557130977
evolution_strategy,sphere,105,12700,0.013515285557130977
evolution_strategy,sphere,105,12800,0.013515285557130977
evolution_strategy,sphere,105,12900,0.013515285557130977
evolution_strategy,sphere,105,13000,0.013515285557130977
evolution_strategy,sphere,105,13100,0.013515285557130977
evolution_strategy,sphere,105,13200,0.013515285557130977
evolution_strategy,sphere,105,13300,0.013515285557130977
evolution_strategy,sphere,105,13400,0.013515285557130977
evolution_strategy,sphere,105,13500,0.013515285557130977
evolution_strategy,sphere,105,13600,0.013515285557130977
evolution_strategy,sphere,105,13700,0.013515285557130977
evolution_strategy,sphere,105,13800,0.013515285557130977
evolution_strategy,sphere,105,13900,0.013515285557130977
evolution_strategy,sphere,105,14000,0.013515285557130977
evolution_strategy,sphere,105,14100,0.011207361808726618
evolution_strategy,sphere,105,14200,0.011207361808726618
evolution_strategy,sphere,105,14300,0.011207361808726618
evolution_strategy,sphere,105,14400,0.011207361808726618
evolution_strategy,sphere,105,14500,0.011207361808726618
evolution_strategy,sphere,105,14600,0.011207361808726618
evolution_strategy,sphere,105,14700,0.011207361808726618
evolution_strategy,sphere,105,14800,0.011207361808726618
evolution_strategy,sphere,105,14900,0.011207361808726618
evolution_strategy,sphere,105,15000,0.011207361808726618
evolution_strategy,sphere,105,15100,0.011207361808726618
evolution_strategy,sphere,105,15200,0.011207361808726618
evolution_strategy,sphere,105,15300,0.011207361808726618
evolution_strategy,sphere,105,15400,0.011207361808726618
evolution_strategy,sphere,105,15500,0.011207361808726618
evolution_strategy,sphere,105,15600,0.011207361808726618
evolution_strategy,sphere,105,15700,0.011207361808726618
evolution_strategy,sphere,105,15800,0.011207361808726618
evolution_strategy,sphere,105,15900,0.011207361808726618
evolution_strategy,sphere,105,16000,0.011207361808726618
evolution_strategy,sphere,105,16100,0.011207361808726618
evolution_strategy,sphere,105,16200,0.011207361808726618
evolution_strategy,sphere,105,16300,0.011207361808726618
evolution_strategy,sphere,105,16400,0.011207361808726618
evolution_strategy,sphere,105,16500,0.011207361808726618
evolution_strategy,sphere,105,16600,0.011207361808726618
evolution_strategy,sphere,105,16700,0.011207361808726618
evolution_strategy,sphere,105,16800,0.011207361808726618
evolution_strategy,sphere,105,16900,0.011207361808726618
evolution_strategy,sphere,105,17000,0.011207361808726618
evolution_strategy,sphere,105,17100,0.011207361808726618
evolution_strategy,sphere,105,17200,0.011207361808726618
evolution_strategy,sphere,105,17300,0.011207361808726618
evolution_strategy,sphere,105,17400,0.011207361808726618
evolution_strategy,sphere,105,17500,0.011207361808726618
evolution_strategy,sphere,105,17600,0.011207361808726618
evolution_strategy,sphere,105,17700,0.011207361808726618
evolution_strategy,sphere,105,17800,0.011207361808726618
evolution_strategy,sphere,105,17900,0.011207361808726618
evolution_strategy,sphere,105,18000,0.011207361808726618
evolution_strategy,sphere,105,18100,0.011207361808726618
evolution_strategy,sphere,105,18200,0.011207361808726618
evolution_strategy,sphere,105,18300,0.011207361808726618
evolution_strategy,sphere,105,18400,0.011207361808726618
evolution_strategy,sphere,105,18500,0.011207361808726618
evolution_strategy,sphere,105,18600,0.011207361808726618
evolution_strategy,sphere,105,18700,0.011207361808726618
evolution_strategy,sphere,105,18800,0.011207361808726618
evolution_strategy,sphere,105,18900,0.011207361808726618
evolution_strategy,sphere,105,19000,0.011207361808726618
evolution_strategy,sphere,105,19100,0.011207361808726618
evolution_strategy,sphere,105,19200,0.011207361808726618
evolution_strategy,sphere,105,19300,0.011207361808726618
evolution_strategy,sphere,105,19400,0.011207361808726618
evolution_strategy,sphere,105,19500,0.011207361808726618
evolution_strategy,sphere,105,19600,0.011207361808726618
evolution_strategy,sphere,105,19700,0.011207361808726618
evolution_strategy,sphere,105,19800,0.011207361808726618
evolution_strategy,sphere,105,19900,0.011207361808726618
evolution_strategy,sphere,105,20000,0.011207361808726618
evolution_strategy,sphere,106,100,42.033347607966256
evolution_strategy,sphere,106,200,38.18321647701538
evolution_strategy,sphere,106,300,35.14989540616654
evolution_strategy,sphere,106,400,31.705622959076386
evolution_strategy,sphere,106,500,28.208225947967755
evolution_strategy,sphere,106,600,25.03618802820616
evolution_strategy,sphere,106,700,21.89851126644578
evolution_strategy,sphere,106,800,18.947920053668522
evolution_strategy,sphere,106,900,16.26141480401597
evolution_strategy,sphere,106,1000,13.892153798621473
evolution_strategy,sphere,106,1100,12.05962486510084
evolution_strategy,sphere,106,1200,9.925804754494855
evolution_strategy,sphere,106,1300,7.67112393946338
evolution_strategy,sphere,106,1400,6.263197367233905
evolution_strategy,sphere,106,1500,4.464993287360004
evolution_strategy,sphere,106,1600,3.5828333014315197
evolution_strategy,sphere,106,1700,2.481560902225748
evolution_strategy,sphere,106,1800,1.6620893732206048
evolution_strategy,sphere,106,1900,1.006848099782843
evolution_strategy,sphere,106,2000,0.5724673978697249
evolution_strategy,sphere,106,2100,0.41676830468763393
evolution_strategy,sphere,106,2200,0.23767658321235838
evolution_strategy,sphere,106,2300,0.18386496234817287
evolution_strategy,sphere,106,2400,0.11794180801780493
evolution_strategy,sphere,106,2500,0.07485223405725099
evolution_strategy,sphere,106,2600,0.02179309324899039
evolution_strategy,sphere,106,2700,0.02179309324899039
evolution_strategy,sphere,106,2800,0.02179309324899039
evolution_strategy,sphere,106,2900,0.02179309324899039
evolution_strategy,sphere,106,3000,0.02179309324899039
evolution_strategy,sphere,106,3100,0.02179309324899039
evolution_strategy,sphere,106,3200,0.02179309324899039
evolution_strategy,sphere,106,3300,0.02179309324899039
evolution_strategy,sphere,106,3400,0.02179309324899039
evolution_strategy,sphere,106,3500,0.02179309324899039
evolution_strategy,sphere,106,3600,0.02179309324899039
evolution_strategy,sphere,106,3700,0.02179309324899039
evolution_strategy,sphere,106,3800,0.018228630572767718
evolution_strategy,sphere,106,3900,0.018228630572767718
evolution_strategy,sphere,106,4000,0.018228630572767718
evolution_strategy,sphere,106,4100,0.018228630572767718
evolution_strategy,sphere,106,4200,0.018228630572767718
evolution_strategy,sphere,106,4300,0.018228630572767718
evolution_strategy,sphere,106,4400,0.018228630572767718
evolution_strategy,sphere,106,4500,0.018228630572767718
evolution_strategy,sphere,106,4600,0.018228630572767718
evolution_strategy,sphere,106,4700,0.018228630572767718
evolution_strategy,sphere,106,4800,0.018228630572767718
evolution_strategy,sphere,106,4900,0.018228630572767718
evolution_strategy,sphere,106,5000,0.018228630572767718
evolution_strategy,sphere,106,5100,0.01769002799960806
evolution_strategy,sphere,106,5200,0.01769002799960806
evolution_strategy,sphere,106,5300,0.01769002799960806
evolution_strategy,sphere,106,5400,0.01769002799960806
evolution_strategy,sphere,106,5500,0.01769002799960806
evolution_strategy,sphere,106,5600,0.011938075616888165
evolution_strategy,sphere,106,5700,0.011938075616888165
evolution_strategy,sphere,106,5800,0.011938075616888165
evolution_strategy,sphere,106,5900,0.011938075616888165
evolution_strategy,sphere,106,6000,0.011938075616888165
evolution_strategy,sphere,106,6100,0.011938075616888165
evolution_strategy,sphere,106,6200,0.011938075616888165
evolution_strategy,sphere,106,6300,0.011938075616888165
evolution_strategy,sphere,106,6400,0.011938075616888165
evolution_strategy,sphere,106,6500,0.011938075616888165
evolution_strategy,sphere,106,6600,0.011784068772051164
evolution_strategy,sphere,106,6700,0.011784068772051164
evolution_strategy,sphere,106,6800,0.011784068772051164
evolution_strategy,sphere,106,6900,0.011784068772051164
evolution_strategy,sphere,106,7000,0.011393683937876346
evolution_strategy,sphere,106,7100,0.011393683937876346
evolution_strategy,sphere,106,7200,0.011393683937876346
evolution_strategy,sphere,106,7300,0.011393683937876346
evolution_strategy,sphere,106,7400,0.011393683937876346
evolution_strategy,sphere,106,7500,0.011393683937876346
evolution_strategy,sphere,106,7600,0.011393683937876346
evolution_strategy,sphere,106,7700,0.011393683937876346
evolution_strategy,sphere,106,7800,0.011393683937876346
evolution_strategy,sphere,106,7900,0.011393683937876346
evolution_strategy,sphere,106,8000,0.011393683937876346
evolution_strategy,sphere,106,8100,0.011393683937876346
evolution_strategy,sphere,106,8200,0.011393683937876346
evolution_strategy,sphere,106,8300,0.011393683937876346
evolution_strategy,sphere,106,8400,0.011393683937876346
evolution_strategy,sphere,106,8500,0.011393683937876346
evolution_strategy,sphere,106,8600,0.011393683937876346
evolution_strategy,sphere,106,8700,0.011393683937876346
evolution_strategy,sphere,106,8800,0.011393683937876346
evolution_strategy,sphere,106,8900,0.011393683937876346
evolution_strategy,sphere,106,9000,0.011393683937876346
evolution_strategy,sphere,106,9100,0.011393683937876346
evolution_strategy,sphere,106,9200,0.011393683937876346
evolution_strategy,sphere,106,9300,0.011393683937876346
evolution_strategy,sphere,106,9400,0.011393683937876346
evolution_strategy,sphere,106,9500,0.011393683937876346
evolution_strategy,sphere,106,9600,0.011393683937876346
evolution_strategy,sphere,106,9700,0.011393683937876346
evolution_strategy,sphere,106,9800,0.011393683937876346
evolution_strategy,sphere,106,9900,0.011393683937876346
evolution_strategy,sphere,106,10000,0.011393683937876346
evolution_strategy,sphere,106,10100,0.011393683937876346
evolution_strategy,sphere,106,10200,0.011393683937876346
evolution_strategy,sphere,106,10300,0.011393683937876346
evolution_strategy,sphere,106,10400,0.011393683937876346
evolution_strategy,sphere,106,10500,0.011393683937876346
evolution_strategy,sphere,106,10600,0.011393683937876346
evolution_strategy,sphere,106,10700,0.011393683937876346
evolution_strategy,sphere,106,10800,0.011393683937876346
evolution_strategy,sphere,106,10900,0.011393683937876346
evolution_strategy,sphere,106,11000,0.011393683937876346
evolution_strategy,sphere,106,11100,0.011393683937876346
evolution_strategy,sphere,106,11200,0.011393683937876346
evolution_strategy,sphere,106,11300,0.011393683937876346
evolution_strategy,sphere,106,11400,0.011393683937876346
evolution_strategy,sphere,106,11500,0.011393683937876346
evolution_strategy,sphere,106,11600,0.011393683937876346
evolution_strategy,sphere,106,11700,0.005826584035516344
evolution_strategy,sphere,106,11800,0.005826584035516344
evolution_strategy,sphere,106,11900,0.005826584035516344
evolution_strategy,sphere,106,12000,0.005826584035516344
evolution_strategy,sphere,106,12100,0.005826584035516344
evolution_strategy,sphere,106,12200,0.005826584035516344
evolution_strategy,sphere,106,12300,0.005826584035516344
evolution_strategy,sphere,106,12400,0.005826584035516344
evolution_strategy,sphere,106,12500,0.005826584035516344
evolution_strategy,sphere,106,12600,0.005826584035516344
evolution_strategy,sphere,106,12700,0.005826584035516344
evolution_strategy,sphere,106,12800,0.005826584035516344
evolution_strategy,sphere,106,12900,0.005826584035516344
evolution_strategy,sphere,106,13000,0.005826584035516344
evolution_strategy,sphere,106,13100,0.005826584035516344
evolution_strategy,sphere,106,13200,0.005826584035516344
evolution_strategy,sphere,106,13300,0.005826584035516344
evolution_strategy,sphere,106,13400,0.005826584035516344
evolution_strategy,sphere,106,13500,0.005826584035516344
evolution_strategy,sphere,106,13600,0.005826584035516344
evolution_strategy,sphere,106,13700,0.005826584035516344
evolution_strategy,sphere,106,13800,0.005826584035516344
evolution_strategy,sphere,106,13900,0.005826584035516344
evolution_strategy,sphere,106,14000,0.005826584035516344
evolution_strategy,sphere,106,14100,0.005826584035516344
evolution_strategy,sphere,106,14200,0.005826584035516344
evolution_strategy,sphere,106,14300,0.005826584035516344
evolution_strategy,sphere,106,14400,0.005826584035516344
evolution_strategy,sphere,106,14500,0.005826584035516344
evolution_strategy,sphere,106,14600,0.005826584035516344
evolution_strategy,sphere,106,14700,0.005826584035516344
evolution_strategy,sphere,106,14800,0.005826584035516344
evolution_strategy,sphere,106,14900,0.005826584035516344
evolution_strategy,sphere,106,15000,0.005826584035516344
evolution_strategy,sphere,106,15100,0.005826584035516344
evolution_strategy,sphere,106,15200,0.005826584035516344
evolution_strategy,sphere,106,15300,0.005826584035516344
evolution_strategy,sphere,106,15400,0.005826584035516344
evolution_strategy,sphere,106,15500,0.005826584035516344
evolution_strategy,sphere,106,15600,0.005826584035516344
evolution_strategy,sphere,106,15700,0.005826584035516344
evolution_strategy,sphere,106,15800,0.005826584035516344
evolution_strategy,sphere,106,15900,0.005826584035516344
evolution_strategy,sphere,106,16000,0.005826584035516344
evolution_strategy,sphere,106,16100,0.005826584035516344
evolution_strategy,sphere,106,16200,0.005826584035516344
evolution_strategy,sphere,106,16300,0.005826584035516344
evolution_strategy,sphere,106,16400,0.005826584035516344
evolution_strategy,sphere,106,16500,0.005826584035516344
evolution_strategy,sphere,106,16600,0.005826584035516344
evolution_strategy,sphere,106,16700,0.005826584035516344
evolution_strategy,sphere,106,16800,0.005826584035516344
evolution_strategy,sphere,106,16900,0.005826584035516344
evolution_strategy,sphere,106,17000,0.005826584035516344
evolution_strategy,sphere,106,17100,0.005826584035516344
evolution_strategy,sphere,106,17200,0.005826584035516344
evolution_strategy,sphere,106,17300,0.005826584035516344
evolution_strategy,sphere,106,17400,0.005826584035516344
evolution_strategy,sphere,106,17500,0.005826584035516344
evolution_strategy,sphere,106,17600,0.005826584035516344
evolution_strategy,sphere,106,17700,0.005826584035516344
evolution_strategy,sphere,106,17800,0.005826584035516344
evolution_strategy,sphere,106,17900,0.005826584035516344
evolution_strategy,sphere,106,18000,0.005826584035516344
evolution_strategy,sphere,106,18100,0.005826584035516344
evolution_strategy,sphere,106,18200,0.005826584035516344
evolution_strategy,sphere,106,18300,0.005826584035516344
evolution_strategy,sphere,106,18400,0.005826584035516344
evolution_strategy,sphere,106,18500,0.005826584035516344
evolution_strategy,sphere,106,18600,0.005826584035516344
evolution_strategy,sphere,106,18700,0.005826584035516344
evolution_strategy,sphere,106,18800,0.005826584035516344
evolution_strategy,sphere,106,18900,0.005826584035516344
evolution_strategy,sphere,106,19000,0.005826584035516344
evolution_strategy,sphere,106,19100,0.005826584035516344
evolution_strategy,sphere,106,19200,0.005826584035516344
evolution_strategy,sphere,106,19300,0.005826584035516344
evolution_strategy,sphere,106,19400,0.005826584035516344
evolution_strategy,sphere,106,19500,0.005826584035516344
evolution_strategy,sphere,106,19600,0.005826584035516344
evolution_strategy,sphere,106,19700,0.005826584035516344
evolution_strategy,sphere,106,19800,0.005826584035516344
evolution_strategy,sphere,106,19900,0.005826584035516344
evolution_strategy,sphere,106,20000,0.005826584035516344
evolution_strategy,sphere,107,100,35.806909848785075
evolution_strategy,sphere,107,200,31.93210561623168
evolution_strategy,sphere,107,300,28.239726632030546
evolution_strategy,sphere,107,400,26.00889938000749
evolution_strategy,sphere,107,500,21.40783931175062
evolution_strategy,sphere,107,600,19.09390368504549
evolution_strategy,sphere,107,700,16.45668463033398
evolution_strategy,sphere,107,800,14.60744439658741
evolution_strategy,sphere,107,900,11.362105442037985
evolution_strategy,sphere,107,1000,9.531012379546802
evolution_strategy,sphere,107,1100,7.5222549039016045
evolution_strategy,sphere,107,1200,5.93387574234556
evolution_strategy,sphere,107,1300,4.89604964494628
evolution_strategy,sphere,107,1400,3.6768671530619077
evolution_strategy,sphere,107,1500,2.1921873598460624
evolution_strategy,sphere,107,1600,1.6621754968214089
evolution_strategy,sphere,107,1700,1.244198223266615
evolution_strategy,sphere,107,1800,0.8250928526499196
evolution_strategy,sphere,107,1900,0.4080418770164221
evolution_strategy,sphere,107,2000,0.21545478301448096
evolution_strategy,sphere,107,2100,0.10754401203038949
evolution_strategy,sphere,107,2200,0.046518766816742156
evolution_strategy,sphere,107,2300,0.046518766816742156
evolution_strategy,sphere,107,2400,0.04480052387368225
evolution_strategy,sphere,107,2500,0.04480052387368225
evolution_strategy,sphere,107,2600,0.033916695961618185
evolution_strategy,sphere,107,2700,0.02833914548291446
evolution_strategy,sphere,107,2800,0.02833914548291446
evolution_strategy,sphere,107,2900,0.025946624776464214
evolution_strategy,sphere,107,3000,0.025946624776464214
evolution_strategy,sphere,107,3100,0.025946624776464214
evolution_strategy,sphere,107,3200,0.016236176511983783
evolution_strategy,sphere,107,3300,0.016236176511983783
evolution_strategy,sphere,107,3400,0.016236176511983783
evolution_strategy,sphere,107,3500,0.016236176511983783
evolution_strategy,sphere,107,3600,0.016236176511983783
evolution_strategy,sphere,107,3700,0.016236176511983783
evolution_strategy,sphere,107,3800,0.016236176511983783
evolution_strategy,sphere,107,3900,0.016236176511983783
evolution_strategy,sphere,107,4000,0.016236176511983783
evolution_strategy,sphere,107,4100,0.016236176511983783
evolution_strategy,sphere,107,4200,0.016236176511983783
evolution_strategy,sphere,107,4300,0.016236176511983783
evolution_strategy,sphere,107,4400,0.016236176511983783
evolution_strategy,sphere,107,4500,0.011477400102630736
evolution_strategy,sphere,107,4600,0.011477400102630736
evolution_strategy,sphere,107,4700,0.011477400102630736
evolution_strategy,sphere,107,4800,0.011477400102630736
evolution_strategy,sphere,107,4900,0.011477400102630736
evolution_strategy,sphere,107,5000,0.011477400102630736
evolution_strategy,sphere,107,5100,0.011477400102630736
evolution_strategy,sphere,107,5200,0.011477400102630736
evolution_strategy,sphere,107,5300,0.011477400102630736
evolution_strategy,sphere,107,5400,0.011477400102630736
evolution_strategy,sphere,107,5500,0.011477400102630736
evolution_strategy,sphere,107,5600,0.011477400102630736
evolution_strategy,sphere,107,5700,0.011477400102630736
evolution_strategy,sphere,107,5800,0.011477400102630736
evolution_strategy,sphere,107,5900,0.011477400102630736
evolution_strategy,sphere,107,6000,0.011477400102630736
evolution_strategy,sphere,107,6100,0.011477400102630736
evolution_strategy,sphere,107,6200,0.011477400102630736
evolution_strategy,sphere,107,6300,0.011477400102630736
evolution_strategy,sphere,107,6400,0.011477400102630736
evolution_strategy,sphere,107,6500,0.011477400102630736
evolution_strategy,sphere,107,6600,0.011477400102630736
evolution_strategy,sphere,107,6700,0.011477400102630736
evolution_strategy,sphere,107,6800,0.011477400102630736
evolution_strategy,sphere,107,6900,0.011477400102630736
evolution_strategy,sphere,107,7000,0.011477400102630736
evolution_strategy,sphere,107,7100,0.011477400102630736
evolution_strategy,sphere,107,7200,0.011477400102630736
evolution_strategy,sphere,107,7300,0.011477400102630736
evolution_strategy,sphere,107,7400,0.011419766739774989
evolution_strategy,sphere,107,7500,0.011419766739774989
evolution_strategy,sphere,107,7600,0.011419766739774989
evolution_strategy,sphere,107,7700,0.011419766739774989
evolution_strategy,sphere,107,7800,0.011419766739774989
evolution_strategy,sphere,107,7900,0.011419766739774989
evolution_strategy,sphere,107,8000,0.011419766739774989
evolution_strategy,sphere,107,8100,0.011419766739774989
evolution_strategy,sphere,107,8200,0.011419766739774989
evolution_strategy,sphere,107,8300,0.011419766739774989
evolution_strategy,sphere,107,8400,0.011419766739774989
evolution_strategy,sphere,107,8500,0.008134499873251247
evolution_strategy,sphere,107,8600,0.008134499873251247
evolution_strategy,sphere,107,8700,0.008134499873251247
evolution_strategy,sphere,107,8800,0.008134499873251247
evolution_strategy,sphere,107,8900,0.008134499873251247
evolution_strategy,sphere,107,9000,0.008134499873251247
evolution_strategy,sphere,107,9100,0.008134499873251247
evolution_strategy,sphere,107,9200,0.008134499873251247
evolution_strategy,sphere,107,9300,0.008134499873251247
evolution_strategy,sphere,107,9400,0.008134499873251247
evolution_strategy,sphere,107,9500,0.008134499873251247
evolution_strategy,sphere,107,9600,0.008134499873251247
evolution_strategy,sphere,107,9700,0.008134499873251247
evolution_strategy,sphere,107,9800,0.008134499873251247
evolution_strategy,sphere,107,9900,0.008134499873251247
evolution_strategy,sphere,107,10000,0.008134499873251247
evolution_strategy,sphere,107,10100,0.008134499873251247
evolution_strategy,sphere,107,10200,0.008134499873251247
evolution_strategy,sphere,107,10300,0.008134499873251247
evolution_strategy,sphere,107,10400,0.008134499873251247
evolution_strategy,sphere,107,10500,0.008134499873251247
evolution_strategy,sphere,107,10600,0.008134499873251247
evolution_strategy,sphere,107,10700,0.008134499873251247
evolution_strategy,sphere,107,10800,0.008134499873251247
evolution_strategy,sphere,107,10900,0.008134499873251247
evolution_strategy,sphere,107,11000,0.008134499873251247
evolution_strategy,sphere,107,11100,0.008134499873251247
evolution_strategy,sphere,107,11200,0.008134499873251247
evolution_strategy,sphere,107,11300,0.008134499873251247
evolution_strategy,sphere,107,11400,0.008134499873251247
evolution_strategy,sphere,107,11500,0.008134499873251247
evolution_strategy,sphere,107,11600,0.008134499873251247
evolution_strategy,sphere,107,11700,0.008134499873251247
evolution_strategy,sphere,107,11800,0.008134499873251247
evolution_strategy,sphere,107,11900,0.008134499873251247
evolution_strategy,sphere,107,12000,0.008134499873251247
evolution_strategy,sphere,107,12100,0.008134499873251247
evolution_strategy,sphere,107,12200,0.008134499873251247
evolution_strategy,sphere,107,12300,0.008134499873251247
evolution_strategy,sphere,107,12400,0.008134499873251247
evolution_strategy,sphere,107,12500,0.008134499873251247
evolution_strategy,sphere,107,12600,0.008134499873251247
evolution_strategy,sphere,107,12700,0.008134499873251247
evolution_strategy,sphere,107,12800,0.008134499873251247
evolution_strategy,sphere,107,12900,0.008134499873251247
evolution_strategy,sphere,107,13000,0.008134499873251247
evolution_strategy,sphere,107,13100,0.008134499873251247
evolution_strategy,sphere,107,13200,0.008134499873251247
evolution_strategy,sphere,107,13300,0.008134499873251247
evolution_strategy,sphere,107,13400,0.008134499873251247
evolution_strategy,sphere,107,13500,0.008134499873251247
evolution_strategy,sphere,107,13600,0.008134499873251247
evolution_strategy,sphere,107,13700,0.008134499873251247
evolution_strategy,sphere,107,13800,0.008134499873251247
evolution_strategy,sphere,107,13900,0.008134499873251247
evolution_strategy,sphere,107,14000,0.008134499873251247
evolution_strategy,sphere,107,14100,0.008134499873251247
evolution_strategy,sphere,107,14200,0.008134499873251247
evolution_strategy,sphere,107,14300,0.008134499873251247
evolution_strategy,sphere,107,14400,0.008134499873251247
evolution_strategy,sphere,107,14500,0.008134499873251247
evolution_strategy,sphere,107,14600,0.008134499873251247
evolution_strategy,sphere,107,14700,0.008134499873251247
evolution_strategy,sphere,107,14800,0.008134499873251247
evolution_strategy,sphere,107,14900,0.008134499873251247
evolution_strategy,sphere,107,15000,0.008134499873251247
evolution_strategy,sphere,107,15100,0.008134499873251247
evolution_strategy,sphere,107,15200,0.008134499873251247
evolution_strategy,sphere,107,15300,0.008134499873251247
evolution_strategy,sphere,107,15400,0.008134499873251247
evolution_strategy,sphere,107,15500,0.008134499873251247
evolution_strategy,sphere,107,15600,0.008134499873251247
evolution_strategy,sphere,107,15700,0.008134499873251247
evolution_strategy,sphere,107,15800,0.008134499873251247
evolution_strategy,sphere,107,15900,0.008134499873251247
evolution_strategy,sphere,107,16000,0.008134499873251247
evolution_strategy,sphere,107,16100,0.008134499873251247
evolution_strategy,sphere,107,16200,0.008134499873251247
evolution_strategy,sphere,107,16300,0.008134499873251247
evolution_strategy,sphere,107,16400,0.008134499873251247
evolution_strategy,sphere,107,16500,0.008134499873251247
evolution_strategy,sphere,107,16600,0.008134499873251247
evolution_strategy,sphere,107,16700,0.008134499873251247
evolution_strategy,sphere,107,16800,0.008134499873251247
evolution_strategy,sphere,107,16900,0.008134499873251247
evolution_strategy,sphere,107,17000,0.008134499873251247
evolution_strategy,sphere,107,17100,0.008134499873251247
evolution_strategy,sphere,107,17200,0.008134499873251247
evolution_strategy,sphere,107,17300,0.008134499873251247
evolution_strategy,sphere,107,17400,0.008134499873251247
evolution_strategy,sphere,107,17500,0.008134499873251247
evolution_strategy,sphere,107,17600,0.008134499873251247
evolution_strategy,sphere,107,17700,0.008134499873251247
evolution_strategy,sphere,107,17800,0.008134499873251247
evolution_strategy,sphere,107,17900,0.008134499873251247
evolution_strategy,sphere,107,18000,0.008134499873251247
evolution_strategy,sphere,107,18100,0.008134499873251247
evolution_strategy,sphere,107,18200,0.008134499873251247
evolution_strategy,sphere,107,18300,0.008134499873251247
evolution_strategy,sphere,107,18400,0.008134499873251247
evolution_strategy,sphere,107,18500,0.008134499873251247
evolution_strategy,sphere,107,18600,0.008134499873251247
evolution_strategy,sphere,107,18700,0.008134499873251247
evolution_strategy,sphere,107,18800,0.008134499873251247
evolution_strategy,sphere,107,18900,0.008134499873251247
evolution_strategy,sphere,107,19000,0.008134499873251247
evolution_strategy,sphere,107,19100,0.008134499873251247
evolution_strategy,sphere,107,19200,0.008134499873251247
evolution_strategy,sphere,107,19300,0.008134499873251247
evolution_strategy,sphere,107,19400,0.008134499873251247
evolution_strategy,sphere,107,19500,0.008134499873251247
evolution_strategy,sphere,107,19600,0.008134499873251247
evolution_strategy,sphere,107,19700,0.008134499873251247
evolution_strategy,sphere,107,19800,0.008134499873251247
evolution_strategy,sphere,107,19900,0.008134499873251247
evolution_strategy,sphere,107,20000,0.008134499873251247
evolution_strategy,sphere,108,100,28.86408780700981
evolution_strategy,sphere,108,200,25.29316639514461
evolution_strategy,sphere,108,300,22.661485319554643
evolution_strategy,sphere,108,400,18.391551419650344
evolution_strategy,sphere,108,500,15.681584777886854
evolution_strategy,sphere,108,600,13.833061816552384
evolution_strategy,sphere,108,700,11.61262102444234
evolution_strategy,sphere,108,800,9.302489227839024
evolution_strategy,sphere,108,900,7.948865023760726
evolution_strategy,sphere,108,1000,5.754625357490245
evolution_strategy,sphere,108,1100,4.319280560144645
evolution_strategy,sphere,108,1200,3.478054238510356
evolution_strategy,sphere,108,1300,2.1764543051340968
evolution_strategy,sphere,108,1400,1.540209568681616
evolution_strategy,sphere,108,1500,1.022038331212515
evolution_strategy,sphere,108,1600,0.5697783691205235
evolution_strategy,sphere,108,1700,0.19411174129311312
evolution_strategy,sphere,108,1800,0.07568542099756537
evolution_strategy,sphere,108,1900,0.04723693154988109
evolution_strategy,sphere,108,2000,0.04554601505142158
evolution_strategy,sphere,108,2100,0.033276456986960544
evolution_strategy,sphere,108,2200,0.033276456986960544
evolution_strategy,sphere,108,2300,0.025682694838242575
evolution_strategy,sphere,108,2400,0.025682694838242575
evolution_strategy,sphere,108,2500,0.018974340688777847
evolution_strategy,sphere,108,2600,0.01677039303941866
evolution_strategy,sphere,108,2700,0.015523971697896311
evolution_strategy,sphere,108,2800,0.015523971697896311
evolution_strategy,sphere,108,2900,0.015523971697896311
evolution_strategy,sphere,108,3000,0.007776208847372219
evolution_strategy,sphere,108,3100,0.007776208847372219
evolution_strategy,sphere,108,3200,0.007776208847372219
evolution_strategy,sphere,108,3300,0.007776208847372219
evolution_strategy,sphere,108,3400,0.007776208847372219
evolution_strategy,sphere,108,3500,0.007776208847372219
evolution_strategy,sphere,108,3600,0.007776208847372219
evolution_strategy,sphere,108,3700,0.007776208847372219
evolution_strategy,sphere,108,3800,0.007776208847372219
evolution_strategy,sphere,108,3900,0.007776208847372219
evolution_strategy,sphere,108,4000,0.007776208847372219
evolution_strategy,sphere,108,4100,0.007776208847372219
evolution_strategy,sphere,108,4200,0.007776208847372219
evolution_strategy,sphere,108,4300,0.007776208847372219
evolution_strategy,sphere,108,4400,0.007776208847372219
evolution_strategy,sphere,108,4500,0.007776208847372219
evolution_strategy,sphere,108,4600,0.007776208847372219
evolution_strategy,sphere,108,4700,0.007776208847372219
evolution_strategy,sphere,108,4800,0.007776208847372219
evolution_strategy,sphere,108,4900,0.007776208847372219
evolution_strategy,sphere,108,5000,0.007776208847372219
evolution_strategy,sphere,108,5100,0.007776208847372219
evolution_strategy,sphere,108,5200,0.007776208847372219
evolution_strategy,sphere,108,5300,0.007776208847372219
evolution_strategy,sphere,108,5400,0.007776208847372219
evolution_strategy,sphere,108,5500,0.007776208847372219
evolution_strategy,sphere,108,5600,0.007776208847372219
evolution_strategy,sphere,108,5700,0.007776208847372219
evolution_strategy,sphere,108,5800,0.007776208847372219
evolution_strategy,sphere,108,5900,0.007776208847372219
evolution_strategy,sphere,108,6000,0.007776208847372219
evolution_strategy,sphere,108,6100,0.007776208847372219
evolution_strategy,sphere,108,6200,0.007776208847372219
evolution_strategy,sphere,108,6300,0.007776208847372219
evolution_strategy,sphere,108,6400,0.007776208847372219
evolution_strategy,sphere,108,6500,0.007776208847372219
evolution_strategy,sphere,108,6600,0.007776208847372219
evolution_strategy,sphere,108,6700,0.007776208847372219
evolution_strategy,sphere,108,6800,0.007776208847372219
evolution_strategy,sphere,108,6900,0.007776208847372219
evolution_strategy,sphere,108,7000,0.007776208847372219
evolution_strategy,sphere,108,7100,0.007776208847372219
evolution_strategy,sphere,108,7200,0.007776208847372219
evolution_strategy,sphere,108,7300,0.007776208847372219
evolution_strategy,sphere,108,7400,0.007776208847372219
evolution_strategy,sphere,108,7500,0.007776208847372219
evolution_strategy,sphere,108,7600,0.007776208847372219
evolution_strategy,sphere,108,7700,0.007776208847372219
evolution_strategy,sphere,108,7800,0.007776208847372219
evolution_strategy,sphere,108,7900,0.007776208847372219
evolution_strategy,sphere,108,8000,0.007776208847372219
evolution_strategy,sphere,108,8100,0.007776208847372219
evolution_strategy,sphere,108,8200,0.007776208847372219
evolution_strategy,sphere,108,8300,0.007776208847372219
evolution_strategy,sphere,108,8400,0.007776208847372219
evolution_strategy,sphere,108,8500,0.007776208847372219
evolution_strategy,sphere,108,8600,0.007776208847372219
evolution_strategy,sphere,108,8700,0.007776208847372219
evolution_strategy,sphere,108,8800,0.007776208847372219
evolution_strategy,sphere,108,8900,0.007776208847372219
evolution_strategy,sphere,108,9000,0.007776208847372219
evolution_strategy,sphere,108,9100,0.007776208847372219
evolution_strategy,sphere,108,9200,0.007776208847372219
evolution_strategy,sphere,108,9300,0.007776208847372219
evolution_strategy,sphere,108,9400,0.007776208847372219
evolution_strategy,sphere,108,9500,0.007776208847372219
evolution_strategy,sphere,108,9600,0.007776208847372219
evolution_strategy,sphere,108,9700,0.007776208847372219
evolution_strategy,sphere,108,9800,0.007776208847372219
evolution_strategy,sphere,108,9900,0.007776208847372219
evolution_strategy,sphere,108,10000,0.007776208847372219
evolution_strategy,sphere,108,10100,0.007776208847372219
evolution_strategy,sphere,108,10200,0.007776208847372219
evolution_strategy,sphere,108,10300,0.007776208847372219
evolution_strategy,sphere,108,10400,0.007776208847372219
evolution_strategy,sphere,108,10500,0.007776208847372219
evolution_strategy,sphere,108,10600,0.007776208847372219
evolution_strategy,sphere,108,10700,0.007776208847372219
evolution_strategy,sphere,108,10800,0.007776208847372219
evolution_strategy,sphere,108,10900,0.007776208847372219
evolution_strategy,sphere,108,11000,0.007776208847372219
evolution_strategy,sphere,108,11100,0.007776208847372219
evolution_strategy,sphere,108,11200,0.007776208847372219
evolution_strategy,sphere,108,11300,0.007776208847372219
evolution_strategy,sphere,108,11400,0.007776208847372219
evolution_strategy,sphere,108,11500,0.007776208847372219
evolution_strategy,sphere,108,11600,0.007776208847372219
evolution_strategy,sphere,108,11700,0.007776208847372219
evolution_strategy,sphere,108,11800,0.007776208847372219
evolution_strategy,sphere,108,11900,0.007776208847372219
evolution_strategy,sphere,108,12000,0.007776208847372219
evolution_strategy,sphere,108,12100,0.007776208847372219
evolution_strategy,sphere,108,12200,0.007776208847372219
evolution_strategy,sphere,108,12300,0.007776208847372219
evolution_strategy,sphere,108,12400,0.007776208847372219
evolution_strategy,sphere,108,12500,0.007776208847372219
evolution_strategy,sphere,108,12600,0.007776208847372219
evolution_strategy,sphere,108,12700,0.007776208847372219
evolution_strategy,sphere,108,12800,0.007776208847372219
evolution_strategy,sphere,108,12900,0.007776208847372219
evolution_strategy,sphere,108,13000,0.007776208847372219
evolution_strategy,sphere,108,13100,0.007776208847372219
evolution_strategy,sphere,108,13200,0.007776208847372219
evolution_strategy,sphere,108,13300,0.007776208847372219
evolution_strategy,sphere,108,13400,0.007776208847372219
evolution_strategy,sphere,108,13500,0.007776208847372219
evolution_strategy,sphere,108,13600,0.007776208847372219
evolution_strategy,sphere,108,13700,0.007776208847372219
evolution_strategy,sphere,108,13800,0.007776208847372219
evolution_strategy,sphere,108,13900,0.007776208847372219
evolution_strategy,sphere,108,14000,0.007776208847372219
evolution_strategy,sphere,108,14100,0.007776208847372219
evolution_strategy,sphere,108,14200,0.007776208847372219
evolution_strategy,sphere,108,14300,0.007776208847372219
evolution_strategy,sphere,108,14400,0.007776208847372219
evolution_strategy,sphere,108,14500,0.007776208847372219
evolution_strategy,sphere,108,14600,0.007776208847372219
evolution_strategy,sphere,108,14700,0.007776208847372219
evolution_strategy,sphere,108,14800,0.007776208847372219
evolution_strategy,sphere,108,14900,0.007776208847372219
evolution_strategy,sphere,108,15000,0.007776208847372219
evolution_strategy,sphere,108,15100,0.007776208847372219
evolution_strategy,sphere,108,15200,0.007776208847372219
evolution_strategy,sphere,108,15300,0.007776208847372219
evolution_strategy,sphere,108,15400,0.007776208847372219
evolution_strategy,sphere,108,15500,0.007776208847372219
evolution_strategy,sphere,108,15600,0.007776208847372219
evolution_strategy,sphere,108,15700,0.007776208847372219
evolution_strategy,sphere,108,15800,0.007776208847372219
evolution_strategy,sphere,108,15900,0.007776208847372219
evolution_strategy,sphere,108,16000,0.007776208847372219
evolution_strategy,sphere,108,16100,0.007776208847372219
evolution_strategy,sphere,108,16200,0.007776208847372219
evolution_strategy,sphere,108,16300,0.007776208847372219
evolution_strategy,sphere,108,16400,0.007776208847372219
evolution_strategy,sphere,108,16500,0.007776208847372219
evolution_strategy,sphere,108,16600,0.007776208847372219
evolution_strategy,sphere,108,16700,0.007776208847372219
evolution_strategy,sphere,108,16800,0.007776208847372219
evolution_strategy,sphere,108,16900,0.007776208847372219
evolution_strategy,sphere,108,17000,0.007776208847372219
evolution_strategy,sphere,108,17100,0.007776208847372219
evolution_strategy,sphere,108,17200,0.007776208847372219
evolution_strategy,sphere,108,17300,0.007776208847372219
evolution_strategy,sphere,108,17400,0.007776208847372219
evolution_strategy,sphere,108,17500,0.007776208847372219
evolution_strategy,sphere,108,17600,0.007776208847372219
evolution_strategy,sphere,108,17700,0.007776208847372219
evolution_strategy,sphere,108,17800,0.007776208847372219
evolution_strategy,sphere,108,17900,0.007776208847372219
evolution_strategy,sphere,108,18000,0.007776208847372219
evolution_strategy,sphere,108,18100,0.007776208847372219
evolution_strategy,sphere,108,18200,0.007776208847372219
evolution_strategy,sphere,108,18300,0.007776208847372219
evolution_strategy,sphere,108,18400,0.007776208847372219
evolution_strategy,sphere,108,18500,0.007776208847372219
evolution_strategy,sphere,108,18600,0.007776208847372219
evolution_strategy,sphere,108,18700,0.007776208847372219
evolution_strategy,sphere,108,18800,0.007776208847372219
evolution_strategy,sphere,108,18900,0.007776208847372219
evolution_strategy,sphere,108,19000,0.007776208847372219
evolution_strategy,sphere,108,19100,0.007776208847372219
evolution_strategy,sphere,108,19200,0.007776208847372219
evolution_strategy,sphere,108,19300,0.007776208847372219
evolution_strategy,sphere,108,19400,0.007776208847372219
evolution_strategy,sphere,108,19500,0.007776208847372219
evolution_strategy,sphere,108,19600,0.007776208847372219
evolution_strategy,sphere,108,19700,0.007776208847372219
evolution_strategy,sphere,108,19800,0.007776208847372219
evolution_strategy,sphere,108,19900,0.007776208847372219
evolution_strategy,sphere,108,20000,0.007776208847372219
evolution_strategy,sphere,109,100,39.562691937098926
evolution_strategy,sphere,109,200,34.82004801435999
evolution_strategy,sphere,109,300,32.48225425218746
evolution_strategy,sphere,109,400,29.373866633679384
evolution_strategy,sphere,109,500,26.3674646695853
evolution_strategy,sphere,109,600,23.849999312728947
evolution_strategy,sphere,109,700,20.13147167459558
evolution_strategy,sphere,109,800,17.23379621283526
evolution_strategy,sphere,109,900,15.448116452234908
evolution_strategy,sphere,109,1000,13.349349788390567
evolution_strategy,sphere,109,1100,11.345530951950785
evolution_strategy,sphere,109,1200,9.823853755825528
evolution_strategy,sphere,109,1300,7.654546483567241
evolution_strategy,sphere,109,1400,5.962165554344816
evolution_strategy,sphere,109,1500,4.97416231573826
evolution_strategy,sphere,109,1600,3.5311535552701256
evolution_strategy,sphere,109,1700,2.4627605792035365
evolution_strategy,sphere,109,1800,2.0419949891554494
evolution_strategy,sphere,109,1900,1.1881729826405825
evolution_strategy,sphere,109,2000,0.6194118510997129
evolution_strategy,sphere,109,2100,0.39904612692592906
evolution_strategy,sphere,109,2200,0.17424116214631089
evolution_strategy,sphere,109,2300,0.10394393229282062
evolution_strategy,sphere,109,2400,0.0704074697035461
evolution_strategy,sphere,109,2500,0.03158154971032526
evolution_strategy,sphere,109,2600,0.01569464702747952
evolution_strategy,sphere,109,2700,0.01569464702747952
evolution_strategy,sphere,109,2800,0.01569464702747952
evolution_strategy,sphere,109,2900,0.01569464702747952
evolution_strategy,sphere,109,3000,0.01569464702747952
evolution_strategy,sphere,109,3100,0.01569464702747952
evolution_strategy,sphere,109,3200,0.01569464702747952
evolution_strategy,sphere,109,3300,0.01569464702747952
evolution_strategy,sphere,109,3400,0.01569464702747952
evolution_strategy,sphere,109,3500,0.01569464702747952
evolution_strategy,sphere,109,3600,0.01569464702747952
evolution_strategy,sphere,109,3700,0.01569464702747952
evolution_strategy,sphere,109,3800,0.011244132770555913
evolution_strategy,sphere,109,3900,0.011244132770555913
evolution_strategy,sphere,109,4000,0.011244132770555913
evolution_strategy,sphere,109,4100,0.011244132770555913
evolution_strategy,sphere,109,4200,0.011244132770555913
evolution_strategy,sphere,109,4300,0.011244132770555913
evolution_strategy,sphere,109,4400,0.011244132770555913
evolution_strategy,sphere,109,4500,0.011244132770555913
evolution_strategy,sphere,109,4600,0.011244132770555913
evolution_strategy,sphere,109,4700,0.011244132770555913
evolution_strategy,sphere,109,4800,0.011244132770555913
evolution_strategy,sphere,109,4900,0.011244132770555913
evolution_strategy,sphere,109,5000,0.011244132770555913
evolution_strategy,sphere,109,5100,0.011244132770555913
evolution_strategy,sphere,109,5200,0.011244132770555913
evolution_strategy,sphere,109,5300,0.011244132770555913
evolution_strategy,sphere,109,5400,0.011244132770555913
evolution_strategy,sphere,109,5500,0.011244132770555913
evolution_strategy,sphere,109,5600,0.011244132770555913
evolution_strategy,sphere,109,5700,0.011244132770555913
evolution_strategy,sphere,109,5800,0.011244132770555913
evolution_strategy,sphere,109,5900,0.011244132770555913
evolution_strategy,sphere,109,6000,0.011244132770555913
evolution_strategy,sphere,109,6100,0.011244132770555913
evolution_strategy,sphere,109,6200,0.011244132770555913
evolution_strategy,sphere,109,6300,0.011244132770555913
evolution_strategy,sphere,109,6400,0.011244132770555913
evolution_strategy,sphere,109,6500,0.011244132770555913
evolution_strategy,sphere,109,6600,0.011244132770555913
evolution_strategy,sphere,109,6700,0.011244132770555913
evolution_strategy,sphere,109,6800,0.011244132770555913
evolution_strategy,sphere,109,6900,0.011244132770555913
evolution_strategy,sphere,109,7000,0.011244132770555913
evolution_strategy,sphere,109,7100,0.011244132770555913
evolution_strategy,sphere,109,7200,0.011244132770555913
evolution_strategy,sphere,109,7300,0.011244132770555913
evolution_strategy,sphere,109,7400,0.011244132770555913
evolution_strategy,sphere,109,7500,0.011244132770555913
evolution_strategy,sphere,109,7600,0.011244132770555913
evolution_strategy,sphere,109,7700,0.011244132770555913
evolution_strategy,sphere,109,7800,0.011244132770555913
evolution_strategy,sphere,109,7900,0.011244132770555913
evolution_strategy,sphere,109,8000,0.011244132770555913
evolution_strategy,sphere,109,8100,0.011244132770555913
evolution_strategy,sphere,109,8200,0.011244132770555913
evolution_strategy,sphere,109,8300,0.011244132770555913
evolution_strategy,sphere,109,8400,0.011244132770555913
evolution_strategy,sphere,109,8500,0.011244132770555913
evolution_strategy,sphere,109,8600,0.011244132770555913
evolution_strategy,sphere,109,8700,0.011244132770555913
evolution_strategy,sphere,109,8800,0.010719741248546955
evolution_strategy,sphere,109,8900,0.010719741248546955
evolution_strategy,sphere,109,9000,0.010719741248546955
evolution_strategy,sphere,109,9100,0.010719741248546955
evolution_strategy,sphere,109,9200,0.010719741248546955
evolution_strategy,sphere,109,9300,0.010719741248546955
evolution_strategy,sphere,109,9400,0.010719741248546955
evolution_strategy,sphere,109,9500,0.010719741248546955
evolution_strategy,sphere,109,9600,0.010719741248546955
evolution_strategy,sphere,109,9700,0.010719741248546955
evolution_strategy,sphere,109,9800,0.010719741248546955
evolution_strategy,sphere,109,9900,0.010719741248546955
evolution_strategy,sphere,109,10000,0.010719741248546955
evolution_strategy,sphere,109,10100,0.010719741248546955
evolution_strategy,sphere,109,10200,0.010719741248546955
evolution_strategy,sphere,109,10300,0.010719741248546955
evolution_strategy,sphere,109,10400,0.010719741248546955
evolution_strategy,sphere,109,10500,0.010719741248546955
evolution_strategy,sphere,109,10600,0.010719741248546955
evolution_strategy,sphere,109,10700,0.010719741248546955
evolution_strategy,sphere,109,10800,0.010719741248546955
evolution_strategy,sphere,109,10900,0.010719741248546955
evolution_strategy,sphere,109,11000,0.010719741248546955
evolution_strategy,sphere,109,11100,0.010719741248546955
evolution_strategy,sphere,109,11200,0.010719741248546955
evolution_strategy,sphere,109,11300,0.010719741248546955
evolution_strategy,sphere,109,11400,0.010719741248546955
evolution_strategy,sphere,109,11500,0.010719741248546955
evolution_strategy,sphere,109,11600,0.010719741248546955
evolution_strategy,sphere,109,11700,0.010719741248546955
evolution_strategy,sphere,109,11800,0.010719741248546955
evolution_strategy,sphere,109,11900,0.010719741248546955
evolution_strategy,sphere,109,12000,0.010719741248546955
evolution_strategy,sphere,109,12100,0.010719741248546955
evolution_strategy,sphere,109,12200,0.010719741248546955
evolution_strategy,sphere,109,12300,0.010719741248546955
evolution_strategy,sphere,109,12400,0.010719741248546955
evolution_strategy,sphere,109,12500,0.010719741248546955
evolution_strategy,sphere,109,12600,0.010719741248546955
evolution_strategy,sphere,109,12700,0.010719741248546955
evolution_strategy,sphere,109,12800,0.010719741248546955
evolution_strategy,sphere,109,12900,0.010719741248546955
evolution_strategy,sphere,109,13000,0.010719741248546955
evolution_strategy,sphere,109,13100,0.010719741248546955
evolution_strategy,sphere,109,13200,0.010719741248546955
evolution_strategy,sphere,109,13300,0.010719741248546955
evolution_strategy,sphere,109,13400,0.010719741248546955
evolution_strategy,sphere,109,13500,0.010719741248546955
evolution_strategy,sphere,109,13600,0.010719741248546955
evolution_strategy,sphere,109,13700,0.010719741248546955
evolution_strategy,sphere,109,13800,0.010719741248546955
evolution_strategy,sphere,109,13900,0.010719741248546955
evolution_strategy,sphere,109,14000,0.010719741248546955
evolution_strategy,sphere,109,14100,0.010719741248546955
evolution_strategy,sphere,109,14200,0.010719741248546955
evolution_strategy,sphere,109,14300,0.010719741248546955
evolution_strategy,sphere,109,14400,0.010719741248546955
evolution_strategy,sphere,109,14500,0.010719741248546955
evolution_strategy,sphere,109,14600,0.010719741248546955
evolution_strategy,sphere,109,14700,0.010719741248546955
evolution_strategy,sphere,109,14800,0.010719741248546955
evolution_strategy,sphere,109,14900,0.010719741248546955
evolution_strategy,sphere,109,15000,0.010719741248546955
evolution_strategy,sphere,109,15100,0.010719741248546955
evolution_strategy,sphere,109,15200,0.010719741248546955
evolution_strategy,sphere,109,15300,0.010719741248546955
evolution_strategy,sphere,109,15400,0.010719741248546955
evolution_strategy,sphere,109,15500,0.010719741248546955
evolution_strategy,sphere,109,15600,0.010719741248546955
evolution_strategy,sphere,109,15700,0.010719741248546955
evolution_strategy,sphere,109,15800,0.010719741248546955
evolution_strategy,sphere,109,15900,0.010719741248546955
evolution_strategy,sphere,109,16000,0.010719741248546955
evolution_strategy,sphere,109,16100,0.010719741248546955
evolution_strategy,sphere,109,16200,0.010719741248546955
evolution_strategy,sphere,109,16300,0.010719741248546955
evolution_strategy,sphere,109,16400,0.010719741248546955
evolution_strategy,sphere,109,16500,0.010719741248546955
evolution_strategy,sphere,109,16600,0.010719741248546955
evolution_strategy,sphere,109,16700,0.010719741248546955
evolution_strategy,sphere,109,16800,0.010719741248546955
evolution_strategy,sphere,109,16900,0.010719741248546955
evolution_strategy,sphere,109,17000,0.010719741248546955
evolution_strategy,sphere,109,17100,0.010719741248546955
evolution_strategy,sphere,109,17200,0.010719741248546955
evolution_strategy,sphere,109,17300,0.010719741248546955
evolution_strategy,sphere,109,17400,0.010719741248546955
evolution_strategy,sphere,109,17500,0.010719741248546955
evolution_strategy,sphere,109,17600,0.010719741248546955
evolution_strategy,sphere,109,17700,0.010719741248546955
evolution_strategy,sphere,109,17800,0.010719741248546955
evolution_strategy,sphere,109,17900,0.010719741248546955
evolution_strategy,sphere,109,18000,0.010719741248546955
evolution_strategy,sphere,109,18100,0.010719741248546955
evolution_strategy,sphere,109,18200,0.010719741248546955
evolution_strategy,sphere,109,18300,0.010719741248546955
evolution_strategy,sphere,109,18400,0.010719741248546955
evolution_strategy,sphere,109,18500,0.010719741248546955
evolution_strategy,sphere,109,18600,0.010719741248546955
evolution_strategy,sphere,109,18700,0.010719741248546955
evolution_strategy,sphere,109,18800,0.010719741248546955
evolution_strategy,sphere,109,18900,0.010719741248546955
evolution_strategy,sphere,109,19000,0.010719741248546955
evolution_strategy,sphere,109,19100,0.010719741248546955
evolution_strategy,sphere,109,19200,0.010719741248546955
evolution_strategy,sphere,109,19300,0.010719741248546955
evolution_strategy,sphere,109,19400,0.010719741248546955
evolution_strategy,sphere,109,19500,0.010719741248546955
evolution_strategy,sphere,109,19600,0.010719741248546955
evolution_strategy,sphere,109,19700,0.010719741248546955
evolution_strategy,sphere,109,19800,0.010719741248546955
evolution_strategy,sphere,109,19900,0.010719741248546955
evolution_strategy,sphere,109,20000,0.010719741248546955
evolution_strategy,sphere,110,100,38.17721144135547
evolution_strategy,sphere,110,200,35.21226210932963
evolution_strategy,sphere,110,300,31.57376991739754
evolution_strategy,sphere,110,400,28.665281598690886
evolution_strategy,sphere,110,500,25.88803486739815
evolution_strategy,sphere,110,600,22.97951614300746
evolution_strategy,sphere,110,700,19.64455297472863
evolution_strategy,sphere,110,800,16.760547891590758
evolution_strategy,sphere,110,900,14.688211680270618
evolution_strategy,sphere,110,1000,12.778153244517123
evolution_strategy,sphere,110,1100,10.414831485774387
evolution_strategy,sphere,110,1200,7.736841185849485
evolution_strategy,sphere,110,1300,6.133892888552781
evolution_strategy,sphere,110,1400,4.879429213091519
evolution_strategy,sphere,110,1500,3.4806099553568774
evolution_strategy,sphere,110,1600,2.6901341815018194
evolution_strategy,sphere,110,1700,1.7525666930584873
evolution_strategy,sphere,110,1800,1.1049472990969353
evolution_strategy,sphere,110,1900,0.807366938140156
evolution_strategy,sphere,110,2000,0.5210085741103179
evolution_strategy,sphere,110,2100,0.3308306587732564
evolution_strategy,sphere,110,2200,0.20135734816594808
evolution_strategy,sphere,110,2300,0.11331486685278075
evolution_strategy,sphere,110,2400,0.05392967738214822
evolution_strategy,sphere,110,2500,0.02980370174796064
evolution_strategy,sphere,110,2600,0.02955817890296756
evolution_strategy,sphere,110,2700,0.02242679064892398
evolution_strategy,sphere,110,2800,0.02242679064892398
evolution_strategy,sphere,110,2900,0.02242679064892398
evolution_strategy,sphere,110,3000,0.02242679064892398
evolution_strategy,sphere,110,3100,0.02242679064892398
evolution_strategy,sphere,110,3200,0.02242679064892398
evolution_strategy,sphere,110,3300,0.02242679064892398
evolution_strategy,sphere,110,3400,0.02242679064892398
evolution_strategy,sphere,110,3500,0.02242679064892398
evolution_strategy,sphere,110,3600,0.02242679064892398
evolution_strategy,sphere,110,3700,0.02242679064892398
evolution_strategy,sphere,110,3800,0.02242679064892398
evolution_strategy,sphere,110,3900,0.018766542481017064
evolution_strategy,sphere,110,4000,0.01501904033512217
evolution_strategy,sphere,110,4100,0.01501904033512217
evolution_strategy,sphere,110,4200,0.01501904033512217
evolution_strategy,sphere,110,4300,0.01501904033512217
evolution_strategy,sphere,110,4400,0.01501904033512217
evolution_strategy,sphere,110,4500,0.01501904033512217
evolution_strategy,sphere,110,4600,0.01501904033512217
evolution_strategy,sphere,110,4700,0.01501904033512217
evolution_strategy,sphere,110,4800,0.01501904033512217
evolution_strategy,sphere,110,4900,0.01501904033512217
evolution_strategy,sphere,110,5000,0.01501904033512217
evolution_strategy,sphere,110,5100,0.01501904033512217
evolution_strategy,sphere,110,5200,0.01501904033512217
evolution_strategy,sphere,110,5300,0.01501904033512217
evolution_strategy,sphere,110,5400,0.01501904033512217
evolution_strategy,sphere,110,5500,0.01501904033512217
evolution_strategy,sphere,110,5600,0.01501904033512217
evolution_strategy,sphere,110,5700,0.01501904033512217
evolution_strategy,sphere,110,5800,0.01501904033512217
evolution_strategy,sphere,110,5900,0.01501904033512217
evolution_strategy,sphere,110,6000,0.01501904033512217
evolution_strategy,sphere,110,6100,0.01501904033512217
evolution_strategy,sphere,110,6200,0.01501904033512217
evolution_strategy,sphere,110,6300,0.01501904033512217
evolution_strategy,sphere,110,6400,0.01501904033512217
evolution_strategy,sphere,110,6500,0.01501904033512217
evolution_strategy,sphere,110,6600,0.01501904033512217
evolution_strategy,sphere,110,6700,0.01501904033512217
evolution_strategy,sphere,110,6800,0.01501904033512217
evolution_strategy,sphere,110,6900,0.01501904033512217
evolution_strategy,sphere,110,7000,0.008420059408243644
evolution_strategy,sphere,110,7100,0.008420059408243644
evolution_strategy,sphere,110,7200,0.008420059408243644
evolution_strategy,sphere,110,7300,0.008420059408243644
evolution_strategy,sphere,110,7400,0.008420059408243644
evolution_strategy,sphere,110,7500,0.008420059408243644
evolution_strategy,sphere,110,7600,0.008420059408243644
evolution_strategy,sphere,110,7700,0.008420059408243644
evolution_strategy,sphere,110,7800,0.008420059408243644
evolution_strategy,sphere,110,7900,0.008420059408243644
evolution_strategy,sphere,110,8000,0.008420059408243644
evolution_strategy,sphere,110,8100,0.008420059408243644
evolution_strategy,sphere,110,8200,0.008420059408243644
evolution_strategy,sphere,110,8300,0.008420059408243644
evolution_strategy,sphere,110,8400,0.008420059408243644
evolution_strategy,sphere,110,8500,0.008420059408243644
evolution_strategy,sphere,110,8600,0.008420059408243644
evolution_strategy,sphere,110,8700,0.008420059408243644
evolution_strategy,sphere,110,8800,0.008420059408243644
evolution_strategy,sphere,110,8900,0.008420059408243644
evolution_strategy,sphere,110,9000,0.008420059408243644
evolution_strategy,sphere,110,9100,0.008420059408243644
evolution_strategy,sphere,110,9200,0.008420059408243644
evolution_strategy,sphere,110,9300,0.008420059408243644
evolution_strategy,sphere,110,9400,0.008420059408243644
evolution_strategy,sphere,110,9500,0.008420059408243644
evolution_strategy,sphere,110,9600,0.008420059408243644
evolution_strategy,sphere,110,9700,0.008420059408243644
evolution_strategy,sphere,110,9800,0.008420059408243644
evolution_strategy,sphere,110,9900,0.008420059408243644
evolution_strategy,sphere,110,10000,0.008420059408243644
evolution_strategy,sphere,110,10100,0.008420059408243644
evolution_strategy,sphere,110,10200,0.008420059408243644
evolution_strategy,sphere,110,10300,0.008420059408243644
evolution_strategy,sphere,110,10400,0.008420059408243644
evolution_strategy,sphere,110,10500,0.008420059408243644
evolution_strategy,sphere,110,10600,0.008420059408243644
evolution_strategy,sphere,110,10700,0.008420059408243644
evolution_strategy,sphere,110,10800,0.008420059408243644
evolution_strategy,sphere,110,10900,0.008420059408243644
evolution_strategy,sphere,110,11000,0.008420059408243644
evolution_strategy,sphere,110,11100,0.008420059408243644
evolution_strategy,sphere,110,11200,0.008420059408243644
evolution_strategy,sphere,110,11300,0.008420059408243644
evolution_strategy,sphere,110,11400,0.008420059408243644
evolution_strategy,sphere,110,11500,0.008420059408243644
evolution_strategy,sphere,110,11600,0.008420059408243644
evolution_strategy,sphere,110,11700,0.008420059408243644
evolution_strategy,sphere,110,11800,0.008420059408243644
evolution_strategy,sphere,110,11900,0.008420059408243644
evolution_strategy,sphere,110,12000,0.008420059408243644
evolution_strategy,sphere,110,12100,0.008420059408243644
evolution_strategy,sphere,110,12200,0.008420059408243644
evolution_strategy,sphere,110,12300,0.008420059408243644
evolution_strategy,sphere,110,12400,0.008420059408243644
evolution_strategy,sphere,110,12500,0.008420059408243644
evolution_strategy,sphere,110,12600,0.008420059408243644
evolution_strategy,sphere,110,12700,0.008420059408243644
evolution_strategy,sphere,110,12800,0.008420059408243644
evolution_strategy,sphere,110,12900,0.008420059408243644
evolution_strategy,sphere,110,13000,0.008420059408243644
evolution_strategy,sphere,110,13100,0.008420059408243644
evolution_strategy,sphere,110,13200,0.008420059408243644
evolution_strategy,sphere,110,13300,0.008420059408243644
evolution_strategy,sphere,110,13400,0.008420059408243644
evolution_strategy,sphere,110,13500,0.008420059408243644
evolution_strategy,sphere,110,13600,0.008420059408243644
evolution_strategy,sphere,110,13700,0.008420059408243644
evolution_strategy,sphere,110,13800,0.008420059408243644
evolution_strategy,sphere,110,13900,0.008420059408243644
evolution_strategy,sphere,110,14000,0.008420059408243644
evolution_strategy,sphere,110,14100,0.008420059408243644
evolution_strategy,sphere,110,14200,0.008420059408243644
evolution_strategy,sphere,110,14300,0.008420059408243644
evolution_strategy,sphere,110,14400,0.008420059408243644
evolution_strategy,sphere,110,14500,0.008420059408243644
evolution_strategy,sphere,110,14600,0.008420059408243644
evolution_strategy,sphere,110,14700,0.008420059408243644
evolution_strategy,sphere,110,14800,0.008420059408243644
evolution_strategy,sphere,110,14900,0.008420059408243644
evolution_strategy,sphere,110,15000,0.008420059408243644
evolution_strategy,sphere,110,15100,0.008420059408243644
evolution_strategy,sphere,110,15200,0.008420059408243644
evolution_strategy,sphere,110,15300,0.008420059408243644
evolution_strategy,sphere,110,15400,0.008420059408243644
evolution_strategy,sphere,110,15500,0.008420059408243644
evolution_strategy,sphere,110,15600,0.008420059408243644
evolution_strategy,sphere,110,15700,0.008420059408243644
evolution_strategy,sphere,110,15800,0.008420059408243644
evolution_strategy,sphere,110,15900,0.008420059408243644
evolution_strategy,sphere,110,16000,0.008420059408243644
evolution_strategy,sphere,110,16100,0.008420059408243644
evolution_strategy,sphere,110,16200,0.008420059408243644
evolution_strategy,sphere,110,16300,0.008420059408243644
evolution_strategy,sphere,110,16400,0.008420059408243644
evolution_strategy,sphere,110,16500,0.008420059408243644
evolution_strategy,sphere,110,16600,0.008420059408243644
evolution_strategy,sphere,110,16700,0.008420059408243644
evolution_strategy,sphere,110,16800,0.008420059408243644
evolution_strategy,sphere,110,16900,0.008420059408243644
evolution_strategy,sphere,110,17000,0.008420059408243644
evolution_strategy,sphere,110,17100,0.008420059408243644
evolution_strategy,sphere,110,17200,0.008420059408243644
evolution_strategy,sphere,110,17300,0.008420059408243644
evolution_strategy,sphere,110,17400,0.008420059408243644
evolution_strategy,sphere,110,17500,0.008420059408243644
evolution_strategy,sphere,110,17600,0.008420059408243644
evolution_strategy,sphere,110,17700,0.008420059408243644
evolution_strategy,sphere,110,17800,0.008420059408243644
evolution_strategy,sphere,110,17900,0.008420059408243644
evolution_strategy,sphere,110,18000,0.008420059408243644
evolution_strategy,sphere,110,18100,0.008420059408243644
evolution_strategy,sphere,110,18200,0.008420059408243644
evolution_strategy,sphere,110,18300,0.008420059408243644
evolution_strategy,sphere,110,18400,0.008420059408243644
evolution_strategy,sphere,110,18500,0.008420059408243644
evolution_strategy,sphere,110,18600,0.008420059408243644
evolution_strategy,sphere,110,18700,0.008420059408243644
evolution_strategy,sphere,110,18800,0.008420059408243644
evolution_strategy,sphere,110,18900,0.007088375183284973
evolution_strategy,sphere,110,19000,0.007088375183284973
evolution_strategy,sphere,110,19100,0.007088375183284973
evolution_strategy,sphere,110,19200,0.007088375183284973
evolution_strategy,sphere,110,19300,0.007088375183284973
evolution_strategy,sphere,110,19400,0.007088375183284973
evolution_strategy,sphere,110,19500,0.007088375183284973
evolution_strategy,sphere,110,19600,0.007088375183284973
evolution_strategy,sphere,110,19700,0.007088375183284973
evolution_strategy,sphere,110,19800,0.007088375183284973
evolution_strategy,sphere,110,19900,0.007088375183284973
evolution_strategy,sphere,110,20000,0.007088375183284973
evolution_strategy,sphere,111,100,28.485119098463457
evolution_strategy,sphere,111,200,26.76990920791929
evolution_strategy,sphere,111,300,22.374917022446116
evolution_strategy,sphere,111,400,20.339378247531144
evolution_strategy,sphere,111,500,17.758229979365943
evolution_strategy,sphere,111,600,15.161918966831047
evolution_strategy,sphere,111,700,12.838427504317568
evolution_strategy,sphere,111,800,10.950831334879814
evolution_strategy,sphere,111,900,9.077470598015854
evolution_strategy,sphere,111,1000,7.492721745621854
evolution_strategy,sphere,111,1100,5.792733731555243
evolution_strategy,sphere,111,1200,4.0265361877554495
evolution_strategy,sphere,111,1300,3.4371755850916497
evolution_strategy,sphere,111,1400,2.3200510196510065
evolution_strategy,sphere,111,1500,1.6441010821143938
evolution_strategy,sphere,111,1600,0.993494707370134
evolution_strategy,sphere,111,1700,0.5121424361938691
evolution_strategy,sphere,111,1800,0.2581988790956738
evolution_strategy,sphere,111,1900,0.14453251508831827
evolution_strategy,sphere,111,2000,0.09985379370218063
evolution_strategy,sphere,111,2100,0.0816786001057112
evolution_strategy,sphere,111,2200,0.06395813432082259
evolution_strategy,sphere,111,2300,0.06395813432082259
evolution_strategy,sphere,111,2400,0.053760439692203454
evolution_strategy,sphere,111,2500,0.04445805430618711
evolution_strategy,sphere,111,2600,0.036565825687348855
evolution_strategy,sphere,111,2700,0.036565825687348855
evolution_strategy,sphere,111,2800,0.036565825687348855
evolution_strategy,sphere,111,2900,0.030339889702092584
evolution_strategy,sphere,111,3000,0.030339889702092584
evolution_strategy,sphere,111,3100,0.024908176615990024
evolution_strategy,sphere,111,3200,0.024908176615990024
evolution_strategy,sphere,111,3300,0.024908176615990024
evolution_strategy,sphere,111,3400,0.024908176615990024
evolution_strategy,sphere,111,3500,0.024908176615990024
evolution_strategy,sphere,111,3600,0.024908176615990024
evolution_strategy,sphere,111,3700,0.024908176615990024
evolution_strategy,sphere,111,3800,0.024908176615990024
evolution_strategy,sphere,111,3900,0.024908176615990024
evolution_strategy,sphere,111,4000,0.024908176615990024
evolution_strategy,sphere,111,4100,0.024908176615990024
evolution_strategy,sphere,111,4200,0.023430049089186906
evolution_strategy,sphere,111,4300,0.023430049089186906
evolution_strategy,sphere,111,4400,0.023430049089186906
evolution_strategy,sphere,111,4500,0.023430049089186906
evolution_strategy,sphere,111,4600,0.023430049089186906
evolution_strategy,sphere,111,4700,0.023430049089186906
evolution_strategy,sphere,111,4800,0.023430049089186906
evolution_strategy,sphere,111,4900,0.023430049089186906
evolution_strategy,sphere,111,5000,0.023430049089186906
evolution_strategy,sphere,111,5100,0.023430049089186906
evolution_strategy,sphere,111,5200,0.023430049089186906
evolution_strategy,sphere,111,5300,0.023430049089186906
evolution_strategy,sphere,111,5400,0.023430049089186906
evolution_strategy,sphere,111,5500,0.023430049089186906
evolution_strategy,sphere,111,5600,0.023430049089186906
evolution_strategy,sphere,111,5700,0.023430049089186906
evolution_strategy,sphere,111,5800,0.023430049089186906
evolution_strategy,sphere,111,5900,0.023430049089186906
evolution_strategy,sphere,111,6000,0.023430049089186906
evolution_strategy,sphere,111,6100,0.023430049089186906
evolution_strategy,sphere,111,6200,0.021909865994601506
evolution_strategy,sphere,111,6300,0.021909865994601506
evolution_strategy,sphere,111,6400,0.012047322167431483
evolution_strategy,sphere,111,6500,0.012047322167431483
evolution_strategy,sphere,111,6600,0.012047322167431483
evolution_strategy,sphere,111,6700,0.012047322167431483
evolution_strategy,sphere,111,6800,0.012047322167431483
evolution_strategy,sphere,111,6900,0.012047322167431483
evolution_strategy,sphere,111,7000,0.012047322167431483
evolution_strategy,sphere,111,7100,0.012047322167431483
evolution_strategy,sphere,111,7200,0.012047322167431483
evolution_strategy,sphere,111,7300,0.012047322167431483
evolution_strategy,sphere,111,7400,0.012047322167431483
evolution_strategy,sphere,111,7500,0.012047322167431483
evolution_strategy,sphere,111,7600,0.012047322167431483
evolution_strategy,sphere,111,7700,0.012047322167431483
evolution_strategy,sphere,111,7800,0.012047322167431483
evolution_strategy,sphere,111,7900,0.012047322167431483
evolution_strategy,sphere,111,8000,0.012047322167431483
evolution_strategy,sphere,111,8100,0.012047322167431483
evolution_strategy,sphere,111,8200,0.012047322167431483
evolution_strategy,sphere,111,8300,0.012047322167431483
evolution_strategy,sphere,111,8400,0.012047322167431483
evolution_strategy,sphere,111,8500,0.012047322167431483
evolution_strategy,sphere,111,8600,0.012047322167431483
evolution_strategy,sphere,111,8700,0.012047322167431483
evolution_strategy,sphere,111,8800,0.012047322167431483
evolution_strategy,sphere,111,8900,0.012047322167431483
evolution_strategy,sphere,111,9000,0.012047322167431483
evolution_strategy,sphere,111,9100,0.012047322167431483
evolution_strategy,sphere,111,9200,0.012047322167431483
evolution_strategy,sphere,111,9300,0.012047322167431483
evolution_strategy,sphere,111,9400,0.012047322167431483
evolution_strategy,sphere,111,9500,0.012047322167431483
evolution_strategy,sphere,111,9600,0.012047322167431483
evolution_strategy,sphere,111,9700,0.012047322167431483
evolution_strategy,sphere,111,9800,0.012047322167431483
evolution_strategy,sphere,111,9900,0.012047322167431483
evolution_strategy,sphere,111,10000,0.012047322167431483
evolution_strategy,sphere,111,10100,0.012047322167431483
evolution_strategy,sphere,111,10200,0.012047322167431483
evolution_strategy,sphere,111,10300,0.012047322167431483
evolution_strategy,sphere,111,10400,0.012047322167431483
evolution_strategy,sphere,111,10500,0.012047322167431483
evolution_strategy,sphere,111,10600,0.012047322167431483
evolution_strategy,sphere,111,10700,0.012047322167431483
evolution_strategy,sphere,111,10800,0.012047322167431483
evolution_strategy,sphere,111,10900,0.012047322167431483
evolution_strategy,sphere,111,11000,0.012047322167431483
evolution_strategy,sphere,111,11100,0.012047322167431483
evolution_strategy,sphere,111,11200,0.012047322167431483
evolution_strategy,sphere,111,11300,0.012047322167431483
evolution_strategy,sphere,111,11400,0.012047322167431483
evolution_strategy,sphere,111,11500,0.012047322167431483
evolution_strategy,sphere,111,11600,0.011326764364242875
evolution_strategy,sphere,111,11700,0.011326764364242875
evolution_strategy,sphere,111,11800,0.011326764364242875
evolution_strategy,sphere,111,11900,0.011326764364242875
evolution_strategy,sphere,111,12000,0.011326764364242875
evolution_strategy,sphere,111,12100,0.011326764364242875
evolution_strategy,sphere,111,12200,0.011326764364242875
evolution_strategy,sphere,111,12300,0.011326764364242875
evolution_strategy,sphere,111,12400,0.011326764364242875
evolution_strategy,sphere,111,12500,0.011326764364242875
evolution_strategy,sphere,111,12600,0.011326764364242875
evolution_strategy,sphere,111,12700,0.011326764364242875
evolution_strategy,sphere,111,12800,0.011326764364242875
evolution_strategy,sphere,111,12900,0.011326764364242875
evolution_strategy,sphere,111,13000,0.011326764364242875
evolution_strategy,sphere,111,13100,0.011326764364242875
evolution_strategy,sphere,111,13200,0.011326764364242875
evolution_strategy,sphere,111,13300,0.011326764364242875
evolution_strategy,sphere,111,13400,0.011326764364242875
evolution_strategy,sphere,111,13500,0.011326764364242875
evolution_strategy,sphere,111,13600,0.011326764364242875
evolution_strategy,sphere,111,13700,0.011326764364242875
evolution_strategy,sphere,111,13800,0.011326764364242875
evolution_strategy,sphere,111,13900,0.011326764364242875
evolution_strategy,sphere,111,14000,0.011326764364242875
evolution_strategy,sphere,111,14100,0.011326764364242875
evolution_strategy,sphere,111,14200,0.011326764364242875
evolution_strategy,sphere,111,14300,0.011326764364242875
evolution_strategy,sphere,111,14400,0.011326764364242875
evolution_strategy,sphere,111,14500,0.011326764364242875
evolution_strategy,sphere,111,14600,0.011326764364242875
evolution_strategy,sphere,111,14700,0.011326764364242875
evolution_strategy,sphere,111,14800,0.011326764364242875
evolution_strategy,sphere,111,14900,0.011326764364242875
evolution_strategy,sphere,111,15000,0.011326764364242875
evolution_strategy,sphere,111,15100,0.011326764364242875
evolution_strategy,sphere,111,15200,0.011326764364242875
evolution_strategy,sphere,111,15300,0.011326764364242875
evolution_strategy,sphere,111,15400,0.011326764364242875
evolution_strategy,sphere,111,15500,0.011326764364242875
evolution_strategy,sphere,111,15600,0.011326764364242875
evolution_strategy,sphere,111,15700,0.011326764364242875
evolution_strategy,sphere,111,15800,0.011326764364242875
evolution_strategy,sphere,111,15900,0.011326764364242875
evolution_strategy,sphere,111,16000,0.011326764364242875
evolution_strategy,sphere,111,16100,0.011326764364242875
evolution_strategy,sphere,111,16200,0.011326764364242875
evolution_strategy,sphere,111,16300,0.011326764364242875
evolution_strategy,sphere,111,16400,0.011326764364242875
evolution_strategy,sphere,111,16500,0.011326764364242875
evolution_strategy,sphere,111,16600,0.011326764364242875
evolution_strategy,sphere,111,16700,0.011326764364242875
evolution_strategy,sphere,111,16800,0.011326764364242875
evolution_strategy,sphere,111,16900,0.011326764364242875
evolution_strategy,sphere,111,17000,0.011326764364242875
evolution_strategy,sphere,111,17100,0.011326764364242875
evolution_strategy,sphere,111,17200,0.011326764364242875
evolution_strategy,sphere,111,17300,0.011326764364242875
evolution_strategy,sphere,111,17400,0.011326764364242875
evolution_strategy,sphere,111,17500,0.011326764364242875
evolution_strategy,sphere,111,17600,0.011326764364242875
evolution_strategy,sphere,111,17700,0.011326764364242875
evolution_strategy,sphere,111,17800,0.011326764364242875
evolution_strategy,sphere,111,17900,0.011326764364242875
evolution_strategy,sphere,111,18000,0.011326764364242875
evolution_strategy,sphere,111,18100,0.011326764364242875
evolution_strategy,sphere,111,18200,0.011326764364242875
evolution_strategy,sphere,111,18300,0.011326764364242875
evolution_strategy,sphere,111,18400,0.011326764364242875
evolution_strategy,sphere,111,18500,0.011326764364242875
evolution_strategy,sphere,111,18600,0.011326764364242875
evolution_strategy,sphere,111,18700,0.011326764364242875
evolution_strategy,sphere,111,18800,0.011326764364242875
evolution_strategy,sphere,111,18900,0.011326764364242875
evolution_strategy,sphere,111,19000,0.011326764364242875
evolution_strategy,sphere,111,19100,0.011326764364242875
evolution_strategy,sphere,111,19200,0.011326764364242875
evolution_strategy,sphere,111,19300,0.009230494474570437
evolution_strategy,sphere,111,19400,0.009230494474570437
evolution_strategy,sphere,111,19500,0.009230494474570437
evolution_strategy,sphere,111,19600,0.009230494474570437
evolution_strategy,sphere,111,19700,0.009230494474570437
evolution_strategy,sphere,111,19800,0.009230494474570437
evolution_strategy,sphere,111,19900,0.009230494474570437
evolution_strategy,sphere,111,20000,0.009230494474570437
evolution_strategy,sphere,112,100,21.158474543367127
evolution_strategy,sphere,112,200,17.884526422024596
evolution_strategy,sphere,112,300,16.012899345498646
evolution_strategy,sphere,112,400,13.496593669235239
evolution_strategy,sphere,112,500,11.52061746229742
evolution_strategy,sphere,112,600,9.63082135409764
evolution_strategy,sphere,112,700,8.034689897777625
evolution_strategy,sphere,112,800,6.775055096919108
evolution_strategy,sphere,112,900,5.4698419031857615
evolution_strategy,sphere,112,1000,4.196734939750689
evolution_strategy,sphere,112,1100,3.5446013343411797
evolution_strategy,sphere,112,1200,2.57065724311261
evolution_strategy,sphere,112,1300,1.7723376664455257
evolution_strategy,sphere,112,1400,1.3937242509736358
evolution_strategy,sphere,112,1500,0.9879630943350676
evolution_strategy,sphere,112,1600,0.5612488185455634
evolution_strategy,sphere,112,1700,0.4107921362931957
evolution_strategy,sphere,112,1800,0.16999501685129365
evolution_strategy,sphere,112,1900,0.0730656302951675
evolution_strategy,sphere,112,2000,0.04706788651523824
evolution_strategy,sphere,112,2100,0.04706788651523824
evolution_strategy,sphere,112,2200,0.0379346551634311
evolution_strategy,sphere,112,2300,0.03200408258177233
evolution_strategy,sphere,112,2400,0.018764473188212585
evolution_strategy,sphere,112,2500,0.018764473188212585
evolution_strategy,sphere,112,2600,0.018764473188212585
evolution_strategy,sphere,112,2700,0.018764473188212585
evolution_strategy,sphere,112,2800,0.018764473188212585
evolution_strategy,sphere,112,2900,0.018764473188212585
evolution_strategy,sphere,112,3000,0.018764473188212585
evolution_strategy,sphere,112,3100,0.018764473188212585
evolution_strategy,sphere,112,3200,0.018764473188212585
evolution_strategy,sphere,112,3300,0.018764473188212585
evolution_strategy,sphere,112,3400,0.018764473188212585
evolution_strategy,sphere,112,3500,0.018764473188212585
evolution_strategy,sphere,112,3600,0.018764473188212585
evolution_strategy,sphere,112,3700,0.018764473188212585
evolution_strategy,sphere,112,3800,0.018764473188212585
evolution_strategy,sphere,112,3900,0.018764473188212585
evolution_strategy,sphere,112,4000,0.018764473188212585
evolution_strategy,sphere,112,4100,0.018764473188212585
evolution_strategy,sphere,112,4200,0.018764473188212585
evolution_strategy,sphere,112,4300,0.018764473188212585
evolution_strategy,sphere,112,4400,0.018764473188212585
evolution_strategy,sphere,112,4500,0.018764473188212585
evolution_strategy,sphere,112,4600,0.018764473188212585
evolution_strategy,sphere,112,4700,0.018764473188212585
evolution_strategy,sphere,112,4800,0.018764473188212585
evolution_strategy,sphere,112,4900,0.018764473188212585
evolution_strategy,sphere,112,5000,0.018694331044997414
evolution_strategy,sphere,112,5100,0.018694331044997414
evolution_strategy,sphere,112,5200,0.018694331044997414
evolution_strategy,sphere,112,5300,0.018694331044997414
evolution_strategy,sphere,112,5400,0.015491565078813434
evolution_strategy,sphere,112,5500,0.015491565078813434
evolution_strategy,sphere,112,5600,0.015491565078813434
evolution_strategy,sphere,112,5700,0.015491565078813434
evolution_strategy,sphere,112,5800,0.015491565078813434
evolution_strategy,sphere,112,5900,0.01342950799044828
evolution_strategy,sphere,112,6000,0.01342950799044828
evolution_strategy,sphere,112,6100,0.01342950799044828
evolution_strategy,sphere,112,6200,0.01342950799044828
evolution_strategy,sphere,112,6300,0.01342950799044828
evolution_strategy,sphere,112,6400,0.01342950799044828
evolution_strategy,sphere,112,6500,0.01342950799044828
evolution_strategy,sphere,112,6600,0.01342950799044828
evolution_strategy,sphere,112,6700,0.01342950799044828
evolution_strategy,sphere,112,6800,0.01342950799044828
evolution_strategy,sphere,112,6900,0.01342950799044828
evolution_strategy,sphere,112,7000,0.01342950799044828
evolution_strategy,sphere,112,7100,0.01342950799044828
evolution_strategy,sphere,112,7200,0.01342950799044828
evolution_strategy,sphere,112,7300,0.01342950799044828
evolution_strategy,sphere,112,7400,0.01342950799044828
evolution_strategy,sphere,112,7500,0.01342950799044828
evolution_strategy,sphere,112,7600,0.01342950799044828
evolution_strategy,sphere,112,7700,0.01342950799044828
evolution_strategy,sphere,112,7800,0.01342950799044828
evolution_strategy,sphere,112,7900,0.01342950799044828
evolution_strategy,sphere,112,8000,0.01342950799044828
evolution_strategy,sphere,112,8100,0.01342950799044828
evolution_strategy,sphere,112,8200,0.01342950799044828
evolution_strategy,sphere,112,8300,0.01342950799044828
evolution_strategy,sphere,112,8400,0.01342950799044828
evolution_strategy,sphere,112,8500,0.01342950799044828
evolution_strategy,sphere,112,8600,0.01342950799044828
evolution_strategy,sphere,112,8700,0.01342950799044828
evolution_strategy,sphere,112,8800,0.01342950799044828
evolution_strategy,sphere,112,8900,0.01342950799044828
evolution_strategy,sphere,112,9000,0.01342950799044828
evolution_strategy,sphere,112,9100,0.01342950799044828
evolution_strategy,sphere,112,9200,0.01342950799044828
evolution_strategy,sphere,112,9300,0.01342950799044828
evolution_strategy,sphere,112,9400,0.01342950799044828
evolution_strategy,sphere,112,9500,0.01342950799044828
evolution_strategy,sphere,112,9600,0.01342950799044828
evolution_strategy,sphere,112,9700,0.01342950799044828
evolution_strategy,sphere,112,9800,0.01342950799044828
evolution_strategy,sphere,112,9900,0.01342950799044828
evolution_strategy,sphere,112,10000,0.01342950799044828
evolution_strategy,sphere,112,10100,0.01342950799044828
evolution_strategy,sphere,112,10200,0.01342950799044828
evolution_strategy,sphere,112,10300,0.01342950799044828
evolution_strategy,sphere,112,10400,0.01342950799044828
evolution_strategy,sphere,112,10500,0.01342950799044828
evolution_strategy,sphere,112,10600,0.01342950799044828
evolution_strategy,sphere,112,10700,0.01342950799044828
evolution_strategy,sphere,112,10800,0.01342950799044828
evolution_strategy,sphere,112,10900,0.01342950799044828
evolution_strategy,sphere,112,11000,0.01342950799044828
evolution_strategy,sphere,112,11100,0.01342950799044828
evolution_strategy,sphere,112,11200,0.00707362800105127
evolution_strategy,sphere,112,11300,0.00707362800105127
evolution_strategy,sphere,112,11400,0.00707362800105127
evolution_strategy,sphere,112,11500,0.00707362800105127
evolution_strategy,sphere,112,11600,0.00707362800105127
evolution_strategy,sphere,112,11700,0.00707362800105127
evolution_strategy,sphere,112,11800,0.00707362800105127
evolution_strategy,sphere,112,11900,0.00707362800105127
evolution_strategy,sphere,112,12000,0.00707362800105127
evolution_strategy,sphere,112,12100,0.00707362800105127
evolution_strategy,sphere,112,12200,0.00707362800105127
evolution_strategy,sphere,112,12300,0.00707362800105127
evolution_strategy,sphere,112,12400,0.00707362800105127
evolution_strategy,sphere,112,12500,0.00707362800105127
evolution_strategy,sphere,112,12600,0.00707362800105127
evolution_strategy,sphere,112,12700,0.00707362800105127
evolution_strategy,sphere,112,12800,0.00707362800105127
evolution_strategy,sphere,112,12900,0.00707362800105127
evolution_strategy,sphere,112,13000,0.00707362800105127
evolution_strategy,sphere,112,13100,0.00707362800105127
evolution_strategy,sphere,112,13200,0.00707362800105127
evolution_strategy,sphere,112,13300,0.00707362800105127
evolution_strategy,sphere,112,13400,0.00707362800105127
evolution_strategy,sphere,112,13500,0.00707362800105127
evolution_strategy,sphere,112,13600,0.00707362800105127
evolution_strategy,sphere,112,13700,0.00707362800105127
evolution_strategy,sphere,112,13800,0.00707362800105127
evolution_strategy,sphere,112,13900,0.00707362800105127
evolution_strategy,sphere,112,14000,0.00707362800105127
evolution_strategy,sphere,112,14100,0.00707362800105127
evolution_strategy,sphere,112,14200,0.00707362800105127
evolution_strategy,sphere,112,14300,0.00707362800105127
evolution_strategy,sphere,112,14400,0.00707362800105127
evolution_strategy,sphere,112,14500,0.00707362800105127
evolution_strategy,sphere,112,14600,0.00707362800105127
evolution_strategy,sphere,112,14700,0.00707362800105127
evolution_strategy,sphere,112,14800,0.00707362800105127
evolution_strategy,sphere,112,14900,0.00707362800105127
evolution_strategy,sphere,112,15000,0.00707362800105127
evolution_strategy,sphere,112,15100,0.00707362800105127
evolution_strategy,sphere,112,15200,0.00707362800105127
evolution_strategy,sphere,112,15300,0.00707362800105127
evolution_strategy,sphere,112,15400,0.00707362800105127
evolution_strategy,sphere,112,15500,0.00707362800105127
evolution_strategy,sphere,112,15600,0.00707362800105127
evolution_strategy,sphere,112,15700,0.00707362800105127
evolution_strategy,sphere,112,15800,0.00707362800105127
evolution_strategy,sphere,112,15900,0.00707362800105127
evolution_strategy,sphere,112,16000,0.00707362800105127
evolution_strategy,sphere,112,16100,0.00707362800105127
evolution_strategy,sphere,112,16200,0.00707362800105127
evolution_strategy,sphere,112,16300,0.00707362800105127
evolution_strategy,sphere,112,16400,0.00707362800105127
evolution_strategy,sphere,112,16500,0.00707362800105127
evolution_strategy,sphere,112,16600,0.00707362800105127
evolution_strategy,sphere,112,16700,0.00707362800105127
evolution_strategy,sphere,112,16800,0.00707362800105127
evolution_strategy,sphere,112,16900,0.00707362800105127
evolution_strategy,sphere,112,17000,0.00707362800105127
evolution_strategy,sphere,112,17100,0.00707362800105127
evolution_strategy,sphere,112,17200,0.00707362800105127
evolution_strategy,sphere,112,17300,0.00707362800105127
evolution_strategy,sphere,112,17400,0.00707362800105127
evolution_strategy,sphere,112,17500,0.00707362800105127
evolution_strategy,sphere,112,17600,0.00707362800105127
evolution_strategy,sphere,112,17700,0.00707362800105127
evolution_strategy,sphere,112,17800,0.00707362800105127
evolution_strategy,sphere,112,17900,0.00707362800105127
evolution_strategy,sphere,112,18000,0.00707362800105127
evolution_strategy,sphere,112,18100,0.00707362800105127
evolution_strategy,sphere,112,18200,0.00707362800105127
evolution_strategy,sphere,112,18300,0.00707362800105127
evolution_strategy,sphere,112,18400,0.00707362800105127
evolution_strategy,sphere,112,18500,0.00707362800105127
evolution_strategy,sphere,112,18600,0.00707362800105127
evolution_strategy,sphere,112,18700,0.00707362800105127
evolution_strategy,sphere,112,18800,0.00707362800105127
evolution_strategy,sphere,112,18900,0.00707362800105127
evolution_strategy,sphere,112,19000,0.00707362800105127
evolution_strategy,sphere,112,19100,0.00707362800105127
evolution_strategy,sphere,112,19200,0.00707362800105127
evolution_strategy,sphere,112,19300,0.00707362800105127
evolution_strategy,sphere,112,19400,0.00707362800105127
evolution_strategy,sphere,112,19500,0.00707362800105127
evolution_strategy,sphere,112,19600,0.00707362800105127
evolution_strategy,sphere,112,19700,0.00707362800105127
evolution_strategy,sphere,112,19800,0.00707362800105127
evolution_strategy,sphere,112,19900,0.00707362800105127
evolution_strategy,sphere,112,20000,0.00707362800105127
evolution_strategy,sphere,113,100,17.694981224100513
evolution_strategy,sphere,113,200,15.788292062925494
evolution_strategy,sphere,113,300,14.029702931491531
evolution_strategy,sphere,113,400,11.983764184492179
evolution_strategy,sphere,113,500,9.79225651160658
evolution_strategy,sphere,113,600,8.626435631809356
evolution_strategy,sphere,113,700,6.4568513828425065
evolution_strategy,sphere,113,800,4.99522822610594
evolution_strategy,sphere,113,900,3.7012693739085982
evolution_strategy,sphere,113,1000,2.9857434457734615
evolution_strategy,sphere,113,1100,2.0544690091998747
evolution_strategy,sphere,113,1200,1.5374803118963967
evolution_strategy,sphere,113,1300,0.9368120453956553
evolution_strategy,sphere,113,1400,0.583602317973148
evolution_strategy,sphere,113,1500,0.22559021478251456
evolution_strategy,sphere,113,1600,0.16585189936896694
evolution_strategy,sphere,113,1700,0.11342238275753418
evolution_strategy,sphere,113,1800,0.09004886857992292
evolution_strategy,sphere,113,1900,0.03702949192009683
evolution_strategy,sphere,113,2000,0.02457132301452099
evolution_strategy,sphere,113,2100,0.02457132301452099
evolution_strategy,sphere,113,2200,0.02457132301452099
evolution_strategy,sphere,113,2300,0.023736301020348356
evolution_strategy,sphere,113,2400,0.023736301020348356
evolution_strategy,sphere,113,2500,0.023736301020348356
evolution_strategy,sphere,113,2600,0.017640046548970768
evolution_strategy,sphere,113,2700,0.017640046548970768
evolution_strategy,sphere,113,2800,0.017640046548970768
evolution_strategy,sphere,113,2900,0.017640046548970768
evolution_strategy,sphere,113,3000,0.017640046548970768
evolution_strategy,sphere,113,3100,0.017640046548970768
evolution_strategy,sphere,113,3200,0.017640046548970768
evolution_strategy,sphere,113,3300,0.017640046548970768
evolution_strategy,sphere,113,3400,0.017640046548970768
evolution_strategy,sphere,113,3500,0.017640046548970768
evolution_strategy,sphere,113,3600,0.017640046548970768
evolution_strategy,sphere,113,3700,0.017640046548970768
evolution_strategy,sphere,113,3800,0.017640046548970768
evolution_strategy,sphere,113,3900,0.017640046548970768
evolution_strategy,sphere,113,4000,0.017640046548970768
evolution_strategy,sphere,113,4100,0.017640046548970768
evolution_strategy,sphere,113,4200,0.017640046548970768
evolution_strategy,sphere,113,4300,0.017640046548970768
evolution_strategy,sphere,113,4400,0.017640046548970768
evolution_strategy,sphere,113,4500,0.017640046548970768
evolution_strategy,sphere,113,4600,0.017640046548970768
evolution_strategy,sphere,113,4700,0.017640046548970768
evolution_strategy,sphere,113,4800,0.017640046548970768
evolution_strategy,sphere,113,4900,0.017640046548970768
evolution_strategy,sphere,113,5000,0.017640046548970768
evolution_strategy,sphere,113,5100,0.017640046548970768
evolution_strategy,sphere,113,5200,0.017640046548970768
evolution_strategy,sphere,113,5300,0.017640046548970768
evolution_strategy,sphere,113,5400,0.01012008204218893
evolution_strategy,sphere,113,5500,0.01012008204218893
evolution_strategy,sphere,113,5600,0.01012008204218893
evolution_strategy,sphere,113,5700,0.01012008204218893
evolution_strategy,sphere,113,5800,0.01012008204218893
evolution_strategy,sphere,113,5900,0.01012008204218893
evolution_strategy,sphere,113,6000,0.01012008204218893
evolution_strategy,sphere,113,6100,0.01012008204218893
evolution_strategy,sphere,113,6200,0.01012008204218893
evolution_strategy,sphere,113,6300,0.01012008204218893
evolution_strategy,sphere,113,6400,0.01012008204218893
evolution_strategy,sphere,113,6500,0.01012008204218893
evolution_strategy,sphere,113,6600,0.005435740308998955
evolution_strategy,sphere,113,6700,0.005435740308998955
evolution_strategy,sphere,113,6800,0.005435740308998955
evolution_strategy,sphere,113,6900,0.005435740308998955
evolution_strategy,sphere,113,7000,0.005435740308998955
evolution_strategy,sphere,113,7100,0.005435740308998955
evolution_strategy,sphere,113,7200,0.005435740308998955
evolution_strategy,sphere,113,7300,0.005435740308998955
evolution_strategy,sphere,113,7400,0.005435740308998955
evolution_strategy,sphere,113,7500,0.005435740308998955
evolution_strategy,sphere,113,7600,0.005435740308998955
evolution_strategy,sphere,113,7700,0.005435740308998955
evolution_strategy,sphere,113,7800,0.005435740308998955
evolution_strategy,sphere,113,7900,0.005435740308998955
evolution_strategy,sphere,113,8000,0.005435740308998955
evolution_strategy,sphere,113,8100,0.005435740308998955
evolution_strategy,sphere,113,8200,0.005435740308998955
evolution_strategy,sphere,113,8300,0.005435740308998955
evolution_strategy,sphere,113,8400,0.005435740308998955
evolution_strategy,sphere,113,8500,0.005435740308998955
evolution_strategy,sphere,113,8600,0.005435740308998955
evolution_strategy,sphere,113,8700,0.005435740308998955
evolution_strategy,sphere,113,8800,0.005435740308998955
evolution_strategy,sphere,113,8900,0.005435740308998955
evolution_strategy,sphere,113,9000,0.005435740308998955
evolution_strategy,sphere,113,9100,0.005435740308998955
evolution_strategy,sphere,113,9200,0.005435740308998955
evolution_strategy,sphere,113,9300,0.005435740308998955
evolution_strategy,sphere,113,9400,0.005435740308998955
evolution_strategy,sphere,113,9500,0.005435740308998955
evolution_strategy,sphere,113,9600,0.005435740308998955
evolution_strategy,sphere,113,9700,0.005435740308998955
evolution_strategy,sphere,113,9800,0.005435740308998955
evolution_strategy,sphere,113,9900,0.005435740308998955
evolution_strategy,sphere,113,10000,0.005435740308998955
evolution_strategy,sphere,113,10100,0.005435740308998955
evolution_strategy,sphere,113,10200,0.005435740308998955
evolution_strategy,sphere,113,10300,0.005435740308998955
evolution_strategy,sphere,113,10400,0.005435740308998955
evolution_strategy,sphere,113,10500,0.005435740308998955
evolution_strategy,sphere,113,10600,0.005435740308998955
evolution_strategy,sphere,113,10700,0.005435740308998955
evolution_strategy,sphere,113,10800,0.005435740308998955
evolution_strategy,sphere,113,10900,0.005435740308998955
evolution_strategy,sphere,113,11000,0.005435740308998955
evolution_strategy,sphere,113,11100,0.005435740308998955
evolution_strategy,sphere,113,11200,0.005435740308998955
evolution_strategy,sphere,113,11300,0.005435740308998955
evolution_strategy,sphere,113,11400,0.005435740308998955
evolution_strategy,sphere,113,11500,0.005435740308998955
evolution_strategy,sphere,113,11600,0.005435740308998955
evolution_strategy,sphere,113,11700,0.005435740308998955
evolution_strategy,sphere,113,11800,0.005435740308998955
evolution_strategy,sphere,113,11900,0.005435740308998955
evolution_strategy,sphere,113,12000,0.005435740308998955
evolution_strategy,sphere,113,12100,0.005435740308998955
evolution_strategy,sphere,113,12200,0.005435740308998955
evolution_strategy,sphere,113,12300,0.005435740308998955
evolution_strategy,sphere,113,12400,0.005435740308998955
evolution_strategy,sphere,113,12500,0.005435740308998955
evolution_strategy,sphere,113,12600,0.005435740308998955
evolution_strategy,sphere,113,12700,0.005435740308998955
evolution_strategy,sphere,113,12800,0.005435740308998955
evolution_strategy,sphere,113,12900,0.005435740308998955
evolution_strategy,sphere,113,13000,0.005435740308998955
evolution_strategy,sphere,113,13100,0.005435740308998955
evolution_strategy,sphere,113,13200,0.005435740308998955
evolution_strategy,sphere,113,13300,0.005435740308998955
evolution_strategy,sphere,113,13400,0.005435740308998955
evolution_strategy,sphere,113,13500,0.005435740308998955
evolution_strategy,sphere,113,13600,0.005435740308998955
evolution_strategy,sphere,113,13700,0.005435740308998955
evolution_strategy,sphere,113,13800,0.005435740308998955
evolution_strategy,sphere,113,13900,0.005435740308998955
evolution_strategy,sphere,113,14000,0.005435740308998955
evolution_strategy,sphere,113,14100,0.005435740308998955
evolution_strategy,sphere,113,14200,0.005435740308998955
evolution_strategy,sphere,113,14300,0.005435740308998955
evolution_strategy,sphere,113,14400,0.005435740308998955
evolution_strategy,sphere,113,14500,0.005435740308998955
evolution_strategy,sphere,113,14600,0.005435740308998955
evolution_strategy,sphere,113,14700,0.005435740308998955
evolution_strategy,sphere,113,14800,0.005435740308998955
evolution_strategy,sphere,113,14900,0.005435740308998955
evolution_strategy,sphere,113,15000,0.005435740308998955
evolution_strategy,sphere,113,15100,0.005435740308998955
evolution_strategy,sphere,113,15200,0.005435740308998955
evolution_strategy,sphere,113,15300,0.005435740308998955
evolution_strategy,sphere,113,15400,0.005435740308998955
evolution_strategy,sphere,113,15500,0.005435740308998955
evolution_strategy,sphere,113,15600,0.005435740308998955
evolution_strategy,sphere,113,15700,0.005435740308998955
evolution_strategy,sphere,113,15800,0.005435740308998955
evolution_strategy,sphere,113,15900,0.005435740308998955
evolution_strategy,sphere,113,16000,0.005435740308998955
evolution_strategy,sphere,113,16100,0.005435740308998955
evolution_strategy,sphere,113,16200,0.005435740308998955
evolution_strategy,sphere,113,16300,0.005435740308998955
evolution_strategy,sphere,113,16400,0.005435740308998955
evolution_strategy,sphere,113,16500,0.005435740308998955
evolution_strategy,sphere,113,16600,0.005435740308998955
evolution_strategy,sphere,113,16700,0.005435740308998955
evolution_strategy,sphere,113,16800,0.005435740308998955
evolution_strategy,sphere,113,16900,0.005435740308998955
evolution_strategy,sphere,113,17000,0.005435740308998955
evolution_strategy,sphere,113,17100,0.005435740308998955
evolution_strategy,sphere,113,17200,0.005435740308998955
evolution_strategy,sphere,113,17300,0.005435740308998955
evolution_strategy,sphere,113,17400,0.005435740308998955
evolution_strategy,sphere,113,17500,0.005435740308998955
evolution_strategy,sphere,113,17600,0.005435740308998955
evolution_strategy,sphere,113,17700,0.005435740308998955
evolution_strategy,sphere,113,17800,0.005435740308998955
evolution_strategy,sphere,113,17900,0.005435740308998955
evolution_strategy,sphere,113,18000,0.005435740308998955
evolution_strategy,sphere,113,18100,0.005435740308998955
evolution_strategy,sphere,113,18200,0.005435740308998955
evolution_strategy,sphere,113,18300,0.005435740308998955
evolution_strategy,sphere,113,18400,0.005435740308998955
evolution_strategy,sphere,113,18500,0.005435740308998955
evolution_strategy,sphere,113,18600,0.005435740308998955
evolution_strategy,sphere,113,18700,0.005435740308998955
evolution_strategy,sphere,113,18800,0.005435740308998955
evolution_strategy,sphere,113,18900,0.005435740308998955
evolution_strategy,sphere,113,19000,0.005435740308998955
evolution_strategy,sphere,113,19100,0.005435740308998955
evolution_strategy,sphere,113,19200,0.005435740308998955
evolution_strategy,sphere,113,19300,0.005435740308998955
evolution_strategy,sphere,113,19400,0.005435740308998955
evolution_strategy,sphere,113,19500,0.005435740308998955
evolution_strategy,sphere,113,19600,0.005435740308998955
evolution_strategy,sphere,113,19700,0.005435740308998955
evolution_strategy,sphere,113,19800,0.005435740308998955
evolution_strategy,sphere,113,19900,0.005435740308998955
evolution_strategy,sphere,113,20000,0.005435740308998955
evolution_strategy,sphere,114,100,43.03671638657956
evolution_strategy,sphere,114,200,38.96232342131959
evolution_strategy,sphere,114,300,36.48411253687596
evolution_strategy,sphere,114,400,32.93279275457191
evolution_strategy,sphere,114,500,30.50276517050144
evolution_strategy,sphere,114,600,27.09467230977226
evolution_strategy,sphere,114,700,24.315455591228606
evolution_strategy,sphere,114,800,21.53667327561775
evolution_strategy,sphere,114,900,19.58880866934382
evolution_strategy,sphere,114,1000,16.24341544964689
evolution_strategy,sphere,114,1100,13.625535379133938
evolution_strategy,sphere,114,1200,10.540151842620377
evolution_strategy,sphere,114,1300,8.185335214026756
evolution_strategy,sphere,114,1400,6.7456488512851465
evolution_strategy,sphere,114,1500,5.341454899993989
evolution_strategy,sphere,114,1600,3.803744744384487
evolution_strategy,sphere,114,1700,3.1947438910901678
evolution_strategy,sphere,114,1800,2.422556906113358
evolution_strategy,sphere,114,1900,1.6279877320992593
evolution_strategy,sphere,114,2000,1.2675332048314365
evolution_strategy,sphere,114,2100,0.8356220020703731
evolution_strategy,sphere,114,2200,0.6074101181828259
evolution_strategy,sphere,114,2300,0.3944580249545804
evolution_strategy,sphere,114,2400,0.16221934063651353
evolution_strategy,sphere,114,2500,0.09908966751624125
evolution_strategy,sphere,114,2600,0.09756979299858524
evolution_strategy,sphere,114,2700,0.07045750507056583
evolution_strategy,sphere,114,2800,0.05185536677277076
evolution_strategy,sphere,114,2900,0.02365312032580521
evolution_strategy,sphere,114,3000,0.02365312032580521
evolution_strategy,sphere,114,3100,0.02365312032580521
evolution_strategy,sphere,114,3200,0.02365312032580521
evolution_strategy,sphere,114,3300,0.02365312032580521
evolution_strategy,sphere,114,3400,0.02365312032580521
evolution_strategy,sphere,114,3500,0.02365312032580521
evolution_strategy,sphere,114,3600,0.020544271997264225
evolution_strategy,sphere,114,3700,0.020544271997264225
evolution_strategy,sphere,114,3800,0.019654435610025337
evolution_strategy,sphere,114,3900,0.014753240432481232
evolution_strategy,sphere,114,4000,0.014753240432481232
evolution_strategy,sphere,114,4100,0.014753240432481232
evolution_strategy,sphere,114,4200,0.014753240432481232
evolution_strategy,sphere,114,4300,0.014753240432481232
evolution_strategy,sphere,114,4400,0.014753240432481232
evolution_strategy,sphere,114,4500,0.014753240432481232
evolution_strategy,sphere,114,4600,0.014753240432481232
evolution_strategy,sphere,114,4700,0.014753240432481232
evolution_strategy,sphere,114,4800,0.014753240432481232
evolution_strategy,sphere,114,4900,0.014753240432481232
evolution_strategy,sphere,114,5000,0.014753240432481232
evolution_strategy,sphere,114,5100,0.014753240432481232
evolution_strategy,sphere,114,5200,0.014753240432481232
evolution_strategy,sphere,114,5300,0.011387712256857993
evolution_strategy,sphere,114,5400,0.011066999870645114
evolution_strategy,sphere,114,5500,0.011066999870645114
evolution_strategy,sphere,114,5600,0.011066999870645114
evolution_strategy,sphere,114,5700,0.011066999870645114
evolution_strategy,sphere,114,5800,0.011066999870645114
evolution_strategy,sphere,114,5900,0.011066999870645114
evolution_strategy,sphere,114,6000,0.011066999870645114
evolution_strategy,sphere,114,6100,0.011066999870645114
evolution_strategy,sphere,114,6200,0.011066999870645114
evolution_strategy,sphere,114,6300,0.011066999870645114
evolution_strategy,sphere,114,6400,0.011066999870645114
evolution_strategy,sphere,114,6500,0.011066999870645114
evolution_strategy,sphere,114,6600,0.011066999870645114
evolution_strategy,sphere,114,6700,0.011066999870645114
evolution_strategy,sphere,114,6800,0.011066999870645114
evolution_strategy,sphere,114,6900,0.011066999870645114
evolution_strategy,sphere,114,7000,0.011066999870645114
evolution_strategy,sphere,114,7100,0.011066999870645114
evolution_strategy,sphere,114,7200,0.011066999870645114
evolution_strategy,sphere,114,7300,0.011066999870645114
evolution_strategy,sphere,114,7400,0.011066999870645114
evolution_strategy,sphere,114,7500,0.011066999870645114
evolution_strategy,sphere,114,7600,0.011066999870645114
evolution_strategy,sphere,114,7700,0.011066999870645114
evolution_strategy,sphere,114,7800,0.011066999870645114
evolution_strategy,sphere,114,7900,0.011066999870645114
evolution_strategy,sphere,114,8000,0.011066999870645114
evolution_strategy,sphere,114,8100,0.011066999870645114
evolution_strategy,sphere,114,8200,0.011066999870645114
evolution_strategy,sphere,114,8300,0.011066999870645114
evolution_strategy,sphere,114,8400,0.011066999870645114
evolution_strategy,sphere,114,8500,0.011066999870645114
evolution_strategy,sphere,114,8600,0.011066999870645114
evolution_strategy,sphere,114,8700,0.011066999870645114
evolution_strategy,sphere,114,8800,0.011066999870645114
evolution_strategy,sphere,114,8900,0.011066999870645114
evolution_strategy,sphere,114,9000,0.011066999870645114
evolution_strategy,sphere,114,9100,0.011066999870645114
evolution_strategy,sphere,114,9200,0.011066999870645114
evolution_strategy,sphere,114,9300,0.011066999870645114
evolution_strategy,sphere,114,9400,0.011066999870645114
evolution_strategy,sphere,114,9500,0.011066999870645114
evolution_strategy,sphere,114,9600,0.011066999870645114
evolution_strategy,sphere,114,9700,0.011066999870645114
evolution_strategy,sphere,114,9800,0.011066999870645114
evolution_strategy,sphere,114,9900,0.011066999870645114
evolution_strategy,sphere,114,10000,0.011066999870645114
evolution_strategy,sphere,114,10100,0.011066999870645114
evolution_strategy,sphere,114,10200,0.011066999870645114
evolution_strategy,sphere,114,10300,0.011066999870645114
evolution_strategy,sphere,114,10400,0.011066999870645114
evolution_strategy,sphere,114,10500,0.011066999870645114
evolution_strategy,sphere,114,10600,0.011066999870645114
evolution_strategy,sphere,114,10700,0.011066999870645114
evolution_strategy,sphere,114,10800,0.011066999870645114
evolution_strategy,sphere,114,10900,0.011066999870645114
evolution_strategy,sphere,114,11000,0.011066999870645114
evolution_strategy,sphere,114,11100,0.011066999870645114
evolution_strategy,sphere,114,11200,0.011066999870645114
evolution_strategy,sphere,114,11300,0.011066999870645114
evolution_strategy,sphere,114,11400,0.011066999870645114
evolution_strategy,sphere,114,11500,0.011066999870645114
evolution_strategy,sphere,114,11600,0.011066999870645114
evolution_strategy,sphere,114,11700,0.011066999870645114
evolution_strategy,sphere,114,11800,0.011066999870645114
evolution_strategy,sphere,114,11900,0.011066999870645114
evolution_strategy,sphere,114,12000,0.011066999870645114
evolution_strategy,sphere,114,12100,0.011066999870645114
evolution_strategy,sphere,114,12200,0.011066999870645114
evolution_strategy,sphere,114,12300,0.011066999870645114
evolution_strategy,sphere,114,12400,0.011066999870645114
evolution_strategy,sphere,114,12500,0.011066999870645114
evolution_strategy,sphere,114,12600,0.011066999870645114
evolution_strategy,sphere,114,12700,0.011066999870645114
evolution_strategy,sphere,114,12800,0.011066999870645114
evolution_strategy,sphere,114,12900,0.011066999870645114
evolution_strategy,sphere,114,13000,0.011066999870645114
evolution_strategy,sphere,114,13100,0.011066999870645114
evolution_strategy,sphere,114,13200,0.011066999870645114
evolution_strategy,sphere,114,13300,0.011066999870645114
evolution_strategy,sphere,114,13400,0.011066999870645114
evolution_strategy,sphere,114,13500,0.011066999870645114
evolution_strategy,sphere,114,13600,0.011066999870645114
evolution_strategy,sphere,114,13700,0.011066999870645114
evolution_strategy,sphere,114,13800,0.011066999870645114
evolution_strategy,sphere,114,13900,0.011066999870645114
evolution_strategy,sphere,114,14000,0.011066999870645114
evolution_strategy,sphere,114,14100,0.011066999870645114
evolution_strategy,sphere,114,14200,0.011066999870645114
evolution_strategy,sphere,114,14300,0.011066999870645114
evolution_strategy,sphere,114,14400,0.011066999870645114
evolution_strategy,sphere,114,14500,0.011066999870645114
evolution_strategy,sphere,114,14600,0.011066999870645114
evolution_strategy,sphere,114,14700,0.011066999870645114
evolution_strategy,sphere,114,14800,0.011066999870645114
evolution_strategy,sphere,114,14900,0.011066999870645114
evolution_strategy,sphere,114,15000,0.011066999870645114
evolution_strategy,sphere,114,15100,0.011066999870645114
evolution_strategy,sphere,114,15200,0.011066999870645114
evolution_strategy,sphere,114,15300,0.011066999870645114
evolution_strategy,sphere,114,15400,0.011066999870645114
evolution_strategy,sphere,114,15500,0.011066999870645114
evolution_strategy,sphere,114,15600,0.011066999870645114
evolution_strategy,sphere,114,15700,0.011066999870645114
evolution_strategy,sphere,114,15800,0.011066999870645114
evolution_strategy,sphere,114,15900,0.011066999870645114
evolution_strategy,sphere,114,16000,0.011066999870645114
evolution_strategy,sphere,114,16100,0.011066999870645114
evolution_strategy,sphere,114,16200,0.011066999870645114
evolution_strategy,sphere,114,16300,0.011066999870645114
evolution_strategy,sphere,114,16400,0.011066999870645114
evolution_strategy,sphere,114,16500,0.011066999870645114
evolution_strategy,sphere,114,16600,0.011066999870645114
evolution_strategy,sphere,114,16700,0.011066999870645114
evolution_strategy,sphere,114,16800,0.011066999870645114
evolution_strategy,sphere,114,16900,0.011066999870645114
evolution_strategy,sphere,114,17000,0.011066999870645114
evolution_strategy,sphere,114,17100,0.011066999870645114
evolution_strategy,sphere,114,17200,0.011066999870645114
evolution_strategy,sphere,114,17300,0.011066999870645114
evolution_strategy,sphere,114,17400,0.011066999870645114
evolution_strategy,sphere,114,17500,0.011066999870645114
evolution_strategy,sphere,114,17600,0.011066999870645114
evolution_strategy,sphere,114,17700,0.011066999870645114
evolution_strategy,sphere,114,17800,0.011066999870645114
evolution_strategy,sphere,114,17900,0.011066999870645114
evolution_strategy,sphere,114,18000,0.011066999870645114
evolution_strategy,sphere,114,18100,0.011066999870645114
evolution_strategy,sphere,114,18200,0.011066999870645114
evolution_strategy,sphere,114,18300,0.011066999870645114
evolution_strategy,sphere,114,18400,0.011066999870645114
evolution_strategy,sphere,114,18500,0.011066999870645114
evolution_strategy,sphere,114,18600,0.011066999870645114
evolution_strategy,sphere,114,18700,0.011066999870645114
evolution_strategy,sphere,114,18800,0.011066999870645114
evolution_strategy,sphere,114,18900,0.011066999870645114
evolution_strategy,sphere,114,19000,0.011066999870645114
evolution_strategy,sphere,114,19100,0.011066999870645114
evolution_strategy,sphere,114,19200,0.011066999870645114
evolution_strategy,sphere,114,19300,0.011066999870645114
evolution_strategy,sphere,114,19400,0.011066999870645114
evolution_strategy,sphere,114,19500,0.011066999870645114
evolution_strategy,sphere,114,19600,0.011066999870645114
evolution_strategy,sphere,114,19700,0.011066999870645114
evolution_strategy,sphere,114,19800,0.011066999870645114
evolution_strategy,sphere,114,19900,0.008426187891836745
evolution_strategy,sphere,114,20000,0.008426187891836745
evolution_strategy,sphere,115,100,33.882025242655466
evolution_strategy,sphere,115,200,32.19161819770516
evolution_strategy,sphere,115,300,28.156786672595025
evolution_strategy,sphere,115,400,24.669382051499426
evolution_strategy,sphere,115,500,21.945125773593293
evolution_strategy,sphere,115,600,18.864320487212545
evolution_strategy,sphere,115,700,16.396670360776884
evolution_strategy,sphere,115,800,13.908768939161519
evolution_strategy,sphere,115,900,10.893699887290296
evolution_strategy,sphere,115,1000,9.10727846346941
evolution_strategy,sphere,115,1100,7.411464543374179
evolution_strategy,sphere,115,1200,6.054958460427066
evolution_strategy,sphere,115,1300,4.600345639612373
evolution_strategy,sphere,115,1400,3.4405494927667415
evolution_strategy,sphere,115,1500,2.912438199642271
evolution_strategy,sphere,115,1600,2.252565843944847
evolution_strategy,sphere,115,1700,1.494578511087751
evolution_strategy,sphere,115,1800,1.0271680750186614
evolution_strategy,sphere,115,1900,0.5725151678345853
evolution_strategy,sphere,115,2000,0.3683277163764264
evolution_strategy,sphere,115,2100,0.26046953707334025
evolution_strategy,sphere,115,2200,0.11530025548830423
evolution_strategy,sphere,115,2300,0.057154297795074485
evolution_strategy,sphere,115,2400,0.057154297795074485
evolution_strategy,sphere,115,2500,0.05492355728461852
evolution_strategy,sphere,115,2600,0.05492355728461852
evolution_strategy,sphere,115,2700,0.05492355728461852
evolution_strategy,sphere,115,2800,0.03975228541303784
evolution_strategy,sphere,115,2900,0.02789561317818278
evolution_strategy,sphere,115,3000,0.02789561317818278
evolution_strategy,sphere,115,3100,0.02789561317818278
evolution_strategy,sphere,115,3200,0.02789561317818278
evolution_strategy,sphere,115,3300,0.02453068478091226
evolution_strategy,sphere,115,3400,0.02453068478091226
evolution_strategy,sphere,115,3500,0.02453068478091226
evolution_strategy,sphere,115,3600,0.02453068478091226
evolution_strategy,sphere,115,3700,0.02453068478091226
evolution_strategy,sphere,115,3800,0.02453068478091226
evolution_strategy,sphere,115,3900,0.02453068478091226
evolution_strategy,sphere,115,4000,0.02453068478091226
evolution_strategy,sphere,115,4100,0.02453068478091226
evolution_strategy,sphere,115,4200,0.02453068478091226
evolution_strategy,sphere,115,4300,0.02453068478091226
evolution_strategy,sphere,115,4400,0.019809710378997047
evolution_strategy,sphere,115,4500,0.019809710378997047
evolution_strategy,sphere,115,4600,0.019809710378997047
evolution_strategy,sphere,115,4700,0.019809710378997047
evolution_strategy,sphere,115,4800,0.019809710378997047
evolution_strategy,sphere,115,4900,0.019809710378997047
evolution_strategy,sphere,115,5000,0.017756315155720796
evolution_strategy,sphere,115,5100,0.017756315155720796
evolution_strategy,sphere,115,5200,0.017756315155720796
evolution_strategy,sphere,115,5300,0.017756315155720796
evolution_strategy,sphere,115,5400,0.017756315155720796
evolution_strategy,sphere,115,5500,0.017756315155720796
evolution_strategy,sphere,115,5600,0.017756315155720796
evolution_strategy,sphere,115,5700,0.017756315155720796
evolution_strategy,sphere,115,5800,0.017756315155720796
evolution_strategy,sphere,115,5900,0.017756315155720796
evolution_strategy,sphere,115,6000,0.017756315155720796
evolution_strategy,sphere,115,6100,0.017756315155720796
evolution_strategy,sphere,115,6200,0.017756315155720796
evolution_strategy,sphere,115,6300,0.01740794819177698
evolution_strategy,sphere,115,6400,0.01740794819177698
evolution_strategy,sphere,115,6500,0.01740794819177698
evolution_strategy,sphere,115,6600,0.01740794819177698
evolution_strategy,sphere,115,6700,0.01740794819177698
evolution_strategy,sphere,115,6800,0.01740794819177698
evolution_strategy,sphere,115,6900,0.01740794819177698
evolution_strategy,sphere,115,7000,0.01740794819177698
evolution_strategy,sphere,115,7100,0.01740794819177698
evolution_strategy,sphere,115,7200,0.01740794819177698
evolution_strategy,sphere,115,7300,0.016514861996343177
evolution_strategy,sphere,115,7400,0.016514861996343177
evolution_strategy,sphere,115,7500,0.016514861996343177
evolution_strategy,sphere,115,7600,0.016514861996343177
evolution_strategy,sphere,115,7700,0.016514861996343177
evolution_strategy,sphere,115,7800,0.016514861996343177
evolution_strategy,sphere,115,7900,0.016514861996343177
evolution_strategy,sphere,115,8000,0.007457790668251292
evolution_strategy,sphere,115,8100,0.007457790668251292
evolution_strategy,sphere,115,8200,0.007457790668251292
evolution_strategy,sphere,115,8300,0.007457790668251292
evolution_strategy,sphere,115,8400,0.007457790668251292
evolution_strategy,sphere,115,8500,0.007457790668251292
evolution_strategy,sphere,115,8600,0.007457790668251292
evolution_strategy,sphere,115,8700,0.007457790668251292
evolution_strategy,sphere,115,8800,0.007457790668251292
evolution_strategy,sphere,115,8900,0.007457790668251292
evolution_strategy,sphere,115,9000,0.007457790668251292
evolution_strategy,sphere,115,9100,0.007457790668251292
evolution_strategy,sphere,115,9200,0.007457790668251292
evolution_strategy,sphere,115,9300,0.007457790668251292
evolution_strategy,sphere,115,9400,0.007457790668251292
evolution_strategy,sphere,115,9500,0.007457790668251292
evolution_strategy,sphere,115,9600,0.007457790668251292
evolution_strategy,sphere,115,9700,0.007457790668251292
evolution_strategy,sphere,115,9800,0.007457790668251292
evolution_strategy,sphere,115,9900,0.007457790668251292
evolution_strategy,sphere,115,10000,0.007457790668251292
evolution_strategy,sphere,115,10100,0.007457790668251292
evolution_strategy,sphere,115,10200,0.007457790668251292
evolution_strategy,sphere,115,10300,0.007457790668251292
evolution_strategy,sphere,115,10400,0.007457790668251292
evolution_strategy,sphere,115,10500,0.007457790668251292
evolution_strategy,sphere,115,10600,0.007457790668251292
evolution_strategy,sphere,115,10700,0.007457790668251292
evolution_strategy,sphere,115,10800,0.007457790668251292
evolution_strategy,sphere,115,10900,0.007457790668251292
evolution_strategy,sphere,115,11000,0.007457790668251292
evolution_strategy,sphere,115,11100,0.007457790668251292
evolution_strategy,sphere,115,11200,0.007457790668251292
evolution_strategy,sphere,115,11300,0.007457790668251292
evolution_strategy,sphere,115,11400,0.007457790668251292
evolution_strategy,sphere,115,11500,0.007457790668251292
evolution_strategy,sphere,115,11600,0.007457790668251292
evolution_strategy,sphere,115,11700,0.007457790668251292
evolution_strategy,sphere,115,11800,0.007457790668251292
evolution_strategy,sphere,115,11900,0.007457790668251292
evolution_strategy,sphere,115,12000,0.007457790668251292
evolution_strategy,sphere,115,12100,0.007457790668251292
evolution_strategy,sphere,115,12200,0.007457790668251292
evolution_strategy,sphere,115,12300,0.007457790668251292
evolution_strategy,sphere,115,12400,0.007457790668251292
evolution_strategy,sphere,115,12500,0.007457790668251292
evolution_strategy,sphere,115,12600,0.007457790668251292
evolution_strategy,sphere,115,12700,0.007457790668251292
evolution_strategy,sphere,115,12800,0.007457790668251292
evolution_strategy,sphere,115,12900,0.007457790668251292
evolution_strategy,sphere,115,13000,0.007457790668251292
evolution_strategy,sphere,115,13100,0.007457790668251292
evolution_strategy,sphere,115,13200,0.007457790668251292
evolution_strategy,sphere,115,13300,0.007457790668251292
evolution_strategy,sphere,115,13400,0.007457790668251292
evolution_strategy,sphere,115,13500,0.007457790668251292
evolution_strategy,sphere,115,13600,0.007457790668251292
evolution_strategy,sphere,115,13700,0.007457790668251292
evolution_strategy,sphere,115,13800,0.007457790668251292
evolution_strategy,sphere,115,13900,0.007457790668251292
evolution_strategy,sphere,115,14000,0.007457790668251292
evolution_strategy,sphere,115,14100,0.007457790668251292
evolution_strategy,sphere,115,14200,0.007457790668251292
evolution_strategy,sphere,115,14300,0.007457790668251292
evolution_strategy,sphere,115,14400,0.007457790668251292
evolution_strategy,sphere,115,14500,0.007457790668251292
evolution_strategy,sphere,115,14600,0.007457790668251292
evolution_strategy,sphere,115,14700,0.007457790668251292
evolution_strategy,sphere,115,14800,0.007457790668251292
evolution_strategy,sphere,115,14900,0.007457790668251292
evolution_strategy,sphere,115,15000,0.007457790668251292
evolution_strategy,sphere,115,15100,0.007457790668251292
evolution_strategy,sphere,115,15200,0.007457790668251292
evolution_strategy,sphere,115,15300,0.007457790668251292
evolution_strategy,sphere,115,15400,0.007457790668251292
evolution_strategy,sphere,115,15500,0.007457790668251292
evolution_strategy,sphere,115,15600,0.007457790668251292
evolution_strategy,sphere,115,15700,0.007457790668251292
evolution_strategy,sphere,115,15800,0.007457790668251292
evolution_strategy,sphere,115,15900,0.007457790668251292
evolution_strategy,sphere,115,16000,0.007457790668251292
evolution_strategy,sphere,115,16100,0.007457790668251292
evolution_strategy,sphere,115,16200,0.007457790668251292
evolution_strategy,sphere,115,16300,0.007457790668251292
evolution_strategy,sphere,115,16400,0.007457790668251292
evolution_strategy,sphere,115,16500,0.007457790668251292
evolution_strategy,sphere,115,16600,0.007457790668251292
evolution_strategy,sphere,115,16700,0.007457790668251292
evolution_strategy,sphere,115,16800,0.007457790668251292
evolution_strategy,sphere,115,16900,0.007457790668251292
evolution_strategy,sphere,115,17000,0.007457790668251292
evolution_strategy,sphere,115,17100,0.007457790668251292
evolution_strategy,sphere,115,17200,0.007457790668251292
evolution_strategy,sphere,115,17300,0.007457790668251292
evolution_strategy,sphere,115,17400,0.007457790668251292
evolution_strategy,sphere,115,17500,0.007457790668251292
evolution_strategy,sphere,115,17600,0.007457790668251292
evolution_strategy,sphere,115,17700,0.007457790668251292
evolution_strategy,sphere,115,17800,0.007457790668251292
evolution_strategy,sphere,115,17900,0.007457790668251292
evolution_strategy,sphere,115,18000,0.007457790668251292
evolution_strategy,sphere,115,18100,0.007457790668251292
evolution_strategy,sphere,115,18200,0.007457790668251292
evolution_strategy,sphere,115,18300,0.007457790668251292
evolution_strategy,sphere,115,18400,0.007457790668251292
evolution_strategy,sphere,115,18500,0.007457790668251292
evolution_strategy,sphere,115,18600,0.007457790668251292
evolution_strategy,sphere,115,18700,0.007457790668251292
evolution_strategy,sphere,115,18800,0.007457790668251292
evolution_strategy,sphere,115,18900,0.007457790668251292
evolution_strategy,sphere,115,19000,0.007457790668251292
evolution_strategy,sphere,115,19100,0.007457790668251292
evolution_strategy,sphere,115,19200,0.007457790668251292
evolution_strategy,sphere,115,19300,0.007457790668251292
evolution_strategy,sphere,115,19400,0.007457790668251292
evolution_strategy,sphere,115,19500,0.007457790668251292
evolution_strategy,sphere,115,19600,0.007457790668251292
evolution_strategy,sphere,115,19700,0.007457790668251292
evolution_strategy,sphere,115,19800,0.007457790668251292
evolution_strategy,sphere,115,19900,0.007457790668251292
evolution_strategy,sphere,115,20000,0.007457790668251292
evolution_strategy,sphere,116,100,41.28608628877988
evolution_strategy,sphere,116,200,36.343743513113864
evolution_strategy,sphere,116,300,32.74391589985575
evolution_strategy,sphere,116,400,28.448217917864184
evolution_strategy,sphere,116,500,25.106615809377093
evolution_strategy,sphere,116,600,23.12415924617397
evolution_strategy,sphere,116,700,20.27108832703989
evolution_strategy,sphere,116,800,17.11345404283912
evolution_strategy,sphere,116,900,14.723328589492894
evolution_strategy,sphere,116,1000,12.347620304231606
evolution_strategy,sphere,116,1100,10.07071288275524
evolution_strategy,sphere,116,1200,8.74720326842073
evolution_strategy,sphere,116,1300,6.873842386416762
evolution_strategy,sphere,116,1400,5.66356948742169
evolution_strategy,sphere,116,1500,3.989269559741015
evolution_strategy,sphere,116,1600,2.7189639524521945
evolution_strategy,sphere,116,1700,1.8120047038552936
evolution_strategy,sphere,116,1800,1.337524450663303
evolution_strategy,sphere,116,1900,0.9491332731268554
evolution_strategy,sphere,116,2000,0.5958309043936727
evolution_strategy,sphere,116,2100,0.2762319331638301
evolution_strategy,sphere,116,2200,0.25120747260179943
evolution_strategy,sphere,116,2300,0.09685731323916404
evolution_strategy,sphere,116,2400,0.054482418308151134
evolution_strategy,sphere,116,2500,0.03345708456929345
evolution_strategy,sphere,116,2600,0.03345708456929345
evolution_strategy,sphere,116,2700,0.025969065237938727
evolution_strategy,sphere,116,2800,0.025969065237938727
evolution_strategy,sphere,116,2900,0.019959480871073618
evolution_strategy,sphere,116,3000,0.019959480871073618
evolution_strategy,sphere,116,3100,0.014417491786323984
evolution_strategy,sphere,116,3200,0.014417491786323984
evolution_strategy,sphere,116,3300,0.014417491786323984
evolution_strategy,sphere,116,3400,0.014417491786323984
evolution_strategy,sphere,116,3500,0.014417491786323984
evolution_strategy,sphere,116,3600,0.014417491786323984
evolution_strategy,sphere,116,3700,0.014417491786323984
evolution_strategy,sphere,116,3800,0.014417491786323984
evolution_strategy,sphere,116,3900,0.014417491786323984
evolution_strategy,sphere,116,4000,0.014417491786323984
evolution_strategy,sphere,116,4100,0.014417491786323984
evolution_strategy,sphere,116,4200,0.013491966767667795
evolution_strategy,sphere,116,4300,0.013491966767667795
evolution_strategy,sphere,116,4400,0.013491966767667795
evolution_strategy,sphere,116,4500,0.013491966767667795
evolution_strategy,sphere,116,4600,0.013491966767667795
evolution_strategy,sphere,116,4700,0.013491966767667795
evolution_strategy,sphere,116,4800,0.013491966767667795
evolution_strategy,sphere,116,4900,0.013491966767667795
evolution_strategy,sphere,116,5000,0.013491966767667795
evolution_strategy,sphere,116,5100,0.013491966767667795
evolution_strategy,sphere,116,5200,0.013491966767667795
evolution_strategy,sphere,116,5300,0.013491966767667795
evolution_strategy,sphere,116,5400,0.013491966767667795
evolution_strategy,sphere,116,5500,0.013491966767667795
evolution_strategy,sphere,116,5600,0.013491966767667795
evolution_strategy,sphere,116,5700,0.013491966767667795
evolution_strategy,sphere,116,5800,0.013491966767667795
evolution_strategy,sphere,116,5900,0.013491966767667795
evolution_strategy,sphere,116,6000,0.013491966767667795
evolution_strategy,sphere,116,6100,0.013491966767667795
evolution_strategy,sphere,116,6200,0.013491966767667795
evolution_strategy,sphere,116,6300,0.013491966767667795
evolution_strategy,sphere,116,6400,0.013491966767667795
evolution_strategy,sphere,116,6500,0.013491966767667795
evolution_strategy,sphere,116,6600,0.013491966767667795
evolution_strategy,sphere,116,6700,0.013491966767667795
evolution_strategy,sphere,116,6800,0.013491966767667795
evolution_strategy,sphere,116,6900,0.013491966767667795
evolution_strategy,sphere,116,7000,0.013491966767667795
evolution_strategy,sphere,116,7100,0.013491966767667795
evolution_strategy,sphere,116,7200,0.013491966767667795
evolution_strategy,sphere,116,7300,0.013491966767667795
evolution_strategy,sphere,116,7400,0.013491966767667795
evolution_strategy,sphere,116,7500,0.013491966767667795
evolution_strategy,sphere,116,7600,0.013491966767667795
evolution_strategy,sphere,116,7700,0.013491966767667795
evolution_strategy,sphere,116,7800,0.013491966767667795
evolution_strategy,sphere,116,7900,0.013491966767667795
evolution_strategy,sphere,116,8000,0.013491966767667795
evolution_strategy,sphere,116,8100,0.013491966767667795
evolution_strategy,sphere,116,8200,0.013491966767667795
evolution_strategy,sphere,116,8300,0.013491966767667795
evolution_strategy,sphere,116,8400,0.013491966767667795
evolution_strategy,sphere,116,8500,0.013491966767667795
evolution_strategy,sphere,116,8600,0.013491966767667795
evolution_strategy,sphere,116,8700,0.013491966767667795
evolution_strategy,sphere,116,8800,0.013491966767667795
evolution_strategy,sphere,116,8900,0.013491966767667795
evolution_strategy,sphere,116,9000,0.013491966767667795
evolution_strategy,sphere,116,9100,0.013491966767667795
evolution_strategy,sphere,116,9200,0.013491966767667795
evolution_strategy,sphere,116,9300,0.013491966767667795
evolution_strategy,sphere,116,9400,0.013491966767667795
evolution_strategy,sphere,116,9500,0.006048309901813607
evolution_strategy,sphere,116,9600,0.006048309901813607
evolution_strategy,sphere,116,9700,0.006048309901813607
evolution_strategy,sphere,116,9800,0.006048309901813607
evolution_strategy,sphere,116,9900,0.006048309901813607
evolution_strategy,sphere,116,10000,0.006048309901813607
evolution_strategy,sphere,116,10100,0.006048309901813607
evolution_strategy,sphere,116,10200,0.006048309901813607
evolution_strategy,sphere,116,10300,0.006048309901813607
evolution_strategy,sphere,116,10400,0.006048309901813607
evolution_strategy,sphere,116,10500,0.006048309901813607
evolution_strategy,sphere,116,10600,0.006048309901813607
evolution_strategy,sphere,116,10700,0.006048309901813607
evolution_strategy,sphere,116,10800,0.006048309901813607
evolution_strategy,sphere,116,10900,0.006048309901813607
evolution_strategy,sphere,116,11000,0.006048309901813607
evolution_strategy,sphere,116,11100,0.006048309901813607
evolution_strategy,sphere,116,11200,0.006048309901813607
evolution_strategy,sphere,116,11300,0.006048309901813607
evolution_strategy,sphere,116,11400,0.006048309901813607
evolution_strategy,sphere,116,11500,0.006048309901813607
evolution_strategy,sphere,116,11600,0.006048309901813607
evolution_strategy,sphere,116,11700,0.006048309901813607
evolution_strategy,sphere,116,11800,0.006048309901813607
evolution_strategy,sphere,116,11900,0.006048309901813607
evolution_strategy,sphere,116,12000,0.006048309901813607
evolution_strategy,sphere,116,12100,0.006048309901813607
evolution_strategy,sphere,116,12200,0.006048309901813607
evolution_strategy,sphere,116,12300,0.006048309901813607
evolution_strategy,sphere,116,12400,0.006048309901813607
evolution_strategy,sphere,116,12500,0.006048309901813607
evolution_strategy,sphere,116,12600,0.006048309901813607
evolution_strategy,sphere,116,12700,0.006048309901813607
evolution_strategy,sphere,116,12800,0.006048309901813607
evolution_strategy,sphere,116,12900,0.006048309901813607
evolution_strategy,sphere,116,13000,0.006048309901813607
evolution_strategy,sphere,116,13100,0.006048309901813607
evolution_strategy,sphere,116,13200,0.006048309901813607
evolution_strategy,sphere,116,13300,0.006048309901813607
evolution_strategy,sphere,116,13400,0.006048309901813607
evolution_strategy,sphere,116,13500,0.006048309901813607
evolution_strategy,sphere,116,13600,0.006048309901813607
evolution_strategy,sphere,116,13700,0.006048309901813607
evolution_strategy,sphere,116,13800,0.006048309901813607
evolution_strategy,sphere,116,13900,0.006048309901813607
evolution_strategy,sphere,116,14000,0.006048309901813607
evolution_strategy,sphere,116,14100,0.006048309901813607
evolution_strategy,sphere,116,14200,0.006048309901813607
evolution_strategy,sphere,116,14300,0.006048309901813607
evolution_strategy,sphere,116,14400,0.006048309901813607
evolution_strategy,sphere,116,14500,0.006048309901813607
evolution_strategy,sphere,116,14600,0.006048309901813607
evolution_strategy,sphere,116,14700,0.006048309901813607
evolution_strategy,sphere,116,14800,0.006048309901813607
evolution_strategy,sphere,116,14900,0.006048309901813607
evolution_strategy,sphere,116,15000,0.006048309901813607
evolution_strategy,sphere,116,15100,0.006048309901813607
evolution_strategy,sphere,116,15200,0.006048309901813607
evolution_strategy,sphere,116,15300,0.006048309901813607
evolution_strategy,sphere,116,15400,0.006048309901813607
evolution_strategy,sphere,116,15500,0.006048309901813607
evolution_strategy,sphere,116,15600,0.006048309901813607
evolution_strategy,sphere,116,15700,0.006048309901813607
evolution_strategy,sphere,116,15800,0.006048309901813607
evolution_strategy,sphere,116,15900,0.006048309901813607
evolution_strategy,sphere,116,16000,0.006048309901813607
evolution_strategy,sphere,116,16100,0.006048309901813607
evolution_strategy,sphere,116,16200,0.006048309901813607
evolution_strategy,sphere,116,16300,0.006048309901813607
evolution_strategy,sphere,116,16400,0.006048309901813607
evolution_strategy,sphere,116,16500,0.006048309901813607
evolution_strategy,sphere,116,16600,0.006048309901813607
evolution_strategy,sphere,116,16700,0.006048309901813607
evolution_strategy,sphere,116,16800,0.006048309901813607
evolution_strategy,sphere,116,16900,0.006048309901813607
evolution_strategy,sphere,116,17000,0.006048309901813607
evolution_strategy,sphere,116,17100,0.006048309901813607
evolution_strategy,sphere,116,17200,0.006048309901813607
evolution_strategy,sphere,116,17300,0.006048309901813607
evolution_strategy,sphere,116,17400,0.006048309901813607
evolution_strategy,sphere,116,17500,0.006048309901813607
evolution_strategy,sphere,116,17600,0.006048309901813607
evolution_strategy,sphere,116,17700,0.006048309901813607
evolution_strategy,sphere,116,17800,0.006048309901813607
evolution_strategy,sphere,116,17900,0.006048309901813607
evolution_strategy,sphere,116,18000,0.006048309901813607
evolution_strategy,sphere,116,18100,0.006048309901813607
evolution_strategy,sphere,116,18200,0.006048309901813607
evolution_strategy,sphere,116,18300,0.006048309901813607
evolution_strategy,sphere,116,18400,0.006048309901813607
evolution_strategy,sphere,116,18500,0.006048309901813607
evolution_strategy,sphere,116,18600,0.006048309901813607
evolution_strategy,sphere,116,18700,0.006048309901813607
evolution_strategy,sphere,116,18800,0.006048309901813607
evolution_strategy,sphere,116,18900,0.006048309901813607
evolution_strategy,sphere,116,19000,0.006048309901813607
evolution_strategy,sphere,116,19100,0.006048309901813607
evolution_strategy,sphere,116,19200,0.006048309901813607
evolution_strategy,sphere,116,19300,0.006048309901813607
evolution_strategy,sphere,116,19400,0.006048309901813607
evolution_strategy,sphere,116,19500,0.006048309901813607
evolution_strategy,sphere,116,19600,0.006048309901813607
evolution_strategy,sphere,116,19700,0.006048309901813607
evolution_strategy,sphere,116,19800,0.006048309901813607
evolution_strategy,sphere,116,19900,0.006048309901813607
evolution_strategy,sphere,116,20000,0.006048309901813607
evolution_strategy,sphere,117,100,26.92421318843985
evolution_strategy,sphere,117,200,23.82203100817653
evolution_strategy,sphere,117,300,21.363520553874853
evolution_strategy,sphere,117,400,18.57977062736105
evolution_strategy,sphere,117,500,15.839348004297907
evolution_strategy,sphere,117,600,13.9652565006868
evolution_strategy,sphere,117,700,11.89649787016771
evolution_strategy,sphere,117,800,9.956739100334845
evolution_strategy,sphere,117,900,8.478751221285211
evolution_strategy,sphere,117,1000,6.71717257911597
evolution_strategy,sphere,117,1100,5.44133233465089
evolution_strategy,sphere,117,1200,3.9257366160132343
evolution_strategy,sphere,117,1300,2.6896873175618956
evolution_strategy,sphere,117,1400,1.907758779493307
evolution_strategy,sphere,117,1500,1.3572924442248087
evolution_strategy,sphere,117,1600,0.8338690795399646
evolution_strategy,sphere,117,1700,0.5216364611543083
evolution_strategy,sphere,117,1800,0.14932241887335582
evolution_strategy,sphere,117,1900,0.1039780217363425
evolution_strategy,sphere,117,2000,0.06642120400700274
evolution_strategy,sphere,117,2100,0.05632630764321418
evolution_strategy,sphere,117,2200,0.03299314777625614
evolution_strategy,sphere,117,2300,0.03299314777625614
evolution_strategy,sphere,117,2400,0.03299314777625614
evolution_strategy,sphere,117,2500,0.03299314777625614
evolution_strategy,sphere,117,2600,0.03299314777625614
evolution_strategy,sphere,117,2700,0.03299314777625614
evolution_strategy,sphere,117,2800,0.03299314777625614
evolution_strategy,sphere,117,2900,0.03299314777625614
evolution_strategy,sphere,117,3000,0.03299314777625614
evolution_strategy,sphere,117,3100,0.03299314777625614
evolution_strategy,sphere,117,3200,0.030205131216218255
evolution_strategy,sphere,117,3300,0.010951897043104699
evolution_strategy,sphere,117,3400,0.010951897043104699
evolution_strategy,sphere,117,3500,0.010951897043104699
evolution_strategy,sphere,117,3600,0.010951897043104699
evolution_strategy,sphere,117,3700,0.010951897043104699
evolution_strategy,sphere,117,3800,0.010951897043104699
evolution_strategy,sphere,117,3900,0.010951897043104699
evolution_strategy,sphere,117,4000,0.010951897043104699
evolution_strategy,sphere,117,4100,0.010951897043104699
evolution_strategy,sphere,117,4200,0.010951897043104699
evolution_strategy,sphere,117,4300,0.010951897043104699
evolution_strategy,sphere,117,4400,0.010951897043104699
evolution_strategy,sphere,117,4500,0.010951897043104699
evolution_strategy,sphere,117,4600,0.010951897043104699
evolution_strategy,sphere,117,4700,0.010951897043104699
evolution_strategy,sphere,117,4800,0.010951897043104699
evolution_strategy,sphere,117,4900,0.010951897043104699
evolution_strategy,sphere,117,5000,0.010951897043104699
evolution_strategy,sphere,117,5100,0.010951897043104699
evolution_strategy,sphere,117,5200,0.010951897043104699
evolution_strategy,sphere,117,5300,0.010951897043104699
evolution_strategy,sphere,117,5400,0.010951897043104699
evolution_strategy,sphere,117,5500,0.010951897043104699
evolution_strategy,sphere,117,5600,0.010951897043104699
evolution_strategy,sphere,117,5700,0.010951897043104699
evolution_strategy,sphere,117,5800,0.010951897043104699
evolution_strategy,sphere,117,5900,0.010951897043104699
evolution_strategy,sphere,117,6000,0.010951897043104699
evolution_strategy,sphere,117,6100,0.010951897043104699
evolution_strategy,sphere,117,6200,0.010951897043104699
evolution_strategy,sphere,117,6300,0.010951897043104699
evolution_strategy,sphere,117,6400,0.010951897043104699
evolution_strategy,sphere,117,6500,0.010951897043104699
evolution_strategy,sphere,117,6600,0.010951897043104699
evolution_strategy,sphere,117,6700,0.010951897043104699
evolution_strategy,sphere,117,6800,0.010951897043104699
evolution_strategy,sphere,117,6900,0.010951897043104699
evolution_strategy,sphere,117,7000,0.010951897043104699
evolution_strategy,sphere,117,7100,0.010951897043104699
evolution_strategy,sphere,117,7200,0.010951897043104699
evolution_strategy,sphere,117,7300,0.010951897043104699
evolution_strategy,sphere,117,7400,0.010951897043104699
evolution_strategy,sphere,117,7500,0.010951897043104699
evolution_strategy,sphere,117,7600,0.010951897043104699
evolution_strategy,sphere,117,7700,0.010951897043104699
evolution_strategy,sphere,117,7800,0.010951897043104699
evolution_strategy,sphere,117,7900,0.010951897043104699
evolution_strategy,sphere,117,8000,0.010951897043104699
evolution_strategy,sphere,117,8100,0.010951897043104699
evolution_strategy,sphere,117,8200,0.010951897043104699
evolution_strategy,sphere,117,8300,0.010951897043104699
evolution_strategy,sphere,117,8400,0.010951897043104699
evolution_strategy,sphere,117,8500,0.010951897043104699
evolution_strategy,sphere,117,8600,0.010951897043104699
evolution_strategy,sphere,117,8700,0.010951897043104699
evolution_strategy,sphere,117,8800,0.010951897043104699
evolution_strategy,sphere,117,8900,0.010951897043104699
evolution_strategy,sphere,117,9000,0.010951897043104699
evolution_strategy,sphere,117,9100,0.010951897043104699
evolution_strategy,sphere,117,9200,0.010951897043104699
evolution_strategy,sphere,117,9300,0.010951897043104699
evolution_strategy,sphere,117,9400,0.010951897043104699
evolution_strategy,sphere,117,9500,0.010951897043104699
evolution_strategy,sphere,117,9600,0.010951897043104699
evolution_strategy,sphere,117,9700,0.010951897043104699
evolution_strategy,sphere,117,9800,0.010951897043104699
evolution_strategy,sphere,117,9900,0.010951897043104699
evolution_strategy,sphere,117,10000,0.010951897043104699
evolution_strategy,sphere,117,10100,0.010951897043104699
evolution_strategy,sphere,117,10200,0.010951897043104699
evolution_strategy,sphere,117,10300,0.010951897043104699
evolution_strategy,sphere,117,10400,0.010951897043104699
evolution_strategy,sphere,117,10500,0.010951897043104699
evolution_strategy,sphere,117,10600,0.010951897043104699
evolution_strategy,sphere,117,10700,0.010951897043104699
evolution_strategy,sphere,117,10800,0.010951897043104699
evolution_strategy,sphere,117,10900,0.010951897043104699
evolution_strategy,sphere,117,11000,0.010951897043104699
evolution_strategy,sphere,117,11100,0.010951897043104699
evolution_strategy,sphere,117,11200,0.010951897043104699
evolution_strategy,sphere,117,11300,0.010951897043104699
evolution_strategy,sphere,117,11400,0.010951897043104699
evolution_strategy,sphere,117,11500,0.010951897043104699
evolution_strategy,sphere,117,11600,0.010951897043104699
evolution_strategy,sphere,117,11700,0.010951897043104699
evolution_strategy,sphere,117,11800,0.010951897043104699
evolution_strategy,sphere,117,11900,0.010951897043104699
evolution_strategy,sphere,117,12000,0.010951897043104699
evolution_strategy,sphere,117,12100,0.010951897043104699
evolution_strategy,sphere,117,12200,0.010951897043104699
evolution_strategy,sphere,117,12300,0.010951897043104699
evolution_strategy,sphere,117,12400,0.010951897043104699
evolution_strategy,sphere,117,12500,0.010951897043104699
evolution_strategy,sphere,117,12600,0.010951897043104699
evolution_strategy,sphere,117,12700,0.00798745891991434
evolution_strategy,sphere,117,12800,0.00798745891991434
evolution_strategy,sphere,117,12900,0.00798745891991434
evolution_strategy,sphere,117,13000,0.00798745891991434
evolution_strategy,sphere,117,13100,0.00798745891991434
evolution_strategy,sphere,117,13200,0.00798745891991434
evolution_strategy,sphere,117,13300,0.00798745891991434
evolution_strategy,sphere,117,13400,0.00798745891991434
evolution_strategy,sphere,117,13500,0.00798745891991434
evolution_strategy,sphere,117,13600,0.00798745891991434
evolution_strategy,sphere,117,13700,0.00798745891991434
evolution_strategy,sphere,117,13800,0.00798745891991434
evolution_strategy,sphere,117,13900,0.00798745891991434
evolution_strategy,sphere,117,14000,0.00798745891991434
evolution_strategy,sphere,117,14100,0.00798745891991434
evolution_strategy,sphere,117,14200,0.00798745891991434
evolution_strategy,sphere,117,14300,0.00798745891991434
evolution_strategy,sphere,117,14400,0.00798745891991434
evolution_strategy,sphere,117,14500,0.00798745891991434
evolution_strategy,sphere,117,14600,0.00798745891991434
evolution_strategy,sphere,117,14700,0.00798745891991434
evolution_strategy,sphere,117,14800,0.00798745891991434
evolution_strategy,sphere,117,14900,0.00798745891991434
evolution_strategy,sphere,117,15000,0.00798745891991434
evolution_strategy,sphere,117,15100,0.00798745891991434
evolution_strategy,sphere,117,15200,0.00798745891991434
evolution_strategy,sphere,117,15300,0.00798745891991434
evolution_strategy,sphere,117,15400,0.00798745891991434
evolution_strategy,sphere,117,15500,0.00798745891991434
evolution_strategy,sphere,117,15600,0.00798745891991434
evolution_strategy,sphere,117,15700,0.00798745891991434
evolution_strategy,sphere,117,15800,0.00798745891991434
evolution_strategy,sphere,117,15900,0.00798745891991434
evolution_strategy,sphere,117,16000,0.00798745891991434
evolution_strategy,sphere,117,16100,0.00798745891991434
evolution_strategy,sphere,117,16200,0.00798745891991434
evolution_strategy,sphere,117,16300,0.00798745891991434
evolution_strategy,sphere,117,16400,0.00798745891991434
evolution_strategy,sphere,117,16500,0.00798745891991434
evolution_strategy,sphere,117,16600,0.00798745891991434
evolution_strategy,sphere,117,16700,0.00798745891991434
evolution_strategy,sphere,117,16800,0.00798745891991434
evolution_strategy,sphere,117,16900,0.00798745891991434
evolution_strategy,sphere,117,17000,0.00798745891991434
evolution_strategy,sphere,117,17100,0.00798745891991434
evolution_strategy,sphere,117,17200,0.00798745891991434
evolution_strategy,sphere,117,17300,0.00798745891991434
evolution_strategy,sphere,117,17400,0.00798745891991434
evolution_strategy,sphere,117,17500,0.00798745891991434
evolution_strategy,sphere,117,17600,0.00798745891991434
evolution_strategy,sphere,117,17700,0.00798745891991434
evolution_strategy,sphere,117,17800,0.00798745891991434
evolution_strategy,sphere,117,17900,0.00798745891991434
evolution_strategy,sphere,117,18000,0.00798745891991434
evolution_strategy,sphere,117,18100,0.00798745891991434
evolution_strategy,sphere,117,18200,0.00798745891991434
evolution_strategy,sphere,117,18300,0.00798745891991434
evolution_strategy,sphere,117,18400,0.00798745891991434
evolution_strategy,sphere,117,18500,0.00798745891991434
evolution_strategy,sphere,117,18600,0.00798745891991434
evolution_strategy,sphere,117,18700,0.00798745891991434
evolution_strategy,sphere,117,18800,0.00798745891991434
evolution_strategy,sphere,117,18900,0.00798745891991434
evolution_strategy,sphere,117,19000,0.00798745891991434
evolution_strategy,sphere,117,19100,0.00798745891991434
evolution_strategy,sphere,117,19200,0.00798745891991434
evolution_strategy,sphere,117,19300,0.00798745891991434
evolution_strategy,sphere,117,19400,0.00798745891991434
evolution_strategy,sphere,117,19500,0.00798745891991434
evolution_strategy,sphere,117,19600,0.00798745891991434
evolution_strategy,sphere,117,19700,0.00798745891991434
evolution_strategy,sphere,117,19800,0.00798745891991434
evolution_strategy,sphere,117,19900,0.00798745891991434
evolution_strategy,sphere,117,20000,0.00798745891991434
evolution_strategy,sphere,118,100,38.51218762225835
evolution_strategy,sphere,118,200,35.01746728924009
evolution_strategy,sphere,118,300,31.26805154345642
evolution_strategy,sphere,118,400,28.41829206799085
evolution_strategy,sphere,118,500,24.875503716587723
evolution_strategy,sphere,118,600,23.668910004733952
evolution_strategy,sphere,118,700,21.094395377282638
evolution_strategy,sphere,118,800,17.82814525160964
evolution_strategy,sphere,118,900,15.803014439199512
evolution_strategy,sphere,118,1000,13.33082977042414
evolution_strategy,sphere,118,1100,11.04063730539277
evolution_strategy,sphere,118,1200,8.258215250808746
evolution_strategy,sphere,118,1300,7.46316948393328
evolution_strategy,sphere,118,1400,5.884395092642924
evolution_strategy,sphere,118,1500,4.82259944678032
evolution_strategy,sphere,118,1600,3.9336147167338806
evolution_strategy,sphere,118,1700,2.3372144417448357
evolution_strategy,sphere,118,1800,1.6072235400906751
evolution_strategy,sphere,118,1900,0.8662955904958727
evolution_strategy,sphere,118,2000,0.4223874395039663
evolution_strategy,sphere,118,2100,0.3031558649275077
evolution_strategy,sphere,118,2200,0.14180545441903952
evolution_strategy,sphere,118,2300,0.11350589656802063
evolution_strategy,sphere,118,2400,0.08808403043020512
evolution_strategy,sphere,118,2500,0.0643377780820276
evolution_strategy,sphere,118,2600,0.056734986838364115
evolution_strategy,sphere,118,2700,0.04746863402562544
evolution_strategy,sphere,118,2800,0.04435240200117311
evolution_strategy,sphere,118,2900,0.03607589924746297
evolution_strategy,sphere,118,3000,0.03607589924746297
evolution_strategy,sphere,118,3100,0.02568342115749678
evolution_strategy,sphere,118,3200,0.02568342115749678
evolution_strategy,sphere,118,3300,0.02568342115749678
evolution_strategy,sphere,118,3400,0.02568342115749678
evolution_strategy,sphere,118,3500,0.02568342115749678
evolution_strategy,sphere,118,3600,0.02568342115749678
evolution_strategy,sphere,118,3700,0.021777930415626295
evolution_strategy,sphere,118,3800,0.012744302351672523
evolution_strategy,sphere,118,3900,0.012744302351672523
evolution_strategy,sphere,118,4000,0.012744302351672523
evolution_strategy,sphere,118,4100,0.012744302351672523
evolution_strategy,sphere,118,4200,0.012744302351672523
evolution_strategy,sphere,118,4300,0.012744302351672523
evolution_strategy,sphere,118,4400,0.012744302351672523
evolution_strategy,sphere,118,4500,0.012744302351672523
evolution_strategy,sphere,118,4600,0.012744302351672523
evolution_strategy,sphere,118,4700,0.012744302351672523
evolution_strategy,sphere,118,4800,0.012744302351672523
evolution_strategy,sphere,118,4900,0.012744302351672523
evolution_strategy,sphere,118,5000,0.012744302351672523
evolution_strategy,sphere,118,5100,0.012744302351672523
evolution_strategy,sphere,118,5200,0.012744302351672523
evolution_strategy,sphere,118,5300,0.012744302351672523
evolution_strategy,sphere,118,5400,0.012744302351672523
evolution_strategy,sphere,118,5500,0.012744302351672523
evolution_strategy,sphere,118,5600,0.012744302351672523
evolution_strategy,sphere,118,5700,0.012744302351672523
evolution_strategy,sphere,118,5800,0.012744302351672523
evolution_strategy,sphere,118,5900,0.012744302351672523
evolution_strategy,sphere,118,6000,0.012744302351672523
evolution_strategy,sphere,118,6100,0.012744302351672523
evolution_strategy,sphere,118,6200,0.012744302351672523
evolution_strategy,sphere,118,6300,0.012744302351672523
evolution_strategy,sphere,118,6400,0.012744302351672523
evolution_strategy,sphere,118,6500,0.012744302351672523
evolution_strategy,sphere,118,6600,0.012744302351672523
evolution_strategy,sphere,118,6700,0.012744302351672523
evolution_strategy,sphere,118,6800,0.012744302351672523
evolution_strategy,sphere,118,6900,0.012744302351672523
evolution_strategy,sphere,118,7000,0.006341245693229714
evolution_strategy,sphere,118,7100,0.006341245693229714
evolution_strategy,sphere,118,7200,0.006341245693229714
evolution_strategy,sphere,118,7300,0.006341245693229714
evolution_strategy,sphere,118,7400,0.006341245693229714
evolution_strategy,sphere,118,7500,0.006341245693229714
evolution_strategy,sphere,118,7600,0.006341245693229714
evolution_strategy,sphere,118,7700,0.006341245693229714
evolution_strategy,sphere,118,7800,0.006341245693229714
evolution_strategy,sphere,118,7900,0.006341245693229714
evolution_strategy,sphere,118,8000,0.006341245693229714
evolution_strategy,sphere,118,8100,0.006341245693229714
evolution_strategy,sphere,118,8200,0.006341245693229714
evolution_strategy,sphere,118,8300,0.006341245693229714
evolution_strategy,sphere,118,8400,0.006341245693229714
evolution_strategy,sphere,118,8500,0.006341245693229714
evolution_strategy,sphere,118,8600,0.006341245693229714
evolution_strategy,sphere,118,8700,0.006341245693229714
evolution_strategy,sphere,118,8800,0.006341245693229714
evolution_strategy,sphere,118,8900,0.006341245693229714
evolution_strategy,sphere,118,9000,0.006341245693229714
evolution_strategy,sphere,118,9100,0.006341245693229714
evolution_strategy,sphere,118,9200,0.006341245693229714
evolution_strategy,sphere,118,9300,0.006341245693229714
evolution_strategy,sphere,118,9400,0.006341245693229714
evolution_strategy,sphere,118,9500,0.006341245693229714
evolution_strategy,sphere,118,9600,0.006341245693229714
evolution_strategy,sphere,118,9700,0.006341245693229714
evolution_strategy,sphere,118,9800,0.006341245693229714
evolution_strategy,sphere,118,9900,0.006341245693229714
evolution_strategy,sphere,118,10000,0.006341245693229714
evolution_strategy,sphere,118,10100,0.006341245693229714
evolution_strategy,sphere,118,10200,0.006341245693229714
evolution_strategy,sphere,118,10300,0.006341245693229714
evolution_strategy,sphere,118,10400,0.006341245693229714
evolution_strategy,sphere,118,10500,0.006341245693229714
evolution_strategy,sphere,118,10600,0.006341245693229714
evolution_strategy,sphere,118,10700,0.006341245693229714
evolution_strategy,sphere,118,10800,0.006341245693229714
evolution_strategy,sphere,118,10900,0.006341245693229714
evolution_strategy,sphere,118,11000,0.006341245693229714
evolution_strategy,sphere,118,11100,0.006341245693229714
evolution_strategy,sphere,118,11200,0.006341245693229714
evolution_strategy,sphere,118,11300,0.006341245693229714
evolution_strategy,sphere,118,11400,0.006341245693229714
evolution_strategy,sphere,118,11500,0.006341245693229714
evolution_strategy,sphere,118,11600,0.006341245693229714
evolution_strategy,sphere,118,11700,0.006341245693229714
evolution_strategy,sphere,118,11800,0.006341245693229714
evolution_strategy,sphere,118,11900,0.006341245693229714
evolution_strategy,sphere,118,12000,0.006341245693229714
evolution_strategy,sphere,118,12100,0.006341245693229714
evolution_strategy,sphere,118,12200,0.006341245693229714
evolution_strategy,sphere,118,12300,0.006341245693229714
evolution_strategy,sphere,118,12400,0.006341245693229714
evolution_strategy,sphere,118,12500,0.006341245693229714
evolution_strategy,sphere,118,12600,0.006341245693229714
evolution_strategy,sphere,118,12700,0.006341245693229714
evolution_strategy,sphere,118,12800,0.006341245693229714
evolution_strategy,sphere,118,12900,0.006341245693229714
evolution_strategy,sphere,118,13000,0.006341245693229714
evolution_strategy,sphere,118,13100,0.006341245693229714
evolution_strategy,sphere,118,13200,0.006341245693229714
evolution_strategy,sphere,118,13300,0.006341245693229714
evolution_strategy,sphere,118,13400,0.006341245693229714
evolution_strategy,sphere,118,13500,0.006341245693229714
evolution_strategy,sphere,118,13600,0.006341245693229714
evolution_strategy,sphere,118,13700,0.006341245693229714
evolution_strategy,sphere,118,13800,0.006341245693229714
evolution_strategy,sphere,118,13900,0.006341245693229714
evolution_strategy,sphere,118,14000,0.006341245693229714
evolution_strategy,sphere,118,14100,0.006341245693229714
evolution_strategy,sphere,118,14200,0.006341245693229714
evolution_strategy,sphere,118,14300,0.006341245693229714
evolution_strategy,sphere,118,14400,0.006341245693229714
evolution_strategy,sphere,118,14500,0.006341245693229714
evolution_strategy,sphere,118,14600,0.006341245693229714
evolution_strategy,sphere,118,14700,0.006341245693229714
evolution_strategy,sphere,118,14800,0.006341245693229714
evolution_strategy,sphere,118,14900,0.006341245693229714
evolution_strategy,sphere,118,15000,0.006341245693229714
evolution_strategy,sphere,118,15100,0.006341245693229714
evolution_strategy,sphere,118,15200,0.006341245693229714
evolution_strategy,sphere,118,15300,0.006341245693229714
evolution_strategy,sphere,118,15400,0.006341245693229714
evolution_strategy,sphere,118,15500,0.006341245693229714
evolution_strategy,sphere,118,15600,0.006341245693229714
evolution_strategy,sphere,118,15700,0.006341245693229714
evolution_strategy,sphere,118,15800,0.006341245693229714
evolution_strategy,sphere,118,15900,0.006341245693229714
evolution_strategy,sphere,118,16000,0.006341245693229714
evolution_strategy,sphere,118,16100,0.006341245693229714
evolution_strategy,sphere,118,16200,0.006341245693229714
evolution_strategy,sphere,118,16300,0.006341245693229714
evolution_strategy,sphere,118,16400,0.006341245693229714
evolution_strategy,sphere,118,16500,0.006341245693229714
evolution_strategy,sphere,118,16600,0.006341245693229714
evolution_strategy,sphere,118,16700,0.006341245693229714
evolution_strategy,sphere,118,16800,0.006341245693229714
evolution_strategy,sphere,118,16900,0.006341245693229714
evolution_strategy,sphere,118,17000,0.006341245693229714
evolution_strategy,sphere,118,17100,0.006341245693229714
evolution_strategy,sphere,118,17200,0.006341245693229714
evolution_strategy,sphere,118,17300,0.006341245693229714
evolution_strategy,sphere,118,17400,0.006341245693229714
evolution_strategy,sphere,118,17500,0.006341245693229714
evolution_strategy,sphere,118,17600,0.006341245693229714
evolution_strategy,sphere,118,17700,0.006341245693229714
evolution_strategy,sphere,118,17800,0.006341245693229714
evolution_strategy,sphere,118,17900,0.006341245693229714
evolution_strategy,sphere,118,18000,0.006341245693229714
evolution_strategy,sphere,118,18100,0.006341245693229714
evolution_strategy,sphere,118,18200,0.006341245693229714
evolution_strategy,sphere,118,18300,0.006341245693229714
evolution_strategy,sphere,118,18400,0.006341245693229714
evolution_strategy,sphere,118,18500,0.006341245693229714
evolution_strategy,sphere,118,18600,0.006341245693229714
evolution_strategy,sphere,118,18700,0.006341245693229714
evolution_strategy,sphere,118,18800,0.006341245693229714
evolution_strategy,sphere,118,18900,0.006341245693229714
evolution_strategy,sphere,118,19000,0.006341245693229714
evolution_strategy,sphere,118,19100,0.006341245693229714
evolution_strategy,sphere,118,19200,0.006341245693229714
evolution_strategy,sphere,118,19300,0.006341245693229714
evolution_strategy,sphere,118,19400,0.006341245693229714
evolution_strategy,sphere,118,19500,0.006341245693229714
evolution_strategy,sphere,118,19600,0.006341245693229714
evolution_strategy,sphere,118,19700,0.006341245693229714
evolution_strategy,sphere,118,19800,0.006341245693229714
evolution_strategy,sphere,118,19900,0.006341245693229714
evolution_strategy,sphere,118,20000,0.006341245693229714
evolution_strategy,sphere,119,100,18.64389786256817
evolution_strategy,sphere,119,200,16.127929455315353
evolution_strategy,sphere,119,300,13.979440412949446
evolution_strategy,sphere,119,400,12.153041545087628
evolution_strategy,sphere,119,500,10.610199446540836
evolution_strategy,sphere,119,600,7.842360661048897
evolution_strategy,sphere,119,700,5.832079943009045
evolution_strategy,sphere,119,800,4.515278576849676
evolution_strategy,sphere,119,900,3.2332303958517428
evolution_strategy,sphere,119,1000,1.829017784446098
evolution_strategy,sphere,119,1100,1.2222393136324154
evolution_strategy,sphere,119,1200,0.7120692175381503
evolution_strategy,sphere,119,1300,0.3308244658042927
evolution_strategy,sphere,119,1400,0.23201963788622929
evolution_strategy,sphere,119,1500,0.14865953224493217
evolution_strategy,sphere,119,1600,0.11026790521013445
evolution_strategy,sphere,119,1700,0.0630944064021739
evolution_strategy,sphere,119,1800,0.039193190806439904
evolution_strategy,sphere,119,1900,0.039193190806439904
evolution_strategy,sphere,119,2000,0.039193190806439904
evolution_strategy,sphere,119,2100,0.03467752274986041
evolution_strategy,sphere,119,2200,0.03467752274986041
evolution_strategy,sphere,119,2300,0.03467752274986041
evolution_strategy,sphere,119,2400,0.023443132752798294
evolution_strategy,sphere,119,2500,0.023443132752798294
evolution_strategy,sphere,119,2600,0.023443132752798294
evolution_strategy,sphere,119,2700,0.023443132752798294
evolution_strategy,sphere,119,2800,0.019938470102481308
evolution_strategy,sphere,119,2900,0.019938470102481308
evolution_strategy,sphere,119,3000,0.019599168101481112
evolution_strategy,sphere,119,3100,0.019599168101481112
evolution_strategy,sphere,119,3200,0.019599168101481112
evolution_strategy,sphere,119,3300,0.019599168101481112
evolution_strategy,sphere,119,3400,0.018008614642060237
evolution_strategy,sphere,119,3500,0.018008614642060237
evolution_strategy,sphere,119,3600,0.018008614642060237
evolution_strategy,sphere,119,3700,0.018008614642060237
evolution_strategy,sphere,119,3800,0.018008614642060237
evolution_strategy,sphere,119,3900,0.018008614642060237
evolution_strategy,sphere,119,4000,0.016446692563611115
evolution_strategy,sphere,119,4100,0.016446692563611115
evolution_strategy,sphere,119,4200,0.016446692563611115
evolution_strategy,sphere,119,4300,0.016446692563611115
evolution_strategy,sphere,119,4400,0.016446692563611115
evolution_strategy,sphere,119,4500,0.016446692563611115
evolution_strategy,sphere,119,4600,0.016446692563611115
evolution_strategy,sphere,119,4700,0.016446692563611115
evolution_strategy,sphere,119,4800,0.016446692563611115
evolution_strategy,sphere,119,4900,0.016446692563611115
evolution_strategy,sphere,119,5000,0.016446692563611115
evolution_strategy,sphere,119,5100,0.016446692563611115
evolution_strategy,sphere,119,5200,0.016446692563611115
evolution_strategy,sphere,119,5300,0.016446692563611115
evolution_strategy,sphere,119,5400,0.016446692563611115
evolution_strategy,sphere,119,5500,0.016446692563611115
evolution_strategy,sphere,119,5600,0.016446692563611115
evolution_strategy,sphere,119,5700,0.016446692563611115
evolution_strategy,sphere,119,5800,0.016446692563611115
evolution_strategy,sphere,119,5900,0.016446692563611115
evolution_strategy,sphere,119,6000,0.016446692563611115
evolution_strategy,sphere,119,6100,0.016446692563611115
evolution_strategy,sphere,119,6200,0.016446692563611115
evolution_strategy,sphere,119,6300,0.016446692563611115
evolution_strategy,sphere,119,6400,0.016446692563611115
evolution_strategy,sphere,119,6500,0.016446692563611115
evolution_strategy,sphere,119,6600,0.016446692563611115
evolution_strategy,sphere,119,6700,0.014086297931693753
evolution_strategy,sphere,119,6800,0.014086297931693753
evolution_strategy,sphere,119,6900,0.014086297931693753
evolution_strategy,sphere,119,7000,0.014086297931693753
evolution_strategy,sphere,119,7100,0.014086297931693753
evolution_strategy,sphere,119,7200,0.014086297931693753
evolution_strategy,sphere,119,7300,0.014086297931693753
evolution_strategy,sphere,119,7400,0.014086297931693753
evolution_strategy,sphere,119,7500,0.014086297931693753
evolution_strategy,sphere,119,7600,0.014086297931693753
evolution_strategy,sphere,119,7700,0.014086297931693753
evolution_strategy,sphere,119,7800,0.014086297931693753
evolution_strategy,sphere,119,7900,0.014086297931693753
evolution_strategy,sphere,119,8000,0.014086297931693753
evolution_strategy,sphere,119,8100,0.014086297931693753
evolution_strategy,sphere,119,8200,0.014086297931693753
evolution_strategy,sphere,119,8300,0.014086297931693753
evolution_strategy,sphere,119,8400,0.014086297931693753
evolution_strategy,sphere,119,8500,0.014086297931693753
evolution_strategy,sphere,119,8600,0.014086297931693753
evolution_strategy,sphere,119,8700,0.014086297931693753
evolution_strategy,sphere,119,8800,0.014086297931693753
evolution_strategy,sphere,119,8900,0.014086297931693753
evolution_strategy,sphere,119,9000,0.014086297931693753
evolution_strategy,sphere,119,9100,0.014086297931693753
evolution_strategy,sphere,119,9200,0.014086297931693753
evolution_strategy,sphere,119,9300,0.014086297931693753
evolution_strategy,sphere,119,9400,0.014086297931693753
evolution_strategy,sphere,119,9500,0.014086297931693753
evolution_strategy,sphere,119,9600,0.014086297931693753
evolution_strategy,sphere,119,9700,0.014086297931693753
evolution_strategy,sphere,119,9800,0.014086297931693753
evolution_strategy,sphere,119,9900,0.014086297931693753
evolution_strategy,sphere,119,10000,0.014086297931693753
evolution_strategy,sphere,119,10100,0.014086297931693753
evolution_strategy,sphere,119,10200,0.014086297931693753
evolution_strategy,sphere,119,10300,0.014086297931693753
evolution_strategy,sphere,119,10400,0.014086297931693753
evolution_strategy,sphere,119,10500,0.014086297931693753
evolution_strategy,sphere,119,10600,0.014086297931693753
evolution_strategy,sphere,119,10700,0.014086297931693753
evolution_strategy,sphere,119,10800,0.014086297931693753
evolution_strategy,sphere,119,10900,0.009146771909303603
evolution_strategy,sphere,119,11000,0.009146771909303603
evolution_strategy,sphere,119,11100,0.009146771909303603
evolution_strategy,sphere,119,11200,0.009146771909303603
evolution_strategy,sphere,119,11300,0.009146771909303603
evolution_strategy,sphere,119,11400,0.009146771909303603
evolution_strategy,sphere,119,11500,0.009146771909303603
evolution_strategy,sphere,119,11600,0.009146771909303603
evolution_strategy,sphere,119,11700,0.009146771909303603
evolution_strategy,sphere,119,11800,0.009146771909303603
evolution_strategy,sphere,119,11900,0.009146771909303603
evolution_strategy,sphere,119,12000,0.009146771909303603
evolution_strategy,sphere,119,12100,0.009146771909303603
evolution_strategy,sphere,119,12200,0.009146771909303603
evolution_strategy,sphere,119,12300,0.009146771909303603
evolution_strategy,sphere,119,12400,0.009146771909303603
evolution_strategy,sphere,119,12500,0.009146771909303603
evolution_strategy,sphere,119,12600,0.009146771909303603
evolution_strategy,sphere,119,12700,0.009146771909303603
evolution_strategy,sphere,119,12800,0.009146771909303603
evolution_strategy,sphere,119,12900,0.009146771909303603
evolution_strategy,sphere,119,13000,0.009146771909303603
evolution_strategy,sphere,119,13100,0.009146771909303603
evolution_strategy,sphere,119,13200,0.009146771909303603
evolution_strategy,sphere,119,13300,0.009146771909303603
evolution_strategy,sphere,119,13400,0.009146771909303603
evolution_strategy,sphere,119,13500,0.009146771909303603
evolution_strategy,sphere,119,13600,0.009146771909303603
evolution_strategy,sphere,119,13700,0.009146771909303603
evolution_strategy,sphere,119,13800,0.009146771909303603
evolution_strategy,sphere,119,13900,0.009146771909303603
evolution_strategy,sphere,119,14000,0.009146771909303603
evolution_strategy,sphere,119,14100,0.009146771909303603
evolution_strategy,sphere,119,14200,0.009146771909303603
evolution_strategy,sphere,119,14300,0.009146771909303603
evolution_strategy,sphere,119,14400,0.009146771909303603
evolution_strategy,sphere,119,14500,0.009146771909303603
evolution_strategy,sphere,119,14600,0.009146771909303603
evolution_strategy,sphere,119,14700,0.009146771909303603
evolution_strategy,sphere,119,14800,0.009146771909303603
evolution_strategy,sphere,119,14900,0.009146771909303603
evolution_strategy,sphere,119,15000,0.009146771909303603
evolution_strategy,sphere,119,15100,0.009146771909303603
evolution_strategy,sphere,119,15200,0.009146771909303603
evolution_strategy,sphere,119,15300,0.009146771909303603
evolution_strategy,sphere,119,15400,0.009146771909303603
evolution_strategy,sphere,119,15500,0.009146771909303603
evolution_strategy,sphere,119,15600,0.009146771909303603
evolution_strategy,sphere,119,15700,0.009146771909303603
evolution_strategy,sphere,119,15800,0.009146771909303603
evolution_strategy,sphere,119,15900,0.009146771909303603
evolution_strategy,sphere,119,16000,0.009146771909303603
evolution_strategy,sphere,119,16100,0.009146771909303603
evolution_strategy,sphere,119,16200,0.009146771909303603
evolution_strategy,sphere,119,16300,0.009146771909303603
evolution_strategy,sphere,119,16400,0.009146771909303603
evolution_strategy,sphere,119,16500,0.009146771909303603
evolution_strategy,sphere,119,16600,0.009146771909303603
evolution_strategy,sphere,119,16700,0.009146771909303603
evolution_strategy,sphere,119,16800,0.009146771909303603
evolution_strategy,sphere,119,16900,0.009146771909303603
evolution_strategy,sphere,119,17000,0.009146771909303603
evolution_strategy,sphere,119,17100,0.009146771909303603
evolution_strategy,sphere,119,17200,0.009146771909303603
evolution_strategy,sphere,119,17300,0.009146771909303603
evolution_strategy,sphere,119,17400,0.009146771909303603
evolution_strategy,sphere,119,17500,0.009146771909303603
evolution_strategy,sphere,119,17600,0.009146771909303603
evolution_strategy,sphere,119,17700,0.009146771909303603
evolution_strategy,sphere,119,17800,0.008586762796460656
evolution_strategy,sphere,119,17900,0.008586762796460656
evolution_strategy,sphere,119,18000,0.008586762796460656
evolution_strategy,sphere,119,18100,0.008586762796460656
evolution_strategy,sphere,119,18200,0.008586762796460656
evolution_strategy,sphere,119,18300,0.008586762796460656
evolution_strategy,sphere,119,18400,0.008586762796460656
evolution_strategy,sphere,119,18500,0.008586762796460656
evolution_strategy,sphere,119,18600,0.008586762796460656
evolution_strategy,sphere,119,18700,0.008586762796460656
evolution_strategy,sphere,119,18800,0.008586762796460656
evolution_strategy,sphere,119,18900,0.008586762796460656
evolution_strategy,sphere,119,19000,0.008586762796460656
evolution_strategy,sphere,119,19100,0.008586762796460656
evolution_strategy,sphere,119,19200,0.008586762796460656
evolution_strategy,sphere,119,19300,0.008586762796460656
evolution_strategy,sphere,119,19400,0.008586762796460656
evolution_strategy,sphere,119,19500,0.008586762796460656
evolution_strategy,sphere,119,19600,0.008586762796460656
evolution_strategy,sphere,119,19700,0.008586762796460656
evolution_strategy,sphere,119,19800,0.008586762796460656
evolution_strategy,sphere,119,19900,0.008586762796460656
evolution_strategy,sphere,119,20000,0.008586762796460656
