algorithm,benchmark,seed,evaluations,best_value
genetic_algorithm,rastrigin,100,100,95.73861320369103
genetic_algorithm,rastrigin,100,200,94.24842562980449
genetic_algorithm,rastrigin,100,300,85.3623922528967
genetic_algorithm,rastrigin,100,400,70.67035723968276
genetic_algorithm,rastrigin,100,500,67.35725050470377
genetic_algorithm,rastrigin,100,600,62.33747502158441
genetic_algorithm,rastrigin,100,700,58.8385727807528
genetic_algorithm,rastrigin,100,800,57.59488270000219
genetic_algorithm,rastrigin,100,900,56.840825134219955
genetic_algorithm,rastrigin,100,1000,52.06634458594566
genetic_algorithm,rastrigin,100,1100,51.93523429404304
genetic_algorithm,rastrigin,100,1200,51.32397092322457
genetic_algorithm,rastrigin,100,1300,51.19917130889372
genetic_algorithm,rastrigin,100,1400,42.75532984282228
genetic_algorithm,rastrigin,100,1500,36.77768161765109
genetic_algorithm,rastrigin,100,1600,31.450820684950003
genetic_algorithm,rastrigin,100,1700,30.152339465341512
genetic_algorithm,rastrigin,100,1800,29.539765254744182
genetic_algorithm,rastrigin,100,1900,28.503639653559432
genetic_algorithm,rastrigin,100,2000,26.660580717380768
genetic_algorithm,rastrigin,100,2100,26.120538248036553
genetic_algorithm,rastrigin,100,2200,24.96413001389776
genetic_algorithm,rastrigin,100,2300,19.724538365500365
genetic_algorithm,rastrigin,100,2400,19.678635322967622
genetic_algorithm,rastrigin,100,2500,17.943055388781772
genetic_algorithm,rastrigin,100,2600,17.943055388781772
genetic_algorithm,rastrigin,100,2700,17.857546542951468
genetic_algorithm,rastrigin,100,2800,17.857546542951468
genetic_algorithm,rastrigin,100,2900,17.82872130308681
genetic_algorithm,rastrigin,100,3000,16.145119345349343
genetic_algorithm,rastrigin,100,3100,16.14310981184984
genetic_algorithm,rastrigin,100,3200,13.17217347948423
genetic_algorithm,rastrigin,100,3300,12.775419643504677
genetic_algorithm,rastrigin,100,3400,12.775304251092592
genetic_algorithm,rastrigin,100,3500,12.693811752658348
genetic_algorithm,rastrigin,100,3600,11.249959678558838
genetic_algorithm,rastrigin,100,3700,10.41921746102551
genetic_algorithm,rastrigin,100,3800,10.220323253055142
genetic_algorithm,rastrigin,100,3900,9.906269538111658
genetic_algorithm,rastrigin,100,4000,9.906269496805493
genetic_algorithm,rastrigin,100,4100,9.906269496805493
genetic_algorithm,rastrigin,100,4200,7.6733524522404934
genetic_algorithm,rastrigin,100,4300,7.62857558085723
genetic_algorithm,rastrigin,100,4400,7.438444991256333
genetic_algorithm,rastrigin,100,4500,7.438444991256333
genetic_algorithm,rastrigin,100,4600,7.344743292164452
genetic_algorithm,rastrigin,100,4700,6.430299559027233
genetic_algorithm,rastrigin,100,4800,6.171163096640186
genetic_algorithm,rastrigin,100,4900,5.469995188157981
genetic_algorithm,rastrigin,100,5000,4.9313503741879
genetic_algorithm,rastrigin,100,5100,4.9067070325492494
genetic_algorithm,rastrigin,100,5200,4.906436124817276
genetic_algorithm,rastrigin,100,5300,4.906436124817276
genetic_algorithm,rastrigin,100,5400,4.906436124817276
genetic_algorithm,rastrigin,100,5500,4.906436124817276
genetic_algorithm,rastrigin,100,5600,4.061420825121985
genetic_algorithm,rastrigin,100,5700,4.061420825121985
genetic_algorithm,rastrigin,100,5800,3.951576074280922
genetic_algorithm,rastrigin,100,5900,3.841529748048643
genetic_algorithm,rastrigin,100,6000,3.8414078602761066
genetic_algorithm,rastrigin,100,6100,3.579922950591424
genetic_algorithm,rastrigin,100,6200,3.579922950591424
genetic_algorithm,rastrigin,100,6300,3.5799229341841396
genetic_algorithm,rastrigin,100,6400,3.494988576502166
genetic_algorithm,rastrigin,100,6500,2.7136413677066855
genetic_algorithm,rastrigin,100,6600,2.6687982656488884
genetic_algorithm,rastrigin,100,6700,2.6686094125301025
genetic_algorithm,rastrigin,100,6800,2.610036281970821
genetic_algorithm,rastrigin,100,6900,2.609064441333004
genetic_algorithm,rastrigin,100,7000,2.609064441333004
genetic_algorithm,rastrigin,100,7100,2.6020053936073424
genetic_algorithm,rastrigin,100,7200,2.6020052632590733
genetic_algorithm,rastrigin,100,7300,2.45929042068812
genetic_algorithm,rastrigin,100,7400,2.353510420786918
genetic_algorithm,rastrigin,100,7500,2.353510420786918
genetic_algorithm,rastrigin,100,7600,2.3535085734443015
genetic_algorithm,rastrigin,100,7700,2.3418581158360894
genetic_algorithm,rastrigin,100,7800,1.9455995652657094
genetic_algorithm,rastrigin,100,7900,1.762296544354669
genetic_algorithm,rastrigin,100,8000,1.4584506789449705
genetic_algorithm,rastrigin,100,8100,1.458228421145975
genetic_algorithm,rastrigin,100,8200,1.458228421145975
genetic_algorithm,rastrigin,100,8300,1.4464377791658904
genetic_algorithm,rastrigin,100,8400,1.3995477639439144
genetic_algorithm,rastrigin,100,8500,1.399312079518964
genetic_algorithm,rastrigin,100,8600,1.3927765790825504
genetic_algorithm,rastrigin,100,8700,1.3927765790825504
genetic_algorithm,rastrigin,100,8800,1.2761508893272548
genetic_algorithm,rastrigin,100,8900,1.0996793643988525
genetic_algorithm,rastrigin,100,9000,1.013376630138211
genetic_algorithm,rastrigin,100,9100,0.5468160509569628
genetic_algorithm,rastrigin,100,9200,0.5301036990766335
genetic_algorithm,rastrigin,100,9300,0.5301036990766335
genetic_algorithm,rastrigin,100,9400,0.5232355976500003
genetic_algorithm,rastrigin,100,9500,0.5228769702258518
genetic_algorithm,rastrigin,100,9600,0.5022607693753685
genetic_algorithm,rastrigin,100,9700,0.501897397684985
genetic_algorithm,rastrigin,100,9800,0.5001330334240777
genetic_algorithm,rastrigin,100,9900,0.4748959079654895
genetic_algorithm,rastrigin,100,10000,0.4748959079654895
genetic_algorithm,rastrigin,100,10100,0.2041792303242005
genetic_algorithm,rastrigin,100,10200,0.20417921874384604
genetic_algorithm,rastrigin,100,10300,0.19409561405591091
genetic_algorithm,rastrigin,100,10400,0.18803380796711622
genetic_algorithm,rastrigin,100,10500,0.13576695261286886
genetic_algorithm,rastrigin,100,10600,0.13023945731188746
genetic_algorithm,rastrigin,100,10700,0.13023945731188746
genetic_algorithm,rastrigin,100,10800,0.13023945731188746
genetic_algorithm,rastrigin,100,10900,0.12791263714680667
genetic_algorithm,rastrigin,100,11000,0.12530156715160956
genetic_algorithm,rastrigin,100,11100,0.12167686315889625
genetic_algorithm,rastrigin,100,11200,0.12165046256647827
genetic_algorithm,rastrigin,100,11300,0.1138748295496157
genetic_algorithm,rastrigin,100,11400,0.10817025272251612
genetic_algorithm,rastrigin,100,11500,0.10817025272251612
genetic_algorithm,rastrigin,100,11600,0.07770180735752774
genetic_algorithm,rastrigin,100,11700,0.06962706056577872
genetic_algorithm,rastrigin,100,11800,0.06850391341168915
genetic_algorithm,rastrigin,100,11900,0.06850252874994567
genetic_algorithm,rastrigin,100,12000,0.067160812034885
genetic_algorithm,rastrigin,100,12100,0.06389164218172994
genetic_algorithm,rastrigin,100,12200,0.06273320867927623
genetic_algorithm,rastrigin,100,12300,0.05891166008089499
genetic_algorithm,rastrigin,100,12400,0.050532096828732165
genetic_algorithm,rastrigin,100,12500,0.05053204486259233
genetic_algorithm,rastrigin,100,12600,0.05053204486259233
genetic_algorithm,rastrigin,100,12700,0.05053204486259233
genetic_algorithm,rastrigin,100,12800,0.05052972733257377
genetic_algorithm,rastrigin,100,12900,0.05052972733257377
genetic_algorithm,rastrigin,100,13000,0.048261988687585244
genetic_algorithm,rastrigin,100,13100,0.04826197798706744
genetic_algorithm,rastrigin,100,13200,0.04826197798706744
genetic_algorithm,rastrigin,100,13300,0.04826197798706744
genetic_algorithm,rastrigin,100,13400,0.047537781891946906
genetic_algorithm,rastrigin,100,13500,0.047537781891946906
genetic_algorithm,rastrigin,100,13600,0.04737207150338918
genetic_algorithm,rastrigin,100,13700,0.047010679844660785
genetic_algorithm,rastrigin,100,13800,0.03832959730539187
genetic_algorithm,rastrigin,100,13900,0.03801620831872299
genetic_algorithm,rastrigin,100,14000,0.03760892751527933
genetic_algorithm,rastrigin,100,14100,0.03757467259902114
genetic_algorithm,rastrigin,100,14200,0.03757467259902114
genetic_algorithm,rastrigin,100,14300,0.035911314224080115
genetic_algorithm,rastrigin,100,14400,0.03482322828496365
genetic_algorithm,rastrigin,100,14500,0.03480075431977525
genetic_algorithm,rastrigin,100,14600,0.03376597407226711
genetic_algorithm,rastrigin,100,14700,0.03376597407226711
genetic_algorithm,rastrigin,100,14800,0.028405617641951153
genetic_algorithm,rastrigin,100,14900,0.028405617641951153
genetic_algorithm,rastrigin,100,15000,0.028284310343195784
genetic_algorithm,rastrigin,100,15100,0.028284202171860784
genetic_algorithm,rastrigin,100,15200,0.0282731834936385
genetic_algorithm,rastrigin,100,15300,0.027975996892251942
genetic_algorithm,rastrigin,100,15400,0.027422166189978725
genetic_algorithm,rastrigin,100,15500,0.027420965039610223
genetic_algorithm,rastrigin,100,15600,0.02741531612943504
genetic_algorithm,rastrigin,100,15700,0.026652173681057434
genetic_algorithm,rastrigin,100,15800,0.026652173681057434
genetic_algorithm,rastrigin,100,15900,0.02375026710956263
genetic_algorithm,rastrigin,100,16000,0.02375026710956263
genetic_algorithm,rastrigin,100,16100,0.02375026710956263
genetic_algorithm,rastrigin,100,16200,0.023509927924919793
genetic_algorithm,rastrigin,100,16300,0.023509927924919793
genetic_algorithm,rastrigin,100,16400,0.019505712826642707
genetic_algorithm,rastrigin,100,16500,0.01950563035997277
genetic_algorithm,rastrigin,100,16600,0.017879608407440628
genetic_algorithm,rastrigin,100,16700,0.017782114178473307
genetic_algorithm,rastrigin,100,16800,0.017210565320027627
genetic_algorithm,rastrigin,100,16900,0.016167013772502514
genetic_algorithm,rastrigin,100,17000,0.01603243492331785
genetic_algorithm,rastrigin,100,17100,0.01603243492331785
genetic_algorithm,rastrigin,100,17200,0.01597209633976604
genetic_algorithm,rastrigin,100,17300,0.015928903383112925
genetic_algorithm,rastrigin,100,17400,0.015928903383112925
genetic_algorithm,rastrigin,100,17500,0.01592563953366266
genetic_algorithm,rastrigin,100,17600,0.01562093366010231
genetic_algorithm,rastrigin,100,17700,0.014958178996465676
genetic_algorithm,rastrigin,100,17800,0.014958178996465676
genetic_algorithm,rastrigin,100,17900,0.012219561112232213
genetic_algorithm,rastrigin,100,18000,0.011418798125902185
genetic_algorithm,rastrigin,100,18100,0.011418322571003614
genetic_algorithm,rastrigin,100,18200,0.011041457660127207
genetic_algorithm,rastrigin,100,18300,0.010698397404610205
genetic_algorithm,rastrigin,100,18400,0.006134223260048088
genetic_algorithm,rastrigin,100,18500,0.006134223260048088
genetic_algorithm,rastrigin,100,18600,0.0057703535498490055
genetic_algorithm,rastrigin,100,18700,0.005770256080239733
genetic_algorithm,rastrigin,100,18800,0.005770256080239733
genetic_algorithm,rastrigin,100,18900,0.005750627595887181
genetic_algorithm,rastrigin,100,19000,0.005666521080229359
genetic_algorithm,rastrigin,100,19100,0.005639323505732818
genetic_algorithm,rastrigin,100,19200,0.0053420092482099335
genetic_algorithm,rastrigin,100,19300,0.0053420092482099335
genetic_algorithm,rastrigin,100,19400,0.0053420092482099335
genetic_algorithm,rastrigin,100,19500,0.005101781475417511
genetic_algorithm,rastrigin,100,19600,0.004880697075805074
genetic_algorithm,rastrigin,100,19700,0.004757458496257527
genetic_algorithm,rastrigin,100,19800,0.00473099341691352
genetic_algorithm,rastrigin,100,19900,0.00473099341691352
genetic_algorithm,rastrigin,100,20000,0.004609955144175615
genetic_algorithm,rastrigin,101,100,96.0811485379566
genetic_algorithm,rastrigin,101,200,62.04130329707957
genetic_algorithm,rastrigin,101,300,55.19631036481495
genetic_algorithm,rastrigin,101,400,44.11154654724993
genetic_algorithm,rastrigin,101,500,40.126334595720266
genetic_algorithm,rastrigin,101,600,40.105406577144535
genetic_algorithm,rastrigin,101,700,38.61981400161498
genetic_algorithm,rastrigin,101,800,35.02599836974085
genetic_algorithm,rastrigin,101,900,34.77232116254592
genetic_algorithm,rastrigin,101,1000,34.56747412917717
genetic_algorithm,rastrigin,101,1100,31.095395170850793
genetic_algorithm,rastrigin,101,1200,27.752968111759273
genetic_algorithm,rastrigin,101,1300,27.752968111759273
genetic_algorithm,rastrigin,101,1400,27.235793593501626
genetic_algorithm,rastrigin,101,1500,24.052880278871456
genetic_algorithm,rastrigin,101,1600,24.043367958142596
genetic_algorithm,rastrigin,101,1700,23.2775269908759
genetic_algorithm,rastrigin,101,1800,23.2775269908759
genetic_algorithm,rastrigin,101,1900,22.63080411424214
genetic_algorithm,rastrigin,101,2000,19.73843891960081
genetic_algorithm,rastrigin,101,2100,19.572419237050994
genetic_algorithm,rastrigin,101,2200,16.98204172518379
genetic_algorithm,rastrigin,101,2300,16.917492078216895
genetic_algorithm,rastrigin,101,2400,15.978921746873638
genetic_algorithm,rastrigin,101,2500,15.459948444437728
genetic_algorithm,rastrigin,101,2600,14.823922930394119
genetic_algorithm,rastrigin,101,2700,14.64812862522487
genetic_algorithm,rastrigin,101,2800,14.530516459815388
genetic_algorithm,rastrigin,101,2900,12.655573833573257
genetic_algorithm,rastrigin,101,3000,12.655573833573257
genetic_algorithm,rastrigin,101,3100,12.444248385378273
genetic_algorithm,rastrigin,101,3200,11.840382140774835
genetic_algorithm,rastrigin,101,3300,10.1439153901063
genetic_algorithm,rastrigin,101,3400,10.120926856641162
genetic_algorithm,rastrigin,101,3500,10.047512362976775
genetic_algorithm,rastrigin,101,3600,10.046389823866988
genetic_algorithm,rastrigin,101,3700,9.778614693548732
genetic_algorithm,rastrigin,101,3800,8.88952601722282
genetic_algorithm,rastrigin,101,3900,7.479729728598272
genetic_algorithm,rastrigin,101,4000,7.478128120876292
genetic_algorithm,rastrigin,101,4100,7.432776268746409
genetic_algorithm,rastrigin,101,4200,7.316601332298873
genetic_algorithm,rastrigin,101,4300,7.316539364582226
genetic_algorithm,rastrigin,101,4400,7.316539364582226
genetic_algorithm,rastrigin,101,4500,7.308300209518109
genetic_algorithm,rastrigin,101,4600,7.236044442343058
genetic_algorithm,rastrigin,101,4700,7.234457290385933
genetic_algorithm,rastrigin,101,4800,7.234457290385933
genetic_algorithm,rastrigin,101,4900,7.226117520986293
genetic_algorithm,rastrigin,101,5000,6.4060448137622785
genetic_algorithm,rastrigin,101,5100,6.223735699386609
genetic_algorithm,rastrigin,101,5200,5.3865767718248065
genetic_algorithm,rastrigin,101,5300,3.432125644310773
genetic_algorithm,rastrigin,101,5400,3.432125644310773
genetic_algorithm,rastrigin,101,5500,3.432082918785298
genetic_algorithm,rastrigin,101,5600,3.2037667827213028
genetic_algorithm,rastrigin,101,5700,3.199533011641506
genetic_algorithm,rastrigin,101,5800,3.199533011641506
genetic_algorithm,rastrigin,101,5900,3.199533011641506
genetic_algorithm,rastrigin,101,6000,3.18970243658228
genetic_algorithm,rastrigin,101,6100,3.189532060091466
genetic_algorithm,rastrigin,101,6200,3.115297039069503
genetic_algorithm,rastrigin,101,6300,3.1127811639134677
genetic_algorithm,rastrigin,101,6400,3.1127811639134677
genetic_algorithm,rastrigin,101,6500,2.6287925710001616
genetic_algorithm,rastrigin,101,6600,2.6287925710001616
genetic_algorithm,rastrigin,101,6700,2.6287925710001616
genetic_algorithm,rastrigin,101,6800,2.496757022436668
genetic_algorithm,rastrigin,101,6900,2.385047178667662
genetic_algorithm,rastrigin,101,7000,2.385047178667662
genetic_algorithm,rastrigin,101,7100,2.184957646567028
genetic_algorithm,rastrigin,101,7200,1.4505654830460628
genetic_algorithm,rastrigin,101,7300,1.4505654830460628
genetic_algorithm,rastrigin,101,7400,1.4505654830460628
genetic_algorithm,rastrigin,101,7500,0.8055378892797336
genetic_algorithm,rastrigin,101,7600,0.7153480525143721
genetic_algorithm,rastrigin,101,7700,0.7104857499413555
genetic_algorithm,rastrigin,101,7800,0.7054022866237517
genetic_algorithm,rastrigin,101,7900,0.698536038090225
genetic_algorithm,rastrigin,101,8000,0.6840273149026217
genetic_algorithm,rastrigin,101,8100,0.6392591249801995
genetic_algorithm,rastrigin,101,8200,0.6376469893976804
genetic_algorithm,rastrigin,101,8300,0.45372095352183806
genetic_algorithm,rastrigin,101,8400,0.45004166447121463
genetic_algorithm,rastrigin,101,8500,0.3894295244926269
genetic_algorithm,rastrigin,101,8600,0.38934660503623775
genetic_algorithm,rastrigin,101,8700,0.38546330709451126
genetic_algorithm,rastrigin,101,8800,0.3781758281838421
genetic_algorithm,rastrigin,101,8900,0.36425360369712223
genetic_algorithm,rastrigin,101,9000,0.3640359572620042
genetic_algorithm,rastrigin,101,9100,0.36073236783332163
genetic_algorithm,rastrigin,101,9200,0.32813478343958025
genetic_algorithm,rastrigin,101,9300,0.3280823837879012
genetic_algorithm,rastrigin,101,9400,0.3280823837879012
genetic_algorithm,rastrigin,101,9500,0.3280793982889776
genetic_algorithm,rastrigin,101,9600,0.3258704470400744
genetic_algorithm,rastrigin,101,9700,0.3237849892493756
genetic_algorithm,rastrigin,101,9800,0.3237815978126406
genetic_algorithm,rastrigin,101,9900,0.32378118389166843
genetic_algorithm,rastrigin,101,10000,0.3089938873429219
genetic_algorithm,rastrigin,101,10100,0.30457254571304304
genetic_algorithm,rastrigin,101,10200,0.30457254571304304
genetic_algorithm,rastrigin,101,10300,0.2999784026429779
genetic_algorithm,rastrigin,101,10400,0.2999784026429779
genetic_algorithm,rastrigin,101,10500,0.2999784026429779
genetic_algorithm,rastrigin,101,10600,0.2999784026429779
genetic_algorithm,rastrigin,101,10700,0.2999784026429779
genetic_algorithm,rastrigin,101,10800,0.2982483720928286
genetic_algorithm,rastrigin,101,10900,0.2936854750455211
genetic_algorithm,rastrigin,101,11000,0.2797408471758871
genetic_algorithm,rastrigin,101,11100,0.2791597785478075
genetic_algorithm,rastrigin,101,11200,0.2759138354871453
genetic_algorithm,rastrigin,101,11300,0.06004800620509343
genetic_algorithm,rastrigin,101,11400,0.05865765351043706
genetic_algorithm,rastrigin,101,11500,0.05396255510410697
genetic_algorithm,rastrigin,101,11600,0.040926586445564794
genetic_algorithm,rastrigin,101,11700,0.03701729705572632
genetic_algorithm,rastrigin,101,11800,0.031236014534172796
genetic_algorithm,rastrigin,101,11900,0.030912561291657425
genetic_algorithm,rastrigin,101,12000,0.028650792341210263
genetic_algorithm,rastrigin,101,12100,0.028648244416530133
genetic_algorithm,rastrigin,101,12200,0.02864759805984818
genetic_algorithm,rastrigin,101,12300,0.028620293933187213
genetic_algorithm,rastrigin,101,12400,0.02861737092806038
genetic_algorithm,rastrigin,101,12500,0.02861737092806038
genetic_algorithm,rastrigin,101,12600,0.02646145597603322
genetic_algorithm,rastrigin,101,12700,0.026184636744758905
genetic_algorithm,rastrigin,101,12800,0.026184636744758905
genetic_algorithm,rastrigin,101,12900,0.026183516163428067
genetic_algorithm,rastrigin,101,13000,0.026183516163428067
genetic_algorithm,rastrigin,101,13100,0.02471788342879222
genetic_algorithm,rastrigin,101,13200,0.024668115880558616
genetic_algorithm,rastrigin,101,13300,0.02466611241487726
genetic_algorithm,rastrigin,101,13400,0.02466611241487726
genetic_algorithm,rastrigin,101,13500,0.02465665864906441
genetic_algorithm,rastrigin,101,13600,0.024432027193711292
genetic_algorithm,rastrigin,101,13700,0.0243779603012797
genetic_algorithm,rastrigin,101,13800,0.0243779603012797
genetic_algorithm,rastrigin,101,13900,0.023704089127846828
genetic_algorithm,rastrigin,101,14000,0.011409152582942284
genetic_algorithm,rastrigin,101,14100,0.011409152582942284
genetic_algorithm,rastrigin,101,14200,0.011409152582942284
genetic_algorithm,rastrigin,101,14300,0.010773835221712602
genetic_algorithm,rastrigin,101,14400,0.010773835221712602
genetic_algorithm,rastrigin,101,14500,0.010527002183025047
genetic_algorithm,rastrigin,101,14600,0.010527002183025047
genetic_algorithm,rastrigin,101,14700,0.010527002183025047
genetic_algorithm,rastrigin,101,14800,0.010527002183025047
genetic_algorithm,rastrigin,101,14900,0.008787995566578388
genetic_algorithm,rastrigin,101,15000,0.008787995566578388
genetic_algorithm,rastrigin,101,15100,0.006931425645277045
genetic_algorithm,rastrigin,101,15200,0.006874036890650359
genetic_algorithm,rastrigin,101,15300,0.006874036890650359
genetic_algorithm,rastrigin,101,15400,0.006874036890650359
genetic_algorithm,rastrigin,101,15500,0.006867983103248321
genetic_algorithm,rastrigin,101,15600,0.006845478743628064
genetic_algorithm,rastrigin,101,15700,0.006773665220933367
genetic_algorithm,rastrigin,101,15800,0.006773665220933367
genetic_algorithm,rastrigin,101,15900,0.006570118890209642
genetic_algorithm,rastrigin,101,16000,0.0062406799382728195
genetic_algorithm,rastrigin,101,16100,0.006238689193779123
genetic_algorithm,rastrigin,101,16200,0.006238689077733284
genetic_algorithm,rastrigin,101,16300,0.006238689077733284
genetic_algorithm,rastrigin,101,16400,0.005634456971051804
genetic_algorithm,rastrigin,101,16500,0.005469062691076942
genetic_algorithm,rastrigin,101,16600,0.0048290491037761285
genetic_algorithm,rastrigin,101,16700,0.004828848338306102
genetic_algorithm,rastrigin,101,16800,0.0028634198185102377
genetic_algorithm,rastrigin,101,16900,0.0028634198185102377
genetic_algorithm,rastrigin,101,17000,0.0026033583677502747
genetic_algorithm,rastrigin,101,17100,0.0025995412314046007
genetic_algorithm,rastrigin,101,17200,0.0025977643442161025
genetic_algorithm,rastrigin,101,17300,0.0025955521298470785
genetic_algorithm,rastrigin,101,17400,0.002573787852909959
genetic_algorithm,rastrigin,101,17500,0.0019008335534920207
genetic_algorithm,rastrigin,101,17600,0.0019008335534920207
genetic_algorithm,rastrigin,101,17700,0.0018968021347944841
genetic_algorithm,rastrigin,101,17800,0.0005539314465607958
genetic_algorithm,rastrigin,101,17900,0.0005020285463075425
genetic_algorithm,rastrigin,101,18000,0.0004990827340520809
genetic_algorithm,rastrigin,101,18100,0.0004990827340520809
genetic_algorithm,rastrigin,101,18200,0.0004989509548352089
genetic_algorithm,rastrigin,101,18300,0.0004989509548352089
genetic_algorithm,rastrigin,101,18400,0.0004989509548352089
genetic_algorithm,rastrigin,101,18500,0.0004977250856939008
genetic_algorithm,rastrigin,101,18600,0.00040111296111433603
genetic_algorithm,rastrigin,101,18700,0.00040111296111433603
genetic_algorithm,rastrigin,101,18800,0.00040111296111433603
genetic_algorithm,rastrigin,101,18900,0.000394561248157288
genetic_algorithm,rastrigin,101,19000,0.000286263791139163
genetic_algorithm,rastrigin,101,19100,0.000286263791139163
genetic_algorithm,rastrigin,101,19200,0.00028430727942918566
genetic_algorithm,rastrigin,101,19300,0.00028430727942918566
genetic_algorithm,rastrigin,101,19400,0.00028161548864602537
genetic_algorithm,rastrigin,101,19500,0.0002794034877382501
genetic_algorithm,rastrigin,101,19600,0.00027355301362774753
genetic_algorithm,rastrigin,101,19700,0.0002734819078682449
genetic_algorithm,rastrigin,101,19800,0.0002734819078682449
genetic_algorithm,rastrigin,101,19900,0.00026324744318628746
genetic_algorithm,rastrigin,101,20000,0.00020659836519598684
genetic_algorithm,rastrigin,102,100,94.42097935426392
genetic_algorithm,rastrigin,102,200,87.59961356534258
genetic_algorithm,rastrigin,102,300,73.88333404620965
genetic_algorithm,rastrigin,102,400,50.90130571366877
genetic_algorithm,rastrigin,102,500,44.78431538364494
genetic_algorithm,rastrigin,102,600,40.40781430495945
genetic_algorithm,rastrigin,102,700,37.476008164260755
genetic_algorithm,rastrigin,102,800,31.12243996026804
genetic_algorithm,rastrigin,102,900,23.26712883864181
genetic_algorithm,rastrigin,102,1000,21.46305946757313
genetic_algorithm,rastrigin,102,1100,21.46305946757313
genetic_algorithm,rastrigin,102,1200,20.476083978156694
genetic_algorithm,rastrigin,102,1300,20.476083978156694
genetic_algorithm,rastrigin,102,1400,18.271505039085753
genetic_algorithm,rastrigin,102,1500,18.14464298648892
genetic_algorithm,rastrigin,102,1600,17.61030769135698
genetic_algorithm,rastrigin,102,1700,12.502872538712722
genetic_algorithm,rastrigin,102,1800,12.502872538712722
genetic_algorithm,rastrigin,102,1900,12.502872538712722
genetic_algorithm,rastrigin,102,2000,12.218704139634866
genetic_algorithm,rastrigin,102,2100,12.135699249101293
genetic_algorithm,rastrigin,102,2200,11.80455896629519
genetic_algorithm,rastrigin,102,2300,11.620902255661747
genetic_algorithm,rastrigin,102,2400,11.552483046503738
genetic_algorithm,rastrigin,102,2500,11.066550330835412
genetic_algorithm,rastrigin,102,2600,11.055631550170546
genetic_algorithm,rastrigin,102,2700,10.891284090519093
genetic_algorithm,rastrigin,102,2800,10.449330002559648
genetic_algorithm,rastrigin,102,2900,9.24348555270987
genetic_algorithm,rastrigin,102,3000,9.06580637173468
genetic_algorithm,rastrigin,102,3100,8.57055681122722
genetic_algorithm,rastrigin,102,3200,6.128767059499424
genetic_algorithm,rastrigin,102,3300,6.073550529450415
genetic_algorithm,rastrigin,102,3400,6.071231322015251
genetic_algorithm,rastrigin,102,3500,5.665691254880684
genetic_algorithm,rastrigin,102,3600,4.020763340096508
genetic_algorithm,rastrigin,102,3700,3.9851035848151923
genetic_algorithm,rastrigin,102,3800,3.8781729363585242
genetic_algorithm,rastrigin,102,3900,3.8781729363585242
genetic_algorithm,rastrigin,102,4000,3.8021777536238943
genetic_algorithm,rastrigin,102,4100,3.4594552289837566
genetic_algorithm,rastrigin,102,4200,3.0637275596111238
genetic_algorithm,rastrigin,102,4300,2.9047221368443985
genetic_algorithm,rastrigin,102,4400,2.8207644600783937
genetic_algorithm,rastrigin,102,4500,2.8207644600783937
genetic_algorithm,rastrigin,102,4600,2.8207644600783937
genetic_algorithm,rastrigin,102,4700,2.7495037795326027
genetic_algorithm,rastrigin,102,4800,2.717029208790649
genetic_algorithm,rastrigin,102,4900,2.4025214696387565
genetic_algorithm,rastrigin,102,5000,2.4025214696387565
genetic_algorithm,rastrigin,102,5100,2.4025214696387565
genetic_algorithm,rastrigin,102,5200,2.358759121794776
genetic_algorithm,rastrigin,102,5300,2.1788694956850634
genetic_algorithm,rastrigin,102,5400,2.174259907424471
genetic_algorithm,rastrigin,102,5500,1.9992163918439019
genetic_algorithm,rastrigin,102,5600,1.9992163918439019
genetic_algorithm,rastrigin,102,5700,1.8405391865033494
genetic_algorithm,rastrigin,102,5800,1.8275698230085595
genetic_algorithm,rastrigin,102,5900,1.823437217267454
genetic_algorithm,rastrigin,102,6000,1.8016060524443702
genetic_algorithm,rastrigin,102,6100,1.1472873384877857
genetic_algorithm,rastrigin,102,6200,0.9944762619723377
genetic_algorithm,rastrigin,102,6300,0.7768181511874559
genetic_algorithm,rastrigin,102,6400,0.5798399680970618
genetic_algorithm,rastrigin,102,6500,0.5798399680970618
genetic_algorithm,rastrigin,102,6600,0.576223301594581
genetic_algorithm,rastrigin,102,6700,0.46977119488924757
genetic_algorithm,rastrigin,102,6800,0.46942089831041756
genetic_algorithm,rastrigin,102,6900,0.4051834372105674
genetic_algorithm,rastrigin,102,7000,0.3957904116505375
genetic_algorithm,rastrigin,102,7100,0.393768929460947
genetic_algorithm,rastrigin,102,7200,0.3764443172465519
genetic_algorithm,rastrigin,102,7300,0.3764443172465519
genetic_algorithm,rastrigin,102,7400,0.3737168155045083
genetic_algorithm,rastrigin,102,7500,0.327139977636989
genetic_algorithm,rastrigin,102,7600,0.3271311392384746
genetic_algorithm,rastrigin,102,7700,0.3141230142547471
genetic_algorithm,rastrigin,102,7800,0.2968415579475874
genetic_algorithm,rastrigin,102,7900,0.2968415579475874
genetic_algorithm,rastrigin,102,8000,0.2926213187909923
genetic_algorithm,rastrigin,102,8100,0.2764461828830349
genetic_algorithm,rastrigin,102,8200,0.2764461828830349
genetic_algorithm,rastrigin,102,8300,0.27079600715327956
genetic_algorithm,rastrigin,102,8400,0.24847164021724666
genetic_algorithm,rastrigin,102,8500,0.2368509320834562
genetic_algorithm,rastrigin,102,8600,0.23403501880250133
genetic_algorithm,rastrigin,102,8700,0.1098933196222589
genetic_algorithm,rastrigin,102,8800,0.10549916154073458
genetic_algorithm,rastrigin,102,8900,0.0931407461861653
genetic_algorithm,rastrigin,102,9000,0.09256764406281093
genetic_algorithm,rastrigin,102,9100,0.08173427224771501
genetic_algorithm,rastrigin,102,9200,0.07313216333247397
genetic_algorithm,rastrigin,102,9300,0.07284483613271675
genetic_algorithm,rastrigin,102,9400,0.07275646944043501
genetic_algorithm,rastrigin,102,9500,0.07275646944043501
genetic_algorithm,rastrigin,102,9600,0.07257894970807399
genetic_algorithm,rastrigin,102,9700,0.05742470958909962
genetic_algorithm,rastrigin,102,9800,0.04964843992252099
genetic_algorithm,rastrigin,102,9900,0.04913250806646374
genetic_algorithm,rastrigin,102,10000,0.04913250806646374
genetic_algorithm,rastrigin,102,10100,0.04913250806646374
genetic_algorithm,rastrigin,102,10200,0.04592556021870564
genetic_algorithm,rastrigin,102,10300,0.04055557730666237
genetic_algorithm,rastrigin,102,10400,0.04055557712675295
genetic_algorithm,rastrigin,102,10500,0.04034011459634712
genetic_algorithm,rastrigin,102,10600,0.0226182440319036
genetic_algorithm,rastrigin,102,10700,0.0226182440319036
genetic_algorithm,rastrigin,102,10800,0.0226182440319036
genetic_algorithm,rastrigin,102,10900,0.02156173421887786
genetic_algorithm,rastrigin,102,11000,0.021438576815654642
genetic_algorithm,rastrigin,102,11100,0.020896381437694345
genetic_algorithm,rastrigin,102,11200,0.02085341285309994
genetic_algorithm,rastrigin,102,11300,0.018367219530347256
genetic_algorithm,rastrigin,102,11400,0.018367219530347256
genetic_algorithm,rastrigin,102,11500,0.018367219530347256
genetic_algorithm,rastrigin,102,11600,0.018131369143844722
genetic_algorithm,rastrigin,102,11700,0.018053035930634564
genetic_algorithm,rastrigin,102,11800,0.01805024682984424
genetic_algorithm,rastrigin,102,11900,0.01805024682984424
genetic_algorithm,rastrigin,102,12000,0.01753219500267278
genetic_algorithm,rastrigin,102,12100,0.01753219500267278
genetic_algorithm,rastrigin,102,12200,0.01753219500267278
genetic_algorithm,rastrigin,102,12300,0.016929461827402292
genetic_algorithm,rastrigin,102,12400,0.016929461827402292
genetic_algorithm,rastrigin,102,12500,0.014713424290491162
genetic_algorithm,rastrigin,102,12600,0.01471145584609701
genetic_algorithm,rastrigin,102,12700,0.01471145584609701
genetic_algorithm,rastrigin,102,12800,0.01471145584609701
genetic_algorithm,rastrigin,102,12900,0.01471145584609701
genetic_algorithm,rastrigin,102,13000,0.01471145584609701
genetic_algorithm,rastrigin,102,13100,0.01321925370970689
genetic_algorithm,rastrigin,102,13200,0.01321925370970689
genetic_algorithm,rastrigin,102,13300,0.012663286593692646
genetic_algorithm,rastrigin,102,13400,0.012506338781179238
genetic_algorithm,rastrigin,102,13500,0.012492850483766915
genetic_algorithm,rastrigin,102,13600,0.012492850483766915
genetic_algorithm,rastrigin,102,13700,0.012492850483766915
genetic_algorithm,rastrigin,102,13800,0.012492850483766915
genetic_algorithm,rastrigin,102,13900,0.012346438675933769
genetic_algorithm,rastrigin,102,14000,0.012346237757228096
genetic_algorithm,rastrigin,102,14100,0.010886507435429849
genetic_algorithm,rastrigin,102,14200,0.010885112022407384
genetic_algorithm,rastrigin,102,14300,0.009046016308985827
genetic_algorithm,rastrigin,102,14400,0.008774512336742646
genetic_algorithm,rastrigin,102,14500,0.008621199339160057
genetic_algorithm,rastrigin,102,14600,0.008621199339160057
genetic_algorithm,rastrigin,102,14700,0.00798374768940846
genetic_algorithm,rastrigin,102,14800,0.006881863235776109
genetic_algorithm,rastrigin,102,14900,0.006511440698162119
genetic_algorithm,rastrigin,102,15000,0.006387654882402671
genetic_algorithm,rastrigin,102,15100,0.005349877982951057
genetic_algorithm,rastrigin,102,15200,0.005349877982951057
genetic_algorithm,rastrigin,102,15300,0.005349877982951057
genetic_algorithm,rastrigin,102,15400,0.0030218195520461677
genetic_algorithm,rastrigin,102,15500,0.0030218195520461677
genetic_algorithm,rastrigin,102,15600,0.0030218195520461677
genetic_algorithm,rastrigin,102,15700,0.0030218195520461677
genetic_algorithm,rastrigin,102,15800,0.0029271300731750216
genetic_algorithm,rastrigin,102,15900,0.0029271300731750216
genetic_algorithm,rastrigin,102,16000,0.002571735441676992
genetic_algorithm,rastrigin,102,16100,0.002571735441676992
genetic_algorithm,rastrigin,102,16200,0.002571569574570276
genetic_algorithm,rastrigin,102,16300,0.0025100165850062695
genetic_algorithm,rastrigin,102,16400,0.0024977602080866745
genetic_algorithm,rastrigin,102,16500,0.0024692911794659267
genetic_algorithm,rastrigin,102,16600,0.0023682830940856547
genetic_algorithm,rastrigin,102,16700,0.002362337593410757
genetic_algorithm,rastrigin,102,16800,0.002181849983728057
genetic_algorithm,rastrigin,102,16900,0.002181849983728057
genetic_algorithm,rastrigin,102,17000,0.0020479296543811643
genetic_algorithm,rastrigin,102,17100,0.0020479296543811643
genetic_algorithm,rastrigin,102,17200,0.002047846514827256
genetic_algorithm,rastrigin,102,17300,0.0017911131147059223
genetic_algorithm,rastrigin,102,17400,0.0017564628517163783
genetic_algorithm,rastrigin,102,17500,0.0017555165256766259
genetic_algorithm,rastrigin,102,17600,0.0017486243077513564
genetic_algorithm,rastrigin,102,17700,0.001742908547058164
genetic_algorithm,rastrigin,102,17800,0.001742908547058164
genetic_algorithm,rastrigin,102,17900,0.001742908547058164
genetic_algorithm,rastrigin,102,18000,0.001742908547058164
genetic_algorithm,rastrigin,102,18100,0.001742908547058164
genetic_algorithm,rastrigin,102,18200,0.001595897856120132
genetic_algorithm,rastrigin,102,18300,0.0015949063670461783
genetic_algorithm,rastrigin,102,18400,0.0015949063670461783
genetic_algorithm,rastrigin,102,18500,0.0015949063670461783
genetic_algorithm,rastrigin,102,18600,0.0015870767731911428
genetic_algorithm,rastrigin,102,18700,0.0015621119562325703
genetic_algorithm,rastrigin,102,18800,0.0015621119562325703
genetic_algorithm,rastrigin,102,18900,0.0011949264470132448
genetic_algorithm,rastrigin,102,19000,0.0011949264470132448
genetic_algorithm,rastrigin,102,19100,0.001194821736362428
genetic_algorithm,rastrigin,102,19200,0.001194821736362428
genetic_algorithm,rastrigin,102,19300,0.0010532464371237893
genetic_algorithm,rastrigin,102,19400,0.0010499233881802184
genetic_algorithm,rastrigin,102,19500,0.0010444507411051518
genetic_algorithm,rastrigin,102,19600,0.0010444507411051518
genetic_algorithm,rastrigin,102,19700,0.0008630374962876886
genetic_algorithm,rastrigin,102,19800,0.0008625086728812903
genetic_algorithm,rastrigin,102,19900,0.0008625086728812903
genetic_algorithm,rastrigin,102,20000,0.0004317925994712368
genetic_algorithm,rastrigin,103,100,104.25054092354745
genetic_algorithm,rastrigin,103,200,86.78978520665368
genetic_algorithm,rastrigin,103,300,79.93868735453708
genetic_algorithm,rastrigin,103,400,69.42612100895789
genetic_algorithm,rastrigin,103,500,63.27823852048198
genetic_algorithm,rastrigin,103,600,60.65727912188717
genetic_algorithm,rastrigin,103,700,54.13322893799649
genetic_algorithm,rastrigin,103,800,54.13322893799649
genetic_algorithm,rastrigin,103,900,49.3039230894172
genetic_algorithm,rastrigin,103,1000,47.479557123719076
genetic_algorithm,rastrigin,103,1100,43.55221792094301
genetic_algorithm,rastrigin,103,1200,38.503622230423844
genetic_algorithm,rastrigin,103,1300,38.503622230423844
genetic_algorithm,rastrigin,103,1400,37.40446296111532
genetic_algorithm,rastrigin,103,1500,37.19928811029595
genetic_algorithm,rastrigin,103,1600,31.410987151956107
genetic_algorithm,rastrigin,103,1700,31.07066378977683
genetic_algorithm,rastrigin,103,1800,30.768837111727365
genetic_algorithm,rastrigin,103,1900,30.355659989789814
genetic_algorithm,rastrigin,103,2000,30.11142918769295
genetic_algorithm,rastrigin,103,2100,27.137983549129146
genetic_algorithm,rastrigin,103,2200,20.26647077043097
genetic_algorithm,rastrigin,103,2300,20.263320860128502
genetic_algorithm,rastrigin,103,2400,20.023202987106202
genetic_algorithm,rastrigin,103,2500,19.74095708516093
genetic_algorithm,rastrigin,103,2600,18.921088809296606
genetic_algorithm,rastrigin,103,2700,18.085400567742923
genetic_algorithm,rastrigin,103,2800,17.585862841999955
genetic_algorithm,rastrigin,103,2900,16.139879234049744
genetic_algorithm,rastrigin,103,3000,15.615612248922943
genetic_algorithm,rastrigin,103,3100,15.282607932997536
genetic_algorithm,rastrigin,103,3200,15.278957154409966
genetic_algorithm,rastrigin,103,3300,14.95923812905373
genetic_algorithm,rastrigin,103,3400,14.15150877275532
genetic_algorithm,rastrigin,103,3500,13.56135894933594
genetic_algorithm,rastrigin,103,3600,13.360811844105697
genetic_algorithm,rastrigin,103,3700,12.755526038256818
genetic_algorithm,rastrigin,103,3800,12.755526038256818
genetic_algorithm,rastrigin,103,3900,12.504963013014788
genetic_algorithm,rastrigin,103,4000,11.339658116916226
genetic_algorithm,rastrigin,103,4100,10.986102043754741
genetic_algorithm,rastrigin,103,4200,10.165279611441292
genetic_algorithm,rastrigin,103,4300,9.616938210914867
genetic_algorithm,rastrigin,103,4400,8.974006229987054
genetic_algorithm,rastrigin,103,4500,8.701369713467912
genetic_algorithm,rastrigin,103,4600,7.155896059407567
genetic_algorithm,rastrigin,103,4700,7.147464224246363
genetic_algorithm,rastrigin,103,4800,7.094395977062817
genetic_algorithm,rastrigin,103,4900,7.070679648358308
genetic_algorithm,rastrigin,103,5000,6.995231861408229
genetic_algorithm,rastrigin,103,5100,6.711387199882765
genetic_algorithm,rastrigin,103,5200,6.489509217269486
genetic_algorithm,rastrigin,103,5300,6.036953662552207
genetic_algorithm,rastrigin,103,5400,3.1191780223494874
genetic_algorithm,rastrigin,103,5500,3.1191780223494874
genetic_algorithm,rastrigin,103,5600,3.119176460960489
genetic_algorithm,rastrigin,103,5700,3.109956886187902
genetic_algorithm,rastrigin,103,5800,3.0817938678555663
genetic_algorithm,rastrigin,103,5900,3.0674339563053508
genetic_algorithm,rastrigin,103,6000,3.0674339563053508
genetic_algorithm,rastrigin,103,6100,2.6121551310081514
genetic_algorithm,rastrigin,103,6200,2.513089112504659
genetic_algorithm,rastrigin,103,6300,2.513089112504659
genetic_algorithm,rastrigin,103,6400,2.445047813872378
genetic_algorithm,rastrigin,103,6500,2.3959078339263584
genetic_algorithm,rastrigin,103,6600,2.3827866837854828
genetic_algorithm,rastrigin,103,6700,2.3470840485062467
genetic_algorithm,rastrigin,103,6800,2.2130316345523227
genetic_algorithm,rastrigin,103,6900,2.209410791748894
genetic_algorithm,rastrigin,103,7000,2.1953136746384843
genetic_algorithm,rastrigin,103,7100,2.162018462896313
genetic_algorithm,rastrigin,103,7200,2.126825242655613
genetic_algorithm,rastrigin,103,7300,2.119310466932916
genetic_algorithm,rastrigin,103,7400,2.1191490788970384
genetic_algorithm,rastrigin,103,7500,2.1110759837488757
genetic_algorithm,rastrigin,103,7600,1.2337878216272742
genetic_algorithm,rastrigin,103,7700,1.106682177728743
genetic_algorithm,rastrigin,103,7800,1.106682177728743
genetic_algorithm,rastrigin,103,7900,1.106682177728743
genetic_algorithm,rastrigin,103,8000,1.106104980711848
genetic_algorithm,rastrigin,103,8100,1.106104980711848
genetic_algorithm,rastrigin,103,8200,1.1026670270138226
genetic_algorithm,rastrigin,103,8300,1.1022963757693844
genetic_algorithm,rastrigin,103,8400,1.086962302261469
genetic_algorithm,rastrigin,103,8500,1.086962302261469
genetic_algorithm,rastrigin,103,8600,1.0869614150896183
genetic_algorithm,rastrigin,103,8700,1.0801705003910342
genetic_algorithm,rastrigin,103,8800,1.079877534402442
genetic_algorithm,rastrigin,103,8900,1.079877534402442
genetic_algorithm,rastrigin,103,9000,1.079877534402442
genetic_algorithm,rastrigin,103,9100,1.0796391383915847
genetic_algorithm,rastrigin,103,9200,1.076680715668985
genetic_algorithm,rastrigin,103,9300,0.205226848723143
genetic_algorithm,rastrigin,103,9400,0.07633126544369873
genetic_algorithm,rastrigin,103,9500,0.07633126544369873
genetic_algorithm,rastrigin,103,9600,0.07633126544369873
genetic_algorithm,rastrigin,103,9700,0.07633126544369873
genetic_algorithm,rastrigin,103,9800,0.07633126544369873
genetic_algorithm,rastrigin,103,9900,0.07386997223413516
genetic_algorithm,rastrigin,103,10000,0.06390082216348958
genetic_algorithm,rastrigin,103,10100,0.06390082216348958
genetic_algorithm,rastrigin,103,10200,0.06390082216348958
genetic_algorithm,rastrigin,103,10300,0.06390082216348958
genetic_algorithm,rastrigin,103,10400,0.06383345464838897
genetic_algorithm,rastrigin,103,10500,0.06219655125011059
genetic_algorithm,rastrigin,103,10600,0.06219655125011059
genetic_algorithm,rastrigin,103,10700,0.06129596832774098
genetic_algorithm,rastrigin,103,10800,0.056597158793593394
genetic_algorithm,rastrigin,103,10900,0.0565884328229771
genetic_algorithm,rastrigin,103,11000,0.052730275331555276
genetic_algorithm,rastrigin,103,11100,0.052730242342036604
genetic_algorithm,rastrigin,103,11200,0.05273024097915879
genetic_algorithm,rastrigin,103,11300,0.05273024097915879
genetic_algorithm,rastrigin,103,11400,0.05273024097915879
genetic_algorithm,rastrigin,103,11500,0.052730231400730077
genetic_algorithm,rastrigin,103,11600,0.05270851842816171
genetic_algorithm,rastrigin,103,11700,0.04782390373733847
genetic_algorithm,rastrigin,103,11800,0.04782390373733847
genetic_algorithm,rastrigin,103,11900,0.04771995751701752
genetic_algorithm,rastrigin,103,12000,0.04042777459314095
genetic_algorithm,rastrigin,103,12100,0.04042777459314095
genetic_algorithm,rastrigin,103,12200,0.04042777459314095
genetic_algorithm,rastrigin,103,12300,0.040348146273842644
genetic_algorithm,rastrigin,103,12400,0.039925525495448255
genetic_algorithm,rastrigin,103,12500,0.03200659159917052
genetic_algorithm,rastrigin,103,12600,0.03200659159917052
genetic_algorithm,rastrigin,103,12700,0.03191628810091629
genetic_algorithm,rastrigin,103,12800,0.03191628810091629
genetic_algorithm,rastrigin,103,12900,0.031914260930420824
genetic_algorithm,rastrigin,103,13000,0.03169380947511513
genetic_algorithm,rastrigin,103,13100,0.03169380947511513
genetic_algorithm,rastrigin,103,13200,0.026398385910695765
genetic_algorithm,rastrigin,103,13300,0.026398385910695765
genetic_algorithm,rastrigin,103,13400,0.02638430194309649
genetic_algorithm,rastrigin,103,13500,0.02638430194309649
genetic_algorithm,rastrigin,103,13600,0.025817351370704955
genetic_algorithm,rastrigin,103,13700,0.025786121221457847
genetic_algorithm,rastrigin,103,13800,0.023087708199710733
genetic_algorithm,rastrigin,103,13900,0.011602321981186492
genetic_algorithm,rastrigin,103,14000,0.01139008813991893
genetic_algorithm,rastrigin,103,14100,0.01139008813991893
genetic_algorithm,rastrigin,103,14200,0.01139008813991893
genetic_algorithm,rastrigin,103,14300,0.01130593129879287
genetic_algorithm,rastrigin,103,14400,0.01130593129879287
genetic_algorithm,rastrigin,103,14500,0.011301131419429566
genetic_algorithm,rastrigin,103,14600,0.010852424250344939
genetic_algorithm,rastrigin,103,14700,0.009863928248620368
genetic_algorithm,rastrigin,103,14800,0.009863928248620368
genetic_algorithm,rastrigin,103,14900,0.009701032910555796
genetic_algorithm,rastrigin,103,15000,0.009288114977806572
genetic_algorithm,rastrigin,103,15100,0.008031230609148565
genetic_algorithm,rastrigin,103,15200,0.008031230609148565
genetic_algorithm,rastrigin,103,15300,0.008031230609148565
genetic_algorithm,rastrigin,103,15400,0.008031230609148565
genetic_algorithm,rastrigin,103,15500,0.00749330415540328
genetic_algorithm,rastrigin,103,15600,0.00749330415540328
genetic_algorithm,rastrigin,103,15700,0.00749330415540328
genetic_algorithm,rastrigin,103,15800,0.006369975448293985
genetic_algorithm,rastrigin,103,15900,0.006291243411666869
genetic_algorithm,rastrigin,103,16000,0.004352889288995243
genetic_algorithm,rastrigin,103,16100,0.004321947629890133
genetic_algorithm,rastrigin,103,16200,0.004321947629890133
genetic_algorithm,rastrigin,103,16300,0.004321947629890133
genetic_algorithm,rastrigin,103,16400,0.004220678626523977
genetic_algorithm,rastrigin,103,16500,0.004220678626523977
genetic_algorithm,rastrigin,103,16600,0.004220678626523977
genetic_algorithm,rastrigin,103,16700,0.004220678626523977
genetic_algorithm,rastrigin,103,16800,0.0037808182577663274
genetic_algorithm,rastrigin,103,16900,0.00287748264653942
genetic_algorithm,rastrigin,103,17000,0.002860862647693807
genetic_algorithm,rastrigin,103,17100,0.002840330558825599
genetic_algorithm,rastrigin,103,17200,0.002840293575133046
genetic_algorithm,rastrigin,103,17300,0.0022346400078561146
genetic_algorithm,rastrigin,103,17400,0.0022336102577753536
genetic_algorithm,rastrigin,103,17500,0.0022336102577753536
genetic_algorithm,rastrigin,103,17600,0.0019792034942156533
genetic_algorithm,rastrigin,103,17700,0.0019692538817679406
genetic_algorithm,rastrigin,103,17800,0.0019616331232157336
genetic_algorithm,rastrigin,103,17900,0.0019616331232157336
genetic_algorithm,rastrigin,103,18000,0.0019616331232157336
genetic_algorithm,rastrigin,103,18100,0.0017702717299385995
genetic_algorithm,rastrigin,103,18200,0.0017702717299385995
genetic_algorithm,rastrigin,103,18300,0.0017702717299385995
genetic_algorithm,rastrigin,103,18400,0.0017702717299385995
genetic_algorithm,rastrigin,103,18500,0.0017689121150397114
genetic_algorithm,rastrigin,103,18600,0.0016087682802634617
genetic_algorithm,rastrigin,103,18700,0.0016087682802634617
genetic_algorithm,rastrigin,103,18800,0.001596026023861441
genetic_algorithm,rastrigin,103,18900,0.0015566037570664548
genetic_algorithm,rastrigin,103,19000,0.0015481655796065752
genetic_algorithm,rastrigin,103,19100,0.001545976400109339
genetic_algorithm,rastrigin,103,19200,0.0015451113059725685
genetic_algorithm,rastrigin,103,19300,0.0015444077150448265
genetic_algorithm,rastrigin,103,19400,0.0015444077150448265
genetic_algorithm,rastrigin,103,19500,0.0015406382643732286
genetic_algorithm,rastrigin,103,19600,0.0013575429991021792
genetic_algorithm,rastrigin,103,19700,0.0013575429991021792
genetic_algorithm,rastrigin,103,19800,0.0013575429991021792
genetic_algorithm,rastrigin,103,19900,0.0013323322968972207
genetic_algorithm,rastrigin,103,20000,0.0013291555076051509
genetic_algorithm,rastrigin,104,100,121.21496364681477
genetic_algorithm,rastrigin,104,200,103.41531753195338
genetic_algorithm,rastrigin,104,300,85.83832296173321
genetic_algorithm,rastrigin,104,400,84.80568068855875
genetic_algorithm,rastrigin,104,500,77.71515136667385
genetic_algorithm,rastrigin,104,600,64.55940415067727
genetic_algorithm,rastrigin,104,700,49.0457832599916
genetic_algorithm,rastrigin,104,800,47.19326874911039
genetic_algorithm,rastrigin,104,900,38.53373743900064
genetic_algorithm,rastrigin,104,1000,37.19165827086381
genetic_algorithm,rastrigin,104,1100,35.19105118835208
genetic_algorithm,rastrigin,104,1200,34.321741447244975
genetic_algorithm,rastrigin,104,1300,32.978584170126055
genetic_algorithm,rastrigin,104,1400,30.91354981103362
genetic_algorithm,rastrigin,104,1500,30.91354981103362
genetic_algorithm,rastrigin,104,1600,30.91354981103362
genetic_algorithm,rastrigin,104,1700,28.241800845293312
genetic_algorithm,rastrigin,104,1800,26.404041040944975
genetic_algorithm,rastrigin,104,1900,26.274906032363873
genetic_algorithm,rastrigin,104,2000,22.58115345781107
genetic_algorithm,rastrigin,104,2100,21.654944030013766
genetic_algorithm,rastrigin,104,2200,21.29890955044972
genetic_algorithm,rastrigin,104,2300,21.073760292221706
genetic_algorithm,rastrigin,104,2400,20.680580871114742
genetic_algorithm,rastrigin,104,2500,16.62896567683957
genetic_algorithm,rastrigin,104,2600,15.523854871789183
genetic_algorithm,rastrigin,104,2700,15.477756985765623
genetic_algorithm,rastrigin,104,2800,14.543003231824969
genetic_algorithm,rastrigin,104,2900,12.784436241736103
genetic_algorithm,rastrigin,104,3000,12.784419409846208
genetic_algorithm,rastrigin,104,3100,8.955321654141144
genetic_algorithm,rastrigin,104,3200,8.661668966697448
genetic_algorithm,rastrigin,104,3300,8.646338121413308
genetic_algorithm,rastrigin,104,3400,8.639352066386422
genetic_algorithm,rastrigin,104,3500,8.628876992839963
genetic_algorithm,rastrigin,104,3600,7.621671551846788
genetic_algorithm,rastrigin,104,3700,7.480201038610005
genetic_algorithm,rastrigin,104,3800,6.595127855384703
genetic_algorithm,rastrigin,104,3900,6.44066902941745
genetic_algorithm,rastrigin,104,4000,6.44066902941745
genetic_algorithm,rastrigin,104,4100,6.4352716431745876
genetic_algorithm,rastrigin,104,4200,6.4352716431745876
genetic_algorithm,rastrigin,104,4300,6.4352716431745876
genetic_algorithm,rastrigin,104,4400,6.43389718691428
genetic_algorithm,rastrigin,104,4500,6.407017688039915
genetic_algorithm,rastrigin,104,4600,5.230669720808521
genetic_algorithm,rastrigin,104,4700,4.951649629628221
genetic_algorithm,rastrigin,104,4800,4.922628992903512
genetic_algorithm,rastrigin,104,4900,4.891753061735571
genetic_algorithm,rastrigin,104,5000,4.88009609018404
genetic_algorithm,rastrigin,104,5100,4.869993463894275
genetic_algorithm,rastrigin,104,5200,4.853969067149578
genetic_algorithm,rastrigin,104,5300,4.853969067149578
genetic_algorithm,rastrigin,104,5400,3.69458799930257
genetic_algorithm,rastrigin,104,5500,3.192498530220945
genetic_algorithm,rastrigin,104,5600,2.8336480107553825
genetic_algorithm,rastrigin,104,5700,2.745504038205951
genetic_algorithm,rastrigin,104,5800,2.745504038205951
genetic_algorithm,rastrigin,104,5900,2.7425102394495866
genetic_algorithm,rastrigin,104,6000,2.7425102394495866
genetic_algorithm,rastrigin,104,6100,2.715836205088351
genetic_algorithm,rastrigin,104,6200,2.5642959263691694
genetic_algorithm,rastrigin,104,6300,2.533671616764522
genetic_algorithm,rastrigin,104,6400,2.47292927660979
genetic_algorithm,rastrigin,104,6500,2.47292927660979
genetic_algorithm,rastrigin,104,6600,2.4728665493813224
genetic_algorithm,rastrigin,104,6700,2.4397654255269856
genetic_algorithm,rastrigin,104,6800,2.4303924583027054
genetic_algorithm,rastrigin,104,6900,2.4124963645559774
genetic_algorithm,rastrigin,104,7000,2.391767711492392
genetic_algorithm,rastrigin,104,7100,2.336484286853363
genetic_algorithm,rastrigin,104,7200,1.5957141586785895
genetic_algorithm,rastrigin,104,7300,1.578362400309942
genetic_algorithm,rastrigin,104,7400,1.561227010086398
genetic_algorithm,rastrigin,104,7500,1.561166306939839
genetic_algorithm,rastrigin,104,7600,1.561166306939839
genetic_algorithm,rastrigin,104,7700,1.4483380961409011
genetic_algorithm,rastrigin,104,7800,1.4354952850873417
genetic_algorithm,rastrigin,104,7900,1.4354952850873417
genetic_algorithm,rastrigin,104,8000,1.421302584337127
genetic_algorithm,rastrigin,104,8100,1.3308398294307153
genetic_algorithm,rastrigin,104,8200,1.3302944383589477
genetic_algorithm,rastrigin,104,8300,1.3243129748993425
genetic_algorithm,rastrigin,104,8400,1.3235466942076641
genetic_algorithm,rastrigin,104,8500,1.319616927312481
genetic_algorithm,rastrigin,104,8600,1.3195894719818426
genetic_algorithm,rastrigin,104,8700,1.3180238978011403
genetic_algorithm,rastrigin,104,8800,1.3179633662074934
genetic_algorithm,rastrigin,104,8900,1.2629291407831715
genetic_algorithm,rastrigin,104,9000,1.25769064481932
genetic_algorithm,rastrigin,104,9100,1.2508308897223799
genetic_algorithm,rastrigin,104,9200,1.2505616459560542
genetic_algorithm,rastrigin,104,9300,1.2505280744432525
genetic_algorithm,rastrigin,104,9400,1.2407779224292597
genetic_algorithm,rastrigin,104,9500,1.2407779224292597
genetic_algorithm,rastrigin,104,9600,1.1324387703655816
genetic_algorithm,rastrigin,104,9700,1.1155530406115446
genetic_algorithm,rastrigin,104,9800,1.1082523051238553
genetic_algorithm,rastrigin,104,9900,0.5650994018672009
genetic_algorithm,rastrigin,104,10000,0.300975988313013
genetic_algorithm,rastrigin,104,10100,0.2720964497373046
genetic_algorithm,rastrigin,104,10200,0.17539612426351425
genetic_algorithm,rastrigin,104,10300,0.17461238367467047
genetic_algorithm,rastrigin,104,10400,0.1651151812836531
genetic_algorithm,rastrigin,104,10500,0.16433808503586533
genetic_algorithm,rastrigin,104,10600,0.16433808503586533
genetic_algorithm,rastrigin,104,10700,0.1638231086382831
genetic_algorithm,rastrigin,104,10800,0.1595919892666302
genetic_algorithm,rastrigin,104,10900,0.1595919892666302
genetic_algorithm,rastrigin,104,11000,0.1595919827048249
genetic_algorithm,rastrigin,104,11100,0.14953041273005852
genetic_algorithm,rastrigin,104,11200,0.14929831138319116
genetic_algorithm,rastrigin,104,11300,0.14929831138319116
genetic_algorithm,rastrigin,104,11400,0.14927214602029437
genetic_algorithm,rastrigin,104,11500,0.1458238269374732
genetic_algorithm,rastrigin,104,11600,0.1451632565636487
genetic_algorithm,rastrigin,104,11700,0.0599524983890376
genetic_algorithm,rastrigin,104,11800,0.0599524983890376
genetic_algorithm,rastrigin,104,11900,0.0599524983890376
genetic_algorithm,rastrigin,104,12000,0.058888235429634506
genetic_algorithm,rastrigin,104,12100,0.05869318125454015
genetic_algorithm,rastrigin,104,12200,0.05869318125454015
genetic_algorithm,rastrigin,104,12300,0.058371119932161264
genetic_algorithm,rastrigin,104,12400,0.0428961249654094
genetic_algorithm,rastrigin,104,12500,0.0428961249654094
genetic_algorithm,rastrigin,104,12600,0.0428961249654094
genetic_algorithm,rastrigin,104,12700,0.03684592538769493
genetic_algorithm,rastrigin,104,12800,0.03338274186288004
genetic_algorithm,rastrigin,104,12900,0.032522398147648346
genetic_algorithm,rastrigin,104,13000,0.03230065964042694
genetic_algorithm,rastrigin,104,13100,0.032280595085026675
genetic_algorithm,rastrigin,104,13200,0.027179471883172823
genetic_algorithm,rastrigin,104,13300,0.026649428376330775
genetic_algorithm,rastrigin,104,13400,0.026598376867795537
genetic_algorithm,rastrigin,104,13500,0.011878103500762904
genetic_algorithm,rastrigin,104,13600,0.011689627560187432
genetic_algorithm,rastrigin,104,13700,0.01168173841352882
genetic_algorithm,rastrigin,104,13800,0.011458575220004263
genetic_algorithm,rastrigin,104,13900,0.011458575220004263
genetic_algorithm,rastrigin,104,14000,0.011413918294110204
genetic_algorithm,rastrigin,104,14100,0.009896050853939187
genetic_algorithm,rastrigin,104,14200,0.009896050853939187
genetic_algorithm,rastrigin,104,14300,0.009896050853939187
genetic_algorithm,rastrigin,104,14400,0.008949035524636884
genetic_algorithm,rastrigin,104,14500,0.008949035524636884
genetic_algorithm,rastrigin,104,14600,0.008949035524636884
genetic_algorithm,rastrigin,104,14700,0.008949035524636884
genetic_algorithm,rastrigin,104,14800,0.008943637985410646
genetic_algorithm,rastrigin,104,14900,0.008943637985410646
genetic_algorithm,rastrigin,104,15000,0.008299450361747063
genetic_algorithm,rastrigin,104,15100,0.008299450361747063
genetic_algorithm,rastrigin,104,15200,0.008299450361747063
genetic_algorithm,rastrigin,104,15300,0.008299450361747063
genetic_algorithm,rastrigin,104,15400,0.008299329499777741
genetic_algorithm,rastrigin,104,15500,0.008295688144741575
genetic_algorithm,rastrigin,104,15600,0.008295644504073607
genetic_algorithm,rastrigin,104,15700,0.008295644504073607
genetic_algorithm,rastrigin,104,15800,0.007811131385835779
genetic_algorithm,rastrigin,104,15900,0.007811131385835779
genetic_algorithm,rastrigin,104,16000,0.007803941077185073
genetic_algorithm,rastrigin,104,16100,0.007414345212765738
genetic_algorithm,rastrigin,104,16200,0.007414340630035099
genetic_algorithm,rastrigin,104,16300,0.007414340630035099
genetic_algorithm,rastrigin,104,16400,0.007408278140530911
genetic_algorithm,rastrigin,104,16500,0.007408278140530911
genetic_algorithm,rastrigin,104,16600,0.007388315854939265
genetic_algorithm,rastrigin,104,16700,0.006368305914094208
genetic_algorithm,rastrigin,104,16800,0.006357325718838069
genetic_algorithm,rastrigin,104,16900,0.0053780660116728995
genetic_algorithm,rastrigin,104,17000,0.0040586022507369535
genetic_algorithm,rastrigin,104,17100,0.0037899312763158832
genetic_algorithm,rastrigin,104,17200,0.0037899312763158832
genetic_algorithm,rastrigin,104,17300,0.0037899312763158832
genetic_algorithm,rastrigin,104,17400,0.0012584764931204973
genetic_algorithm,rastrigin,104,17500,0.0012584764931204973
genetic_algorithm,rastrigin,104,17600,0.0010560698067365593
genetic_algorithm,rastrigin,104,17700,0.0009607373531537178
genetic_algorithm,rastrigin,104,17800,0.0009607373531537178
genetic_algorithm,rastrigin,104,17900,0.0008293885385768363
genetic_algorithm,rastrigin,104,18000,0.0006460245171382439
genetic_algorithm,rastrigin,104,18100,0.0006460245171382439
genetic_algorithm,rastrigin,104,18200,0.0006458940734006546
genetic_algorithm,rastrigin,104,18300,0.0006451922863419668
genetic_algorithm,rastrigin,104,18400,0.0005197945859691799
genetic_algorithm,rastrigin,104,18500,0.0005197945859691799
genetic_algorithm,rastrigin,104,18600,0.0005197945859691799
genetic_algorithm,rastrigin,104,18700,0.0005197945859691799
genetic_algorithm,rastrigin,104,18800,0.0005190680313233997
genetic_algorithm,rastrigin,104,18900,0.0005190680313233997
genetic_algorithm,rastrigin,104,19000,0.0005190680313233997
genetic_algorithm,rastrigin,104,19100,0.0005187151403305279
genetic_algorithm,rastrigin,104,19200,0.0005144737443742997
genetic_algorithm,rastrigin,104,19300,0.0005097326742458108
genetic_algorithm,rastrigin,104,19400,0.0005097326742458108
genetic_algorithm,rastrigin,104,19500,0.0005097326742458108
genetic_algorithm,rastrigin,104,19600,0.0003861398752462719
genetic_algorithm,rastrigin,104,19700,0.0003299028454648578
genetic_algorithm,rastrigin,104,19800,0.0002698574892860961
genetic_algorithm,rastrigin,104,19900,0.0002698574892860961
genetic_algorithm,rastrigin,104,20000,0.00026075964453298184
genetic_algorithm,rastrigin,105,100,101.53960182742448
genetic_algorithm,rastrigin,105,200,76.65698052483042
genetic_algorithm,rastrigin,105,300,62.83539140215604
genetic_algorithm,rastrigin,105,400,37.36530085036847
genetic_algorithm,rastrigin,105,500,37.25362838394897
genetic_algorithm,rastrigin,105,600,35.43385831514817
genetic_algorithm,rastrigin,105,700,30.593542189445728
genetic_algorithm,rastrigin,105,800,23.170607973664787
genetic_algorithm,rastrigin,105,900,23.170607973664787
genetic_algorithm,rastrigin,105,1000,23.038359423904467
genetic_algorithm,rastrigin,105,1100,18.878963082654636
genetic_algorithm,rastrigin,105,1200,18.297282340102768
genetic_algorithm,rastrigin,105,1300,18.09800791278107
genetic_algorithm,rastrigin,105,1400,16.907577070558176
genetic_algorithm,rastrigin,105,1500,14.834288468427957
genetic_algorithm,rastrigin,105,1600,14.692399530045819
genetic_algorithm,rastrigin,105,1700,14.692399530045819
genetic_algorithm,rastrigin,105,1800,13.845530545442557
genetic_algorithm,rastrigin,105,1900,12.62273385196255
genetic_algorithm,rastrigin,105,2000,12.589495603800685
genetic_algorithm,rastrigin,105,2100,9.051559438277962
genetic_algorithm,rastrigin,105,2200,9.005089104770192
genetic_algorithm,rastrigin,105,2300,8.963102599900381
genetic_algorithm,rastrigin,105,2400,8.956549511452096
genetic_algorithm,rastrigin,105,2500,8.910937838438898
genetic_algorithm,rastrigin,105,2600,8.223569996539808
genetic_algorithm,rastrigin,105,2700,8.172033727238656
genetic_algorithm,rastrigin,105,2800,8.12829433378947
genetic_algorithm,rastrigin,105,2900,7.740670422049945
genetic_algorithm,rastrigin,105,3000,6.505481535810873
genetic_algorithm,rastrigin,105,3100,6.234235995489996
genetic_algorithm,rastrigin,105,3200,5.824604676093372
genetic_algorithm,rastrigin,105,3300,4.359355825033489
genetic_algorithm,rastrigin,105,3400,4.147199545401989
genetic_algorithm,rastrigin,105,3500,3.8488954571200793
genetic_algorithm,rastrigin,105,3600,3.7278375915788615
genetic_algorithm,rastrigin,105,3700,3.44177258724163
genetic_algorithm,rastrigin,105,3800,2.780129358023217
genetic_algorithm,rastrigin,105,3900,2.764418950889649
genetic_algorithm,rastrigin,105,4000,2.739330861232432
genetic_algorithm,rastrigin,105,4100,2.4650615415759205
genetic_algorithm,rastrigin,105,4200,2.3987539076668725
genetic_algorithm,rastrigin,105,4300,2.3987539076668725
genetic_algorithm,rastrigin,105,4400,2.3760366549627463
genetic_algorithm,rastrigin,105,4500,2.3727453464278625
genetic_algorithm,rastrigin,105,4600,2.280726401526735
genetic_algorithm,rastrigin,105,4700,2.276482844035556
genetic_algorithm,rastrigin,105,4800,2.1986234903130253
genetic_algorithm,rastrigin,105,4900,2.192889813355123
genetic_algorithm,rastrigin,105,5000,2.1839629203740856
genetic_algorithm,rastrigin,105,5100,1.344462927310829
genetic_algorithm,rastrigin,105,5200,1.344462927310829
genetic_algorithm,rastrigin,105,5300,1.1821339450561368
genetic_algorithm,rastrigin,105,5400,1.181781682475446
genetic_algorithm,rastrigin,105,5500,1.142053429733238
genetic_algorithm,rastrigin,105,5600,1.1127534300134414
genetic_algorithm,rastrigin,105,5700,1.1127449438962742
genetic_algorithm,rastrigin,105,5800,1.1022699727282657
genetic_algorithm,rastrigin,105,5900,1.096091137130685
genetic_algorithm,rastrigin,105,6000,1.0786505336125174
genetic_algorithm,rastrigin,105,6100,1.0786291490625644
genetic_algorithm,rastrigin,105,6200,1.0755840404997343
genetic_algorithm,rastrigin,105,6300,1.074092501685982
genetic_algorithm,rastrigin,105,6400,1.074092501685982
genetic_algorithm,rastrigin,105,6500,1.0733440896754303
genetic_algorithm,rastrigin,105,6600,1.0733440896754303
genetic_algorithm,rastrigin,105,6700,1.0733440896754303
genetic_algorithm,rastrigin,105,6800,1.0693252232015311
genetic_algorithm,rastrigin,105,6900,1.0667482072050092
genetic_algorithm,rastrigin,105,7000,1.0522762525287561
genetic_algorithm,rastrigin,105,7100,1.0516600794100839
genetic_algorithm,rastrigin,105,7200,1.0516600794100839
genetic_algorithm,rastrigin,105,7300,1.0516557496503935
genetic_algorithm,rastrigin,105,7400,1.0457182560564462
genetic_algorithm,rastrigin,105,7500,1.0457182560564462
genetic_algorithm,rastrigin,105,7600,1.045351571484801
genetic_algorithm,rastrigin,105,7700,1.0452848892443427
genetic_algorithm,rastrigin,105,7800,0.1864615619903276
genetic_algorithm,rastrigin,105,7900,0.06803751877740183
genetic_algorithm,rastrigin,105,8000,0.0678150565582456
genetic_algorithm,rastrigin,105,8100,0.06701658066933192
genetic_algorithm,rastrigin,105,8200,0.06682254453343717
genetic_algorithm,rastrigin,105,8300,0.06682254453343717
genetic_algorithm,rastrigin,105,8400,0.06682254453343717
genetic_algorithm,rastrigin,105,8500,0.06647229052843784
genetic_algorithm,rastrigin,105,8600,0.06638944819907522
genetic_algorithm,rastrigin,105,8700,0.06306901366588136
genetic_algorithm,rastrigin,105,8800,0.06298947534047272
genetic_algorithm,rastrigin,105,8900,0.05938144786584587
genetic_algorithm,rastrigin,105,9000,0.059059962354666595
genetic_algorithm,rastrigin,105,9100,0.05381238601137284
genetic_algorithm,rastrigin,105,9200,0.04603112492519301
genetic_algorithm,rastrigin,105,9300,0.038180036747377244
genetic_algorithm,rastrigin,105,9400,0.03330021672414318
genetic_algorithm,rastrigin,105,9500,0.03330021672414318
genetic_algorithm,rastrigin,105,9600,0.03330021672414318
genetic_algorithm,rastrigin,105,9700,0.03330021672414318
genetic_algorithm,rastrigin,105,9800,0.03330021672414318
genetic_algorithm,rastrigin,105,9900,0.03205883009907495
genetic_algorithm,rastrigin,105,10000,0.03205883009907495
genetic_algorithm,rastrigin,105,10100,0.03205883009907495
genetic_algorithm,rastrigin,105,10200,0.012396650154187228
genetic_algorithm,rastrigin,105,10300,0.006255240251434202
genetic_algorithm,rastrigin,105,10400,0.006062776899270261
genetic_algorithm,rastrigin,105,10500,0.006062776899270261
genetic_algorithm,rastrigin,105,10600,0.0053099239709410995
genetic_algorithm,rastrigin,105,10700,0.004831984313341309
genetic_algorithm,rastrigin,105,10800,0.004831984313341309
genetic_algorithm,rastrigin,105,10900,0.004829657898369533
genetic_algorithm,rastrigin,105,11000,0.0036095246263840863
genetic_algorithm,rastrigin,105,11100,0.003609031180360489
genetic_algorithm,rastrigin,105,11200,0.003609031180360489
genetic_algorithm,rastrigin,105,11300,0.003609031180360489
genetic_algorithm,rastrigin,105,11400,0.0035283535941204036
genetic_algorithm,rastrigin,105,11500,0.0035194769087354416
genetic_algorithm,rastrigin,105,11600,0.003509575719661484
genetic_algorithm,rastrigin,105,11700,0.003509575719661484
genetic_algorithm,rastrigin,105,11800,0.0029903598937863762
genetic_algorithm,rastrigin,105,11900,0.0029789656772862827
genetic_algorithm,rastrigin,105,12000,0.0029789656772862827
genetic_algorithm,rastrigin,105,12100,0.002858299336665482
genetic_algorithm,rastrigin,105,12200,0.002858299336665482
genetic_algorithm,rastrigin,105,12300,0.002858299336665482
genetic_algorithm,rastrigin,105,12400,0.002858299336665482
genetic_algorithm,rastrigin,105,12500,0.002858299336665482
genetic_algorithm,rastrigin,105,12600,0.002858299336665482
genetic_algorithm,rastrigin,105,12700,0.0028448000273044727
genetic_algorithm,rastrigin,105,12800,0.0015083587536679488
genetic_algorithm,rastrigin,105,12900,0.0015083587536679488
genetic_algorithm,rastrigin,105,13000,0.0015083587536679488
genetic_algorithm,rastrigin,105,13100,0.0014852471638420184
genetic_algorithm,rastrigin,105,13200,0.0014852471638420184
genetic_algorithm,rastrigin,105,13300,0.0014852471638420184
genetic_algorithm,rastrigin,105,13400,0.0014852471638420184
genetic_algorithm,rastrigin,105,13500,0.0014852471638420184
genetic_algorithm,rastrigin,105,13600,0.000511473977866217
genetic_algorithm,rastrigin,105,13700,0.000511473977866217
genetic_algorithm,rastrigin,105,13800,0.000511473977866217
genetic_algorithm,rastrigin,105,13900,0.000511473977866217
genetic_algorithm,rastrigin,105,14000,0.000511473977866217
genetic_algorithm,rastrigin,105,14100,0.000511473977866217
genetic_algorithm,rastrigin,105,14200,0.000511473977866217
genetic_algorithm,rastrigin,105,14300,0.000511473977866217
genetic_algorithm,rastrigin,105,14400,0.000511473977866217
genetic_algorithm,rastrigin,105,14500,0.000511473977866217
genetic_algorithm,rastrigin,105,14600,0.000511473977866217
genetic_algorithm,rastrigin,105,14700,0.000511473977866217
genetic_algorithm,rastrigin,105,14800,0.000511473977866217
genetic_algorithm,rastrigin,105,14900,0.000511473977866217
genetic_algorithm,rastrigin,105,15000,0.000511473977866217
genetic_algorithm,rastrigin,105,15100,0.0004315434113664196
genetic_algorithm,rastrigin,105,15200,0.0004164978049914225
genetic_algorithm,rastrigin,105,15300,0.00035702324770170435
genetic_algorithm,rastrigin,105,15400,0.0003529498532230946
genetic_algorithm,rastrigin,105,15500,0.0003500202580966061
genetic_algorithm,rastrigin,105,15600,0.00018584022630818708
genetic_algorithm,rastrigin,105,15700,0.00018584022630818708
genetic_algorithm,rastrigin,105,15800,0.00018584022630818708
genetic_algorithm,rastrigin,105,15900,0.00018584022630818708
genetic_algorithm,rastrigin,105,16000,0.00018584022630818708
genetic_algorithm,rastrigin,105,16100,0.00018584022630818708
genetic_algorithm,rastrigin,105,16200,0.00018584022630818708
genetic_algorithm,rastrigin,105,16300,0.00018584022630818708
genetic_algorithm,rastrigin,105,16400,0.00018584022630818708
genetic_algorithm,rastrigin,105,16500,0.00018584022630818708
genetic_algorithm,rastrigin,105,16600,0.00018584022630818708
genetic_algorithm,rastrigin,105,16700,0.00018584022630818708
genetic_algorithm,rastrigin,105,16800,0.00018584022630818708
genetic_algorithm,rastrigin,105,16900,0.00018584022630818708
genetic_algorithm,rastrigin,105,17000,0.00018584022630818708
genetic_algorithm,rastrigin,105,17100,0.00018148195329104055
genetic_algorithm,rastrigin,105,17200,0.00018146874656110867
genetic_algorithm,rastrigin,105,17300,0.00017432362884051145
genetic_algorithm,rastrigin,105,17400,0.00017432362884051145
genetic_algorithm,rastrigin,105,17500,0.00012221685742019872
genetic_algorithm,rastrigin,105,17600,0.00012221378197807553
genetic_algorithm,rastrigin,105,17700,0.00012221378197807553
genetic_algorithm,rastrigin,105,17800,0.00012221378197807553
genetic_algorithm,rastrigin,105,17900,0.00012221378197807553
genetic_algorithm,rastrigin,105,18000,0.00012221378197807553
genetic_algorithm,rastrigin,105,18100,0.0001220055716544266
genetic_algorithm,rastrigin,105,18200,0.0001220055716544266
genetic_algorithm,rastrigin,105,18300,0.0001220055716544266
genetic_algorithm,rastrigin,105,18400,0.00011811542772477424
genetic_algorithm,rastrigin,105,18500,9.888458677664858e-05
genetic_algorithm,rastrigin,105,18600,9.886798346769865e-05
genetic_algorithm,rastrigin,105,18700,9.525320277248284e-05
genetic_algorithm,rastrigin,105,18800,9.507000814323874e-05
genetic_algorithm,rastrigin,105,18900,9.507000814323874e-05
genetic_algorithm,rastrigin,105,19000,9.159449115259122e-05
genetic_algorithm,rastrigin,105,19100,9.159449115259122e-05
genetic_algorithm,rastrigin,105,19200,9.159449115259122e-05
genetic_algorithm,rastrigin,105,19300,9.159449115259122e-05
genetic_algorithm,rastrigin,105,19400,9.147408648857436e-05
genetic_algorithm,rastrigin,105,19500,9.147408648857436e-05
genetic_algorithm,rastrigin,105,19600,9.147408648857436e-05
genetic_algorithm,rastrigin,105,19700,9.147408648857436e-05
genetic_algorithm,rastrigin,105,19800,9.147408648857436e-05
genetic_algorithm,rastrigin,105,19900,9.112851502379726e-05
genetic_algorithm,rastrigin,105,20000,9.112851502379726e-05
genetic_algorithm,rastrigin,106,100,108.29062741035497
genetic_algorithm,rastrigin,106,200,81.37171632660687
genetic_algorithm,rastrigin,106,300,70.13382724795905
genetic_algorithm,rastrigin,106,400,63.58042850654958
genetic_algorithm,rastrigin,106,500,56.20585957325226
genetic_algorithm,rastrigin,106,600,48.55603404190878
genetic_algorithm,rastrigin,106,700,48.359908227012454
genetic_algorithm,rastrigin,106,800,48.274791199951
genetic_algorithm,rastrigin,106,900,40.444105647323084
genetic_algorithm,rastrigin,106,1000,38.24107414930384
genetic_algorithm,rastrigin,106,1100,38.05748840561522
genetic_algorithm,rastrigin,106,1200,35.91666141802952
genetic_algorithm,rastrigin,106,1300,35.062612475459375
genetic_algorithm,rastrigin,106,1400,34.0939155195334
genetic_algorithm,rastrigin,106,1500,33.96767711748076
genetic_algorithm,rastrigin,106,1600,33.12440038644981
genetic_algorithm,rastrigin,106,1700,33.12440038644981
genetic_algorithm,rastrigin,106,1800,32.410916411881956
genetic_algorithm,rastrigin,106,1900,29.70722510643415
genetic_algorithm,rastrigin,106,2000,29.63859241187383
genetic_algorithm,rastrigin,106,2100,29.19158173347529
genetic_algorithm,rastrigin,106,2200,28.60967873724644
genetic_algorithm,rastrigin,106,2300,28.15260293955923
genetic_algorithm,rastrigin,106,2400,27.470742833602586
genetic_algorithm,rastrigin,106,2500,27.327298305513438
genetic_algorithm,rastrigin,106,2600,23.957590348760547
genetic_algorithm,rastrigin,106,2700,21.758522858114134
genetic_algorithm,rastrigin,106,2800,17.315591678430962
genetic_algorithm,rastrigin,106,2900,16.98920667927453
genetic_algorithm,rastrigin,106,3000,16.985932180693567
genetic_algorithm,rastrigin,106,3100,13.592725491653155
genetic_algorithm,rastrigin,106,3200,13.287350884515334
genetic_algorithm,rastrigin,106,3300,13.237832171365199
genetic_algorithm,rastrigin,106,3400,13.236313769740306
genetic_algorithm,rastrigin,106,3500,12.62224027648881
genetic_algorithm,rastrigin,106,3600,12.145218024847694
genetic_algorithm,rastrigin,106,3700,12.145218024847694
genetic_algorithm,rastrigin,106,3800,11.911572881817364
genetic_algorithm,rastrigin,106,3900,11.007204664434525
genetic_algorithm,rastrigin,106,4000,11.007204664434525
genetic_algorithm,rastrigin,106,4100,10.819592865450886
genetic_algorithm,rastrigin,106,4200,9.62824912859898
genetic_algorithm,rastrigin,106,4300,9.626446811262255
genetic_algorithm,rastrigin,106,4400,6.75234558462455
genetic_algorithm,rastrigin,106,4500,6.351533344967379
genetic_algorithm,rastrigin,106,4600,6.320429096826288
genetic_algorithm,rastrigin,106,4700,6.173713412133424
genetic_algorithm,rastrigin,106,4800,6.1468618008120615
genetic_algorithm,rastrigin,106,4900,6.145237071408545
genetic_algorithm,rastrigin,106,5000,6.143890043975887
genetic_algorithm,rastrigin,106,5100,6.023453362039874
genetic_algorithm,rastrigin,106,5200,5.499739748832468
genetic_algorithm,rastrigin,106,5300,5.323303748160086
genetic_algorithm,rastrigin,106,5400,4.861393349825846
genetic_algorithm,rastrigin,106,5500,4.817757506373454
genetic_algorithm,rastrigin,106,5600,4.817757506373454
genetic_algorithm,rastrigin,106,5700,4.790110923148717
genetic_algorithm,rastrigin,106,5800,4.789049095101873
genetic_algorithm,rastrigin,106,5900,4.731474677193006
genetic_algorithm,rastrigin,106,6000,4.6891959411705955
genetic_algorithm,rastrigin,106,6100,4.375461701157306
genetic_algorithm,rastrigin,106,6200,4.2824999147148475
genetic_algorithm,rastrigin,106,6300,4.2824999147148475
genetic_algorithm,rastrigin,106,6400,4.271134532585421
genetic_algorithm,rastrigin,106,6500,4.271134532585421
genetic_algorithm,rastrigin,106,6600,4.239563690496922
genetic_algorithm,rastrigin,106,6700,4.214353480249173
genetic_algorithm,rastrigin,106,6800,3.5926780815651966
genetic_algorithm,rastrigin,106,6900,3.589594678676349
genetic_algorithm,rastrigin,106,7000,3.2074803235497455
genetic_algorithm,rastrigin,106,7100,3.18621113435411
genetic_algorithm,rastrigin,106,7200,3.174032506603325
genetic_algorithm,rastrigin,106,7300,3.1675383497965726
genetic_algorithm,rastrigin,106,7400,2.723586519443245
genetic_algorithm,rastrigin,106,7500,2.25235834081208
genetic_algorithm,rastrigin,106,7600,2.20734085442443
genetic_algorithm,rastrigin,106,7700,2.1777812444196485
genetic_algorithm,rastrigin,106,7800,2.171584294030083
genetic_algorithm,rastrigin,106,7900,2.1656218525936595
genetic_algorithm,rastrigin,106,8000,2.1153975893116694
genetic_algorithm,rastrigin,106,8100,2.115396402710971
genetic_algorithm,rastrigin,106,8200,2.114090385622262
genetic_algorithm,rastrigin,106,8300,2.1130377363957678
genetic_algorithm,rastrigin,106,8400,2.1100352142395167
genetic_algorithm,rastrigin,106,8500,1.728550602722649
genetic_algorithm,rastrigin,106,8600,1.6944355185052302
genetic_algorithm,rastrigin,106,8700,1.6452032920399517
genetic_algorithm,rastrigin,106,8800,1.3387029071909637
genetic_algorithm,rastrigin,106,8900,1.329550560209725
genetic_algorithm,rastrigin,106,9000,1.3183997287625147
genetic_algorithm,rastrigin,106,9100,1.317864158442248
genetic_algorithm,rastrigin,106,9200,1.0844386135149051
genetic_algorithm,rastrigin,106,9300,1.084392600532695
genetic_algorithm,rastrigin,106,9400,1.0814327735505458
genetic_algorithm,rastrigin,106,9500,1.0814327735505458
genetic_algorithm,rastrigin,106,9600,1.0695998959592146
genetic_algorithm,rastrigin,106,9700,1.0695569007403378
genetic_algorithm,rastrigin,106,9800,1.0695569007403378
genetic_algorithm,rastrigin,106,9900,1.0695569007403378
genetic_algorithm,rastrigin,106,10000,1.066736188787786
genetic_algorithm,rastrigin,106,10100,1.0666633603474622
genetic_algorithm,rastrigin,106,10200,1.064747206781547
genetic_algorithm,rastrigin,106,10300,1.064747206781547
genetic_algorithm,rastrigin,106,10400,0.4784690909421272
genetic_algorithm,rastrigin,106,10500,0.43867252893889486
genetic_algorithm,rastrigin,106,10600,0.42374694596523454
genetic_algorithm,rastrigin,106,10700,0.42374694596523454
genetic_algorithm,rastrigin,106,10800,0.414629581671079
genetic_algorithm,rastrigin,106,10900,0.39660466708841113
genetic_algorithm,rastrigin,106,11000,0.39660466708841113
genetic_algorithm,rastrigin,106,11100,0.3964318089661276
genetic_algorithm,rastrigin,106,11200,0.39591218615836965
genetic_algorithm,rastrigin,106,11300,0.362883206140296
genetic_algorithm,rastrigin,106,11400,0.34661898271903624
genetic_algorithm,rastrigin,106,11500,0.3408209870043777
genetic_algorithm,rastrigin,106,11600,0.314969356486813
genetic_algorithm,rastrigin,106,11700,0.28954024382919386
genetic_algorithm,rastrigin,106,11800,0.2481443074017875
genetic_algorithm,rastrigin,106,11900,0.2480438185963152
genetic_algorithm,rastrigin,106,12000,0.23015824886914515
genetic_algorithm,rastrigin,106,12100,0.23015824886914515
genetic_algorithm,rastrigin,106,12200,0.20370911275054482
genetic_algorithm,rastrigin,106,12300,0.1898642816491929
genetic_algorithm,rastrigin,106,12400,0.13575594827466375
genetic_algorithm,rastrigin,106,12500,0.1339425555169811
genetic_algorithm,rastrigin,106,12600,0.1339425555169811
genetic_algorithm,rastrigin,106,12700,0.13374796526096588
genetic_algorithm,rastrigin,106,12800,0.1101678904206409
genetic_algorithm,rastrigin,106,12900,0.1101678904206409
genetic_algorithm,rastrigin,106,13000,0.10266666850063189
genetic_algorithm,rastrigin,106,13100,0.10256436498818289
genetic_algorithm,rastrigin,106,13200,0.10256436498818289
genetic_algorithm,rastrigin,106,13300,0.10037963571028286
genetic_algorithm,rastrigin,106,13400,0.09150675884512793
genetic_algorithm,rastrigin,106,13500,0.08193305866650746
genetic_algorithm,rastrigin,106,13600,0.08022919318250388
genetic_algorithm,rastrigin,106,13700,0.0797334167577759
genetic_algorithm,rastrigin,106,13800,0.0797334167577759
genetic_algorithm,rastrigin,106,13900,0.0797334167577759
genetic_algorithm,rastrigin,106,14000,0.0797334167577759
genetic_algorithm,rastrigin,106,14100,0.07909923980616895
genetic_algorithm,rastrigin,106,14200,0.07422835455197685
genetic_algorithm,rastrigin,106,14300,0.07422835455197685
genetic_algorithm,rastrigin,106,14400,0.07311655207736578
genetic_algorithm,rastrigin,106,14500,0.06910049691606446
genetic_algorithm,rastrigin,106,14600,0.05689916853641819
genetic_algorithm,rastrigin,106,14700,0.056061434506602836
genetic_algorithm,rastrigin,106,14800,0.056061434506602836
genetic_algorithm,rastrigin,106,14900,0.05599231626075607
genetic_algorithm,rastrigin,106,15000,0.054653078114355935
genetic_algorithm,rastrigin,106,15100,0.05000606352255943
genetic_algorithm,rastrigin,106,15200,0.04024046621540833
genetic_algorithm,rastrigin,106,15300,0.04024046621540833
genetic_algorithm,rastrigin,106,15400,0.030630577013653237
genetic_algorithm,rastrigin,106,15500,0.028498061293262822
genetic_algorithm,rastrigin,106,15600,0.02736651724333683
genetic_algorithm,rastrigin,106,15700,0.02736651724333683
genetic_algorithm,rastrigin,106,15800,0.026815336466569306
genetic_algorithm,rastrigin,106,15900,0.02680199395737759
genetic_algorithm,rastrigin,106,16000,0.026402489445715105
genetic_algorithm,rastrigin,106,16100,0.025269117419654208
genetic_algorithm,rastrigin,106,16200,0.024519729859207473
genetic_algorithm,rastrigin,106,16300,0.022994562124864615
genetic_algorithm,rastrigin,106,16400,0.022994562124864615
genetic_algorithm,rastrigin,106,16500,0.022994562124864615
genetic_algorithm,rastrigin,106,16600,0.02248344932010582
genetic_algorithm,rastrigin,106,16700,0.022042265425028518
genetic_algorithm,rastrigin,106,16800,0.021909100212866406
genetic_algorithm,rastrigin,106,16900,0.021741109180538842
genetic_algorithm,rastrigin,106,17000,0.021303305514265958
genetic_algorithm,rastrigin,106,17100,0.021050949348847325
genetic_algorithm,rastrigin,106,17200,0.02074038787689858
genetic_algorithm,rastrigin,106,17300,0.02074038787689858
genetic_algorithm,rastrigin,106,17400,0.02074038787689858
genetic_algorithm,rastrigin,106,17500,0.02074038787689858
genetic_algorithm,rastrigin,106,17600,0.02074038787689858
genetic_algorithm,rastrigin,106,17700,0.01956592654610745
genetic_algorithm,rastrigin,106,17800,0.01794847994818838
genetic_algorithm,rastrigin,106,17900,0.01794847994818838
genetic_algorithm,rastrigin,106,18000,0.01766361649268333
genetic_algorithm,rastrigin,106,18100,0.01766361649268333
genetic_algorithm,rastrigin,106,18200,0.01748079237353295
genetic_algorithm,rastrigin,106,18300,0.01748079237353295
genetic_algorithm,rastrigin,106,18400,0.01748079237353295
genetic_algorithm,rastrigin,106,18500,0.01704593165166557
genetic_algorithm,rastrigin,106,18600,0.016037176262543085
genetic_algorithm,rastrigin,106,18700,0.016037176262543085
genetic_algorithm,rastrigin,106,18800,0.016037176262543085
genetic_algorithm,rastrigin,106,18900,0.016037176262543085
genetic_algorithm,rastrigin,106,19000,0.015214882049775724
genetic_algorithm,rastrigin,106,19100,0.015046203538162217
genetic_algorithm,rastrigin,106,19200,0.01503940988054353
genetic_algorithm,rastrigin,106,19300,0.015033753220208723
genetic_algorithm,rastrigin,106,19400,0.008331409143380597
genetic_algorithm,rastrigin,106,19500,0.008331409143380597
genetic_algorithm,rastrigin,106,19600,0.008251226096334108
genetic_algorithm,rastrigin,106,19700,0.007941732428335513
genetic_algorithm,rastrigin,106,19800,0.007941732428335513
genetic_algorithm,rastrigin,106,19900,0.007939525847987738
genetic_algorithm,rastrigin,106,20000,0.007939525847987738
genetic_algorithm,rastrigin,107,100,142.20799772229995
genetic_algorithm,rastrigin,107,200,101.12299489764112
genetic_algorithm,rastrigin,107,300,82.53434887359344
genetic_algorithm,rastrigin,107,400,73.67843780412939
genetic_algorithm,rastrigin,107,500,67.21396302725978
genetic_algorithm,rastrigin,107,600,50.1341316356326
genetic_algorithm,rastrigin,107,700,49.74602345002864
genetic_algorithm,rastrigin,107,800,47.42224958803901
genetic_algorithm,rastrigin,107,900,43.79781134453183
genetic_algorithm,rastrigin,107,1000,41.371311894455665
genetic_algorithm,rastrigin,107,1100,39.78579018160215
genetic_algorithm,rastrigin,107,1200,37.01827517484271
genetic_algorithm,rastrigin,107,1300,35.63323294352678
genetic_algorithm,rastrigin,107,1400,34.552711327322385
genetic_algorithm,rastrigin,107,1500,31.676527416293226
genetic_algorithm,rastrigin,107,1600,30.373096537299176
genetic_algorithm,rastrigin,107,1700,29.297744822450667
genetic_algorithm,rastrigin,107,1800,29.164197432572053
genetic_algorithm,rastrigin,107,1900,28.11728734035603
genetic_algorithm,rastrigin,107,2000,25.965156250492214
genetic_algorithm,rastrigin,107,2100,23.604290725456707
genetic_algorithm,rastrigin,107,2200,23.17736997908537
genetic_algorithm,rastrigin,107,2300,23.145244737118915
genetic_algorithm,rastrigin,107,2400,19.05807426656395
genetic_algorithm,rastrigin,107,2500,16.706453712948374
genetic_algorithm,rastrigin,107,2600,14.19872139027494
genetic_algorithm,rastrigin,107,2700,14.19872139027494
genetic_algorithm,rastrigin,107,2800,13.035166413429138
genetic_algorithm,rastrigin,107,2900,12.65056901767285
genetic_algorithm,rastrigin,107,3000,11.506375430156453
genetic_algorithm,rastrigin,107,3100,7.814978263939082
genetic_algorithm,rastrigin,107,3200,7.130522836946739
genetic_algorithm,rastrigin,107,3300,5.933838000687842
genetic_algorithm,rastrigin,107,3400,5.933838000687842
genetic_algorithm,rastrigin,107,3500,5.933838000687842
genetic_algorithm,rastrigin,107,3600,5.933838000687842
genetic_algorithm,rastrigin,107,3700,5.367059376672572
genetic_algorithm,rastrigin,107,3800,5.367052155452427
genetic_algorithm,rastrigin,107,3900,5.157977610205791
genetic_algorithm,rastrigin,107,4000,4.5114827926654755
genetic_algorithm,rastrigin,107,4100,4.033430817757846
genetic_algorithm,rastrigin,107,4200,4.033430817757846
genetic_algorithm,rastrigin,107,4300,3.960335850100364
genetic_algorithm,rastrigin,107,4400,3.9438221509784768
genetic_algorithm,rastrigin,107,4500,3.933853027921259
genetic_algorithm,rastrigin,107,4600,3.873966754988274
genetic_algorithm,rastrigin,107,4700,2.9730668470039916
genetic_algorithm,rastrigin,107,4800,2.971866502981527
genetic_algorithm,rastrigin,107,4900,2.8905582585627627
genetic_algorithm,rastrigin,107,5000,2.728241045301118
genetic_algorithm,rastrigin,107,5100,2.612030743924933
genetic_algorithm,rastrigin,107,5200,2.588668451929209
genetic_algorithm,rastrigin,107,5300,2.588668451929209
genetic_algorithm,rastrigin,107,5400,2.3338353773997653
genetic_algorithm,rastrigin,107,5500,2.333171126017561
genetic_algorithm,rastrigin,107,5600,2.3331440411803612
genetic_algorithm,rastrigin,107,5700,2.3331440411803612
genetic_algorithm,rastrigin,107,5800,2.319738309409189
genetic_algorithm,rastrigin,107,5900,2.2683678032520476
genetic_algorithm,rastrigin,107,6000,2.2683678032520476
genetic_algorithm,rastrigin,107,6100,2.2683678032520476
genetic_algorithm,rastrigin,107,6200,2.2683678032520476
genetic_algorithm,rastrigin,107,6300,2.265067806779456
genetic_algorithm,rastrigin,107,6400,2.2650125096056684
genetic_algorithm,rastrigin,107,6500,2.2527169932202185
genetic_algorithm,rastrigin,107,6600,2.212491284937826
genetic_algorithm,rastrigin,107,6700,2.2098460971957508
genetic_algorithm,rastrigin,107,6800,2.1992734257251243
genetic_algorithm,rastrigin,107,6900,2.152610521093976
genetic_algorithm,rastrigin,107,7000,1.1755729660704475
genetic_algorithm,rastrigin,107,7100,1.171486187870073
genetic_algorithm,rastrigin,107,7200,1.1525054663376864
genetic_algorithm,rastrigin,107,7300,1.1525054663376864
genetic_algorithm,rastrigin,107,7400,1.1520128559341885
genetic_algorithm,rastrigin,107,7500,1.1518787793843472
genetic_algorithm,rastrigin,107,7600,1.1518787793843472
genetic_algorithm,rastrigin,107,7700,1.1518787793843472
genetic_algorithm,rastrigin,107,7800,1.1515806768046986
genetic_algorithm,rastrigin,107,7900,1.149949447444996
genetic_algorithm,rastrigin,107,8000,1.1433051093119388
genetic_algorithm,rastrigin,107,8100,1.139978743982354
genetic_algorithm,rastrigin,107,8200,1.1186115858190533
genetic_algorithm,rastrigin,107,8300,1.1165377982587756
genetic_algorithm,rastrigin,107,8400,1.1165377982587756
genetic_algorithm,rastrigin,107,8500,1.1142293594856199
genetic_algorithm,rastrigin,107,8600,1.0839596109253193
genetic_algorithm,rastrigin,107,8700,0.9075341979894489
genetic_algorithm,rastrigin,107,8800,0.5147757909601296
genetic_algorithm,rastrigin,107,8900,0.501198905419713
genetic_algorithm,rastrigin,107,9000,0.49419658934576205
genetic_algorithm,rastrigin,107,9100,0.493451326332476
genetic_algorithm,rastrigin,107,9200,0.48983426456403834
genetic_algorithm,rastrigin,107,9300,0.48911337481247585
genetic_algorithm,rastrigin,107,9400,0.48911337481247585
genetic_algorithm,rastrigin,107,9500,0.48899501749703234
genetic_algorithm,rastrigin,107,9600,0.4886437550039773
genetic_algorithm,rastrigin,107,9700,0.4727883101480188
genetic_algorithm,rastrigin,107,9800,0.307292471199375
genetic_algorithm,rastrigin,107,9900,0.3070982517417207
genetic_algorithm,rastrigin,107,10000,0.27076324777618765
genetic_algorithm,rastrigin,107,10100,0.17999613542340853
genetic_algorithm,rastrigin,107,10200,0.17999613542340853
genetic_algorithm,rastrigin,107,10300,0.17999613542340853
genetic_algorithm,rastrigin,107,10400,0.17891800402458102
genetic_algorithm,rastrigin,107,10500,0.1782894611033896
genetic_algorithm,rastrigin,107,10600,0.1731421537882909
genetic_algorithm,rastrigin,107,10700,0.1608900859429525
genetic_algorithm,rastrigin,107,10800,0.1608900859429525
genetic_algorithm,rastrigin,107,10900,0.15097659711274503
genetic_algorithm,rastrigin,107,11000,0.15090496132347653
genetic_algorithm,rastrigin,107,11100,0.13719567448391956
genetic_algorithm,rastrigin,107,11200,0.11409465627208704
genetic_algorithm,rastrigin,107,11300,0.11306653002563394
genetic_algorithm,rastrigin,107,11400,0.11306653002563394
genetic_algorithm,rastrigin,107,11500,0.10746065985597397
genetic_algorithm,rastrigin,107,11600,0.1017137849011931
genetic_algorithm,rastrigin,107,11700,0.0999757733242177
genetic_algorithm,rastrigin,107,11800,0.04176581461928208
genetic_algorithm,rastrigin,107,11900,0.04155981752158766
genetic_algorithm,rastrigin,107,12000,0.04155981752158766
genetic_algorithm,rastrigin,107,12100,0.04012690539357777
genetic_algorithm,rastrigin,107,12200,0.03981519842528769
genetic_algorithm,rastrigin,107,12300,0.03972599864981419
genetic_algorithm,rastrigin,107,12400,0.039682151951154765
genetic_algorithm,rastrigin,107,12500,0.039682151951154765
genetic_algorithm,rastrigin,107,12600,0.03565237353232931
genetic_algorithm,rastrigin,107,12700,0.03565237353232931
genetic_algorithm,rastrigin,107,12800,0.03562097574886991
genetic_algorithm,rastrigin,107,12900,0.03562097574886991
genetic_algorithm,rastrigin,107,13000,0.03543833896551973
genetic_algorithm,rastrigin,107,13100,0.026043889019319977
genetic_algorithm,rastrigin,107,13200,0.026009060531578143
genetic_algorithm,rastrigin,107,13300,0.026009060531578143
genetic_algorithm,rastrigin,107,13400,0.026009060531578143
genetic_algorithm,rastrigin,107,13500,0.02580849002163177
genetic_algorithm,rastrigin,107,13600,0.024798158843694296
genetic_algorithm,rastrigin,107,13700,0.024435250466837033
genetic_algorithm,rastrigin,107,13800,0.023954410633777456
genetic_algorithm,rastrigin,107,13900,0.023954410633777456
genetic_algorithm,rastrigin,107,14000,0.019827014283507083
genetic_algorithm,rastrigin,107,14100,0.019827014283507083
genetic_algorithm,rastrigin,107,14200,0.018653354601639194
genetic_algorithm,rastrigin,107,14300,0.018507699969461555
genetic_algorithm,rastrigin,107,14400,0.018507699969461555
genetic_algorithm,rastrigin,107,14500,0.018507699969461555
genetic_algorithm,rastrigin,107,14600,0.01785583601220253
genetic_algorithm,rastrigin,107,14700,0.017774579384962408
genetic_algorithm,rastrigin,107,14800,0.015703413540705924
genetic_algorithm,rastrigin,107,14900,0.0131599378972993
genetic_algorithm,rastrigin,107,15000,0.013155808934769198
genetic_algorithm,rastrigin,107,15100,0.013155808934769198
genetic_algorithm,rastrigin,107,15200,0.012933417371982614
genetic_algorithm,rastrigin,107,15300,0.007596896691708821
genetic_algorithm,rastrigin,107,15400,0.006955204466351006
genetic_algorithm,rastrigin,107,15500,0.0066245634417043675
genetic_algorithm,rastrigin,107,15600,0.0066245634417043675
genetic_algorithm,rastrigin,107,15700,0.0064599319232456764
genetic_algorithm,rastrigin,107,15800,0.006216264594868903
genetic_algorithm,rastrigin,107,15900,0.006216264594868903
genetic_algorithm,rastrigin,107,16000,0.004466653959468658
genetic_algorithm,rastrigin,107,16100,0.004466653959468658
genetic_algorithm,rastrigin,107,16200,0.004466653959468658
genetic_algorithm,rastrigin,107,16300,0.004466653959468658
genetic_algorithm,rastrigin,107,16400,0.004466653959468658
genetic_algorithm,rastrigin,107,16500,0.004466653959468658
genetic_algorithm,rastrigin,107,16600,0.004466653959468658
genetic_algorithm,rastrigin,107,16700,0.004466653959468658
genetic_algorithm,rastrigin,107,16800,0.004466653959468658
genetic_algorithm,rastrigin,107,16900,0.003807735140057389
genetic_algorithm,rastrigin,107,17000,0.0035157801445535597
genetic_algorithm,rastrigin,107,17100,0.002209466760419332
genetic_algorithm,rastrigin,107,17200,0.0022065421756991555
genetic_algorithm,rastrigin,107,17300,0.0022065421756991555
genetic_algorithm,rastrigin,107,17400,0.0022065421756991555
genetic_algorithm,rastrigin,107,17500,0.0022065421756991555
genetic_algorithm,rastrigin,107,17600,0.0022065421756991555
genetic_algorithm,rastrigin,107,17700,0.002136483445582371
genetic_algorithm,rastrigin,107,17800,0.002136483445582371
genetic_algorithm,rastrigin,107,17900,0.002136483445582371
genetic_algorithm,rastrigin,107,18000,0.002136483445582371
genetic_algorithm,rastrigin,107,18100,0.0021255768759544935
genetic_algorithm,rastrigin,107,18200,0.0021255768759544935
genetic_algorithm,rastrigin,107,18300,0.0021255768759544935
genetic_algorithm,rastrigin,107,18400,0.0021255768759544935
genetic_algorithm,rastrigin,107,18500,0.0019051333867423637
genetic_algorithm,rastrigin,107,18600,0.0019051328815180568
genetic_algorithm,rastrigin,107,18700,0.0017867095963595148
genetic_algorithm,rastrigin,107,18800,0.0017859836826801256
genetic_algorithm,rastrigin,107,18900,0.0017382230850842006
genetic_algorithm,rastrigin,107,19000,0.0012678967522248286
genetic_algorithm,rastrigin,107,19100,0.0012678967522248286
genetic_algorithm,rastrigin,107,19200,0.0012662014544986278
genetic_algorithm,rastrigin,107,19300,0.0012472870580211293
genetic_algorithm,rastrigin,107,19400,0.0007159552405653358
genetic_algorithm,rastrigin,107,19500,0.0006568665206714286
genetic_algorithm,rastrigin,107,19600,0.0006514072542103122
genetic_algorithm,rastrigin,107,19700,0.0006514072542103122
genetic_algorithm,rastrigin,107,19800,0.0006514072542103122
genetic_algorithm,rastrigin,107,19900,0.0006474120960859864
genetic_algorithm,rastrigin,107,20000,0.00049567257812555
genetic_algorithm,rastrigin,108,100,92.62363409133071
genetic_algorithm,rastrigin,108,200,76.34251067348413
genetic_algorithm,rastrigin,108,300,68.3044520269601
genetic_algorithm,rastrigin,108,400,61.75351055598264
genetic_algorithm,rastrigin,108,500,56.0296965193581
genetic_algorithm,rastrigin,108,600,44.94202479455878
genetic_algorithm,rastrigin,108,700,39.8305443195116
genetic_algorithm,rastrigin,108,800,38.729125571142006
genetic_algorithm,rastrigin,108,900,35.99441173742774
genetic_algorithm,rastrigin,108,1000,35.99441173742774
genetic_algorithm,rastrigin,108,1100,31.754573275515327
genetic_algorithm,rastrigin,108,1200,31.73976243698911
genetic_algorithm,rastrigin,108,1300,31.512418226849377
genetic_algorithm,rastrigin,108,1400,28.096580301750592
genetic_algorithm,rastrigin,108,1500,25.194962876354012
genetic_algorithm,rastrigin,108,1600,25.10508854087223
genetic_algorithm,rastrigin,108,1700,24.762451382906363
genetic_algorithm,rastrigin,108,1800,24.124401042798297
genetic_algorithm,rastrigin,108,1900,22.22142882397769
genetic_algorithm,rastrigin,108,2000,21.914383390370688
genetic_algorithm,rastrigin,108,2100,18.302176144090126
genetic_algorithm,rastrigin,108,2200,18.001684035583196
genetic_algorithm,rastrigin,108,2300,17.56368060776937
genetic_algorithm,rastrigin,108,2400,16.47887810604007
genetic_algorithm,rastrigin,108,2500,15.09218209316954
genetic_algorithm,rastrigin,108,2600,15.064011448719583
genetic_algorithm,rastrigin,108,2700,13.392739847142067
genetic_algorithm,rastrigin,108,2800,11.584800689512335
genetic_algorithm,rastrigin,108,2900,11.584800689512335
genetic_algorithm,rastrigin,108,3000,10.999533659419399
genetic_algorithm,rastrigin,108,3100,9.749849679635716
genetic_algorithm,rastrigin,108,3200,9.360278904039319
genetic_algorithm,rastrigin,108,3300,9.18794402665958
genetic_algorithm,rastrigin,108,3400,9.18794402665958
genetic_algorithm,rastrigin,108,3500,9.181611544340512
genetic_algorithm,rastrigin,108,3600,8.547677440772375
genetic_algorithm,rastrigin,108,3700,8.347573819866966
genetic_algorithm,rastrigin,108,3800,8.241905507097215
genetic_algorithm,rastrigin,108,3900,8.241905507097215
genetic_algorithm,rastrigin,108,4000,5.101590453876739
genetic_algorithm,rastrigin,108,4100,5.101590453876739
genetic_algorithm,rastrigin,108,4200,4.027652426871867
genetic_algorithm,rastrigin,108,4300,4.027652426871867
genetic_algorithm,rastrigin,108,4400,4.027648040368831
genetic_algorithm,rastrigin,108,4500,4.027648040368831
genetic_algorithm,rastrigin,108,4600,4.008367459075529
genetic_algorithm,rastrigin,108,4700,3.767790881551832
genetic_algorithm,rastrigin,108,4800,3.039846078088104
genetic_algorithm,rastrigin,108,4900,3.0054064738064312
genetic_algorithm,rastrigin,108,5000,2.9620382684331332
genetic_algorithm,rastrigin,108,5100,2.9576180364268367
genetic_algorithm,rastrigin,108,5200,2.8368881728057005
genetic_algorithm,rastrigin,108,5300,2.752496401281846
genetic_algorithm,rastrigin,108,5400,2.742929971571016
genetic_algorithm,rastrigin,108,5500,2.7271280610351454
genetic_algorithm,rastrigin,108,5600,2.703591165799722
genetic_algorithm,rastrigin,108,5700,2.6048313719944076
genetic_algorithm,rastrigin,108,5800,2.5974900401611904
genetic_algorithm,rastrigin,108,5900,2.5424698238940238
genetic_algorithm,rastrigin,108,6000,2.5281433414646557
genetic_algorithm,rastrigin,108,6100,2.5281433414646557
genetic_algorithm,rastrigin,108,6200,2.527718074104911
genetic_algorithm,rastrigin,108,6300,2.527718074104911
genetic_algorithm,rastrigin,108,6400,1.9057703862481787
genetic_algorithm,rastrigin,108,6500,1.905757636602715
genetic_algorithm,rastrigin,108,6600,1.905757636602715
genetic_algorithm,rastrigin,108,6700,1.9055382634943072
genetic_algorithm,rastrigin,108,6800,1.8576360600586383
genetic_algorithm,rastrigin,108,6900,1.8576360600586383
genetic_algorithm,rastrigin,108,7000,1.8576352306123454
genetic_algorithm,rastrigin,108,7100,1.8576352306123454
genetic_algorithm,rastrigin,108,7200,1.8576352306123454
genetic_algorithm,rastrigin,108,7300,1.8185266380710914
genetic_algorithm,rastrigin,108,7400,1.8172549917452017
genetic_algorithm,rastrigin,108,7500,1.8044574106144893
genetic_algorithm,rastrigin,108,7600,1.8027876823105373
genetic_algorithm,rastrigin,108,7700,1.770878285043139
genetic_algorithm,rastrigin,108,7800,1.7708347782287888
genetic_algorithm,rastrigin,108,7900,1.7555878553310293
genetic_algorithm,rastrigin,108,8000,1.7024433535180208
genetic_algorithm,rastrigin,108,8100,1.6952374191288726
genetic_algorithm,rastrigin,108,8200,1.6952374191288726
genetic_algorithm,rastrigin,108,8300,1.6848511936133264
genetic_algorithm,rastrigin,108,8400,1.5593248421307209
genetic_algorithm,rastrigin,108,8500,1.4823041297308635
genetic_algorithm,rastrigin,108,8600,1.4818191043597722
genetic_algorithm,rastrigin,108,8700,1.091914810670147
genetic_algorithm,rastrigin,108,8800,0.9914039577409142
genetic_algorithm,rastrigin,108,8900,0.9436934428265431
genetic_algorithm,rastrigin,108,9000,0.7300832371499837
genetic_algorithm,rastrigin,108,9100,0.7300832371499837
genetic_algorithm,rastrigin,108,9200,0.7289803723978849
genetic_algorithm,rastrigin,108,9300,0.7215101323645001
genetic_algorithm,rastrigin,108,9400,0.7204248412369623
genetic_algorithm,rastrigin,108,9500,0.6379267887474782
genetic_algorithm,rastrigin,108,9600,0.6379267887474782
genetic_algorithm,rastrigin,108,9700,0.5817223950873256
genetic_algorithm,rastrigin,108,9800,0.46115012761023877
genetic_algorithm,rastrigin,108,9900,0.4527766249536995
genetic_algorithm,rastrigin,108,10000,0.451537115521603
genetic_algorithm,rastrigin,108,10100,0.44941767645470065
genetic_algorithm,rastrigin,108,10200,0.42951896648172294
genetic_algorithm,rastrigin,108,10300,0.42310731982456673
genetic_algorithm,rastrigin,108,10400,0.3291142824767661
genetic_algorithm,rastrigin,108,10500,0.3291142824767661
genetic_algorithm,rastrigin,108,10600,0.31155822842707437
genetic_algorithm,rastrigin,108,10700,0.3046242944698889
genetic_algorithm,rastrigin,108,10800,0.3046242944698889
genetic_algorithm,rastrigin,108,10900,0.2283604744953891
genetic_algorithm,rastrigin,108,11000,0.17387658222541802
genetic_algorithm,rastrigin,108,11100,0.17387658222541802
genetic_algorithm,rastrigin,108,11200,0.1650685196461268
genetic_algorithm,rastrigin,108,11300,0.16144767355336853
genetic_algorithm,rastrigin,108,11400,0.16144767355336853
genetic_algorithm,rastrigin,108,11500,0.16144767355336853
genetic_algorithm,rastrigin,108,11600,0.16144767355336853
genetic_algorithm,rastrigin,108,11700,0.1614151130393111
genetic_algorithm,rastrigin,108,11800,0.15945475083408667
genetic_algorithm,rastrigin,108,11900,0.057151167049482865
genetic_algorithm,rastrigin,108,12000,0.05679895299418547
genetic_algorithm,rastrigin,108,12100,0.05679895299418547
genetic_algorithm,rastrigin,108,12200,0.05451950832865293
genetic_algorithm,rastrigin,108,12300,0.05451950832865293
genetic_algorithm,rastrigin,108,12400,0.05451950359487512
genetic_algorithm,rastrigin,108,12500,0.05451950359487512
genetic_algorithm,rastrigin,108,12600,0.04650497812374965
genetic_algorithm,rastrigin,108,12700,0.046418499873027486
genetic_algorithm,rastrigin,108,12800,0.046418499873027486
genetic_algorithm,rastrigin,108,12900,0.046418499873027486
genetic_algorithm,rastrigin,108,13000,0.046418499873027486
genetic_algorithm,rastrigin,108,13100,0.046171370173851756
genetic_algorithm,rastrigin,108,13200,0.04369920028842955
genetic_algorithm,rastrigin,108,13300,0.025571165785180483
genetic_algorithm,rastrigin,108,13400,0.02480056751919335
genetic_algorithm,rastrigin,108,13500,0.02339245552106206
genetic_algorithm,rastrigin,108,13600,0.023389280707846183
genetic_algorithm,rastrigin,108,13700,0.023389280707846183
genetic_algorithm,rastrigin,108,13800,0.023162876683144873
genetic_algorithm,rastrigin,108,13900,0.02289634196316115
genetic_algorithm,rastrigin,108,14000,0.022230908525898485
genetic_algorithm,rastrigin,108,14100,0.022230908525898485
genetic_algorithm,rastrigin,108,14200,0.022230908525898485
genetic_algorithm,rastrigin,108,14300,0.022230538118151344
genetic_algorithm,rastrigin,108,14400,0.02106215487795282
genetic_algorithm,rastrigin,108,14500,0.021048030941244633
genetic_algorithm,rastrigin,108,14600,0.020461523024906114
genetic_algorithm,rastrigin,108,14700,0.020461523024906114
genetic_algorithm,rastrigin,108,14800,0.010969380697531506
genetic_algorithm,rastrigin,108,14900,0.010969380697531506
genetic_algorithm,rastrigin,108,15000,0.010778821402752214
genetic_algorithm,rastrigin,108,15100,0.01008492797710403
genetic_algorithm,rastrigin,108,15200,0.01008492797710403
genetic_algorithm,rastrigin,108,15300,0.009581058552868171
genetic_algorithm,rastrigin,108,15400,0.00937430281271645
genetic_algorithm,rastrigin,108,15500,0.00937430281271645
genetic_algorithm,rastrigin,108,15600,0.008234642739793685
genetic_algorithm,rastrigin,108,15700,0.007804567610548929
genetic_algorithm,rastrigin,108,15800,0.0077610990683183445
genetic_algorithm,rastrigin,108,15900,0.0077610990683183445
genetic_algorithm,rastrigin,108,16000,0.0077610990683183445
genetic_algorithm,rastrigin,108,16100,0.0065596583882552295
genetic_algorithm,rastrigin,108,16200,0.0065596583882552295
genetic_algorithm,rastrigin,108,16300,0.00655965470002684
genetic_algorithm,rastrigin,108,16400,0.00655965470002684
genetic_algorithm,rastrigin,108,16500,0.00629591069909452
genetic_algorithm,rastrigin,108,16600,0.0062893952039075884
genetic_algorithm,rastrigin,108,16700,0.0062893952039075884
genetic_algorithm,rastrigin,108,16800,0.0062893952039075884
genetic_algorithm,rastrigin,108,16900,0.0062893952039075884
genetic_algorithm,rastrigin,108,17000,0.0062893952039075884
genetic_algorithm,rastrigin,108,17100,0.006188958685626744
genetic_algorithm,rastrigin,108,17200,0.006188958685626744
genetic_algorithm,rastrigin,108,17300,0.006188958685626744
genetic_algorithm,rastrigin,108,17400,0.006188958685626744
genetic_algorithm,rastrigin,108,17500,0.006188958685626744
genetic_algorithm,rastrigin,108,17600,0.006131462407651611
genetic_algorithm,rastrigin,108,17700,0.00610525998894218
genetic_algorithm,rastrigin,108,17800,0.006073384120867331
genetic_algorithm,rastrigin,108,17900,0.005805685788814685
genetic_algorithm,rastrigin,108,18000,0.00580537123613567
genetic_algorithm,rastrigin,108,18100,0.004812310895545124
genetic_algorithm,rastrigin,108,18200,0.004812310895545124
genetic_algorithm,rastrigin,108,18300,0.004808531674314054
genetic_algorithm,rastrigin,108,18400,0.004808531674314054
genetic_algorithm,rastrigin,108,18500,0.004500444639674583
genetic_algorithm,rastrigin,108,18600,0.0005773313933161717
genetic_algorithm,rastrigin,108,18700,0.0005773313933161717
genetic_algorithm,rastrigin,108,18800,0.0005773313933161717
genetic_algorithm,rastrigin,108,18900,0.0005773313933161717
genetic_algorithm,rastrigin,108,19000,0.0005773313933161717
genetic_algorithm,rastrigin,108,19100,0.0005773313933161717
genetic_algorithm,rastrigin,108,19200,0.0005773313933161717
genetic_algorithm,rastrigin,108,19300,0.0005773313933161717
genetic_algorithm,rastrigin,108,19400,0.00038822105335611923
genetic_algorithm,rastrigin,108,19500,0.00038545868531514316
genetic_algorithm,rastrigin,108,19600,0.0003853569875360563
genetic_algorithm,rastrigin,108,19700,0.0003818985784533879
genetic_algorithm,rastrigin,108,19800,0.0003817192920081425
genetic_algorithm,rastrigin,108,19900,0.0003803529611872136
genetic_algorithm,rastrigin,108,20000,0.0003796233345951805
genetic_algorithm,rastrigin,109,100,107.53778487097708
genetic_algorithm,rastrigin,109,200,91.58540773584411
genetic_algorithm,rastrigin,109,300,77.68550280668131
genetic_algorithm,rastrigin,109,400,74.29603741293081
genetic_algorithm,rastrigin,109,500,62.54013388041777
genetic_algorithm,rastrigin,109,600,60.420604902048574
genetic_algorithm,rastrigin,109,700,59.08900075396927
genetic_algorithm,rastrigin,109,800,56.79326444791654
genetic_algorithm,rastrigin,109,900,49.55825162484378
genetic_algorithm,rastrigin,109,1000,45.70193215378333
genetic_algorithm,rastrigin,109,1100,43.002299798810526
genetic_algorithm,rastrigin,109,1200,36.45552551886851
genetic_algorithm,rastrigin,109,1300,36.26402338265113
genetic_algorithm,rastrigin,109,1400,36.26098475455787
genetic_algorithm,rastrigin,109,1500,33.315028266850334
genetic_algorithm,rastrigin,109,1600,33.11997312335731
genetic_algorithm,rastrigin,109,1700,32.27160434036122
genetic_algorithm,rastrigin,109,1800,32.19618833015116
genetic_algorithm,rastrigin,109,1900,30.60888207907982
genetic_algorithm,rastrigin,109,2000,30.52973096393923
genetic_algorithm,rastrigin,109,2100,30.52973096393923
genetic_algorithm,rastrigin,109,2200,24.96972603948879
genetic_algorithm,rastrigin,109,2300,24.96972603948879
genetic_algorithm,rastrigin,109,2400,24.492951558992488
genetic_algorithm,rastrigin,109,2500,24.337752428539844
genetic_algorithm,rastrigin,109,2600,20.914801400889786
genetic_algorithm,rastrigin,109,2700,20.751138749683705
genetic_algorithm,rastrigin,109,2800,20.202076648935247
genetic_algorithm,rastrigin,109,2900,19.225698667496005
genetic_algorithm,rastrigin,109,3000,18.704210398207223
genetic_algorithm,rastrigin,109,3100,18.133404162647736
genetic_algorithm,rastrigin,109,3200,17.78034391166841
genetic_algorithm,rastrigin,109,3300,17.082889346970845
genetic_algorithm,rastrigin,109,3400,17.082889346970845
genetic_algorithm,rastrigin,109,3500,17.0822277342687
genetic_algorithm,rastrigin,109,3600,17.0822277342687
genetic_algorithm,rastrigin,109,3700,16.594366547475204
genetic_algorithm,rastrigin,109,3800,16.594366547475204
genetic_algorithm,rastrigin,109,3900,16.4339593954941
genetic_algorithm,rastrigin,109,4000,15.557180196606026
genetic_algorithm,rastrigin,109,4100,14.1079536987763
genetic_algorithm,rastrigin,109,4200,14.07776923769012
genetic_algorithm,rastrigin,109,4300,14.07776923769012
genetic_algorithm,rastrigin,109,4400,12.76450509920933
genetic_algorithm,rastrigin,109,4500,9.917290824673273
genetic_algorithm,rastrigin,109,4600,9.832278617795922
genetic_algorithm,rastrigin,109,4700,8.847838047196305
genetic_algorithm,rastrigin,109,4800,8.847838047196305
genetic_algorithm,rastrigin,109,4900,8.457018253777605
genetic_algorithm,rastrigin,109,5000,8.152473096026256
genetic_algorithm,rastrigin,109,5100,8.152473096026256
genetic_algorithm,rastrigin,109,5200,8.127182311554492
genetic_algorithm,rastrigin,109,5300,5.3078746882437
genetic_algorithm,rastrigin,109,5400,5.291792863047377
genetic_algorithm,rastrigin,109,5500,5.288679055157459
genetic_algorithm,rastrigin,109,5600,5.131724090850341
genetic_algorithm,rastrigin,109,5700,4.082109843350025
genetic_algorithm,rastrigin,109,5800,4.082108646864896
genetic_algorithm,rastrigin,109,5900,3.7253259202866076
genetic_algorithm,rastrigin,109,6000,3.605950898358415
genetic_algorithm,rastrigin,109,6100,3.605950898358415
genetic_algorithm,rastrigin,109,6200,3.5486676958349364
genetic_algorithm,rastrigin,109,6300,3.5269066044864275
genetic_algorithm,rastrigin,109,6400,3.5257440566579987
genetic_algorithm,rastrigin,109,6500,3.5179722281295227
genetic_algorithm,rastrigin,109,6600,3.517608455251022
genetic_algorithm,rastrigin,109,6700,3.497729386622254
genetic_algorithm,rastrigin,109,6800,3.4969753662054046
genetic_algorithm,rastrigin,109,6900,3.4405163014529734
genetic_algorithm,rastrigin,109,7000,3.332516468220774
genetic_algorithm,rastrigin,109,7100,3.3325018133997304
genetic_algorithm,rastrigin,109,7200,3.303868023271562
genetic_algorithm,rastrigin,109,7300,3.303868023271562
genetic_algorithm,rastrigin,109,7400,3.283359305222362
genetic_algorithm,rastrigin,109,7500,3.1948206302222246
genetic_algorithm,rastrigin,109,7600,3.1935306492933506
genetic_algorithm,rastrigin,109,7700,3.1913921723373733
genetic_algorithm,rastrigin,109,7800,3.1907280895066776
genetic_algorithm,rastrigin,109,7900,3.190716189761247
genetic_algorithm,rastrigin,109,8000,2.798007785364618
genetic_algorithm,rastrigin,109,8100,2.6077471787338027
genetic_algorithm,rastrigin,109,8200,2.6077471787338027
genetic_algorithm,rastrigin,109,8300,2.605190290422101
genetic_algorithm,rastrigin,109,8400,2.35873838641902
genetic_algorithm,rastrigin,109,8500,2.35873838641902
genetic_algorithm,rastrigin,109,8600,2.3552695887507014
genetic_algorithm,rastrigin,109,8700,2.335116810136185
genetic_algorithm,rastrigin,109,8800,2.3310528953554694
genetic_algorithm,rastrigin,109,8900,2.3283535775816517
genetic_algorithm,rastrigin,109,9000,2.22762163384823
genetic_algorithm,rastrigin,109,9100,2.205963362422054
genetic_algorithm,rastrigin,109,9200,2.161318987301172
genetic_algorithm,rastrigin,109,9300,2.161318987301172
genetic_algorithm,rastrigin,109,9400,2.153414477485981
genetic_algorithm,rastrigin,109,9500,2.1224994942683395
genetic_algorithm,rastrigin,109,9600,2.122237519653993
genetic_algorithm,rastrigin,109,9700,2.1213787009344713
genetic_algorithm,rastrigin,109,9800,2.1055705079769638
genetic_algorithm,rastrigin,109,9900,2.1054736561711422
genetic_algorithm,rastrigin,109,10000,2.10351152293228
genetic_algorithm,rastrigin,109,10100,2.072518229851667
genetic_algorithm,rastrigin,109,10200,2.0724538998311743
genetic_algorithm,rastrigin,109,10300,2.0687760701386964
genetic_algorithm,rastrigin,109,10400,2.033663643046836
genetic_algorithm,rastrigin,109,10500,1.25461865342578
genetic_algorithm,rastrigin,109,10600,1.25461865342578
genetic_algorithm,rastrigin,109,10700,1.2532413950626307
genetic_algorithm,rastrigin,109,10800,1.1712441116828813
genetic_algorithm,rastrigin,109,10900,1.1712441116828813
genetic_algorithm,rastrigin,109,11000,1.1712441116828813
genetic_algorithm,rastrigin,109,11100,1.1651593392353874
genetic_algorithm,rastrigin,109,11200,1.1563645299525405
genetic_algorithm,rastrigin,109,11300,1.096819637756525
genetic_algorithm,rastrigin,109,11400,1.096819637756525
genetic_algorithm,rastrigin,109,11500,1.09496236073322
genetic_algorithm,rastrigin,109,11600,1.0670214903909994
genetic_algorithm,rastrigin,109,11700,1.0669344833685415
genetic_algorithm,rastrigin,109,11800,1.0667404888912841
genetic_algorithm,rastrigin,109,11900,1.0667404888912841
genetic_algorithm,rastrigin,109,12000,1.0667404888912841
genetic_algorithm,rastrigin,109,12100,1.066725023466546
genetic_algorithm,rastrigin,109,12200,1.0017848542493937
genetic_algorithm,rastrigin,109,12300,0.9997882677315744
genetic_algorithm,rastrigin,109,12400,0.9986922300963954
genetic_algorithm,rastrigin,109,12500,0.9986922300963954
genetic_algorithm,rastrigin,109,12600,0.9986922300963954
genetic_algorithm,rastrigin,109,12700,0.9984472079802345
genetic_algorithm,rastrigin,109,12800,0.9984472079802345
genetic_algorithm,rastrigin,109,12900,0.9984472079802345
genetic_algorithm,rastrigin,109,13000,0.998414117534935
genetic_algorithm,rastrigin,109,13100,0.998414117534935
genetic_algorithm,rastrigin,109,13200,0.9984089309513138
genetic_algorithm,rastrigin,109,13300,0.26809493500205406
genetic_algorithm,rastrigin,109,13400,0.21881060547579523
genetic_algorithm,rastrigin,109,13500,0.0844752390016481
genetic_algorithm,rastrigin,109,13600,0.054655898977685524
genetic_algorithm,rastrigin,109,13700,0.03446248102007132
genetic_algorithm,rastrigin,109,13800,0.025218754413160127
genetic_algorithm,rastrigin,109,13900,0.022053102680786196
genetic_algorithm,rastrigin,109,14000,0.022053102680786196
genetic_algorithm,rastrigin,109,14100,0.018087803235204092
genetic_algorithm,rastrigin,109,14200,0.016997201735222234
genetic_algorithm,rastrigin,109,14300,0.016587384615561973
genetic_algorithm,rastrigin,109,14400,0.016471005018672713
genetic_algorithm,rastrigin,109,14500,0.016467715176233355
genetic_algorithm,rastrigin,109,14600,0.01453662681947776
genetic_algorithm,rastrigin,109,14700,0.01414863946473588
genetic_algorithm,rastrigin,109,14800,0.010448005285141448
genetic_algorithm,rastrigin,109,14900,0.010448005285141448
genetic_algorithm,rastrigin,109,15000,0.010439266619670207
genetic_algorithm,rastrigin,109,15100,0.010372708535101083
genetic_algorithm,rastrigin,109,15200,0.010270635331053768
genetic_algorithm,rastrigin,109,15300,0.010270635331053768
genetic_algorithm,rastrigin,109,15400,0.010266936581885489
genetic_algorithm,rastrigin,109,15500,0.009164214084378841
genetic_algorithm,rastrigin,109,15600,0.008915713076376619
genetic_algorithm,rastrigin,109,15700,0.008915713076376619
genetic_algorithm,rastrigin,109,15800,0.008915713076376619
genetic_algorithm,rastrigin,109,15900,0.008170470856583734
genetic_algorithm,rastrigin,109,16000,0.008152842467680443
genetic_algorithm,rastrigin,109,16100,0.007972620493504223
genetic_algorithm,rastrigin,109,16200,0.007972620493504223
genetic_algorithm,rastrigin,109,16300,0.007963593704786831
genetic_algorithm,rastrigin,109,16400,0.007951077807163642
genetic_algorithm,rastrigin,109,16500,0.007817096228620812
genetic_algorithm,rastrigin,109,16600,0.007768146595651615
genetic_algorithm,rastrigin,109,16700,0.007762601597889329
genetic_algorithm,rastrigin,109,16800,0.007762601597889329
genetic_algorithm,rastrigin,109,16900,0.0062379285191696
genetic_algorithm,rastrigin,109,17000,0.0062379285191696
genetic_algorithm,rastrigin,109,17100,0.0062379285191696
genetic_algorithm,rastrigin,109,17200,0.0062379285191696
genetic_algorithm,rastrigin,109,17300,0.006224476406842427
genetic_algorithm,rastrigin,109,17400,0.004403121325509574
genetic_algorithm,rastrigin,109,17500,0.0043882090290452425
genetic_algorithm,rastrigin,109,17600,0.003975132425310335
genetic_algorithm,rastrigin,109,17700,0.003959510096507302
genetic_algorithm,rastrigin,109,17800,0.003959510096507302
genetic_algorithm,rastrigin,109,17900,0.00394577488147263
genetic_algorithm,rastrigin,109,18000,0.00394577488147263
genetic_algorithm,rastrigin,109,18100,0.00394577488147263
genetic_algorithm,rastrigin,109,18200,0.00394577488147263
genetic_algorithm,rastrigin,109,18300,0.00394577488147263
genetic_algorithm,rastrigin,109,18400,0.00394577488147263
genetic_algorithm,rastrigin,109,18500,0.0035515485688506487
genetic_algorithm,rastrigin,109,18600,0.003476695647151473
genetic_algorithm,rastrigin,109,18700,0.0033139735425606887
genetic_algorithm,rastrigin,109,18800,0.0028462388675620787
genetic_algorithm,rastrigin,109,18900,0.002646915308247344
genetic_algorithm,rastrigin,109,19000,0.002646915308247344
genetic_algorithm,rastrigin,109,19100,0.002589475959226206
genetic_algorithm,rastrigin,109,19200,0.002584800972101675
genetic_algorithm,rastrigin,109,19300,0.002584800972101675
genetic_algorithm,rastrigin,109,19400,0.002584800972101675
genetic_algorithm,rastrigin,109,19500,0.0025196990757336835
genetic_algorithm,rastrigin,109,19600,0.0020516823684886276
genetic_algorithm,rastrigin,109,19700,0.001955270879292925
genetic_algorithm,rastrigin,109,19800,0.001955270879292925
genetic_algorithm,rastrigin,109,19900,0.001463056631465065
genetic_algorithm,rastrigin,109,20000,0.001463056631465065
genetic_algorithm,rastrigin,110,100,113.28337034506245
genetic_algorithm,rastrigin,110,200,82.93787727430504
genetic_algorithm,rastrigin,110,300,73.73298034934942
genetic_algorithm,rastrigin,110,400,65.3110245875063
genetic_algorithm,rastrigin,110,500,61.52034631966191
genetic_algorithm,rastrigin,110,600,57.079088116738426
genetic_algorithm,rastrigin,110,700,55.81501270507235
genetic_algorithm,rastrigin,110,800,51.021354569719755
genetic_algorithm,rastrigin,110,900,49.832784100111255
genetic_algorithm,rastrigin,110,1000,41.12845024950034
genetic_algorithm,rastrigin,110,1100,38.77698610056286
genetic_algorithm,rastrigin,110,1200,33.60017224247099
genetic_algorithm,rastrigin,110,1300,29.174635365592465
genetic_algorithm,rastrigin,110,1400,28.033180627642167
genetic_algorithm,rastrigin,110,1500,19.806021767695484
genetic_algorithm,rastrigin,110,1600,18.321774384844346
genetic_algorithm,rastrigin,110,1700,17.149003143585276
genetic_algorithm,rastrigin,110,1800,17.13480214413886
genetic_algorithm,rastrigin,110,1900,16.22328769301174
genetic_algorithm,rastrigin,110,2000,16.22328769301174
genetic_algorithm,rastrigin,110,2100,16.08190951188199
genetic_algorithm,rastrigin,110,2200,14.639897738238659
genetic_algorithm,rastrigin,110,2300,14.636653813425113
genetic_algorithm,rastrigin,110,2400,10.061844688279024
genetic_algorithm,rastrigin,110,2500,9.905469403643522
genetic_algorithm,rastrigin,110,2600,9.905469403643522
genetic_algorithm,rastrigin,110,2700,9.783907238595702
genetic_algorithm,rastrigin,110,2800,7.532409883079197
genetic_algorithm,rastrigin,110,2900,7.2508456437686135
genetic_algorithm,rastrigin,110,3000,6.58600518210028
genetic_algorithm,rastrigin,110,3100,5.83231860294579
genetic_algorithm,rastrigin,110,3200,4.606363823688511
genetic_algorithm,rastrigin,110,3300,4.5939830062260825
genetic_algorithm,rastrigin,110,3400,4.5939830062260825
genetic_algorithm,rastrigin,110,3500,3.988336837359938
genetic_algorithm,rastrigin,110,3600,3.988336837359938
genetic_algorithm,rastrigin,110,3700,3.9042936196620133
genetic_algorithm,rastrigin,110,3800,3.9042936196620133
genetic_algorithm,rastrigin,110,3900,3.7967027488848686
genetic_algorithm,rastrigin,110,4000,3.6491150459577
genetic_algorithm,rastrigin,110,4100,3.647639496657959
genetic_algorithm,rastrigin,110,4200,3.647639496657959
genetic_algorithm,rastrigin,110,4300,2.33874993792881
genetic_algorithm,rastrigin,110,4400,2.298312699107413
genetic_algorithm,rastrigin,110,4500,2.2554631357281494
genetic_algorithm,rastrigin,110,4600,2.1638351932610362
genetic_algorithm,rastrigin,110,4700,2.1638351932610362
genetic_algorithm,rastrigin,110,4800,2.1638351932610362
genetic_algorithm,rastrigin,110,4900,1.5203967243775196
genetic_algorithm,rastrigin,110,5000,1.5203967243775196
genetic_algorithm,rastrigin,110,5100,1.4993360106595333
genetic_algorithm,rastrigin,110,5200,1.4992721560043947
genetic_algorithm,rastrigin,110,5300,1.4991213515011879
genetic_algorithm,rastrigin,110,5400,1.3606344732962583
genetic_algorithm,rastrigin,110,5500,1.3604403578361683
genetic_algorithm,rastrigin,110,5600,1.3401369455063872
genetic_algorithm,rastrigin,110,5700,1.3401369455063872
genetic_algorithm,rastrigin,110,5800,1.319580490380872
genetic_algorithm,rastrigin,110,5900,1.302606285812601
genetic_algorithm,rastrigin,110,6000,1.266384630893441
genetic_algorithm,rastrigin,110,6100,1.2575296104370892
genetic_algorithm,rastrigin,110,6200,1.1823712188301414
genetic_algorithm,rastrigin,110,6300,1.1823712188301414
genetic_algorithm,rastrigin,110,6400,1.1823712188301414
genetic_algorithm,rastrigin,110,6500,1.1729257965827742
genetic_algorithm,rastrigin,110,6600,1.1722742092712792
genetic_algorithm,rastrigin,110,6700,1.1566922864937794
genetic_algorithm,rastrigin,110,6800,1.1566922864937794
genetic_algorithm,rastrigin,110,6900,1.1566922864937794
genetic_algorithm,rastrigin,110,7000,1.1215828728248596
genetic_algorithm,rastrigin,110,7100,1.0755312444922538
genetic_algorithm,rastrigin,110,7200,1.06589840535014
genetic_algorithm,rastrigin,110,7300,1.0656851116385013
genetic_algorithm,rastrigin,110,7400,1.065268333000148
genetic_algorithm,rastrigin,110,7500,1.0641963671158408
genetic_algorithm,rastrigin,110,7600,1.0438001252629476
genetic_algorithm,rastrigin,110,7700,1.035692383692421
genetic_algorithm,rastrigin,110,7800,1.0344169102643122
genetic_algorithm,rastrigin,110,7900,1.0274897777119207
genetic_algorithm,rastrigin,110,8000,1.0274897777119207
genetic_algorithm,rastrigin,110,8100,1.0225446458974545
genetic_algorithm,rastrigin,110,8200,0.4066845073122636
genetic_algorithm,rastrigin,110,8300,0.18907423614210472
genetic_algorithm,rastrigin,110,8400,0.03672509731272555
genetic_algorithm,rastrigin,110,8500,0.03672509731272555
genetic_algorithm,rastrigin,110,8600,0.03672509731272555
genetic_algorithm,rastrigin,110,8700,0.03152626415715076
genetic_algorithm,rastrigin,110,8800,0.03133889396445966
genetic_algorithm,rastrigin,110,8900,0.03133889396445966
genetic_algorithm,rastrigin,110,9000,0.030874982388738204
genetic_algorithm,rastrigin,110,9100,0.030867715211812197
genetic_algorithm,rastrigin,110,9200,0.030867715211812197
genetic_algorithm,rastrigin,110,9300,0.030857749772479792
genetic_algorithm,rastrigin,110,9400,0.023812896521690163
genetic_algorithm,rastrigin,110,9500,0.02288643260818901
genetic_algorithm,rastrigin,110,9600,0.02288643260818901
genetic_algorithm,rastrigin,110,9700,0.021770667649619213
genetic_algorithm,rastrigin,110,9800,0.016963099187236708
genetic_algorithm,rastrigin,110,9900,0.01695052395392338
genetic_algorithm,rastrigin,110,10000,0.01695052395392338
genetic_algorithm,rastrigin,110,10100,0.016938800003998722
genetic_algorithm,rastrigin,110,10200,0.016938800003998722
genetic_algorithm,rastrigin,110,10300,0.015633433806655717
genetic_algorithm,rastrigin,110,10400,0.01563342952060509
genetic_algorithm,rastrigin,110,10500,0.0155276760275882
genetic_algorithm,rastrigin,110,10600,0.009935617737255598
genetic_algorithm,rastrigin,110,10700,0.009717450402760619
genetic_algorithm,rastrigin,110,10800,0.009680327650940512
genetic_algorithm,rastrigin,110,10900,0.008710158468943519
genetic_algorithm,rastrigin,110,11000,0.008710158468943519
genetic_algorithm,rastrigin,110,11100,0.006994461945865282
genetic_algorithm,rastrigin,110,11200,0.0064703049983023675
genetic_algorithm,rastrigin,110,11300,0.0064703049983023675
genetic_algorithm,rastrigin,110,11400,0.006041799150338534
genetic_algorithm,rastrigin,110,11500,0.006034808879377351
genetic_algorithm,rastrigin,110,11600,0.005229690605901283
genetic_algorithm,rastrigin,110,11700,0.005229690605901283
genetic_algorithm,rastrigin,110,11800,0.005221525828289941
genetic_algorithm,rastrigin,110,11900,0.0049393234030361555
genetic_algorithm,rastrigin,110,12000,0.004093609460539938
genetic_algorithm,rastrigin,110,12100,0.00402926000705861
genetic_algorithm,rastrigin,110,12200,0.004025935737331565
genetic_algorithm,rastrigin,110,12300,0.003971623138227187
genetic_algorithm,rastrigin,110,12400,0.0039712075017348525
genetic_algorithm,rastrigin,110,12500,0.003891538650108828
genetic_algorithm,rastrigin,110,12600,0.0037362988272064968
genetic_algorithm,rastrigin,110,12700,0.0033676840359646576
genetic_algorithm,rastrigin,110,12800,0.003361226680482332
genetic_algorithm,rastrigin,110,12900,0.003361209724459968
genetic_algorithm,rastrigin,110,13000,0.003361209724459968
genetic_algorithm,rastrigin,110,13100,0.003361209724459968
genetic_algorithm,rastrigin,110,13200,0.003206079320648314
genetic_algorithm,rastrigin,110,13300,0.0031949026630400112
genetic_algorithm,rastrigin,110,13400,0.0031949026630400112
genetic_algorithm,rastrigin,110,13500,0.0031949026630400112
genetic_algorithm,rastrigin,110,13600,0.003194873730421932
genetic_algorithm,rastrigin,110,13700,0.0031880080911435016
genetic_algorithm,rastrigin,110,13800,0.0031880080911435016
genetic_algorithm,rastrigin,110,13900,0.0031623446629112095
genetic_algorithm,rastrigin,110,14000,0.0031623446629112095
genetic_algorithm,rastrigin,110,14100,0.003009534815959114
genetic_algorithm,rastrigin,110,14200,0.0017912272187317058
genetic_algorithm,rastrigin,110,14300,0.0017691335445420009
genetic_algorithm,rastrigin,110,14400,0.0017205678834670834
genetic_algorithm,rastrigin,110,14500,0.0006081582144332742
genetic_algorithm,rastrigin,110,14600,0.0006081582144332742
genetic_algorithm,rastrigin,110,14700,0.0005595812769882968
genetic_algorithm,rastrigin,110,14800,0.0005569728475478541
genetic_algorithm,rastrigin,110,14900,0.0005569728475478541
genetic_algorithm,rastrigin,110,15000,0.0005508724622558248
genetic_algorithm,rastrigin,110,15100,0.0004111335597087873
genetic_algorithm,rastrigin,110,15200,0.0003604684018370108
genetic_algorithm,rastrigin,110,15300,0.0003604684018370108
genetic_algorithm,rastrigin,110,15400,0.00035943068024835156
genetic_algorithm,rastrigin,110,15500,0.0003594067971022241
genetic_algorithm,rastrigin,110,15600,0.00035577352939242246
genetic_algorithm,rastrigin,110,15700,0.00035577352939242246
genetic_algorithm,rastrigin,110,15800,0.00035138719695737564
genetic_algorithm,rastrigin,110,15900,0.00035138719695737564
genetic_algorithm,rastrigin,110,16000,0.00030689925068827506
genetic_algorithm,rastrigin,110,16100,0.0002861877942166302
genetic_algorithm,rastrigin,110,16200,0.00027039266359452085
genetic_algorithm,rastrigin,110,16300,0.00027039266359452085
genetic_algorithm,rastrigin,110,16400,0.00027039266359452085
genetic_algorithm,rastrigin,110,16500,0.000270380353029509
genetic_algorithm,rastrigin,110,16600,0.0002556597404037575
genetic_algorithm,rastrigin,110,16700,0.00025385413499634524
genetic_algorithm,rastrigin,110,16800,0.00021223382719881556
genetic_algorithm,rastrigin,110,16900,0.00021223382719881556
genetic_algorithm,rastrigin,110,17000,0.00021223382719881556
genetic_algorithm,rastrigin,110,17100,0.00021223382719881556
genetic_algorithm,rastrigin,110,17200,0.00020639333372685087
genetic_algorithm,rastrigin,110,17300,0.00020639333372685087
genetic_algorithm,rastrigin,110,17400,0.00020639333372685087
genetic_algorithm,rastrigin,110,17500,0.00020639333372685087
genetic_algorithm,rastrigin,110,17600,0.00019050957926936007
genetic_algorithm,rastrigin,110,17700,0.00019050957926936007
genetic_algorithm,rastrigin,110,17800,0.00017277506698576417
genetic_algorithm,rastrigin,110,17900,0.00017277448603181256
genetic_algorithm,rastrigin,110,18000,0.000172344406834668
genetic_algorithm,rastrigin,110,18100,0.00016940660043474054
genetic_algorithm,rastrigin,110,18200,0.00016940660043474054
genetic_algorithm,rastrigin,110,18300,0.0001689860264377785
genetic_algorithm,rastrigin,110,18400,0.00016887574662405314
genetic_algorithm,rastrigin,110,18500,0.000168840597353892
genetic_algorithm,rastrigin,110,18600,0.00015574755288128017
genetic_algorithm,rastrigin,110,18700,0.00015574755288128017
genetic_algorithm,rastrigin,110,18800,0.00015574737886936418
genetic_algorithm,rastrigin,110,18900,0.00015531394957690736
genetic_algorithm,rastrigin,110,19000,0.00015531394957690736
genetic_algorithm,rastrigin,110,19100,0.00015301143916701676
genetic_algorithm,rastrigin,110,19200,0.00015301143916701676
genetic_algorithm,rastrigin,110,19300,0.00015301143916701676
genetic_algorithm,rastrigin,110,19400,0.00010562513192269307
genetic_algorithm,rastrigin,110,19500,0.00010559886908367844
genetic_algorithm,rastrigin,110,19600,0.00010559886908367844
genetic_algorithm,rastrigin,110,19700,0.00010559886908367844
genetic_algorithm,rastrigin,110,19800,9.205847534587974e-05
genetic_algorithm,rastrigin,110,19900,8.432347485154423e-05
genetic_algorithm,rastrigin,110,20000,8.381542954793986e-05
genetic_algorithm,rastrigin,111,100,106.22873360719409
genetic_algorithm,rastrigin,111,200,86.04909592827565
genetic_algorithm,rastrigin,111,300,72.02881485263966
genetic_algorithm,rastrigin,111,400,59.40577973134079
genetic_algorithm,rastrigin,111,500,58.65175328170236
genetic_algorithm,rastrigin,111,600,52.61451403706754
genetic_algorithm,rastrigin,111,700,51.861508247738065
genetic_algorithm,rastrigin,111,800,51.386037222283186
genetic_algorithm,rastrigin,111,900,47.89209435226425
genetic_algorithm,rastrigin,111,1000,45.484219085569364
genetic_algorithm,rastrigin,111,1100,44.0915846315888
genetic_algorithm,rastrigin,111,1200,41.732175972233655
genetic_algorithm,rastrigin,111,1300,32.95466376390662
genetic_algorithm,rastrigin,111,1400,32.95466376390662
genetic_algorithm,rastrigin,111,1500,32.95466376390662
genetic_algorithm,rastrigin,111,1600,28.38686402721075
genetic_algorithm,rastrigin,111,1700,28.38686402721075
genetic_algorithm,rastrigin,111,1800,28.349848424307424
genetic_algorithm,rastrigin,111,1900,28.349848424307424
genetic_algorithm,rastrigin,111,2000,22.77217824478278
genetic_algorithm,rastrigin,111,2100,22.70006220382102
genetic_algorithm,rastrigin,111,2200,19.141427170081286
genetic_algorithm,rastrigin,111,2300,18.56643263921582
genetic_algorithm,rastrigin,111,2400,17.672515805699874
genetic_algorithm,rastrigin,111,2500,16.257455503693038
genetic_algorithm,rastrigin,111,2600,15.94234715219882
genetic_algorithm,rastrigin,111,2700,12.02980662239014
genetic_algorithm,rastrigin,111,2800,8.54933468445671
genetic_algorithm,rastrigin,111,2900,8.54933468445671
genetic_algorithm,rastrigin,111,3000,8.429089514472665
genetic_algorithm,rastrigin,111,3100,8.13152905322049
genetic_algorithm,rastrigin,111,3200,7.794360591142052
genetic_algorithm,rastrigin,111,3300,7.3647254987508575
genetic_algorithm,rastrigin,111,3400,7.214395834363302
genetic_algorithm,rastrigin,111,3500,7.174180075602436
genetic_algorithm,rastrigin,111,3600,6.249606097841109
genetic_algorithm,rastrigin,111,3700,5.883651330562699
genetic_algorithm,rastrigin,111,3800,5.4763555984937256
genetic_algorithm,rastrigin,111,3900,5.4763555984937256
genetic_algorithm,rastrigin,111,4000,5.468721365289397
genetic_algorithm,rastrigin,111,4100,5.468721365289397
genetic_algorithm,rastrigin,111,4200,4.966983869134822
genetic_algorithm,rastrigin,111,4300,4.520091339183196
genetic_algorithm,rastrigin,111,4400,4.26073058512813
genetic_algorithm,rastrigin,111,4500,4.26073058512813
genetic_algorithm,rastrigin,111,4600,3.818900017289664
genetic_algorithm,rastrigin,111,4700,3.4395961455203974
genetic_algorithm,rastrigin,111,4800,2.9670165054249082
genetic_algorithm,rastrigin,111,4900,2.460234278548185
genetic_algorithm,rastrigin,111,5000,2.2102847546671427
genetic_algorithm,rastrigin,111,5100,1.8185728860536585
genetic_algorithm,rastrigin,111,5200,1.8185679441765217
genetic_algorithm,rastrigin,111,5300,1.7380166851409342
genetic_algorithm,rastrigin,111,5400,1.6284174012057804
genetic_algorithm,rastrigin,111,5500,1.5222157246501808
genetic_algorithm,rastrigin,111,5600,1.476540249653013
genetic_algorithm,rastrigin,111,5700,1.4710864435394342
genetic_algorithm,rastrigin,111,5800,1.4266383767612183
genetic_algorithm,rastrigin,111,5900,1.4132532066370374
genetic_algorithm,rastrigin,111,6000,1.402348392726779
genetic_algorithm,rastrigin,111,6100,1.2902950681275485
genetic_algorithm,rastrigin,111,6200,1.2902950681275485
genetic_algorithm,rastrigin,111,6300,1.2636575949647266
genetic_algorithm,rastrigin,111,6400,1.217130723157453
genetic_algorithm,rastrigin,111,6500,1.2165230314903823
genetic_algorithm,rastrigin,111,6600,1.2165230314903823
genetic_algorithm,rastrigin,111,6700,0.6565078022777158
genetic_algorithm,rastrigin,111,6800,0.2959148198865904
genetic_algorithm,rastrigin,111,6900,0.2959148198865904
genetic_algorithm,rastrigin,111,7000,0.2959148198865904
genetic_algorithm,rastrigin,111,7100,0.2812887019988608
genetic_algorithm,rastrigin,111,7200,0.2288066040352419
genetic_algorithm,rastrigin,111,7300,0.2288066040352419
genetic_algorithm,rastrigin,111,7400,0.2288066040352419
genetic_algorithm,rastrigin,111,7500,0.2135727035662569
genetic_algorithm,rastrigin,111,7600,0.21357163285631486
genetic_algorithm,rastrigin,111,7700,0.17723822780533283
genetic_algorithm,rastrigin,111,7800,0.17698884650548052
genetic_algorithm,rastrigin,111,7900,0.17698421098522488
genetic_algorithm,rastrigin,111,8000,0.17638501234188197
genetic_algorithm,rastrigin,111,8100,0.1760721398718914
genetic_algorithm,rastrigin,111,8200,0.13571930582702407
genetic_algorithm,rastrigin,111,8300,0.13231622564286738
genetic_algorithm,rastrigin,111,8400,0.1323024795808294
genetic_algorithm,rastrigin,111,8500,0.12339152782161023
genetic_algorithm,rastrigin,111,8600,0.11371934587219812
genetic_algorithm,rastrigin,111,8700,0.07692815967821787
genetic_algorithm,rastrigin,111,8800,0.0766565700920836
genetic_algorithm,rastrigin,111,8900,0.0766565700920836
genetic_algorithm,rastrigin,111,9000,0.07581209505411834
genetic_algorithm,rastrigin,111,9100,0.0741016174279423
genetic_algorithm,rastrigin,111,9200,0.05505140361927374
genetic_algorithm,rastrigin,111,9300,0.04521785599867201
genetic_algorithm,rastrigin,111,9400,0.04521785599867201
genetic_algorithm,rastrigin,111,9500,0.045216482517602685
genetic_algorithm,rastrigin,111,9600,0.03051259352983493
genetic_algorithm,rastrigin,111,9700,0.02828359903040223
genetic_algorithm,rastrigin,111,9800,0.028282654515123795
genetic_algorithm,rastrigin,111,9900,0.028280492116607547
genetic_algorithm,rastrigin,111,10000,0.028280492116607547
genetic_algorithm,rastrigin,111,10100,0.028280492116607547
genetic_algorithm,rastrigin,111,10200,0.028280492116607547
genetic_algorithm,rastrigin,111,10300,0.02786941698593637
genetic_algorithm,rastrigin,111,10400,0.02761603479983421
genetic_algorithm,rastrigin,111,10500,0.023761852499006864
genetic_algorithm,rastrigin,111,10600,0.023761836995433328
genetic_algorithm,rastrigin,111,10700,0.02336478581256074
genetic_algorithm,rastrigin,111,10800,0.02336478581256074
genetic_algorithm,rastrigin,111,10900,0.023328682051200644
genetic_algorithm,rastrigin,111,11000,0.023328682051200644
genetic_algorithm,rastrigin,111,11100,0.017675612497455973
genetic_algorithm,rastrigin,111,11200,0.01678159814335345
genetic_algorithm,rastrigin,111,11300,0.01678159814335345
genetic_algorithm,rastrigin,111,11400,0.01678159814335345
genetic_algorithm,rastrigin,111,11500,0.01678159814335345
genetic_algorithm,rastrigin,111,11600,0.016175584098988338
genetic_algorithm,rastrigin,111,11700,0.012269558521325052
genetic_algorithm,rastrigin,111,11800,0.012269558521325052
genetic_algorithm,rastrigin,111,11900,0.011969202290686098
genetic_algorithm,rastrigin,111,12000,0.011969202290686098
genetic_algorithm,rastrigin,111,12100,0.008874178862271265
genetic_algorithm,rastrigin,111,12200,0.0088717262256921
genetic_algorithm,rastrigin,111,12300,0.00799787758371906
genetic_algorithm,rastrigin,111,12400,0.007386201835188899
genetic_algorithm,rastrigin,111,12500,0.007370778003917167
genetic_algorithm,rastrigin,111,12600,0.007370770542380001
genetic_algorithm,rastrigin,111,12700,0.007370731937896835
genetic_algorithm,rastrigin,111,12800,0.007370731937896835
genetic_algorithm,rastrigin,111,12900,0.007370722220017001
genetic_algorithm,rastrigin,111,13000,0.007370721797599344
genetic_algorithm,rastrigin,111,13100,0.007370721797599344
genetic_algorithm,rastrigin,111,13200,0.007075098860866547
genetic_algorithm,rastrigin,111,13300,0.00416118704480084
genetic_algorithm,rastrigin,111,13400,0.004136561889836798
genetic_algorithm,rastrigin,111,13500,0.0017627264265343001
genetic_algorithm,rastrigin,111,13600,0.001762726426449035
genetic_algorithm,rastrigin,111,13700,0.001754805052996744
genetic_algorithm,rastrigin,111,13800,0.001754805052996744
genetic_algorithm,rastrigin,111,13900,0.001754805052996744
genetic_algorithm,rastrigin,111,14000,0.0017332117654262902
genetic_algorithm,rastrigin,111,14100,0.0017240439917713957
genetic_algorithm,rastrigin,111,14200,0.0017233661204869577
genetic_algorithm,rastrigin,111,14300,0.0017233661204869577
genetic_algorithm,rastrigin,111,14400,0.0017233661204869577
genetic_algorithm,rastrigin,111,14500,0.0017233661204869577
genetic_algorithm,rastrigin,111,14600,0.001583617740891441
genetic_algorithm,rastrigin,111,14700,0.0015835823362806423
genetic_algorithm,rastrigin,111,14800,0.0015202691071323216
genetic_algorithm,rastrigin,111,14900,0.0015185611931940457
genetic_algorithm,rastrigin,111,15000,0.00047543347984913
genetic_algorithm,rastrigin,111,15100,0.00047543347984913
genetic_algorithm,rastrigin,111,15200,0.00047543347984913
genetic_algorithm,rastrigin,111,15300,0.00047543347984913
genetic_algorithm,rastrigin,111,15400,0.00047531411671286605
genetic_algorithm,rastrigin,111,15500,0.00047531411671286605
genetic_algorithm,rastrigin,111,15600,0.000442123709277098
genetic_algorithm,rastrigin,111,15700,0.000442123709277098
genetic_algorithm,rastrigin,111,15800,0.00042915701682488816
genetic_algorithm,rastrigin,111,15900,0.0004270835693915842
genetic_algorithm,rastrigin,111,16000,0.0004270835693915842
genetic_algorithm,rastrigin,111,16100,0.00042205674500905843
genetic_algorithm,rastrigin,111,16200,0.0004118521070921588
genetic_algorithm,rastrigin,111,16300,0.0004118521070921588
genetic_algorithm,rastrigin,111,16400,0.0004118521070921588
genetic_algorithm,rastrigin,111,16500,0.0004118521070921588
genetic_algorithm,rastrigin,111,16600,0.0004118521070921588
genetic_algorithm,rastrigin,111,16700,0.00019036144915673958
genetic_algorithm,rastrigin,111,16800,0.00019036144915673958
genetic_algorithm,rastrigin,111,16900,0.00018362983652764342
genetic_algorithm,rastrigin,111,17000,0.00013355382162671958
genetic_algorithm,rastrigin,111,17100,8.21260074417296e-05
genetic_algorithm,rastrigin,111,17200,4.926689916828764e-05
genetic_algorithm,rastrigin,111,17300,4.926689916828764e-05
genetic_algorithm,rastrigin,111,17400,4.384244745381238e-05
genetic_algorithm,rastrigin,111,17500,4.01565670955506e-05
genetic_algorithm,rastrigin,111,17600,3.94228149502851e-05
genetic_algorithm,rastrigin,111,17700,3.8116992129744176e-05
genetic_algorithm,rastrigin,111,17800,3.8116992129744176e-05
genetic_algorithm,rastrigin,111,17900,3.8116992129744176e-05
genetic_algorithm,rastrigin,111,18000,3.8116992129744176e-05
genetic_algorithm,rastrigin,111,18100,3.8116992129744176e-05
genetic_algorithm,rastrigin,111,18200,3.784838327192119e-05
genetic_algorithm,rastrigin,111,18300,3.784838327192119e-05
genetic_algorithm,rastrigin,111,18400,3.1936814650634915e-05
genetic_algorithm,rastrigin,111,18500,3.185459996757345e-05
genetic_algorithm,rastrigin,111,18600,2.8972622004630466e-05
genetic_algorithm,rastrigin,111,18700,2.8972622004630466e-05
genetic_algorithm,rastrigin,111,18800,2.8972622004630466e-05
genetic_algorithm,rastrigin,111,18900,2.897068279139603e-05
genetic_algorithm,rastrigin,111,19000,2.828081719030706e-05
genetic_algorithm,rastrigin,111,19100,2.681956617323067e-05
genetic_algorithm,rastrigin,111,19200,2.6651894060591985e-05
genetic_algorithm,rastrigin,111,19300,2.6651894060591985e-05
genetic_algorithm,rastrigin,111,19400,2.6651894060591985e-05
genetic_algorithm,rastrigin,111,19500,2.6651894060591985e-05
genetic_algorithm,rastrigin,111,19600,2.6645463336194553e-05
genetic_algorithm,rastrigin,111,19700,2.6645463336194553e-05
genetic_algorithm,rastrigin,111,19800,2.6589720008018958e-05
genetic_algorithm,rastrigin,111,19900,2.6589720008018958e-05
genetic_algorithm,rastrigin,111,20000,2.6589720008018958e-05
genetic_algorithm,rastrigin,112,100,92.97239142401125
genetic_algorithm,rastrigin,112,200,84.0938949635432
genetic_algorithm,rastrigin,112,300,62.17648864293264
genetic_algorithm,rastrigin,112,400,55.00998117335715
genetic_algorithm,rastrigin,112,500,37.30476805620245
genetic_algorithm,rastrigin,112,600,35.604817519270156
genetic_algorithm,rastrigin,112,700,30.445997819658643
genetic_algorithm,rastrigin,112,800,30.445997819658643
genetic_algorithm,rastrigin,112,900,22.326677339501202
genetic_algorithm,rastrigin,112,1000,20.75576811958436
genetic_algorithm,rastrigin,112,1100,19.50751360275406
genetic_algorithm,rastrigin,112,1200,17.109572477206214
genetic_algorithm,rastrigin,112,1300,14.864192959989978
genetic_algorithm,rastrigin,112,1400,14.527487022673839
genetic_algorithm,rastrigin,112,1500,13.930885006179935
genetic_algorithm,rastrigin,112,1600,10.760756171627463
genetic_algorithm,rastrigin,112,1700,10.731575694956959
genetic_algorithm,rastrigin,112,1800,9.779189555227902
genetic_algorithm,rastrigin,112,1900,9.450178404189202
genetic_algorithm,rastrigin,112,2000,9.13307979805954
genetic_algorithm,rastrigin,112,2100,9.13307979805954
genetic_algorithm,rastrigin,112,2200,8.015430038029194
genetic_algorithm,rastrigin,112,2300,8.015430038029194
genetic_algorithm,rastrigin,112,2400,7.985393960813781
genetic_algorithm,rastrigin,112,2500,7.30611914064869
genetic_algorithm,rastrigin,112,2600,6.637737780293605
genetic_algorithm,rastrigin,112,2700,6.622885647147768
genetic_algorithm,rastrigin,112,2800,6.562080351413371
genetic_algorithm,rastrigin,112,2900,5.631033159717191
genetic_algorithm,rastrigin,112,3000,4.290479937133142
genetic_algorithm,rastrigin,112,3100,4.290479937133142
genetic_algorithm,rastrigin,112,3200,4.2826467854168015
genetic_algorithm,rastrigin,112,3300,4.191115774347196
genetic_algorithm,rastrigin,112,3400,3.930495474950476
genetic_algorithm,rastrigin,112,3500,3.8503751541447713
genetic_algorithm,rastrigin,112,3600,3.662408977398627
genetic_algorithm,rastrigin,112,3700,2.8613640248357655
genetic_algorithm,rastrigin,112,3800,2.8613640248357655
genetic_algorithm,rastrigin,112,3900,2.721942197356796
genetic_algorithm,rastrigin,112,4000,2.7217962670347333
genetic_algorithm,rastrigin,112,4100,2.568963845614249
genetic_algorithm,rastrigin,112,4200,2.5477465071971466
genetic_algorithm,rastrigin,112,4300,2.532701807982278
genetic_algorithm,rastrigin,112,4400,2.5027710217359953
genetic_algorithm,rastrigin,112,4500,2.494923406310477
genetic_algorithm,rastrigin,112,4600,2.486612101948424
genetic_algorithm,rastrigin,112,4700,2.479920895225206
genetic_algorithm,rastrigin,112,4800,2.468041265092239
genetic_algorithm,rastrigin,112,4900,2.4680206846121564
genetic_algorithm,rastrigin,112,5000,2.4440730040163317
genetic_algorithm,rastrigin,112,5100,2.340040594972976
genetic_algorithm,rastrigin,112,5200,2.3271667685820034
genetic_algorithm,rastrigin,112,5300,2.3182386969656363
genetic_algorithm,rastrigin,112,5400,1.7095324337283415
genetic_algorithm,rastrigin,112,5500,1.7088480902735057
genetic_algorithm,rastrigin,112,5600,1.7078680244404438
genetic_algorithm,rastrigin,112,5700,1.6621577854579925
genetic_algorithm,rastrigin,112,5800,1.5767842571260218
genetic_algorithm,rastrigin,112,5900,1.5230987728224363
genetic_algorithm,rastrigin,112,6000,0.9138943639875947
genetic_algorithm,rastrigin,112,6100,0.8414818765610335
genetic_algorithm,rastrigin,112,6200,0.7919378241158768
genetic_algorithm,rastrigin,112,6300,0.6782176055276636
genetic_algorithm,rastrigin,112,6400,0.6293747764604802
genetic_algorithm,rastrigin,112,6500,0.47697075643557696
genetic_algorithm,rastrigin,112,6600,0.4561566708218834
genetic_algorithm,rastrigin,112,6700,0.44001389391475243
genetic_algorithm,rastrigin,112,6800,0.40649889264797423
genetic_algorithm,rastrigin,112,6900,0.37728448584891794
genetic_algorithm,rastrigin,112,7000,0.3692156841009364
genetic_algorithm,rastrigin,112,7100,0.3544791352598935
genetic_algorithm,rastrigin,112,7200,0.3525001810277786
genetic_algorithm,rastrigin,112,7300,0.3358454895924865
genetic_algorithm,rastrigin,112,7400,0.2892886830045711
genetic_algorithm,rastrigin,112,7500,0.2823493609997314
genetic_algorithm,rastrigin,112,7600,0.24701135182984046
genetic_algorithm,rastrigin,112,7700,0.24636927229998662
genetic_algorithm,rastrigin,112,7800,0.24607281783642065
genetic_algorithm,rastrigin,112,7900,0.24607281783642065
genetic_algorithm,rastrigin,112,8000,0.24607281783642065
genetic_algorithm,rastrigin,112,8100,0.21528997155135698
genetic_algorithm,rastrigin,112,8200,0.21528997155135698
genetic_algorithm,rastrigin,112,8300,0.1451447568083637
genetic_algorithm,rastrigin,112,8400,0.13954625369383677
genetic_algorithm,rastrigin,112,8500,0.12499770475035632
genetic_algorithm,rastrigin,112,8600,0.12340910828613971
genetic_algorithm,rastrigin,112,8700,0.11683753109994655
genetic_algorithm,rastrigin,112,8800,0.1109425503174748
genetic_algorithm,rastrigin,112,8900,0.08900216868758548
genetic_algorithm,rastrigin,112,9000,0.08817851256389986
genetic_algorithm,rastrigin,112,9100,0.08706306144286202
genetic_algorithm,rastrigin,112,9200,0.08603964638717798
genetic_algorithm,rastrigin,112,9300,0.08603964638717798
genetic_algorithm,rastrigin,112,9400,0.08603964638717798
genetic_algorithm,rastrigin,112,9500,0.07066665340886402
genetic_algorithm,rastrigin,112,9600,0.07066665340886402
genetic_algorithm,rastrigin,112,9700,0.07028615782212455
genetic_algorithm,rastrigin,112,9800,0.07012896353641906
genetic_algorithm,rastrigin,112,9900,0.05850315224888902
genetic_algorithm,rastrigin,112,10000,0.05622846537356452
genetic_algorithm,rastrigin,112,10100,0.044785597863793214
genetic_algorithm,rastrigin,112,10200,0.044785597863793214
genetic_algorithm,rastrigin,112,10300,0.044785597863793214
genetic_algorithm,rastrigin,112,10400,0.044785597863793214
genetic_algorithm,rastrigin,112,10500,0.04474720794712539
genetic_algorithm,rastrigin,112,10600,0.04272394886393727
genetic_algorithm,rastrigin,112,10700,0.042568219203545254
genetic_algorithm,rastrigin,112,10800,0.03464014479142463
genetic_algorithm,rastrigin,112,10900,0.03464014406318938
genetic_algorithm,rastrigin,112,11000,0.034604543338161875
genetic_algorithm,rastrigin,112,11100,0.03295095241773538
genetic_algorithm,rastrigin,112,11200,0.032927985627992484
genetic_algorithm,rastrigin,112,11300,0.028276994063787697
genetic_algorithm,rastrigin,112,11400,0.027074779939141536
genetic_algorithm,rastrigin,112,11500,0.027074779939141536
genetic_algorithm,rastrigin,112,11600,0.027074779939141536
genetic_algorithm,rastrigin,112,11700,0.027038811544315422
genetic_algorithm,rastrigin,112,11800,0.024678473392626188
genetic_algorithm,rastrigin,112,11900,0.024678473392626188
genetic_algorithm,rastrigin,112,12000,0.024678473392626188
genetic_algorithm,rastrigin,112,12100,0.024678473392626188
genetic_algorithm,rastrigin,112,12200,0.024000717692871376
genetic_algorithm,rastrigin,112,12300,0.02204234931436133
genetic_algorithm,rastrigin,112,12400,0.021113439745576557
genetic_algorithm,rastrigin,112,12500,0.021113439745576557
genetic_algorithm,rastrigin,112,12600,0.021107410970529372
genetic_algorithm,rastrigin,112,12700,0.020973840364561624
genetic_algorithm,rastrigin,112,12800,0.020973840364561624
genetic_algorithm,rastrigin,112,12900,0.020937273012251012
genetic_algorithm,rastrigin,112,13000,0.020936921323709612
genetic_algorithm,rastrigin,112,13100,0.020936921323709612
genetic_algorithm,rastrigin,112,13200,0.020910461560632143
genetic_algorithm,rastrigin,112,13300,0.019398025069364166
genetic_algorithm,rastrigin,112,13400,0.019398025069364166
genetic_algorithm,rastrigin,112,13500,0.019311147758713787
genetic_algorithm,rastrigin,112,13600,0.019311147758713787
genetic_algorithm,rastrigin,112,13700,0.019238847793715763
genetic_algorithm,rastrigin,112,13800,0.019188892416423187
genetic_algorithm,rastrigin,112,13900,0.018920328353374316
genetic_algorithm,rastrigin,112,14000,0.018787930270647735
genetic_algorithm,rastrigin,112,14100,0.018785787802670484
genetic_algorithm,rastrigin,112,14200,0.018785787802670484
genetic_algorithm,rastrigin,112,14300,0.018785787802670484
genetic_algorithm,rastrigin,112,14400,0.018773005035995993
genetic_algorithm,rastrigin,112,14500,0.010610953951641022
genetic_algorithm,rastrigin,112,14600,0.01057600269442105
genetic_algorithm,rastrigin,112,14700,0.009033965931365628
genetic_algorithm,rastrigin,112,14800,0.009009800755976016
genetic_algorithm,rastrigin,112,14900,0.008318850893260787
genetic_algorithm,rastrigin,112,15000,0.00820941696811417
genetic_algorithm,rastrigin,112,15100,0.00820941696811417
genetic_algorithm,rastrigin,112,15200,0.00820941696811417
genetic_algorithm,rastrigin,112,15300,0.0059592358947497814
genetic_algorithm,rastrigin,112,15400,0.0059592358947497814
genetic_algorithm,rastrigin,112,15500,0.0059592358947497814
genetic_algorithm,rastrigin,112,15600,0.005937952507039768
genetic_algorithm,rastrigin,112,15700,0.005330626230517055
genetic_algorithm,rastrigin,112,15800,0.005330626230517055
genetic_algorithm,rastrigin,112,15900,0.005196851336663144
genetic_algorithm,rastrigin,112,16000,0.0051941295317590175
genetic_algorithm,rastrigin,112,16100,0.0051941295317590175
genetic_algorithm,rastrigin,112,16200,0.005140416100942957
genetic_algorithm,rastrigin,112,16300,0.004968729581733555
genetic_algorithm,rastrigin,112,16400,0.004917603663926684
genetic_algorithm,rastrigin,112,16500,0.001018794492964048
genetic_algorithm,rastrigin,112,16600,0.0008487575731379593
genetic_algorithm,rastrigin,112,16700,0.0008487575731379593
genetic_algorithm,rastrigin,112,16800,0.0008221180948311257
genetic_algorithm,rastrigin,112,16900,0.0007438200792080352
genetic_algorithm,rastrigin,112,17000,0.0007413754809704187
genetic_algorithm,rastrigin,112,17100,0.0007238126983821758
genetic_algorithm,rastrigin,112,17200,0.0007238126983821758
genetic_algorithm,rastrigin,112,17300,0.0007211587280693266
genetic_algorithm,rastrigin,112,17400,0.0007176750876993765
genetic_algorithm,rastrigin,112,17500,0.0007176750876993765
genetic_algorithm,rastrigin,112,17600,0.000698971893370981
genetic_algorithm,rastrigin,112,17700,0.0006942375308085502
genetic_algorithm,rastrigin,112,17800,0.0006942375308085502
genetic_algorithm,rastrigin,112,17900,0.0006942375308085502
genetic_algorithm,rastrigin,112,18000,0.0006924237309107184
genetic_algorithm,rastrigin,112,18100,0.0006252852569303968
genetic_algorithm,rastrigin,112,18200,0.0005915512892613606
genetic_algorithm,rastrigin,112,18300,0.0005905889775448259
genetic_algorithm,rastrigin,112,18400,0.0005905889775448259
genetic_algorithm,rastrigin,112,18500,0.0005856388754494901
genetic_algorithm,rastrigin,112,18600,0.0005856388754494901
genetic_algorithm,rastrigin,112,18700,0.0005758377324269759
genetic_algorithm,rastrigin,112,18800,0.000353341771074156
genetic_algorithm,rastrigin,112,18900,0.000353341771074156
genetic_algorithm,rastrigin,112,19000,0.0003089086477530145
genetic_algorithm,rastrigin,112,19100,0.0003089086477530145
genetic_algorithm,rastrigin,112,19200,0.00030889417371327
genetic_algorithm,rastrigin,112,19300,0.000292161697942106
genetic_algorithm,rastrigin,112,19400,0.000292161697942106
genetic_algorithm,rastrigin,112,19500,0.00027488055387436816
genetic_algorithm,rastrigin,112,19600,0.00027488055387436816
genetic_algorithm,rastrigin,112,19700,0.00026038592305610564
genetic_algorithm,rastrigin,112,19800,0.00025441439443341096
genetic_algorithm,rastrigin,112,19900,0.00025438607713113015
genetic_algorithm,rastrigin,112,20000,0.000254005447160921
genetic_algorithm,rastrigin,113,100,60.30243500295394
genetic_algorithm,rastrigin,113,200,55.97017504923507
genetic_algorithm,rastrigin,113,300,40.20175451732479
genetic_algorithm,rastrigin,113,400,38.335053468547926
genetic_algorithm,rastrigin,113,500,31.04099155995013
genetic_algorithm,rastrigin,113,600,31.04099155995013
genetic_algorithm,rastrigin,113,700,29.95000435136069
genetic_algorithm,rastrigin,113,800,26.35697013586791
genetic_algorithm,rastrigin,113,900,26.33877199143528
genetic_algorithm,rastrigin,113,1000,26.303739345832767
genetic_algorithm,rastrigin,113,1100,26.034999323140312
genetic_algorithm,rastrigin,113,1200,23.76613277009662
genetic_algorithm,rastrigin,113,1300,23.74285922523518
genetic_algorithm,rastrigin,113,1400,20.012568209095065
genetic_algorithm,rastrigin,113,1500,20.012568209095065
genetic_algorithm,rastrigin,113,1600,19.8045421778842
genetic_algorithm,rastrigin,113,1700,18.26096379224343
genetic_algorithm,rastrigin,113,1800,17.62532585683043
genetic_algorithm,rastrigin,113,1900,16.912849031648747
genetic_algorithm,rastrigin,113,2000,13.925453906799092
genetic_algorithm,rastrigin,113,2100,13.22113658887831
genetic_algorithm,rastrigin,113,2200,10.517447300511407
genetic_algorithm,rastrigin,113,2300,10.43778849927827
genetic_algorithm,rastrigin,113,2400,10.200363285312108
genetic_algorithm,rastrigin,113,2500,9.184710153074391
genetic_algorithm,rastrigin,113,2600,8.251662772436859
genetic_algorithm,rastrigin,113,2700,8.22833413744641
genetic_algorithm,rastrigin,113,2800,8.053913873839377
genetic_algorithm,rastrigin,113,2900,8.053913873839377
genetic_algorithm,rastrigin,113,3000,7.92102715955528
genetic_algorithm,rastrigin,113,3100,7.518186607323457
genetic_algorithm,rastrigin,113,3200,7.518186607323457
genetic_algorithm,rastrigin,113,3300,7.504399388604796
genetic_algorithm,rastrigin,113,3400,7.230042716807418
genetic_algorithm,rastrigin,113,3500,6.908996679783542
genetic_algorithm,rastrigin,113,3600,6.64990668041527
genetic_algorithm,rastrigin,113,3700,6.6415747154914015
genetic_algorithm,rastrigin,113,3800,6.641574715491387
genetic_algorithm,rastrigin,113,3900,6.015759870128832
genetic_algorithm,rastrigin,113,4000,5.744223418450602
genetic_algorithm,rastrigin,113,4100,5.741231856525204
genetic_algorithm,rastrigin,113,4200,5.741231856525204
genetic_algorithm,rastrigin,113,4300,5.731756028785313
genetic_algorithm,rastrigin,113,4400,5.728967448737393
genetic_algorithm,rastrigin,113,4500,5.7103196417942
genetic_algorithm,rastrigin,113,4600,5.658287003342281
genetic_algorithm,rastrigin,113,4700,5.26734319126237
genetic_algorithm,rastrigin,113,4800,5.199821210396024
genetic_algorithm,rastrigin,113,4900,5.197079997202778
genetic_algorithm,rastrigin,113,5000,5.064622317388839
genetic_algorithm,rastrigin,113,5100,4.963787636489172
genetic_algorithm,rastrigin,113,5200,4.605699865768884
genetic_algorithm,rastrigin,113,5300,3.755101303622098
genetic_algorithm,rastrigin,113,5400,3.595940913966757
genetic_algorithm,rastrigin,113,5500,3.5680105470520402
genetic_algorithm,rastrigin,113,5600,3.401294912634242
genetic_algorithm,rastrigin,113,5700,3.391925462883762
genetic_algorithm,rastrigin,113,5800,3.378672473938707
genetic_algorithm,rastrigin,113,5900,3.3786314818151197
genetic_algorithm,rastrigin,113,6000,3.377013814622657
genetic_algorithm,rastrigin,113,6100,3.377013814622657
genetic_algorithm,rastrigin,113,6200,2.943904136740457
genetic_algorithm,rastrigin,113,6300,2.9132414141486294
genetic_algorithm,rastrigin,113,6400,2.9123030412872453
genetic_algorithm,rastrigin,113,6500,2.6831978261068485
genetic_algorithm,rastrigin,113,6600,2.6831978261068485
genetic_algorithm,rastrigin,113,6700,2.641649728897221
genetic_algorithm,rastrigin,113,6800,2.608755032825343
genetic_algorithm,rastrigin,113,6900,2.608755032825343
genetic_algorithm,rastrigin,113,7000,2.6075462696654483
genetic_algorithm,rastrigin,113,7100,2.607502678228144
genetic_algorithm,rastrigin,113,7200,2.6033872121589354
genetic_algorithm,rastrigin,113,7300,2.6031216073970143
genetic_algorithm,rastrigin,113,7400,2.5948455273626223
genetic_algorithm,rastrigin,113,7500,2.509923060781432
genetic_algorithm,rastrigin,113,7600,2.5088080357449627
genetic_algorithm,rastrigin,113,7700,2.4834141951379536
genetic_algorithm,rastrigin,113,7800,2.4834141951379536
genetic_algorithm,rastrigin,113,7900,2.4834141951379536
genetic_algorithm,rastrigin,113,8000,2.381918739704034
genetic_algorithm,rastrigin,113,8100,1.365224531191302
genetic_algorithm,rastrigin,113,8200,1.294176749164066
genetic_algorithm,rastrigin,113,8300,1.294176749164066
genetic_algorithm,rastrigin,113,8400,1.2938138942533612
genetic_algorithm,rastrigin,113,8500,1.2936195713538154
genetic_algorithm,rastrigin,113,8600,1.2936195713538154
genetic_algorithm,rastrigin,113,8700,1.291290812626201
genetic_algorithm,rastrigin,113,8800,1.2906060482695239
genetic_algorithm,rastrigin,113,8900,1.2667917424571016
genetic_algorithm,rastrigin,113,9000,1.2657841251511712
genetic_algorithm,rastrigin,113,9100,1.1482968837689072
genetic_algorithm,rastrigin,113,9200,0.8127750390990229
genetic_algorithm,rastrigin,113,9300,0.7114613008344861
genetic_algorithm,rastrigin,113,9400,0.2985069841527803
genetic_algorithm,rastrigin,113,9500,0.2985069841527803
genetic_algorithm,rastrigin,113,9600,0.29595833634282087
genetic_algorithm,rastrigin,113,9700,0.29578018597521805
genetic_algorithm,rastrigin,113,9800,0.22919521311706603
genetic_algorithm,rastrigin,113,9900,0.1829013114445246
genetic_algorithm,rastrigin,113,10000,0.18277399786063597
genetic_algorithm,rastrigin,113,10100,0.14260998998693708
genetic_algorithm,rastrigin,113,10200,0.12546303590431762
genetic_algorithm,rastrigin,113,10300,0.12485645058066552
genetic_algorithm,rastrigin,113,10400,0.11693080074880413
genetic_algorithm,rastrigin,113,10500,0.1066502554169233
genetic_algorithm,rastrigin,113,10600,0.08769051665935024
genetic_algorithm,rastrigin,113,10700,0.08744324817728
genetic_algorithm,rastrigin,113,10800,0.08744324817728
genetic_algorithm,rastrigin,113,10900,0.08744324817728
genetic_algorithm,rastrigin,113,11000,0.08718311948631197
genetic_algorithm,rastrigin,113,11100,0.07683050130846425
genetic_algorithm,rastrigin,113,11200,0.0756735277254279
genetic_algorithm,rastrigin,113,11300,0.07559062890628354
genetic_algorithm,rastrigin,113,11400,0.07364058697895359
genetic_algorithm,rastrigin,113,11500,0.07364058697895359
genetic_algorithm,rastrigin,113,11600,0.07364058697895359
genetic_algorithm,rastrigin,113,11700,0.055656992550183304
genetic_algorithm,rastrigin,113,11800,0.05295437605516895
genetic_algorithm,rastrigin,113,11900,0.05295437605516895
genetic_algorithm,rastrigin,113,12000,0.04322478350339054
genetic_algorithm,rastrigin,113,12100,0.04266508430642091
genetic_algorithm,rastrigin,113,12200,0.04266508430642091
genetic_algorithm,rastrigin,113,12300,0.03923716025593649
genetic_algorithm,rastrigin,113,12400,0.0385237698645966
genetic_algorithm,rastrigin,113,12500,0.036513453625190095
genetic_algorithm,rastrigin,113,12600,0.036513453625190095
genetic_algorithm,rastrigin,113,12700,0.035919359510046434
genetic_algorithm,rastrigin,113,12800,0.03590269432191917
genetic_algorithm,rastrigin,113,12900,0.03589832931378112
genetic_algorithm,rastrigin,113,13000,0.026757324641195623
genetic_algorithm,rastrigin,113,13100,0.026757324641195623
genetic_algorithm,rastrigin,113,13200,0.01689917399113483
genetic_algorithm,rastrigin,113,13300,0.01689917399113483
genetic_algorithm,rastrigin,113,13400,0.01643245948838512
genetic_algorithm,rastrigin,113,13500,0.01560753408199389
genetic_algorithm,rastrigin,113,13600,0.015428762347326597
genetic_algorithm,rastrigin,113,13700,0.015428762347326597
genetic_algorithm,rastrigin,113,13800,0.01540011124296825
genetic_algorithm,rastrigin,113,13900,0.015311289459688737
genetic_algorithm,rastrigin,113,14000,0.015311289459688737
genetic_algorithm,rastrigin,113,14100,0.015311289459688737
genetic_algorithm,rastrigin,113,14200,0.015282497183477517
genetic_algorithm,rastrigin,113,14300,0.013982348043299453
genetic_algorithm,rastrigin,113,14400,0.007474565788541554
genetic_algorithm,rastrigin,113,14500,0.007093255160867784
genetic_algorithm,rastrigin,113,14600,0.005513954889678985
genetic_algorithm,rastrigin,113,14700,0.0054660166954505485
genetic_algorithm,rastrigin,113,14800,0.004468065950746336
genetic_algorithm,rastrigin,113,14900,0.004216300858999489
genetic_algorithm,rastrigin,113,15000,0.004216300858999489
genetic_algorithm,rastrigin,113,15100,0.004216300858999489
genetic_algorithm,rastrigin,113,15200,0.004215691165470048
genetic_algorithm,rastrigin,113,15300,0.004161893676965178
genetic_algorithm,rastrigin,113,15400,0.0041325430473904134
genetic_algorithm,rastrigin,113,15500,0.004050643904037088
genetic_algorithm,rastrigin,113,15600,0.0038805511611599286
genetic_algorithm,rastrigin,113,15700,0.003879950061900672
genetic_algorithm,rastrigin,113,15800,0.003826564698471202
genetic_algorithm,rastrigin,113,15900,0.003450571486609988
genetic_algorithm,rastrigin,113,16000,0.003212316195728704
genetic_algorithm,rastrigin,113,16100,0.0025475361487110604
genetic_algorithm,rastrigin,113,16200,0.0025475361487110604
genetic_algorithm,rastrigin,113,16300,0.002545699415748004
genetic_algorithm,rastrigin,113,16400,0.0022255146487566435
genetic_algorithm,rastrigin,113,16500,0.0022251936903501246
genetic_algorithm,rastrigin,113,16600,0.00220884777935737
genetic_algorithm,rastrigin,113,16700,0.0010993497335363145
genetic_algorithm,rastrigin,113,16800,0.0010993497335363145
genetic_algorithm,rastrigin,113,16900,0.001078230613956066
genetic_algorithm,rastrigin,113,17000,0.0010665468549007073
genetic_algorithm,rastrigin,113,17100,0.0009041646747078858
genetic_algorithm,rastrigin,113,17200,0.0006403885982990687
genetic_algorithm,rastrigin,113,17300,0.00045260362149690536
genetic_algorithm,rastrigin,113,17400,0.00044040295045988387
genetic_algorithm,rastrigin,113,17500,0.00044040295045988387
genetic_algorithm,rastrigin,113,17600,0.0004303026077678851
genetic_algorithm,rastrigin,113,17700,0.000407453772808708
genetic_algorithm,rastrigin,113,17800,0.0004060875577920342
genetic_algorithm,rastrigin,113,17900,0.0004043200756598253
genetic_algorithm,rastrigin,113,18000,0.0004026651443211904
genetic_algorithm,rastrigin,113,18100,0.00040266513451570063
genetic_algorithm,rastrigin,113,18200,0.0004025682523121077
genetic_algorithm,rastrigin,113,18300,0.0004000264460728431
genetic_algorithm,rastrigin,113,18400,0.0004000241975603558
genetic_algorithm,rastrigin,113,18500,0.0004000241975603558
genetic_algorithm,rastrigin,113,18600,0.000372952395494508
genetic_algorithm,rastrigin,113,18700,0.000372952395494508
genetic_algorithm,rastrigin,113,18800,0.000372952395494508
genetic_algorithm,rastrigin,113,18900,0.00034551673942928574
genetic_algorithm,rastrigin,113,19000,0.00034551673942928574
genetic_algorithm,rastrigin,113,19100,0.000314256634212029
genetic_algorithm,rastrigin,113,19200,0.00031225743410345785
genetic_algorithm,rastrigin,113,19300,0.0003118251304670139
genetic_algorithm,rastrigin,113,19400,0.0003118251304670139
genetic_algorithm,rastrigin,113,19500,0.00031181896858356595
genetic_algorithm,rastrigin,113,19600,0.0002907965552481073
genetic_algorithm,rastrigin,113,19700,0.0002907965552481073
genetic_algorithm,rastrigin,113,19800,0.00028979855618160855
genetic_algorithm,rastrigin,113,19900,0.00028979855618160855
genetic_algorithm,rastrigin,113,20000,0.00028979855618160855
genetic_algorithm,rastrigin,114,100,116.36796115930309
genetic_algorithm,rastrigin,114,200,100.73924481441
genetic_algorithm,rastrigin,114,300,97.95827917421657
genetic_algorithm,rastrigin,114,400,79.42661619941882
genetic_algorithm,rastrigin,114,500,71.04789399458724
genetic_algorithm,rastrigin,114,600,53.013871746203755
genetic_algorithm,rastrigin,114,700,52.85700328887776
genetic_algorithm,rastrigin,114,800,50.17611775790058
genetic_algorithm,rastrigin,114,900,50.017598485129454
genetic_algorithm,rastrigin,114,1000,44.11595314535363
genetic_algorithm,rastrigin,114,1100,42.36088443792102
genetic_algorithm,rastrigin,114,1200,41.17506003791222
genetic_algorithm,rastrigin,114,1300,38.8306482272484
genetic_algorithm,rastrigin,114,1400,38.1057257769299
genetic_algorithm,rastrigin,114,1500,37.586334229167775
genetic_algorithm,rastrigin,114,1600,33.490080743402814
genetic_algorithm,rastrigin,114,1700,29.827034269262512
genetic_algorithm,rastrigin,114,1800,28.90143140649701
genetic_algorithm,rastrigin,114,1900,28.310162923275897
genetic_algorithm,rastrigin,114,2000,26.316428773001192
genetic_algorithm,rastrigin,114,2100,25.507197875908773
genetic_algorithm,rastrigin,114,2200,21.27845413438041
genetic_algorithm,rastrigin,114,2300,18.713680597609354
genetic_algorithm,rastrigin,114,2400,17.615139596814743
genetic_algorithm,rastrigin,114,2500,16.922652200026874
genetic_algorithm,rastrigin,114,2600,15.696236496900895
genetic_algorithm,rastrigin,114,2700,14.703095700147713
genetic_algorithm,rastrigin,114,2800,14.123227092187648
genetic_algorithm,rastrigin,114,2900,14.123227092187648
genetic_algorithm,rastrigin,114,3000,13.919416037465894
genetic_algorithm,rastrigin,114,3100,13.097339941176372
genetic_algorithm,rastrigin,114,3200,13.06654406318792
genetic_algorithm,rastrigin,114,3300,12.927291710633725
genetic_algorithm,rastrigin,114,3400,11.509005871008128
genetic_algorithm,rastrigin,114,3500,10.739174952411105
genetic_algorithm,rastrigin,114,3600,10.730729051030579
genetic_algorithm,rastrigin,114,3700,9.441075652141521
genetic_algorithm,rastrigin,114,3800,9.438570008933809
genetic_algorithm,rastrigin,114,3900,8.469046020444921
genetic_algorithm,rastrigin,114,4000,8.45024266774935
genetic_algorithm,rastrigin,114,4100,8.45024266774935
genetic_algorithm,rastrigin,114,4200,7.479978954853877
genetic_algorithm,rastrigin,114,4300,2.6931504545650427
genetic_algorithm,rastrigin,114,4400,2.6931504545650427
genetic_algorithm,rastrigin,114,4500,2.6929392131876284
genetic_algorithm,rastrigin,114,4600,2.6929392131876284
genetic_algorithm,rastrigin,114,4700,2.6929392131876284
genetic_algorithm,rastrigin,114,4800,2.6906273281589677
genetic_algorithm,rastrigin,114,4900,2.6901870341214362
genetic_algorithm,rastrigin,114,5000,2.685395990680391
genetic_algorithm,rastrigin,114,5100,2.684443046635579
genetic_algorithm,rastrigin,114,5200,2.684443044413939
genetic_algorithm,rastrigin,114,5300,2.6818548265887188
genetic_algorithm,rastrigin,114,5400,2.670443158268995
genetic_algorithm,rastrigin,114,5500,2.592100927561006
genetic_algorithm,rastrigin,114,5600,2.5743056283131835
genetic_algorithm,rastrigin,114,5700,2.5743056283131835
genetic_algorithm,rastrigin,114,5800,2.5743056283131835
genetic_algorithm,rastrigin,114,5900,1.3506325917887807
genetic_algorithm,rastrigin,114,6000,1.3092338571633206
genetic_algorithm,rastrigin,114,6100,1.2837773990763566
genetic_algorithm,rastrigin,114,6200,1.2635872713705254
genetic_algorithm,rastrigin,114,6300,1.2622004124781512
genetic_algorithm,rastrigin,114,6400,1.2517155515148062
genetic_algorithm,rastrigin,114,6500,1.2517155515148062
genetic_algorithm,rastrigin,114,6600,1.2517155515148062
genetic_algorithm,rastrigin,114,6700,1.2389563410419129
genetic_algorithm,rastrigin,114,6800,1.2258900584214842
genetic_algorithm,rastrigin,114,6900,1.2255593797819984
genetic_algorithm,rastrigin,114,7000,1.2185336582996769
genetic_algorithm,rastrigin,114,7100,1.218112041741506
genetic_algorithm,rastrigin,114,7200,1.1222860286931393
genetic_algorithm,rastrigin,114,7300,1.114384213924751
genetic_algorithm,rastrigin,114,7400,1.114336299216376
genetic_algorithm,rastrigin,114,7500,1.094387221636893
genetic_algorithm,rastrigin,114,7600,1.094387221636893
genetic_algorithm,rastrigin,114,7700,1.0943815097995184
genetic_algorithm,rastrigin,114,7800,1.0884248747036906
genetic_algorithm,rastrigin,114,7900,1.0878031781518587
genetic_algorithm,rastrigin,114,8000,1.0798268335158667
genetic_algorithm,rastrigin,114,8100,1.0778450066538454
genetic_algorithm,rastrigin,114,8200,1.077841202175648
genetic_algorithm,rastrigin,114,8300,1.077841202175648
genetic_algorithm,rastrigin,114,8400,1.0714374784154188
genetic_algorithm,rastrigin,114,8500,1.0654066795589756
genetic_algorithm,rastrigin,114,8600,1.0646830982740028
genetic_algorithm,rastrigin,114,8700,1.0617873873303125
genetic_algorithm,rastrigin,114,8800,1.0592156519429068
genetic_algorithm,rastrigin,114,8900,1.0592045537611767
genetic_algorithm,rastrigin,114,9000,1.0546598080725147
genetic_algorithm,rastrigin,114,9100,1.0544258446438164
genetic_algorithm,rastrigin,114,9200,1.0544258446438164
genetic_algorithm,rastrigin,114,9300,0.08824176040130283
genetic_algorithm,rastrigin,114,9400,0.0453419557835133
genetic_algorithm,rastrigin,114,9500,0.04533120072066765
genetic_algorithm,rastrigin,114,9600,0.044966640461097995
genetic_algorithm,rastrigin,114,9700,0.044937625526017655
genetic_algorithm,rastrigin,114,9800,0.044937625526017655
genetic_algorithm,rastrigin,114,9900,0.044937625526017655
genetic_algorithm,rastrigin,114,10000,0.044937625526017655
genetic_algorithm,rastrigin,114,10100,0.039999572534782146
genetic_algorithm,rastrigin,114,10200,0.034762723921517136
genetic_algorithm,rastrigin,114,10300,0.034762723921517136
genetic_algorithm,rastrigin,114,10400,0.03475690928297581
genetic_algorithm,rastrigin,114,10500,0.0343835519728799
genetic_algorithm,rastrigin,114,10600,0.03404364588794806
genetic_algorithm,rastrigin,114,10700,0.03145726312150998
genetic_algorithm,rastrigin,114,10800,0.03145726312150998
genetic_algorithm,rastrigin,114,10900,0.029551609410688684
genetic_algorithm,rastrigin,114,11000,0.02729100921979466
genetic_algorithm,rastrigin,114,11100,0.024947374667220856
genetic_algorithm,rastrigin,114,11200,0.02140800971122303
genetic_algorithm,rastrigin,114,11300,0.019661789930466966
genetic_algorithm,rastrigin,114,11400,0.011430555609351245
genetic_algorithm,rastrigin,114,11500,0.011376969931362169
genetic_algorithm,rastrigin,114,11600,0.011347007201138126
genetic_algorithm,rastrigin,114,11700,0.011347007201138126
genetic_algorithm,rastrigin,114,11800,0.0113262170394961
genetic_algorithm,rastrigin,114,11900,0.011314347194584684
genetic_algorithm,rastrigin,114,12000,0.009942614543618333
genetic_algorithm,rastrigin,114,12100,0.009942453291643005
genetic_algorithm,rastrigin,114,12200,0.009942453291643005
genetic_algorithm,rastrigin,114,12300,0.009942176086966015
genetic_algorithm,rastrigin,114,12400,0.009942176086966015
genetic_algorithm,rastrigin,114,12500,0.009494460456920706
genetic_algorithm,rastrigin,114,12600,0.009494460456920706
genetic_algorithm,rastrigin,114,12700,0.009240723798427553
genetic_algorithm,rastrigin,114,12800,0.009239037501643566
genetic_algorithm,rastrigin,114,12900,0.009239037501643566
genetic_algorithm,rastrigin,114,13000,0.009234455917152218
genetic_algorithm,rastrigin,114,13100,0.003975969137457014
genetic_algorithm,rastrigin,114,13200,0.003975969137457014
genetic_algorithm,rastrigin,114,13300,0.003975969137457014
genetic_algorithm,rastrigin,114,13400,0.003975969137457014
genetic_algorithm,rastrigin,114,13500,0.003975969137457014
genetic_algorithm,rastrigin,114,13600,0.003975969137457014
genetic_algorithm,rastrigin,114,13700,0.003974385332611519
genetic_algorithm,rastrigin,114,13800,0.003974385332554675
genetic_algorithm,rastrigin,114,13900,0.003843866120206485
genetic_algorithm,rastrigin,114,14000,0.0037846548037947514
genetic_algorithm,rastrigin,114,14100,0.0037846548037947514
genetic_algorithm,rastrigin,114,14200,0.0035393685851801138
genetic_algorithm,rastrigin,114,14300,0.0014051023559602527
genetic_algorithm,rastrigin,114,14400,0.0014051023559602527
genetic_algorithm,rastrigin,114,14500,0.0014051023559602527
genetic_algorithm,rastrigin,114,14600,0.0014051023559602527
genetic_algorithm,rastrigin,114,14700,0.0014051023559602527
genetic_algorithm,rastrigin,114,14800,0.0014051023559602527
genetic_algorithm,rastrigin,114,14900,0.0014051023559602527
genetic_algorithm,rastrigin,114,15000,0.0014039615577132736
genetic_algorithm,rastrigin,114,15100,0.0010375499095118812
genetic_algorithm,rastrigin,114,15200,0.0010375499095118812
genetic_algorithm,rastrigin,114,15300,0.0010375499095118812
genetic_algorithm,rastrigin,114,15400,0.0010375499095118812
genetic_algorithm,rastrigin,114,15500,0.0010375499095118812
genetic_algorithm,rastrigin,114,15600,0.0010375499095118812
genetic_algorithm,rastrigin,114,15700,0.0010375499095118812
genetic_algorithm,rastrigin,114,15800,0.0010375499095118812
genetic_algorithm,rastrigin,114,15900,0.0010375499095118812
genetic_algorithm,rastrigin,114,16000,0.0010375499095118812
genetic_algorithm,rastrigin,114,16100,0.0010375499095118812
genetic_algorithm,rastrigin,114,16200,0.0010375499095118812
genetic_algorithm,rastrigin,114,16300,0.0010177725467457321
genetic_algorithm,rastrigin,114,16400,0.0010177725467457321
genetic_algorithm,rastrigin,114,16500,0.0010169189239093157
genetic_algorithm,rastrigin,114,16600,0.0009701919324527353
genetic_algorithm,rastrigin,114,16700,0.0009251982319540275
genetic_algorithm,rastrigin,114,16800,0.0009251982319540275
genetic_algorithm,rastrigin,114,16900,0.0009251982319540275
genetic_algorithm,rastrigin,114,17000,0.0009251982319540275
genetic_algorithm,rastrigin,114,17100,0.000923154518304159
genetic_algorithm,rastrigin,114,17200,0.000836674647473501
genetic_algorithm,rastrigin,114,17300,0.000836674647473501
genetic_algorithm,rastrigin,114,17400,0.000836674647473501
genetic_algorithm,rastrigin,114,17500,0.0008366304813307579
genetic_algorithm,rastrigin,114,17600,0.0007777981259096123
genetic_algorithm,rastrigin,114,17700,0.0007576407786018535
genetic_algorithm,rastrigin,114,17800,0.0006777612748720685
genetic_algorithm,rastrigin,114,17900,0.000675932943138946
genetic_algorithm,rastrigin,114,18000,0.0006489768119024575
genetic_algorithm,rastrigin,114,18100,0.0006077920715199525
genetic_algorithm,rastrigin,114,18200,0.0005821129131788894
genetic_algorithm,rastrigin,114,18300,0.0005821129131788894
genetic_algorithm,rastrigin,114,18400,0.0005735702807783127
genetic_algorithm,rastrigin,114,18500,0.0005735702807783127
genetic_algorithm,rastrigin,114,18600,0.0005735702807783127
genetic_algorithm,rastrigin,114,18700,0.0005735702807783127
genetic_algorithm,rastrigin,114,18800,0.000564951711737649
genetic_algorithm,rastrigin,114,18900,0.0004950025522703072
genetic_algorithm,rastrigin,114,19000,0.0004950025522703072
genetic_algorithm,rastrigin,114,19100,0.0004949929075905857
genetic_algorithm,rastrigin,114,19200,0.0004906695129136551
genetic_algorithm,rastrigin,114,19300,0.0004906695129136551
genetic_algorithm,rastrigin,114,19400,0.0003994952264179119
genetic_algorithm,rastrigin,114,19500,0.0003994952264179119
genetic_algorithm,rastrigin,114,19600,0.0003994952264179119
genetic_algorithm,rastrigin,114,19700,0.0003994952264179119
genetic_algorithm,rastrigin,114,19800,0.0003994952264179119
genetic_algorithm,rastrigin,114,19900,0.0003989590405240051
genetic_algorithm,rastrigin,114,20000,0.0003503968012239511
genetic_algorithm,rastrigin,115,100,89.86933006099194
genetic_algorithm,rastrigin,115,200,78.96180351204771
genetic_algorithm,rastrigin,115,300,61.132652266948085
genetic_algorithm,rastrigin,115,400,58.33362298084591
genetic_algorithm,rastrigin,115,500,54.79889234282083
genetic_algorithm,rastrigin,115,600,52.95464681449696
genetic_algorithm,rastrigin,115,700,49.11570292832258
genetic_algorithm,rastrigin,115,800,41.188342949466005
genetic_algorithm,rastrigin,115,900,38.957011612371275
genetic_algorithm,rastrigin,115,1000,34.85880628233899
genetic_algorithm,rastrigin,115,1100,33.15340291098282
genetic_algorithm,rastrigin,115,1200,32.10884541913494
genetic_algorithm,rastrigin,115,1300,26.28183471477341
genetic_algorithm,rastrigin,115,1400,25.30194940509827
genetic_algorithm,rastrigin,115,1500,23.432537482097175
genetic_algorithm,rastrigin,115,1600,22.932131105940783
genetic_algorithm,rastrigin,115,1700,19.84154141995222
genetic_algorithm,rastrigin,115,1800,19.78985261733466
genetic_algorithm,rastrigin,115,1900,19.168837714126113
genetic_algorithm,rastrigin,115,2000,13.49825338392047
genetic_algorithm,rastrigin,115,2100,13.49825338392047
genetic_algorithm,rastrigin,115,2200,12.966592153217334
genetic_algorithm,rastrigin,115,2300,12.966586343268972
genetic_algorithm,rastrigin,115,2400,12.372125836969687
genetic_algorithm,rastrigin,115,2500,12.360753789372026
genetic_algorithm,rastrigin,115,2600,12.360669797570168
genetic_algorithm,rastrigin,115,2700,12.324565125095106
genetic_algorithm,rastrigin,115,2800,12.323758782059002
genetic_algorithm,rastrigin,115,2900,12.323758782059002
genetic_algorithm,rastrigin,115,3000,11.723245969050964
genetic_algorithm,rastrigin,115,3100,11.323553151096505
genetic_algorithm,rastrigin,115,3200,9.345424798522245
genetic_algorithm,rastrigin,115,3300,8.952252520948349
genetic_algorithm,rastrigin,115,3400,8.6946418090304
genetic_algorithm,rastrigin,115,3500,8.60876101720089
genetic_algorithm,rastrigin,115,3600,7.901267290358007
genetic_algorithm,rastrigin,115,3700,7.528939909400194
genetic_algorithm,rastrigin,115,3800,7.528939909308988
genetic_algorithm,rastrigin,115,3900,7.5178904413596825
genetic_algorithm,rastrigin,115,4000,7.515004270059734
genetic_algorithm,rastrigin,115,4100,4.504669439241965
genetic_algorithm,rastrigin,115,4200,4.504669439241965
genetic_algorithm,rastrigin,115,4300,4.5038951068696065
genetic_algorithm,rastrigin,115,4400,4.502471321287061
genetic_algorithm,rastrigin,115,4500,4.294218796364888
genetic_algorithm,rastrigin,115,4600,4.284518091846323
genetic_algorithm,rastrigin,115,4700,3.459189872281115
genetic_algorithm,rastrigin,115,4800,3.43347921671176
genetic_algorithm,rastrigin,115,4900,3.3909172330806285
genetic_algorithm,rastrigin,115,5000,3.387937681530289
genetic_algorithm,rastrigin,115,5100,3.3879254032700743
genetic_algorithm,rastrigin,115,5200,3.3129326007457536
genetic_algorithm,rastrigin,115,5300,3.3118822294736248
genetic_algorithm,rastrigin,115,5400,3.3118822294736248
genetic_algorithm,rastrigin,115,5500,2.9463243400895465
genetic_algorithm,rastrigin,115,5600,2.9463243400895465
genetic_algorithm,rastrigin,115,5700,2.9463243400895465
genetic_algorithm,rastrigin,115,5800,2.94632433702634
genetic_algorithm,rastrigin,115,5900,2.2459898841560744
genetic_algorithm,rastrigin,115,6000,2.221287194908328
genetic_algorithm,rastrigin,115,6100,2.221287194908328
genetic_algorithm,rastrigin,115,6200,2.217348697947486
genetic_algorithm,rastrigin,115,6300,1.9713353519604766
genetic_algorithm,rastrigin,115,6400,1.5502465018196006
genetic_algorithm,rastrigin,115,6500,1.2910460829790935
genetic_algorithm,rastrigin,115,6600,1.2469329625194945
genetic_algorithm,rastrigin,115,6700,1.2456391747867315
genetic_algorithm,rastrigin,115,6800,1.1946391101579934
genetic_algorithm,rastrigin,115,6900,1.1946391101579934
genetic_algorithm,rastrigin,115,7000,1.194639102209237
genetic_algorithm,rastrigin,115,7100,1.1434561433204777
genetic_algorithm,rastrigin,115,7200,0.805867298547355
genetic_algorithm,rastrigin,115,7300,0.805867298547355
genetic_algorithm,rastrigin,115,7400,0.68369627873588
genetic_algorithm,rastrigin,115,7500,0.6784760973417576
genetic_algorithm,rastrigin,115,7600,0.6784760973417576
genetic_algorithm,rastrigin,115,7700,0.623169049723046
genetic_algorithm,rastrigin,115,7800,0.623169049723046
genetic_algorithm,rastrigin,115,7900,0.5770708756899268
genetic_algorithm,rastrigin,115,8000,0.5716544281668234
genetic_algorithm,rastrigin,115,8100,0.5705503227123501
genetic_algorithm,rastrigin,115,8200,0.5705503227123501
genetic_algorithm,rastrigin,115,8300,0.5700133895655313
genetic_algorithm,rastrigin,115,8400,0.49643888624203214
genetic_algorithm,rastrigin,115,8500,0.48780451567255056
genetic_algorithm,rastrigin,115,8600,0.48780451567255056
genetic_algorithm,rastrigin,115,8700,0.465518048356131
genetic_algorithm,rastrigin,115,8800,0.4645489552297306
genetic_algorithm,rastrigin,115,8900,0.4645489552297306
genetic_algorithm,rastrigin,115,9000,0.4645363722549263
genetic_algorithm,rastrigin,115,9100,0.4645363722549263
genetic_algorithm,rastrigin,115,9200,0.46052351595388075
genetic_algorithm,rastrigin,115,9300,0.45336697242991875
genetic_algorithm,rastrigin,115,9400,0.4504832325733048
genetic_algorithm,rastrigin,115,9500,0.3140060718438775
genetic_algorithm,rastrigin,115,9600,0.31305400120942295
genetic_algorithm,rastrigin,115,9700,0.20761753876278988
genetic_algorithm,rastrigin,115,9800,0.1934551473852082
genetic_algorithm,rastrigin,115,9900,0.193129218460399
genetic_algorithm,rastrigin,115,10000,0.13979120710403947
genetic_algorithm,rastrigin,115,10100,0.13930255252712698
genetic_algorithm,rastrigin,115,10200,0.13892180922071873
genetic_algorithm,rastrigin,115,10300,0.13878885516335515
genetic_algorithm,rastrigin,115,10400,0.115780870552598
genetic_algorithm,rastrigin,115,10500,0.11538663094169976
genetic_algorithm,rastrigin,115,10600,0.11513654647662008
genetic_algorithm,rastrigin,115,10700,0.11513654647662008
genetic_algorithm,rastrigin,115,10800,0.11513654647662008
genetic_algorithm,rastrigin,115,10900,0.11513654647662008
genetic_algorithm,rastrigin,115,11000,0.10878250555138891
genetic_algorithm,rastrigin,115,11100,0.10878250555138891
genetic_algorithm,rastrigin,115,11200,0.10848914466539838
genetic_algorithm,rastrigin,115,11300,0.07598180097859597
genetic_algorithm,rastrigin,115,11400,0.07597410797124837
genetic_algorithm,rastrigin,115,11500,0.07492483582670673
genetic_algorithm,rastrigin,115,11600,0.07476211162301638
genetic_algorithm,rastrigin,115,11700,0.07476211162301638
genetic_algorithm,rastrigin,115,11800,0.07430382099590815
genetic_algorithm,rastrigin,115,11900,0.07339018815447673
genetic_algorithm,rastrigin,115,12000,0.07155378706184479
genetic_algorithm,rastrigin,115,12100,0.06129761361754049
genetic_algorithm,rastrigin,115,12200,0.05545696281868118
genetic_algorithm,rastrigin,115,12300,0.055415866392394264
genetic_algorithm,rastrigin,115,12400,0.05496800154197956
genetic_algorithm,rastrigin,115,12500,0.05458631436206929
genetic_algorithm,rastrigin,115,12600,0.05458631436206929
genetic_algorithm,rastrigin,115,12700,0.054410472355556294
genetic_algorithm,rastrigin,115,12800,0.042511217314412875
genetic_algorithm,rastrigin,115,12900,0.042511217314412875
genetic_algorithm,rastrigin,115,13000,0.040859123702205125
genetic_algorithm,rastrigin,115,13100,0.040859123702205125
genetic_algorithm,rastrigin,115,13200,0.033282118459652565
genetic_algorithm,rastrigin,115,13300,0.021750233768159433
genetic_algorithm,rastrigin,115,13400,0.021750233768159433
genetic_algorithm,rastrigin,115,13500,0.02114779917202725
genetic_algorithm,rastrigin,115,13600,0.02114779917202725
genetic_algorithm,rastrigin,115,13700,0.020293819502711585
genetic_algorithm,rastrigin,115,13800,0.020293819502711585
genetic_algorithm,rastrigin,115,13900,0.01845293415645699
genetic_algorithm,rastrigin,115,14000,0.018371748069256455
genetic_algorithm,rastrigin,115,14100,0.012808900953487523
genetic_algorithm,rastrigin,115,14200,0.012808900953487523
genetic_algorithm,rastrigin,115,14300,0.011987305750267296
genetic_algorithm,rastrigin,115,14400,0.011396295451291394
genetic_algorithm,rastrigin,115,14500,0.010906875658250215
genetic_algorithm,rastrigin,115,14600,0.010906875658250215
genetic_algorithm,rastrigin,115,14700,0.010906875658250215
genetic_algorithm,rastrigin,115,14800,0.01069080453424931
genetic_algorithm,rastrigin,115,14900,0.01069080453424931
genetic_algorithm,rastrigin,115,15000,0.010509979598069208
genetic_algorithm,rastrigin,115,15100,0.009801188545694117
genetic_algorithm,rastrigin,115,15200,0.005538357208024536
genetic_algorithm,rastrigin,115,15300,0.005369652357103405
genetic_algorithm,rastrigin,115,15400,0.00511419919702405
genetic_algorithm,rastrigin,115,15500,0.004478870570522986
genetic_algorithm,rastrigin,115,15600,0.0042158692913432105
genetic_algorithm,rastrigin,115,15700,0.0042158692913432105
genetic_algorithm,rastrigin,115,15800,0.004137823118185224
genetic_algorithm,rastrigin,115,15900,0.0036734919268042177
genetic_algorithm,rastrigin,115,16000,0.0036734919268042177
genetic_algorithm,rastrigin,115,16100,0.0036699802729600606
genetic_algorithm,rastrigin,115,16200,0.0036699802729600606
genetic_algorithm,rastrigin,115,16300,0.0036699802729600606
genetic_algorithm,rastrigin,115,16400,0.003470262077982511
genetic_algorithm,rastrigin,115,16500,0.003470262077982511
genetic_algorithm,rastrigin,115,16600,0.0033282659816080695
genetic_algorithm,rastrigin,115,16700,0.0032645985573509506
genetic_algorithm,rastrigin,115,16800,0.0032645985573509506
genetic_algorithm,rastrigin,115,16900,0.0032643900230766576
genetic_algorithm,rastrigin,115,17000,0.0026558572654096224
genetic_algorithm,rastrigin,115,17100,0.0026557960376862866
genetic_algorithm,rastrigin,115,17200,0.00241248789032511
genetic_algorithm,rastrigin,115,17300,0.0021241646461334085
genetic_algorithm,rastrigin,115,17400,0.0021241646461334085
genetic_algorithm,rastrigin,115,17500,0.0011080990221756792
genetic_algorithm,rastrigin,115,17600,0.001040462488148819
genetic_algorithm,rastrigin,115,17700,0.001040462488148819
genetic_algorithm,rastrigin,115,17800,0.001040462488148819
genetic_algorithm,rastrigin,115,17900,0.0010076065983497529
genetic_algorithm,rastrigin,115,18000,0.0010074962235790963
genetic_algorithm,rastrigin,115,18100,0.0010074901940271275
genetic_algorithm,rastrigin,115,18200,0.0010074901940271275
genetic_algorithm,rastrigin,115,18300,0.001007487208696034
genetic_algorithm,rastrigin,115,18400,0.0008204503780149253
genetic_algorithm,rastrigin,115,18500,0.0007960163263334152
genetic_algorithm,rastrigin,115,18600,0.0007960163263334152
genetic_algorithm,rastrigin,115,18700,0.0007579081565154411
genetic_algorithm,rastrigin,115,18800,0.0007579081565154411
genetic_algorithm,rastrigin,115,18900,0.0007579081565154411
genetic_algorithm,rastrigin,115,19000,0.0007579081565154411
genetic_algorithm,rastrigin,115,19100,0.0007579081565154411
genetic_algorithm,rastrigin,115,19200,0.0007579081565154411
genetic_algorithm,rastrigin,115,19300,0.0006627996370127676
genetic_algorithm,rastrigin,115,19400,0.0006627996370127676
genetic_algorithm,rastrigin,115,19500,0.0006431012672010183
genetic_algorithm,rastrigin,115,19600,0.0006425455323153528
genetic_algorithm,rastrigin,115,19700,0.00026648199407475204
genetic_algorithm,rastrigin,115,19800,0.00026648199407475204
genetic_algorithm,rastrigin,115,19900,0.0002599838844048463
genetic_algorithm,rastrigin,115,20000,0.0002573051605168075
genetic_algorithm,rastrigin,116,100,116.1699302763043
genetic_algorithm,rastrigin,116,200,101.59469086316491
genetic_algorithm,rastrigin,116,300,87.82989281938333
genetic_algorithm,rastrigin,116,400,83.34179856138586
genetic_algorithm,rastrigin,116,500,82.17454522287736
genetic_algorithm,rastrigin,116,600,78.86692990753873
genetic_algorithm,rastrigin,116,700,62.46838150188345
genetic_algorithm,rastrigin,116,800,61.04913059412288
genetic_algorithm,rastrigin,116,900,60.498639668847325
genetic_algorithm,rastrigin,116,1000,58.210706242712284
genetic_algorithm,rastrigin,116,1100,48.65774992897448
genetic_algorithm,rastrigin,116,1200,44.890277313949284
genetic_algorithm,rastrigin,116,1300,38.0624795887384
genetic_algorithm,rastrigin,116,1400,36.662726270679286
genetic_algorithm,rastrigin,116,1500,36.126688047511166
genetic_algorithm,rastrigin,116,1600,35.660818580685344
genetic_algorithm,rastrigin,116,1700,32.72337652563239
genetic_algorithm,rastrigin,116,1800,28.62752531047832
genetic_algorithm,rastrigin,116,1900,28.62752531047832
genetic_algorithm,rastrigin,116,2000,27.1633990951305
genetic_algorithm,rastrigin,116,2100,22.911740798839702
genetic_algorithm,rastrigin,116,2200,21.927945831742164
genetic_algorithm,rastrigin,116,2300,20.887036534859234
genetic_algorithm,rastrigin,116,2400,19.814278691610184
genetic_algorithm,rastrigin,116,2500,19.74308258101101
genetic_algorithm,rastrigin,116,2600,19.663490356353734
genetic_algorithm,rastrigin,116,2700,19.475063347293002
genetic_algorithm,rastrigin,116,2800,18.92329418711313
genetic_algorithm,rastrigin,116,2900,18.92329418711313
genetic_algorithm,rastrigin,116,3000,17.864705838615265
genetic_algorithm,rastrigin,116,3100,14.12735563932938
genetic_algorithm,rastrigin,116,3200,14.124472747561384
genetic_algorithm,rastrigin,116,3300,14.124168711941621
genetic_algorithm,rastrigin,116,3400,12.292070232711808
genetic_algorithm,rastrigin,116,3500,11.833028946827781
genetic_algorithm,rastrigin,116,3600,10.798234424285965
genetic_algorithm,rastrigin,116,3700,10.79613196581225
genetic_algorithm,rastrigin,116,3800,10.768114549714
genetic_algorithm,rastrigin,116,3900,10.768114549714
genetic_algorithm,rastrigin,116,4000,10.208266108230688
genetic_algorithm,rastrigin,116,4100,10.196644253782551
genetic_algorithm,rastrigin,116,4200,10.161562447293463
genetic_algorithm,rastrigin,116,4300,10.078899810212562
genetic_algorithm,rastrigin,116,4400,10.078899810212562
genetic_algorithm,rastrigin,116,4500,10.078899810212562
genetic_algorithm,rastrigin,116,4600,9.967031375219392
genetic_algorithm,rastrigin,116,4700,9.285618930792893
genetic_algorithm,rastrigin,116,4800,9.285617375901253
genetic_algorithm,rastrigin,116,4900,9.284821130037045
genetic_algorithm,rastrigin,116,5000,9.103416029043203
genetic_algorithm,rastrigin,116,5100,9.103415575247581
genetic_algorithm,rastrigin,116,5200,9.09792120873017
genetic_algorithm,rastrigin,116,5300,9.078499467580514
genetic_algorithm,rastrigin,116,5400,7.742793445736581
genetic_algorithm,rastrigin,116,5500,6.117482721403235
genetic_algorithm,rastrigin,116,5600,6.046824973791587
genetic_algorithm,rastrigin,116,5700,6.022135983793461
genetic_algorithm,rastrigin,116,5800,5.939898191978131
genetic_algorithm,rastrigin,116,5900,5.9045136516857895
genetic_algorithm,rastrigin,116,6000,5.829328283227284
genetic_algorithm,rastrigin,116,6100,5.829328283227284
genetic_algorithm,rastrigin,116,6200,5.829328283227284
genetic_algorithm,rastrigin,116,6300,5.829328283227284
genetic_algorithm,rastrigin,116,6400,5.827868818308417
genetic_algorithm,rastrigin,116,6500,5.79307497574834
genetic_algorithm,rastrigin,116,6600,5.711834570969643
genetic_algorithm,rastrigin,116,6700,5.038279613563688
genetic_algorithm,rastrigin,116,6800,5.038279613563688
genetic_algorithm,rastrigin,116,6900,4.961399370504111
genetic_algorithm,rastrigin,116,7000,4.9606045630493725
genetic_algorithm,rastrigin,116,7100,4.940485677679632
genetic_algorithm,rastrigin,116,7200,4.4866804552502515
genetic_algorithm,rastrigin,116,7300,4.387925789631737
genetic_algorithm,rastrigin,116,7400,4.190685141221792
genetic_algorithm,rastrigin,116,7500,3.9547472418410337
genetic_algorithm,rastrigin,116,7600,3.9547472418410337
genetic_algorithm,rastrigin,116,7700,3.9405570179361575
genetic_algorithm,rastrigin,116,7800,3.8928420617723702
genetic_algorithm,rastrigin,116,7900,3.7371065579544904
genetic_algorithm,rastrigin,116,8000,3.654220171723992
genetic_algorithm,rastrigin,116,8100,3.6504321703549607
genetic_algorithm,rastrigin,116,8200,3.529538116942618
genetic_algorithm,rastrigin,116,8300,2.242519479624022
genetic_algorithm,rastrigin,116,8400,2.16456247386094
genetic_algorithm,rastrigin,116,8500,2.127309425109587
genetic_algorithm,rastrigin,116,8600,2.058946819986872
genetic_algorithm,rastrigin,116,8700,1.8622366933969232
genetic_algorithm,rastrigin,116,8800,1.8537255822593863
genetic_algorithm,rastrigin,116,8900,1.8525930372470043
genetic_algorithm,rastrigin,116,9000,1.7637523615261443
genetic_algorithm,rastrigin,116,9100,1.7637338994061906
genetic_algorithm,rastrigin,116,9200,1.5408321317263756
genetic_algorithm,rastrigin,116,9300,1.5398256237486692
genetic_algorithm,rastrigin,116,9400,1.5337038050041514
genetic_algorithm,rastrigin,116,9500,1.5337038050041514
genetic_algorithm,rastrigin,116,9600,1.4295407861811498
genetic_algorithm,rastrigin,116,9700,1.3674152698598903
genetic_algorithm,rastrigin,116,9800,1.3674152698598903
genetic_algorithm,rastrigin,116,9900,1.336270449436384
genetic_algorithm,rastrigin,116,10000,1.335646306720733
genetic_algorithm,rastrigin,116,10100,1.3229194174240888
genetic_algorithm,rastrigin,116,10200,1.316943017458584
genetic_algorithm,rastrigin,116,10300,0.2749983559004505
genetic_algorithm,rastrigin,116,10400,0.27051053300205297
genetic_algorithm,rastrigin,116,10500,0.26654029519373523
genetic_algorithm,rastrigin,116,10600,0.2659675925280851
genetic_algorithm,rastrigin,116,10700,0.2659675925280851
genetic_algorithm,rastrigin,116,10800,0.25858658680255076
genetic_algorithm,rastrigin,116,10900,0.2497250845058261
genetic_algorithm,rastrigin,116,11000,0.24967458121631125
genetic_algorithm,rastrigin,116,11100,0.24966985523491303
genetic_algorithm,rastrigin,116,11200,0.191318756537612
genetic_algorithm,rastrigin,116,11300,0.18815389029279572
genetic_algorithm,rastrigin,116,11400,0.18814025211878516
genetic_algorithm,rastrigin,116,11500,0.1705128536040803
genetic_algorithm,rastrigin,116,11600,0.13769169825448557
genetic_algorithm,rastrigin,116,11700,0.06793556474303841
genetic_algorithm,rastrigin,116,11800,0.04175058195447434
genetic_algorithm,rastrigin,116,11900,0.038329012020170694
genetic_algorithm,rastrigin,116,12000,0.037641664760542426
genetic_algorithm,rastrigin,116,12100,0.037641664760542426
genetic_algorithm,rastrigin,116,12200,0.02342126485177687
genetic_algorithm,rastrigin,116,12300,0.023022255228525523
genetic_algorithm,rastrigin,116,12400,0.023022255228525523
genetic_algorithm,rastrigin,116,12500,0.021218633486114413
genetic_algorithm,rastrigin,116,12600,0.020256524464727477
genetic_algorithm,rastrigin,116,12700,0.020078414932797273
genetic_algorithm,rastrigin,116,12800,0.019988748789614874
genetic_algorithm,rastrigin,116,12900,0.01824103792831977
genetic_algorithm,rastrigin,116,13000,0.018142864153375626
genetic_algorithm,rastrigin,116,13100,0.017286831829565585
genetic_algorithm,rastrigin,116,13200,0.01674992945709164
genetic_algorithm,rastrigin,116,13300,0.016151602648875496
genetic_algorithm,rastrigin,116,13400,0.01578225838294145
genetic_algorithm,rastrigin,116,13500,0.015342353918185836
genetic_algorithm,rastrigin,116,13600,0.013497173136883589
genetic_algorithm,rastrigin,116,13700,0.013353404886515818
genetic_algorithm,rastrigin,116,13800,0.01195267040380088
genetic_algorithm,rastrigin,116,13900,0.010446084641699827
genetic_algorithm,rastrigin,116,14000,0.010421825278172037
genetic_algorithm,rastrigin,116,14100,0.01040047273582445
genetic_algorithm,rastrigin,116,14200,0.009931632211049646
genetic_algorithm,rastrigin,116,14300,0.009920348605120921
genetic_algorithm,rastrigin,116,14400,0.009538928448591832
genetic_algorithm,rastrigin,116,14500,0.009538928448591832
genetic_algorithm,rastrigin,116,14600,0.009538928448591832
genetic_algorithm,rastrigin,116,14700,0.009538928448591832
genetic_algorithm,rastrigin,116,14800,0.009523220077625183
genetic_algorithm,rastrigin,116,14900,0.009523220077625183
genetic_algorithm,rastrigin,116,15000,0.009523220077625183
genetic_algorithm,rastrigin,116,15100,0.008151408055852016
genetic_algorithm,rastrigin,116,15200,0.008151408055852016
genetic_algorithm,rastrigin,116,15300,0.008151408055852016
genetic_algorithm,rastrigin,116,15400,0.008151408055852016
genetic_algorithm,rastrigin,116,15500,0.008151408055852016
genetic_algorithm,rastrigin,116,15600,0.00696856621327413
genetic_algorithm,rastrigin,116,15700,0.00696856621327413
genetic_algorithm,rastrigin,116,15800,0.0069645492070407045
genetic_algorithm,rastrigin,116,15900,0.0069645492070407045
genetic_algorithm,rastrigin,116,16000,0.006906446006681222
genetic_algorithm,rastrigin,116,16100,0.006906446006681222
genetic_algorithm,rastrigin,116,16200,0.006906446006681222
genetic_algorithm,rastrigin,116,16300,0.006906446006681222
genetic_algorithm,rastrigin,116,16400,0.006906446006681222
genetic_algorithm,rastrigin,116,16500,0.0068933469430731975
genetic_algorithm,rastrigin,116,16600,0.0068933469430731975
genetic_algorithm,rastrigin,116,16700,0.0068933469430731975
genetic_algorithm,rastrigin,116,16800,0.0068933469430731975
genetic_algorithm,rastrigin,116,16900,0.0067638288357301235
genetic_algorithm,rastrigin,116,17000,0.006706587608903192
genetic_algorithm,rastrigin,116,17100,0.005725902024522611
genetic_algorithm,rastrigin,116,17200,0.005725902024522611
genetic_algorithm,rastrigin,116,17300,0.005569382969326853
genetic_algorithm,rastrigin,116,17400,0.005569382969326853
genetic_algorithm,rastrigin,116,17500,0.004050376770351249
genetic_algorithm,rastrigin,116,17600,0.003909308555364532
genetic_algorithm,rastrigin,116,17700,0.003765877767079928
genetic_algorithm,rastrigin,116,17800,0.003765877767079928
genetic_algorithm,rastrigin,116,17900,0.003736277637671037
genetic_algorithm,rastrigin,116,18000,0.0036845222562646995
genetic_algorithm,rastrigin,116,18100,0.003666912810672329
genetic_algorithm,rastrigin,116,18200,0.0035330800243542626
genetic_algorithm,rastrigin,116,18300,0.0035330800243542626
genetic_algorithm,rastrigin,116,18400,0.003531779043271399
genetic_algorithm,rastrigin,116,18500,0.0034705690484742036
genetic_algorithm,rastrigin,116,18600,0.00339248271673398
genetic_algorithm,rastrigin,116,18700,0.00339248271673398
genetic_algorithm,rastrigin,116,18800,0.0033841667081020432
genetic_algorithm,rastrigin,116,18900,0.002341283698186203
genetic_algorithm,rastrigin,116,19000,0.0022943251519649266
genetic_algorithm,rastrigin,116,19100,0.0022943251519649266
genetic_algorithm,rastrigin,116,19200,0.0022943251519649266
genetic_algorithm,rastrigin,116,19300,0.0021039786304157815
genetic_algorithm,rastrigin,116,19400,0.0021039786304157815
genetic_algorithm,rastrigin,116,19500,0.001993741702349894
genetic_algorithm,rastrigin,116,19600,0.0018995488396740257
genetic_algorithm,rastrigin,116,19700,0.001899543767223122
genetic_algorithm,rastrigin,116,19800,0.001899543767223122
genetic_algorithm,rastrigin,116,19900,0.001897176370121656
genetic_algorithm,rastrigin,116,20000,0.001897176370121656
genetic_algorithm,rastrigin,117,100,127.89821341393869
genetic_algorithm,rastrigin,117,200,100.15415201666963
genetic_algorithm,rastrigin,117,300,82.13317916755393
genetic_algorithm,rastrigin,117,400,82.13317916755393
genetic_algorithm,rastrigin,117,500,61.29932632037881
genetic_algorithm,rastrigin,117,600,61.29932632037881
genetic_algorithm,rastrigin,117,700,50.34075101834919
genetic_algorithm,rastrigin,117,800,43.942456911895164
genetic_algorithm,rastrigin,117,900,34.814583096159964
genetic_algorithm,rastrigin,117,1000,33.43340314207633
genetic_algorithm,rastrigin,117,1100,33.3987797347168
genetic_algorithm,rastrigin,117,1200,32.00309503057184
genetic_algorithm,rastrigin,117,1300,30.916851750032095
genetic_algorithm,rastrigin,117,1400,30.616653508185735
genetic_algorithm,rastrigin,117,1500,28.413003774222716
genetic_algorithm,rastrigin,117,1600,24.494919098065154
genetic_algorithm,rastrigin,117,1700,22.97243118028591
genetic_algorithm,rastrigin,117,1800,22.97243118028591
genetic_algorithm,rastrigin,117,1900,22.43446130101306
genetic_algorithm,rastrigin,117,2000,20.632275668270026
genetic_algorithm,rastrigin,117,2100,18.099618274085444
genetic_algorithm,rastrigin,117,2200,15.838647515232466
genetic_algorithm,rastrigin,117,2300,15.35761702019252
genetic_algorithm,rastrigin,117,2400,15.35761702019252
genetic_algorithm,rastrigin,117,2500,14.226116372117943
genetic_algorithm,rastrigin,117,2600,14.14405379473672
genetic_algorithm,rastrigin,117,2700,14.064064470925956
genetic_algorithm,rastrigin,117,2800,14.050288529675555
genetic_algorithm,rastrigin,117,2900,13.399019925819616
genetic_algorithm,rastrigin,117,3000,13.271381303770468
genetic_algorithm,rastrigin,117,3100,13.150541779170965
genetic_algorithm,rastrigin,117,3200,11.528971672514956
genetic_algorithm,rastrigin,117,3300,11.425065159849623
genetic_algorithm,rastrigin,117,3400,10.539452389413427
genetic_algorithm,rastrigin,117,3500,9.92169775594914
genetic_algorithm,rastrigin,117,3600,9.621958285154747
genetic_algorithm,rastrigin,117,3700,9.532378250324086
genetic_algorithm,rastrigin,117,3800,8.674550859740222
genetic_algorithm,rastrigin,117,3900,8.655510065661701
genetic_algorithm,rastrigin,117,4000,8.145448067268276
genetic_algorithm,rastrigin,117,4100,7.271007194045467
genetic_algorithm,rastrigin,117,4200,6.912656410155606
genetic_algorithm,rastrigin,117,4300,6.127688217989629
genetic_algorithm,rastrigin,117,4400,5.831166390732179
genetic_algorithm,rastrigin,117,4500,5.690359690827222
genetic_algorithm,rastrigin,117,4600,5.603813837164466
genetic_algorithm,rastrigin,117,4700,5.601065247347236
genetic_algorithm,rastrigin,117,4800,5.601065247347236
genetic_algorithm,rastrigin,117,4900,5.225270615942847
genetic_algorithm,rastrigin,117,5000,5.078324514257218
genetic_algorithm,rastrigin,117,5100,5.078324514257218
genetic_algorithm,rastrigin,117,5200,5.0779434679243565
genetic_algorithm,rastrigin,117,5300,4.804709785370932
genetic_algorithm,rastrigin,117,5400,4.451291290372254
genetic_algorithm,rastrigin,117,5500,4.3942038437038065
genetic_algorithm,rastrigin,117,5600,4.352746946036504
genetic_algorithm,rastrigin,117,5700,4.333074709460604
genetic_algorithm,rastrigin,117,5800,3.329040253230829
genetic_algorithm,rastrigin,117,5900,3.3093297894015166
genetic_algorithm,rastrigin,117,6000,3.2583311440079825
genetic_algorithm,rastrigin,117,6100,3.2315534436255433
genetic_algorithm,rastrigin,117,6200,3.2279744281531606
genetic_algorithm,rastrigin,117,6300,3.216963030550801
genetic_algorithm,rastrigin,117,6400,3.207966419644279
genetic_algorithm,rastrigin,117,6500,2.1471221487834384
genetic_algorithm,rastrigin,117,6600,2.1471074801465306
genetic_algorithm,rastrigin,117,6700,2.1447896501696135
genetic_algorithm,rastrigin,117,6800,2.1447896501696135
genetic_algorithm,rastrigin,117,6900,2.1447896501696135
genetic_algorithm,rastrigin,117,7000,2.1447896501696135
genetic_algorithm,rastrigin,117,7100,2.144420882639153
genetic_algorithm,rastrigin,117,7200,2.1442919112685104
genetic_algorithm,rastrigin,117,7300,2.1440922313702657
genetic_algorithm,rastrigin,117,7400,2.1440922313702657
genetic_algorithm,rastrigin,117,7500,2.1440922313702657
genetic_algorithm,rastrigin,117,7600,2.1303551519273185
genetic_algorithm,rastrigin,117,7700,2.1303551519273185
genetic_algorithm,rastrigin,117,7800,2.1303551519273185
genetic_algorithm,rastrigin,117,7900,2.1301781758791805
genetic_algorithm,rastrigin,117,8000,2.1301781758791805
genetic_algorithm,rastrigin,117,8100,2.0478727995740087
genetic_algorithm,rastrigin,117,8200,2.047534794164889
genetic_algorithm,rastrigin,117,8300,2.0474915979222033
genetic_algorithm,rastrigin,117,8400,2.0474915979222033
genetic_algorithm,rastrigin,117,8500,2.0474915979222033
genetic_algorithm,rastrigin,117,8600,2.0474915979222033
genetic_algorithm,rastrigin,117,8700,2.0464750762466224
genetic_algorithm,rastrigin,117,8800,2.0464750762466224
genetic_algorithm,rastrigin,117,8900,2.0464748117149725
genetic_algorithm,rastrigin,117,9000,2.04647319309602
genetic_algorithm,rastrigin,117,9100,2.046167535409623
genetic_algorithm,rastrigin,117,9200,2.0438574166397956
genetic_algorithm,rastrigin,117,9300,2.0437222068727294
genetic_algorithm,rastrigin,117,9400,2.0324187494912564
genetic_algorithm,rastrigin,117,9500,2.0321593603422627
genetic_algorithm,rastrigin,117,9600,2.0321593603422627
genetic_algorithm,rastrigin,117,9700,2.0318981328496903
genetic_algorithm,rastrigin,117,9800,2.0318981275002557
genetic_algorithm,rastrigin,117,9900,2.0289058211896105
genetic_algorithm,rastrigin,117,10000,2.027928585117124
genetic_algorithm,rastrigin,117,10100,2.018696076397177
genetic_algorithm,rastrigin,117,10200,1.5433046893652573
genetic_algorithm,rastrigin,117,10300,1.5337834853707335
genetic_algorithm,rastrigin,117,10400,1.4176282715355768
genetic_algorithm,rastrigin,117,10500,1.2677678470165858
genetic_algorithm,rastrigin,117,10600,1.2677678470165858
genetic_algorithm,rastrigin,117,10700,1.0897510954777943
genetic_algorithm,rastrigin,117,10800,0.2306269086352586
genetic_algorithm,rastrigin,117,10900,0.2306269086352586
genetic_algorithm,rastrigin,117,11000,0.20922243066522128
genetic_algorithm,rastrigin,117,11100,0.19473361943495604
genetic_algorithm,rastrigin,117,11200,0.19473361943495604
genetic_algorithm,rastrigin,117,11300,0.19473361943495604
genetic_algorithm,rastrigin,117,11400,0.15004512253138103
genetic_algorithm,rastrigin,117,11500,0.14976767046439932
genetic_algorithm,rastrigin,117,11600,0.11194110748260755
genetic_algorithm,rastrigin,117,11700,0.10964794066119055
genetic_algorithm,rastrigin,117,11800,0.10964794065645833
genetic_algorithm,rastrigin,117,11900,0.10964794065645833
genetic_algorithm,rastrigin,117,12000,0.1095810088389868
genetic_algorithm,rastrigin,117,12100,0.1095810088389868
genetic_algorithm,rastrigin,117,12200,0.10812987525604001
genetic_algorithm,rastrigin,117,12300,0.09977505087830707
genetic_algorithm,rastrigin,117,12400,0.09970085149262786
genetic_algorithm,rastrigin,117,12500,0.09791580104101172
genetic_algorithm,rastrigin,117,12600,0.09791580104101172
genetic_algorithm,rastrigin,117,12700,0.09791580104101172
genetic_algorithm,rastrigin,117,12800,0.09791580104101172
genetic_algorithm,rastrigin,117,12900,0.09425117062744448
genetic_algorithm,rastrigin,117,13000,0.09425117062744448
genetic_algorithm,rastrigin,117,13100,0.09395368991027908
genetic_algorithm,rastrigin,117,13200,0.09395368991027908
genetic_algorithm,rastrigin,117,13300,0.09391831151137353
genetic_algorithm,rastrigin,117,13400,0.09352855238140023
genetic_algorithm,rastrigin,117,13500,0.09352855238140023
genetic_algorithm,rastrigin,117,13600,0.09347090750794962
genetic_algorithm,rastrigin,117,13700,0.09123542677843943
genetic_algorithm,rastrigin,117,13800,0.09096012284423693
genetic_algorithm,rastrigin,117,13900,0.09091361104916018
genetic_algorithm,rastrigin,117,14000,0.09091361104916018
genetic_algorithm,rastrigin,117,14100,0.09091361104916018
genetic_algorithm,rastrigin,117,14200,0.08664190073741906
genetic_algorithm,rastrigin,117,14300,0.08664190073741906
genetic_algorithm,rastrigin,117,14400,0.07780303392813437
genetic_algorithm,rastrigin,117,14500,0.07746117581260137
genetic_algorithm,rastrigin,117,14600,0.07619825077259179
genetic_algorithm,rastrigin,117,14700,0.07560644192419375
genetic_algorithm,rastrigin,117,14800,0.07558735571272734
genetic_algorithm,rastrigin,117,14900,0.07558735571272734
genetic_algorithm,rastrigin,117,15000,0.07414181628882943
genetic_algorithm,rastrigin,117,15100,0.07412204010647372
genetic_algorithm,rastrigin,117,15200,0.07412204010647372
genetic_algorithm,rastrigin,117,15300,0.07245715533602493
genetic_algorithm,rastrigin,117,15400,0.07245715533602493
genetic_algorithm,rastrigin,117,15500,0.028807994583601726
genetic_algorithm,rastrigin,117,15600,0.02518207256423466
genetic_algorithm,rastrigin,117,15700,0.02400385770206981
genetic_algorithm,rastrigin,117,15800,0.023804638610414486
genetic_algorithm,rastrigin,117,15900,0.023803142596989346
genetic_algorithm,rastrigin,117,16000,0.023700173368865762
genetic_algorithm,rastrigin,117,16100,0.021804453987428474
genetic_algorithm,rastrigin,117,16200,0.021612040836586743
genetic_algorithm,rastrigin,117,16300,0.021352251519161314
genetic_algorithm,rastrigin,117,16400,0.02125523164177423
genetic_algorithm,rastrigin,117,16500,0.02125523164177423
genetic_algorithm,rastrigin,117,16600,0.021254852639287947
genetic_algorithm,rastrigin,117,16700,0.021254852639287947
genetic_algorithm,rastrigin,117,16800,0.021254852639287947
genetic_algorithm,rastrigin,117,16900,0.02108800567278024
genetic_algorithm,rastrigin,117,17000,0.02108800567278024
genetic_algorithm,rastrigin,117,17100,0.02108800567278024
genetic_algorithm,rastrigin,117,17200,0.02108800567278024
genetic_algorithm,rastrigin,117,17300,0.02094634253310801
genetic_algorithm,rastrigin,117,17400,0.019570588953726542
genetic_algorithm,rastrigin,117,17500,0.019570588953726542
genetic_algorithm,rastrigin,117,17600,0.019570588953726542
genetic_algorithm,rastrigin,117,17700,0.019243237850375294
genetic_algorithm,rastrigin,117,17800,0.019243237850375294
genetic_algorithm,rastrigin,117,17900,0.019060496237102598
genetic_algorithm,rastrigin,117,18000,0.019048888703935063
genetic_algorithm,rastrigin,117,18100,0.019040038063366183
genetic_algorithm,rastrigin,117,18200,0.017969327049343065
genetic_algorithm,rastrigin,117,18300,0.017969213297050146
genetic_algorithm,rastrigin,117,18400,0.01788947440907407
genetic_algorithm,rastrigin,117,18500,0.010879882390284479
genetic_algorithm,rastrigin,117,18600,0.01050224271143918
genetic_algorithm,rastrigin,117,18700,0.010170117523443878
genetic_algorithm,rastrigin,117,18800,0.010170117523443878
genetic_algorithm,rastrigin,117,18900,0.009234670498628361
genetic_algorithm,rastrigin,117,19000,0.009234670498628361
genetic_algorithm,rastrigin,117,19100,0.009234670498628361
genetic_algorithm,rastrigin,117,19200,0.008728082647166957
genetic_algorithm,rastrigin,117,19300,0.008209923163562394
genetic_algorithm,rastrigin,117,19400,0.008209923163562394
genetic_algorithm,rastrigin,117,19500,0.007885260216397683
genetic_algorithm,rastrigin,117,19600,0.007131833224548245
genetic_algorithm,rastrigin,117,19700,0.007127133246612516
genetic_algorithm,rastrigin,117,19800,0.006371898371554607
genetic_algorithm,rastrigin,117,19900,0.006371898371554607
genetic_algorithm,rastrigin,117,20000,0.006371898371554607
genetic_algorithm,rastrigin,118,100,105.52606322302336
genetic_algorithm,rastrigin,118,200,90.77528239937135
genetic_algorithm,rastrigin,118,300,87.78349272120902
genetic_algorithm,rastrigin,118,400,72.81602388782706
genetic_algorithm,rastrigin,118,500,69.3120447760003
genetic_algorithm,rastrigin,118,600,59.61628509515711
genetic_algorithm,rastrigin,118,700,56.70760556223409
genetic_algorithm,rastrigin,118,800,51.53322011133181
genetic_algorithm,rastrigin,118,900,51.03479315864663
genetic_algorithm,rastrigin,118,1000,50.12570542348303
genetic_algorithm,rastrigin,118,1100,49.42962403526548
genetic_algorithm,rastrigin,118,1200,49.18243728143398
genetic_algorithm,rastrigin,118,1300,46.37984222915002
genetic_algorithm,rastrigin,118,1400,45.94933940779357
genetic_algorithm,rastrigin,118,1500,45.06023774278641
genetic_algorithm,rastrigin,118,1600,43.159736921588745
genetic_algorithm,rastrigin,118,1700,42.0183965470231
genetic_algorithm,rastrigin,118,1800,42.0183965470231
genetic_algorithm,rastrigin,118,1900,41.66416103487063
genetic_algorithm,rastrigin,118,2000,40.8285346273654
genetic_algorithm,rastrigin,118,2100,39.21508087056407
genetic_algorithm,rastrigin,118,2200,38.75523808991171
genetic_algorithm,rastrigin,118,2300,35.75921851778409
genetic_algorithm,rastrigin,118,2400,34.894932610889185
genetic_algorithm,rastrigin,118,2500,34.894932610889185
genetic_algorithm,rastrigin,118,2600,32.78330166885017
genetic_algorithm,rastrigin,118,2700,32.53350797094323
genetic_algorithm,rastrigin,118,2800,29.396675033421886
genetic_algorithm,rastrigin,118,2900,25.346477249334598
genetic_algorithm,rastrigin,118,3000,25.346477249334598
genetic_algorithm,rastrigin,118,3100,24.675288003009825
genetic_algorithm,rastrigin,118,3200,24.675288003009825
genetic_algorithm,rastrigin,118,3300,22.628980142305437
genetic_algorithm,rastrigin,118,3400,19.942860591442553
genetic_algorithm,rastrigin,118,3500,16.91939181019029
genetic_algorithm,rastrigin,118,3600,14.884877643708734
genetic_algorithm,rastrigin,118,3700,14.882349479658558
genetic_algorithm,rastrigin,118,3800,14.88234933630639
genetic_algorithm,rastrigin,118,3900,14.158078634673075
genetic_algorithm,rastrigin,118,4000,13.85898997220275
genetic_algorithm,rastrigin,118,4100,13.85898997220275
genetic_algorithm,rastrigin,118,4200,13.156618523931357
genetic_algorithm,rastrigin,118,4300,12.958742870533968
genetic_algorithm,rastrigin,118,4400,12.958742870533968
genetic_algorithm,rastrigin,118,4500,11.978012210101369
genetic_algorithm,rastrigin,118,4600,11.85658388717468
genetic_algorithm,rastrigin,118,4700,11.85658388717468
genetic_algorithm,rastrigin,118,4800,8.557770888750724
genetic_algorithm,rastrigin,118,4900,8.39312583787111
genetic_algorithm,rastrigin,118,5000,8.234561048591772
genetic_algorithm,rastrigin,118,5100,8.23456096680377
genetic_algorithm,rastrigin,118,5200,7.876674901951944
genetic_algorithm,rastrigin,118,5300,6.662143937060904
genetic_algorithm,rastrigin,118,5400,6.3399774113505885
genetic_algorithm,rastrigin,118,5500,6.339180298438947
genetic_algorithm,rastrigin,118,5600,6.068535203227924
genetic_algorithm,rastrigin,118,5700,4.991960339249118
genetic_algorithm,rastrigin,118,5800,4.950373835783836
genetic_algorithm,rastrigin,118,5900,4.948181735587269
genetic_algorithm,rastrigin,118,6000,4.16404618325889
genetic_algorithm,rastrigin,118,6100,4.032023055999247
genetic_algorithm,rastrigin,118,6200,2.9890128896996657
genetic_algorithm,rastrigin,118,6300,2.9890060871814654
genetic_algorithm,rastrigin,118,6400,2.6407264860005455
genetic_algorithm,rastrigin,118,6500,2.64072615707542
genetic_algorithm,rastrigin,118,6600,2.1463185157647757
genetic_algorithm,rastrigin,118,6700,1.9771746727800945
genetic_algorithm,rastrigin,118,6800,1.9378901028899236
genetic_algorithm,rastrigin,118,6900,1.7366663005477818
genetic_algorithm,rastrigin,118,7000,1.7303572835999574
genetic_algorithm,rastrigin,118,7100,1.6910490831852059
genetic_algorithm,rastrigin,118,7200,1.6359039680341425
genetic_algorithm,rastrigin,118,7300,1.6354397908721836
genetic_algorithm,rastrigin,118,7400,1.6350564464284645
genetic_algorithm,rastrigin,118,7500,1.6165150146795781
genetic_algorithm,rastrigin,118,7600,1.453282114233744
genetic_algorithm,rastrigin,118,7700,1.3426956120064801
genetic_algorithm,rastrigin,118,7800,0.6418092280206906
genetic_algorithm,rastrigin,118,7900,0.6126522503616059
genetic_algorithm,rastrigin,118,8000,0.5421295547448182
genetic_algorithm,rastrigin,118,8100,0.5102089736884494
genetic_algorithm,rastrigin,118,8200,0.44254526038506015
genetic_algorithm,rastrigin,118,8300,0.43855369974539826
genetic_algorithm,rastrigin,118,8400,0.2629578206578742
genetic_algorithm,rastrigin,118,8500,0.18101192800300225
genetic_algorithm,rastrigin,118,8600,0.18101192800300225
genetic_algorithm,rastrigin,118,8700,0.18101192800300225
genetic_algorithm,rastrigin,118,8800,0.18028627470707193
genetic_algorithm,rastrigin,118,8900,0.17495291148534875
genetic_algorithm,rastrigin,118,9000,0.1720342065473517
genetic_algorithm,rastrigin,118,9100,0.17113960017702823
genetic_algorithm,rastrigin,118,9200,0.16592363235966445
genetic_algorithm,rastrigin,118,9300,0.16577408204803135
genetic_algorithm,rastrigin,118,9400,0.14962039454833587
genetic_algorithm,rastrigin,118,9500,0.14962039454833587
genetic_algorithm,rastrigin,118,9600,0.12623486521097504
genetic_algorithm,rastrigin,118,9700,0.12100211887440082
genetic_algorithm,rastrigin,118,9800,0.12100211887440082
genetic_algorithm,rastrigin,118,9900,0.12100211887440082
genetic_algorithm,rastrigin,118,10000,0.1173575005541494
genetic_algorithm,rastrigin,118,10100,0.1173575005541494
genetic_algorithm,rastrigin,118,10200,0.1125408220094215
genetic_algorithm,rastrigin,118,10300,0.08318880472025114
genetic_algorithm,rastrigin,118,10400,0.08103187094971531
genetic_algorithm,rastrigin,118,10500,0.08059334380858729
genetic_algorithm,rastrigin,118,10600,0.05524261032273614
genetic_algorithm,rastrigin,118,10700,0.05524261032273614
genetic_algorithm,rastrigin,118,10800,0.05421444846014367
genetic_algorithm,rastrigin,118,10900,0.053527535642260204
genetic_algorithm,rastrigin,118,11000,0.053527535642260204
genetic_algorithm,rastrigin,118,11100,0.051447172310773226
genetic_algorithm,rastrigin,118,11200,0.05088044700991645
genetic_algorithm,rastrigin,118,11300,0.05088044700991645
genetic_algorithm,rastrigin,118,11400,0.050710192468073956
genetic_algorithm,rastrigin,118,11500,0.03531168844125432
genetic_algorithm,rastrigin,118,11600,0.03531168844125432
genetic_algorithm,rastrigin,118,11700,0.03462042071357985
genetic_algorithm,rastrigin,118,11800,0.03174118766422396
genetic_algorithm,rastrigin,118,11900,0.028567341411175562
genetic_algorithm,rastrigin,118,12000,0.028567341411175562
genetic_algorithm,rastrigin,118,12100,0.028447334324482654
genetic_algorithm,rastrigin,118,12200,0.026684716535498865
genetic_algorithm,rastrigin,118,12300,0.026684716535498865
genetic_algorithm,rastrigin,118,12400,0.026684716535498865
genetic_algorithm,rastrigin,118,12500,0.026684716535498865
genetic_algorithm,rastrigin,118,12600,0.02662809273090261
genetic_algorithm,rastrigin,118,12700,0.02342475255183274
genetic_algorithm,rastrigin,118,12800,0.023424752292271478
genetic_algorithm,rastrigin,118,12900,0.019951923032337504
genetic_algorithm,rastrigin,118,13000,0.01828563130436578
genetic_algorithm,rastrigin,118,13100,0.01828563130436578
genetic_algorithm,rastrigin,118,13200,0.015442607241539008
genetic_algorithm,rastrigin,118,13300,0.015442607241539008
genetic_algorithm,rastrigin,118,13400,0.015274392359444278
genetic_algorithm,rastrigin,118,13500,0.015274392359444278
genetic_algorithm,rastrigin,118,13600,0.015274392359444278
genetic_algorithm,rastrigin,118,13700,0.015274392359444278
genetic_algorithm,rastrigin,118,13800,0.015274392359444278
genetic_algorithm,rastrigin,118,13900,0.015274392359444278
genetic_algorithm,rastrigin,118,14000,0.015207076654434104
genetic_algorithm,rastrigin,118,14100,0.015207076654434104
genetic_algorithm,rastrigin,118,14200,0.015207076654434104
genetic_algorithm,rastrigin,118,14300,0.014026998771441868
genetic_algorithm,rastrigin,118,14400,0.013858802315553476
genetic_algorithm,rastrigin,118,14500,0.01312006718708858
genetic_algorithm,rastrigin,118,14600,0.013045892482537624
genetic_algorithm,rastrigin,118,14700,0.012910865313017439
genetic_algorithm,rastrigin,118,14800,0.010210061850116858
genetic_algorithm,rastrigin,118,14900,0.010179297870820392
genetic_algorithm,rastrigin,118,15000,0.010179297870820392
genetic_algorithm,rastrigin,118,15100,0.007382513252139233
genetic_algorithm,rastrigin,118,15200,0.007382513252139233
genetic_algorithm,rastrigin,118,15300,0.006525237024192165
genetic_algorithm,rastrigin,118,15400,0.006077763090573285
genetic_algorithm,rastrigin,118,15500,0.006077763090573285
genetic_algorithm,rastrigin,118,15600,0.0060698684392974656
genetic_algorithm,rastrigin,118,15700,0.005645422184969107
genetic_algorithm,rastrigin,118,15800,0.005364170026069814
genetic_algorithm,rastrigin,118,15900,0.005364170026069814
genetic_algorithm,rastrigin,118,16000,0.005102040121599316
genetic_algorithm,rastrigin,118,16100,0.00504749671172533
genetic_algorithm,rastrigin,118,16200,0.004635006384702933
genetic_algorithm,rastrigin,118,16300,0.0045074867823871045
genetic_algorithm,rastrigin,118,16400,0.0045074867823871045
genetic_algorithm,rastrigin,118,16500,0.0036724648137180793
genetic_algorithm,rastrigin,118,16600,0.003631145176228756
genetic_algorithm,rastrigin,118,16700,0.003592494168302096
genetic_algorithm,rastrigin,118,16800,0.003592494168302096
genetic_algorithm,rastrigin,118,16900,0.003217898173417666
genetic_algorithm,rastrigin,118,17000,0.003217898173417666
genetic_algorithm,rastrigin,118,17100,0.003186073823670199
genetic_algorithm,rastrigin,118,17200,0.003186073823670199
genetic_algorithm,rastrigin,118,17300,0.0031043731720501455
genetic_algorithm,rastrigin,118,17400,0.0031043731720501455
genetic_algorithm,rastrigin,118,17500,0.0029973376827570064
genetic_algorithm,rastrigin,118,17600,0.0029973376827570064
genetic_algorithm,rastrigin,118,17700,0.0023423953303876033
genetic_algorithm,rastrigin,118,17800,0.0018717566128430008
genetic_algorithm,rastrigin,118,17900,0.0018717566128430008
genetic_algorithm,rastrigin,118,18000,0.0018716567464593936
genetic_algorithm,rastrigin,118,18100,0.0018716567464593936
genetic_algorithm,rastrigin,118,18200,0.0018716567464593936
genetic_algorithm,rastrigin,118,18300,0.0018716567464593936
genetic_algorithm,rastrigin,118,18400,0.0016973503299766435
genetic_algorithm,rastrigin,118,18500,0.001667868971765074
genetic_algorithm,rastrigin,118,18600,0.00130655121880352
genetic_algorithm,rastrigin,118,18700,0.0006106761057651511
genetic_algorithm,rastrigin,118,18800,0.0006106761057651511
genetic_algorithm,rastrigin,118,18900,0.0005757528847709636
genetic_algorithm,rastrigin,118,19000,0.0005757528847709636
genetic_algorithm,rastrigin,118,19100,0.0005757528847709636
genetic_algorithm,rastrigin,118,19200,0.0005757528847709636
genetic_algorithm,rastrigin,118,19300,0.00028374266416619776
genetic_algorithm,rastrigin,118,19400,0.0002647886325064519
genetic_algorithm,rastrigin,118,19500,0.0002549401961715603
genetic_algorithm,rastrigin,118,19600,0.0002549401961715603
genetic_algorithm,rastrigin,118,19700,0.00024250542315940038
genetic_algorithm,rastrigin,118,19800,0.00024249825864330887
genetic_algorithm,rastrigin,118,19900,0.00024249825864330887
genetic_algorithm,rastrigin,118,20000,0.00024249825864330887
genetic_algorithm,rastrigin,119,100,120.63584401830586
genetic_algorithm,rastrigin,119,200,95.3587510292744
genetic_algorithm,rastrigin,119,300,82.46930751369767
genetic_algorithm,rastrigin,119,400,46.204303206952225
genetic_algorithm,rastrigin,119,500,38.246126579212515
genetic_algorithm,rastrigin,119,600,29.514605740857334
genetic_algorithm,rastrigin,119,700,26.874371893419564
genetic_algorithm,rastrigin,119,800,25.952585242901733
genetic_algorithm,rastrigin,119,900,25.0333983505991
genetic_algorithm,rastrigin,119,1000,22.84849646819255
genetic_algorithm,rastrigin,119,1100,22.42664801485327
genetic_algorithm,rastrigin,119,1200,21.782606702417326
genetic_algorithm,rastrigin,119,1300,21.392665550776016
genetic_algorithm,rastrigin,119,1400,15.506575160030366
genetic_algorithm,rastrigin,119,1500,15.506575160030366
genetic_algorithm,rastrigin,119,1600,14.62843912372071
genetic_algorithm,rastrigin,119,1700,14.362977373719957
genetic_algorithm,rastrigin,119,1800,14.362843998842294
genetic_algorithm,rastrigin,119,1900,14.362843998842294
genetic_algorithm,rastrigin,119,2000,11.193055114725567
genetic_algorithm,rastrigin,119,2100,10.995742784749979
genetic_algorithm,rastrigin,119,2200,10.956512646389157
genetic_algorithm,rastrigin,119,2300,10.727357664050714
genetic_algorithm,rastrigin,119,2400,10.717859078703796
genetic_algorithm,rastrigin,119,2500,10.709442444211234
genetic_algorithm,rastrigin,119,2600,7.820044986468957
genetic_algorithm,rastrigin,119,2700,7.667668583833006
genetic_algorithm,rastrigin,119,2800,7.667668583833006
genetic_algorithm,rastrigin,119,2900,6.249159241722225
genetic_algorithm,rastrigin,119,3000,6.20155359948717
genetic_algorithm,rastrigin,119,3100,6.171941440781012
genetic_algorithm,rastrigin,119,3200,5.354968229652286
genetic_algorithm,rastrigin,119,3300,5.354968229652286
genetic_algorithm,rastrigin,119,3400,5.354968229652286
genetic_algorithm,rastrigin,119,3500,5.334023674054677
genetic_algorithm,rastrigin,119,3600,5.334023674054677
genetic_algorithm,rastrigin,119,3700,5.334023674054677
genetic_algorithm,rastrigin,119,3800,5.333047167942311
genetic_algorithm,rastrigin,119,3900,5.17509015757355
genetic_algorithm,rastrigin,119,4000,4.986105923711037
genetic_algorithm,rastrigin,119,4100,4.986105923711037
genetic_algorithm,rastrigin,119,4200,4.986105923711037
genetic_algorithm,rastrigin,119,4300,4.986105923711037
genetic_algorithm,rastrigin,119,4400,4.986105923711037
genetic_algorithm,rastrigin,119,4500,4.5637566494853985
genetic_algorithm,rastrigin,119,4600,4.456466427911749
genetic_algorithm,rastrigin,119,4700,4.352219787796429
genetic_algorithm,rastrigin,119,4800,4.313337154547938
genetic_algorithm,rastrigin,119,4900,4.2125195217407025
genetic_algorithm,rastrigin,119,5000,4.174176812959274
genetic_algorithm,rastrigin,119,5100,4.1367865998023206
genetic_algorithm,rastrigin,119,5200,4.126846798483754
genetic_algorithm,rastrigin,119,5300,3.981438426242363
genetic_algorithm,rastrigin,119,5400,3.981438426242363
genetic_algorithm,rastrigin,119,5500,2.8375932946094196
genetic_algorithm,rastrigin,119,5600,2.7793083345011524
genetic_algorithm,rastrigin,119,5700,2.7793083345011524
genetic_algorithm,rastrigin,119,5800,2.7793083345011524
genetic_algorithm,rastrigin,119,5900,2.666441298729353
genetic_algorithm,rastrigin,119,6000,2.6032917859289455
genetic_algorithm,rastrigin,119,6100,2.5934213203388197
genetic_algorithm,rastrigin,119,6200,1.5594156237979604
genetic_algorithm,rastrigin,119,6300,1.5592790295596899
genetic_algorithm,rastrigin,119,6400,1.5592790295596899
genetic_algorithm,rastrigin,119,6500,1.5592790295596899
genetic_algorithm,rastrigin,119,6600,1.5592790295596899
genetic_algorithm,rastrigin,119,6700,1.5093611258556905
genetic_algorithm,rastrigin,119,6800,1.4966163888311144
genetic_algorithm,rastrigin,119,6900,1.4764539651989423
genetic_algorithm,rastrigin,119,7000,1.4662555646621769
genetic_algorithm,rastrigin,119,7100,1.4082144256590112
genetic_algorithm,rastrigin,119,7200,1.354277505790634
genetic_algorithm,rastrigin,119,7300,1.3493476870323917
genetic_algorithm,rastrigin,119,7400,1.307934856545998
genetic_algorithm,rastrigin,119,7500,1.3028709425070133
genetic_algorithm,rastrigin,119,7600,1.240587391308381
genetic_algorithm,rastrigin,119,7700,1.240587391308381
genetic_algorithm,rastrigin,119,7800,1.2365885149393563
genetic_algorithm,rastrigin,119,7900,1.2292626729618092
genetic_algorithm,rastrigin,119,8000,1.2292622942311056
genetic_algorithm,rastrigin,119,8100,1.2291620029804733
genetic_algorithm,rastrigin,119,8200,1.1994296641344135
genetic_algorithm,rastrigin,119,8300,1.194821766566875
genetic_algorithm,rastrigin,119,8400,1.194821766566875
genetic_algorithm,rastrigin,119,8500,1.1842371650146788
genetic_algorithm,rastrigin,119,8600,1.1842371650146788
genetic_algorithm,rastrigin,119,8700,1.1842371650146788
genetic_algorithm,rastrigin,119,8800,1.1842371650146788
genetic_algorithm,rastrigin,119,8900,1.16367646234238
genetic_algorithm,rastrigin,119,9000,1.16367646234238
genetic_algorithm,rastrigin,119,9100,1.16367646234238
genetic_algorithm,rastrigin,119,9200,1.153617086084438
genetic_algorithm,rastrigin,119,9300,1.1534404438353931
genetic_algorithm,rastrigin,119,9400,1.1516056679717366
genetic_algorithm,rastrigin,119,9500,1.1516056679717366
genetic_algorithm,rastrigin,119,9600,1.1516056679717366
genetic_algorithm,rastrigin,119,9700,1.1483754942488247
genetic_algorithm,rastrigin,119,9800,1.1456645837607766
genetic_algorithm,rastrigin,119,9900,1.1448411343604619
genetic_algorithm,rastrigin,119,10000,1.1448411343604619
genetic_algorithm,rastrigin,119,10100,1.1402663729472096
genetic_algorithm,rastrigin,119,10200,1.1402554383740267
genetic_algorithm,rastrigin,119,10300,1.0959019776538526
genetic_algorithm,rastrigin,119,10400,1.0952886922106728
genetic_algorithm,rastrigin,119,10500,1.091824837776855
genetic_algorithm,rastrigin,119,10600,1.082849345939735
genetic_algorithm,rastrigin,119,10700,1.082849345939735
genetic_algorithm,rastrigin,119,10800,1.0761143290035875
genetic_algorithm,rastrigin,119,10900,1.0760654854472875
genetic_algorithm,rastrigin,119,11000,1.0716591277596024
genetic_algorithm,rastrigin,119,11100,1.0706492760778445
genetic_algorithm,rastrigin,119,11200,1.0701609441839395
genetic_algorithm,rastrigin,119,11300,1.0701609441839395
genetic_algorithm,rastrigin,119,11400,1.0687209321448847
genetic_algorithm,rastrigin,119,11500,1.0686562447185253
genetic_algorithm,rastrigin,119,11600,1.0686562437884959
genetic_algorithm,rastrigin,119,11700,1.0642851079340971
genetic_algorithm,rastrigin,119,11800,1.056199817643133
genetic_algorithm,rastrigin,119,11900,1.0554927624770585
genetic_algorithm,rastrigin,119,12000,1.0440893780193221
genetic_algorithm,rastrigin,119,12100,1.0438462844173273
genetic_algorithm,rastrigin,119,12200,0.1545662587859482
genetic_algorithm,rastrigin,119,12300,0.15335201944050425
genetic_algorithm,rastrigin,119,12400,0.09725729845600029
genetic_algorithm,rastrigin,119,12500,0.09613457623940747
genetic_algorithm,rastrigin,119,12600,0.09613214766710598
genetic_algorithm,rastrigin,119,12700,0.09613214766710598
genetic_algorithm,rastrigin,119,12800,0.09613214766710598
genetic_algorithm,rastrigin,119,12900,0.09145415992564665
genetic_algorithm,rastrigin,119,13000,0.09076354338266412
genetic_algorithm,rastrigin,119,13100,0.08951360292715549
genetic_algorithm,rastrigin,119,13200,0.08949882564476752
genetic_algorithm,rastrigin,119,13300,0.08835508174723827
genetic_algorithm,rastrigin,119,13400,0.06322963975455309
genetic_algorithm,rastrigin,119,13500,0.06000389090995384
genetic_algorithm,rastrigin,119,13600,0.0564781331370483
genetic_algorithm,rastrigin,119,13700,0.055872987188749335
genetic_algorithm,rastrigin,119,13800,0.0547442911704934
genetic_algorithm,rastrigin,119,13900,0.0547442911704934
genetic_algorithm,rastrigin,119,14000,0.05366504625375512
genetic_algorithm,rastrigin,119,14100,0.05365913407418077
genetic_algorithm,rastrigin,119,14200,0.04681885126986174
genetic_algorithm,rastrigin,119,14300,0.04681885126986174
genetic_algorithm,rastrigin,119,14400,0.033251956977380814
genetic_algorithm,rastrigin,119,14500,0.030748875608182402
genetic_algorithm,rastrigin,119,14600,0.030748875608182402
genetic_algorithm,rastrigin,119,14700,0.030108954536359533
genetic_algorithm,rastrigin,119,14800,0.02794321888599427
genetic_algorithm,rastrigin,119,14900,0.02397918738498106
genetic_algorithm,rastrigin,119,15000,0.02347859785396622
genetic_algorithm,rastrigin,119,15100,0.02259929426166707
genetic_algorithm,rastrigin,119,15200,0.021919169991235776
genetic_algorithm,rastrigin,119,15300,0.021645547214575345
genetic_algorithm,rastrigin,119,15400,0.01240562011130919
genetic_algorithm,rastrigin,119,15500,0.011597835482817231
genetic_algorithm,rastrigin,119,15600,0.011521056425607412
genetic_algorithm,rastrigin,119,15700,0.010869268190631942
genetic_algorithm,rastrigin,119,15800,0.010831236476889217
genetic_algorithm,rastrigin,119,15900,0.010800155263922306
genetic_algorithm,rastrigin,119,16000,0.010769831236302707
genetic_algorithm,rastrigin,119,16100,0.010760152048817417
genetic_algorithm,rastrigin,119,16200,0.008603446265013304
genetic_algorithm,rastrigin,119,16300,0.008603446265013304
genetic_algorithm,rastrigin,119,16400,0.008553556994598921
genetic_algorithm,rastrigin,119,16500,0.008552810674473221
genetic_algorithm,rastrigin,119,16600,0.008450002411962032
genetic_algorithm,rastrigin,119,16700,0.008378197150065603
genetic_algorithm,rastrigin,119,16800,0.008378197150065603
genetic_algorithm,rastrigin,119,16900,0.008056827829292956
genetic_algorithm,rastrigin,119,17000,0.005118081981947853
genetic_algorithm,rastrigin,119,17100,0.004898016889654855
genetic_algorithm,rastrigin,119,17200,0.004818327667564404
genetic_algorithm,rastrigin,119,17300,0.004622707270982573
genetic_algorithm,rastrigin,119,17400,0.004622707270982573
genetic_algorithm,rastrigin,119,17500,0.004622111770999027
genetic_algorithm,rastrigin,119,17600,0.004622111770999027
genetic_algorithm,rastrigin,119,17700,0.004622111770999027
genetic_algorithm,rastrigin,119,17800,0.004502731104949476
genetic_algorithm,rastrigin,119,17900,0.004502731104949476
genetic_algorithm,rastrigin,119,18000,0.004254041479583748
genetic_algorithm,rastrigin,119,18100,0.004254041479583748
genetic_algorithm,rastrigin,119,18200,0.004254041479583748
genetic_algorithm,rastrigin,119,18300,0.004254041479583748
genetic_algorithm,rastrigin,119,18400,0.004035735520560024
genetic_algorithm,rastrigin,119,18500,0.004035560119646675
genetic_algorithm,rastrigin,119,18600,0.004002689296086714
genetic_algorithm,rastrigin,119,18700,0.0037711517495324642
genetic_algorithm,rastrigin,119,18800,0.0037371059493409575
genetic_algorithm,rastrigin,119,18900,0.0021722342687553464
genetic_algorithm,rastrigin,119,19000,0.002149451334403807
genetic_algorithm,rastrigin,119,19100,0.002061041083649684
genetic_algorithm,rastrigin,119,19200,0.0020505889647495223
genetic_algorithm,rastrigin,119,19300,0.0020486758544393524
genetic_algorithm,rastrigin,119,19400,0.001882447603009041
genetic_algorithm,rastrigin,119,19500,0.0017581282314580449
genetic_algorithm,rastrigin,119,19600,0.001757936845777408
genetic_algorithm,rastrigin,119,19700,0.0017464856116049532
genetic_algorithm,rastrigin,119,19800,0.001479585054298127
genetic_algorithm,rastrigin,119,19900,0.0014587633123710475
genetic_algorithm,rastrigin,119,20000,0.0014587633123710475
