algorithm,benchmark,seed,evaluations,best_value
genetic_algorithm,sphere,100,100,40.561770258823614
genetic_algorithm,sphere,100,200,33.30334878331886
genetic_algorithm,sphere,100,300,27.966706504333384
genetic_algorithm,sphere,100,400,12.757883636481221
genetic_algorithm,sphere,100,500,9.012262847983592
genetic_algorithm,sphere,100,600,7.504438978355201
genetic_algorithm,sphere,100,700,6.197439052587906
genetic_algorithm,sphere,100,800,4.899095526445776
genetic_algorithm,sphere,100,900,3.8508336912730075
genetic_algorithm,sphere,100,1000,3.413031371104408
genetic_algorithm,sphere,100,1100,2.1842100195956147
genetic_algorithm,sphere,100,1200,1.5803505133439564
genetic_algorithm,sphere,100,1300,1.2064597626363909
genetic_algorithm,sphere,100,1400,0.718624586080647
genetic_algorithm,sphere,100,1500,0.5881111220927051
genetic_algorithm,sphere,100,1600,0.36901535386930095
genetic_algorithm,sphere,100,1700,0.24352644617623664
genetic_algorithm,sphere,100,1800,0.23258958993038406
genetic_algorithm,sphere,100,1900,0.19059352924107284
genetic_algorithm,sphere,100,2000,0.1212823638652608
genetic_algorithm,sphere,100,2100,0.11666213934498801
genetic_algorithm,sphere,100,2200,0.10773185087837947
genetic_algorithm,sphere,100,2300,0.086540723280664
genetic_algorithm,sphere,100,2400,0.07610774723471726
genetic_algorithm,sphere,100,2500,0.0699939779747393
genetic_algorithm,sphere,100,2600,0.05278697520080174
genetic_algorithm,sphere,100,2700,0.04855072755263756
genetic_algorithm,sphere,100,2800,0.04855072755263756
genetic_algorithm,sphere,100,2900,0.04637546227597665
genetic_algorithm,sphere,100,3000,0.04593349008105551
genetic_algorithm,sphere,100,3100,0.04504785403530099
genetic_algorithm,sphere,100,3200,0.04021938443446015
genetic_algorithm,sphere,100,3300,0.04021938443446015
genetic_algorithm,sphere,100,3400,0.03991831143953973
genetic_algorithm,sphere,100,3500,0.03704207079615211
genetic_algorithm,sphere,100,3600,0.036976252004002806
genetic_algorithm,sphere,100,3700,0.03202451241737385
genetic_algorithm,sphere,100,3800,0.030541015778390964
genetic_algorithm,sphere,100,3900,0.029582821997257928
genetic_algorithm,sphere,100,4000,0.029581619988592527
genetic_algorithm,sphere,100,4100,0.029269293511130903
genetic_algorithm,sphere,100,4200,0.020786432160873655
genetic_algorithm,sphere,100,4300,0.01789539954325304
genetic_algorithm,sphere,100,4400,0.008548150805855543
genetic_algorithm,sphere,100,4500,0.008441792643652583
genetic_algorithm,sphere,100,4600,0.006746007588892628
genetic_algorithm,sphere,100,4700,0.0066059625496260235
genetic_algorithm,sphere,100,4800,0.0053665223334153685
genetic_algorithm,sphere,100,4900,0.0053043216040434115
genetic_algorithm,sphere,100,5000,0.005270629649311553
genetic_algorithm,sphere,100,5100,0.0052702531334378345
genetic_algorithm,sphere,100,5200,0.005232770602577295
genetic_algorithm,sphere,100,5300,0.005192466930920649
genetic_algorithm,sphere,100,5400,0.0026163752937520836
genetic_algorithm,sphere,100,5500,0.0026003475203913817
genetic_algorithm,sphere,100,5600,0.0026001507012812604
genetic_algorithm,sphere,100,5700,0.0022450565303419115
genetic_algorithm,sphere,100,5800,0.002038245981747987
genetic_algorithm,sphere,100,5900,0.001971536087028891
genetic_algorithm,sphere,100,6000,0.0016892346981449882
genetic_algorithm,sphere,100,6100,0.0015165233612395995
genetic_algorithm,sphere,100,6200,0.0015151819992339727
genetic_algorithm,sphere,100,6300,0.001497272695956263
genetic_algorithm,sphere,100,6400,0.0014330721918813546
genetic_algorithm,sphere,100,6500,0.0014023044446024213
genetic_algorithm,sphere,100,6600,0.0010555733923804911
genetic_algorithm,sphere,100,6700,0.0009932805310598049
genetic_algorithm,sphere,100,6800,0.0009571394234157795
genetic_algorithm,sphere,100,6900,0.0009168696158785524
genetic_algorithm,sphere,100,7000,0.000910142009230447
genetic_algorithm,sphere,100,7100,0.000910142009230447
genetic_algorithm,sphere,100,7200,0.000910142009230447
genetic_algorithm,sphere,100,7300,0.0008429674319869195
genetic_algorithm,sphere,100,7400,0.0008397518921867221
genetic_algorithm,sphere,100,7500,0.0007922900867542213
genetic_algorithm,sphere,100,7600,0.0007922900867542212
genetic_algorithm,sphere,100,7700,0.0006900632381381122
genetic_algorithm,sphere,100,7800,0.0006243653024573129
genetic_algorithm,sphere,100,7900,0.0006214990154635036
genetic_algorithm,sphere,100,8000,0.0005908321657230193
genetic_algorithm,sphere,100,8100,0.0005732299887562561
genetic_algorithm,sphere,100,8200,0.0004830694530104688
genetic_algorithm,sphere,100,8300,0.00042743619253708963
genetic_algorithm,sphere,100,8400,0.0003917615916153637
genetic_algorithm,sphere,100,8500,0.0003917510267835304
genetic_algorithm,sphere,100,8600,0.0003917510267835304
genetic_algorithm,sphere,100,8700,0.0003554167622960664
genetic_algorithm,sphere,100,8800,0.00033369920017290464
genetic_algorithm,sphere,100,8900,0.00033252074665330943
genetic_algorithm,sphere,100,9000,0.0003228068138353646
genetic_algorithm,sphere,100,9100,0.000312968557790319
genetic_algorithm,sphere,100,9200,0.0002889442820270124
genetic_algorithm,sphere,100,9300,0.00018146912511576589
genetic_algorithm,sphere,100,9400,0.00017111166697910825
genetic_algorithm,sphere,100,9500,0.000170283611696015
genetic_algorithm,sphere,100,9600,0.00016887471702802429
genetic_algorithm,sphere,100,9700,0.00013308650901680845
genetic_algorithm,sphere,100,9800,0.00013308650901680845
genetic_algorithm,sphere,100,9900,0.0001330843981024123
genetic_algorithm,sphere,100,10000,0.0001330402716218097
genetic_algorithm,sphere,100,10100,0.0001330402716218097
genetic_algorithm,sphere,100,10200,0.00012112682285355486
genetic_algorithm,sphere,100,10300,0.00012112682285355486
genetic_algorithm,sphere,100,10400,0.000121099700245203
genetic_algorithm,sphere,100,10500,0.00012070236802494634
genetic_algorithm,sphere,100,10600,0.00012058781061602473
genetic_algorithm,sphere,100,10700,9.99113738810313e-05
genetic_algorithm,sphere,100,10800,9.99113738810313e-05
genetic_algorithm,sphere,100,10900,9.760178336170065e-05
genetic_algorithm,sphere,100,11000,8.316807374867455e-05
genetic_algorithm,sphere,100,11100,7.24562567067035e-05
genetic_algorithm,sphere,100,11200,7.24562567067035e-05
genetic_algorithm,sphere,100,11300,7.245623314123197e-05
genetic_algorithm,sphere,100,11400,7.22374089064572e-05
genetic_algorithm,sphere,100,11500,7.22066564648898e-05
genetic_algorithm,sphere,100,11600,4.8017987929976796e-05
genetic_algorithm,sphere,100,11700,4.785239186159555e-05
genetic_algorithm,sphere,100,11800,4.7402514892491814e-05
genetic_algorithm,sphere,100,11900,4.733832157720483e-05
genetic_algorithm,sphere,100,12000,3.0182703947513775e-05
genetic_algorithm,sphere,100,12100,2.9016217147347166e-05
genetic_algorithm,sphere,100,12200,2.736383096901939e-05
genetic_algorithm,sphere,100,12300,2.736383096901939e-05
genetic_algorithm,sphere,100,12400,2.519025463423131e-05
genetic_algorithm,sphere,100,12500,2.0327861628893285e-05
genetic_algorithm,sphere,100,12600,1.4495899212955892e-05
genetic_algorithm,sphere,100,12700,1.4495899212955892e-05
genetic_algorithm,sphere,100,12800,1.449589921295589e-05
genetic_algorithm,sphere,100,12900,1.0635106632540423e-05
genetic_algorithm,sphere,100,13000,1.0635052040794355e-05
genetic_algorithm,sphere,100,13100,8.41385348599593e-06
genetic_algorithm,sphere,100,13200,7.975947875616526e-06
genetic_algorithm,sphere,100,13300,7.975947875616526e-06
genetic_algorithm,sphere,100,13400,7.973948955810124e-06
genetic_algorithm,sphere,100,13500,7.973654997425621e-06
genetic_algorithm,sphere,100,13600,7.973654997425621e-06
genetic_algorithm,sphere,100,13700,7.973654997425621e-06
genetic_algorithm,sphere,100,13800,7.0609140787552045e-06
genetic_algorithm,sphere,100,13900,2.549610859784124e-06
genetic_algorithm,sphere,100,14000,2.5414229870195304e-06
genetic_algorithm,sphere,100,14100,2.5414229870195304e-06
genetic_algorithm,sphere,100,14200,2.5352300098568655e-06
genetic_algorithm,sphere,100,14300,2.467405656530271e-06
genetic_algorithm,sphere,100,14400,2.372514182346151e-06
genetic_algorithm,sphere,100,14500,2.3552997120667398e-06
genetic_algorithm,sphere,100,14600,2.3327495364421417e-06
genetic_algorithm,sphere,100,14700,2.3323063279989062e-06
genetic_algorithm,sphere,100,14800,2.3323063279989062e-06
genetic_algorithm,sphere,100,14900,2.3323063279989062e-06
genetic_algorithm,sphere,100,15000,2.3323063279989062e-06
genetic_algorithm,sphere,100,15100,2.3298520890553084e-06
genetic_algorithm,sphere,100,15200,2.291804077095181e-06
genetic_algorithm,sphere,100,15300,2.291804077095181e-06
genetic_algorithm,sphere,100,15400,2.257413625037166e-06
genetic_algorithm,sphere,100,15500,2.257413625037166e-06
genetic_algorithm,sphere,100,15600,2.257413625037166e-06
genetic_algorithm,sphere,100,15700,2.257413625037166e-06
genetic_algorithm,sphere,100,15800,2.257413625037166e-06
genetic_algorithm,sphere,100,15900,2.2363891669289175e-06
genetic_algorithm,sphere,100,16000,2.2363891669289175e-06
genetic_algorithm,sphere,100,16100,2.2363891669289175e-06
genetic_algorithm,sphere,100,16200,2.2360782022796386e-06
genetic_algorithm,sphere,100,16300,1.1392836213382607e-06
genetic_algorithm,sphere,100,16400,1.1392646855200157e-06
genetic_algorithm,sphere,100,16500,1.1389939740320843e-06
genetic_algorithm,sphere,100,16600,1.1216843556496214e-06
genetic_algorithm,sphere,100,16700,1.1216842774777673e-06
genetic_algorithm,sphere,100,16800,1.1216842774777673e-06
genetic_algorithm,sphere,100,16900,1.1212937056044674e-06
genetic_algorithm,sphere,100,17000,1.1212937056044674e-06
genetic_algorithm,sphere,100,17100,8.4473719481897e-07
genetic_algorithm,sphere,100,17200,8.4473719481897e-07
genetic_algorithm,sphere,100,17300,8.323527227984899e-07
genetic_algorithm,sphere,100,17400,4.763074567417962e-07
genetic_algorithm,sphere,100,17500,4.5087939440378044e-07
genetic_algorithm,sphere,100,17600,4.5087939440378044e-07
genetic_algorithm,sphere,100,17700,4.36137311292478e-07
genetic_algorithm,sphere,100,17800,3.9134982876229834e-07
genetic_algorithm,sphere,100,17900,3.9134982876229834e-07
genetic_algorithm,sphere,100,18000,3.6427753714846417e-07
genetic_algorithm,sphere,100,18100,2.962925705953902e-07
genetic_algorithm,sphere,100,18200,2.564575796975742e-07
genetic_algorithm,sphere,100,18300,2.5645738762938725e-07
genetic_algorithm,sphere,100,18400,2.5246768719820556e-07
genetic_algorithm,sphere,100,18500,2.4692162348394587e-07
genetic_algorithm,sphere,100,18600,2.4546093071931823e-07
genetic_algorithm,sphere,100,18700,2.454597037408366e-07
genetic_algorithm,sphere,100,18800,2.4479420782912675e-07
genetic_algorithm,sphere,100,18900,2.4180191224787854e-07
genetic_algorithm,sphere,100,19000,2.417383684448066e-07
genetic_algorithm,sphere,100,19100,2.340804110893731e-07
genetic_algorithm,sphere,100,19200,2.340804110893731e-07
genetic_algorithm,sphere,100,19300,2.3306568100702795e-07
genetic_algorithm,sphere,100,19400,2.2473448476825075e-07
genetic_algorithm,sphere,100,19500,2.109115332112507e-07
genetic_algorithm,sphere,100,19600,2.109115332112507e-07
genetic_algorithm,sphere,100,19700,5.317119892993265e-08
genetic_algorithm,sphere,100,19800,5.317119892993265e-08
genetic_algorithm,sphere,100,19900,5.317119892993265e-08
genetic_algorithm,sphere,100,20000,5.317119892993264e-08
genetic_algorithm,sphere,101,100,39.29669087759395
genetic_algorithm,sphere,101,200,33.541060419311634
genetic_algorithm,sphere,101,300,26.964894313712648
genetic_algorithm,sphere,101,400,24.511739096938662
genetic_algorithm,sphere,101,500,17.600334004428955
genetic_algorithm,sphere,101,600,14.445408602812467
genetic_algorithm,sphere,101,700,12.258958006733982
genetic_algorithm,sphere,101,800,7.631655985741148
genetic_algorithm,sphere,101,900,6.9111107329929595
genetic_algorithm,sphere,101,1000,6.001433508060195
genetic_algorithm,sphere,101,1100,3.951551661052788
genetic_algorithm,sphere,101,1200,3.547325519680893
genetic_algorithm,sphere,101,1300,2.1647227957781237
genetic_algorithm,sphere,101,1400,1.173639581928205
genetic_algorithm,sphere,101,1500,0.6350279764405262
genetic_algorithm,sphere,101,1600,0.24657416164164075
genetic_algorithm,sphere,101,1700,0.23483441326080254
genetic_algorithm,sphere,101,1800,0.17506089600550684
genetic_algorithm,sphere,101,1900,0.08789506554630237
genetic_algorithm,sphere,101,2000,0.07198834821154358
genetic_algorithm,sphere,101,2100,0.06752466704224111
genetic_algorithm,sphere,101,2200,0.049081914937739744
genetic_algorithm,sphere,101,2300,0.03442039656968423
genetic_algorithm,sphere,101,2400,0.03442039656968423
genetic_algorithm,sphere,101,2500,0.03442039656968423
genetic_algorithm,sphere,101,2600,0.033187890091063585
genetic_algorithm,sphere,101,2700,0.03317645484943912
genetic_algorithm,sphere,101,2800,0.032633369966503886
genetic_algorithm,sphere,101,2900,0.03090377478171477
genetic_algorithm,sphere,101,3000,0.024909019089603697
genetic_algorithm,sphere,101,3100,0.02255610454287219
genetic_algorithm,sphere,101,3200,0.022548293276406697
genetic_algorithm,sphere,101,3300,0.022223177607335796
genetic_algorithm,sphere,101,3400,0.01853339102204607
genetic_algorithm,sphere,101,3500,0.01650884994854095
genetic_algorithm,sphere,101,3600,0.01556641705176472
genetic_algorithm,sphere,101,3700,0.010792070172212481
genetic_algorithm,sphere,101,3800,0.010424389380905907
genetic_algorithm,sphere,101,3900,0.008887010744836799
genetic_algorithm,sphere,101,4000,0.008173073183385926
genetic_algorithm,sphere,101,4100,0.008077880212396145
genetic_algorithm,sphere,101,4200,0.008007246711784068
genetic_algorithm,sphere,101,4300,0.008007239650887735
genetic_algorithm,sphere,101,4400,0.00782215030821192
genetic_algorithm,sphere,101,4500,0.007406612169862355
genetic_algorithm,sphere,101,4600,0.00665302539797542
genetic_algorithm,sphere,101,4700,0.0064245959712450566
genetic_algorithm,sphere,101,4800,0.006345796584575257
genetic_algorithm,sphere,101,4900,0.006179128886183976
genetic_algorithm,sphere,101,5000,0.005458854838376803
genetic_algorithm,sphere,101,5100,0.005365709577157042
genetic_algorithm,sphere,101,5200,0.0053450572806632195
genetic_algorithm,sphere,101,5300,0.005154449366589621
genetic_algorithm,sphere,101,5400,0.004599127565154189
genetic_algorithm,sphere,101,5500,0.0029967637693670613
genetic_algorithm,sphere,101,5600,0.002950967279016271
genetic_algorithm,sphere,101,5700,0.0027090705634948906
genetic_algorithm,sphere,101,5800,0.0027028053448150094
genetic_algorithm,sphere,101,5900,0.0023693867168687586
genetic_algorithm,sphere,101,6000,0.002291372885516452
genetic_algorithm,sphere,101,6100,0.0020980722593149535
genetic_algorithm,sphere,101,6200,0.0017909880419927958
genetic_algorithm,sphere,101,6300,0.001774248164191265
genetic_algorithm,sphere,101,6400,0.0017716689249268915
genetic_algorithm,sphere,101,6500,0.001724478470053535
genetic_algorithm,sphere,101,6600,0.0017215341515357274
genetic_algorithm,sphere,101,6700,0.0011578385300191586
genetic_algorithm,sphere,101,6800,0.0010380173428931458
genetic_algorithm,sphere,101,6900,0.0010048604848226625
genetic_algorithm,sphere,101,7000,0.0010048027980112543
genetic_algorithm,sphere,101,7100,0.0010036009179742499
genetic_algorithm,sphere,101,7200,0.0009048099206681705
genetic_algorithm,sphere,101,7300,0.0009048099206681705
genetic_algorithm,sphere,101,7400,0.0006007220930812619
genetic_algorithm,sphere,101,7500,0.0006007220930812619
genetic_algorithm,sphere,101,7600,0.00036500778665822314
genetic_algorithm,sphere,101,7700,0.0002710699070140927
genetic_algorithm,sphere,101,7800,0.00027091799862078954
genetic_algorithm,sphere,101,7900,0.00027000238466074627
genetic_algorithm,sphere,101,8000,0.00025339364855224764
genetic_algorithm,sphere,101,8100,0.000251081374736306
genetic_algorithm,sphere,101,8200,0.00020836118706941774
genetic_algorithm,sphere,101,8300,0.00020547145886072913
genetic_algorithm,sphere,101,8400,0.0001994405887695798
genetic_algorithm,sphere,101,8500,0.0001994405887695798
genetic_algorithm,sphere,101,8600,0.0001966376167003072
genetic_algorithm,sphere,101,8700,0.0001966376167003072
genetic_algorithm,sphere,101,8800,0.0001966376167003072
genetic_algorithm,sphere,101,8900,0.00016187183286068323
genetic_algorithm,sphere,101,9000,0.00016142415817152502
genetic_algorithm,sphere,101,9100,0.00015913089067431588
genetic_algorithm,sphere,101,9200,9.885423027142222e-05
genetic_algorithm,sphere,101,9300,9.261275321727744e-05
genetic_algorithm,sphere,101,9400,8.45274555897443e-05
genetic_algorithm,sphere,101,9500,8.45274555897443e-05
genetic_algorithm,sphere,101,9600,7.84281865710095e-05
genetic_algorithm,sphere,101,9700,2.5618736932186085e-05
genetic_algorithm,sphere,101,9800,2.5618736932186085e-05
genetic_algorithm,sphere,101,9900,2.5163049116033824e-05
genetic_algorithm,sphere,101,10000,2.5056751631300096e-05
genetic_algorithm,sphere,101,10100,2.4859232365228384e-05
genetic_algorithm,sphere,101,10200,2.4741934683427298e-05
genetic_algorithm,sphere,101,10300,2.08390422460092e-05
genetic_algorithm,sphere,101,10400,1.8304873062138074e-05
genetic_algorithm,sphere,101,10500,1.824001662331619e-05
genetic_algorithm,sphere,101,10600,1.824001662331619e-05
genetic_algorithm,sphere,101,10700,1.824001662331619e-05
genetic_algorithm,sphere,101,10800,1.8235850816090575e-05
genetic_algorithm,sphere,101,10900,1.69308617122587e-05
genetic_algorithm,sphere,101,11000,1.69308617122587e-05
genetic_algorithm,sphere,101,11100,1.3370892650685132e-05
genetic_algorithm,sphere,101,11200,1.2858785313791175e-05
genetic_algorithm,sphere,101,11300,1.2858580997320144e-05
genetic_algorithm,sphere,101,11400,1.2794246847043311e-05
genetic_algorithm,sphere,101,11500,1.1836899583769846e-05
genetic_algorithm,sphere,101,11600,1.15595681996635e-05
genetic_algorithm,sphere,101,11700,1.15595681996635e-05
genetic_algorithm,sphere,101,11800,9.515108350506989e-06
genetic_algorithm,sphere,101,11900,9.46804402214642e-06
genetic_algorithm,sphere,101,12000,9.46804402214642e-06
genetic_algorithm,sphere,101,12100,9.46804402214642e-06
genetic_algorithm,sphere,101,12200,9.46804402214642e-06
genetic_algorithm,sphere,101,12300,7.135362945559402e-06
genetic_algorithm,sphere,101,12400,7.054285087632621e-06
genetic_algorithm,sphere,101,12500,6.657794301766215e-06
genetic_algorithm,sphere,101,12600,6.637126416541778e-06
genetic_algorithm,sphere,101,12700,6.60412554396164e-06
genetic_algorithm,sphere,101,12800,6.601813388390435e-06
genetic_algorithm,sphere,101,12900,5.845064395779408e-06
genetic_algorithm,sphere,101,13000,5.845064395779408e-06
genetic_algorithm,sphere,101,13100,5.845064395779408e-06
genetic_algorithm,sphere,101,13200,5.844703966091978e-06
genetic_algorithm,sphere,101,13300,5.8445606528154106e-06
genetic_algorithm,sphere,101,13400,5.777676464311166e-06
genetic_algorithm,sphere,101,13500,5.777676464311166e-06
genetic_algorithm,sphere,101,13600,5.527878025766373e-06
genetic_algorithm,sphere,101,13700,5.527878025766373e-06
genetic_algorithm,sphere,101,13800,5.527878025766373e-06
genetic_algorithm,sphere,101,13900,5.145503576967617e-06
genetic_algorithm,sphere,101,14000,5.1455005412310675e-06
genetic_algorithm,sphere,101,14100,4.838158935346265e-06
genetic_algorithm,sphere,101,14200,4.838158935346265e-06
genetic_algorithm,sphere,101,14300,4.838158935346265e-06
genetic_algorithm,sphere,101,14400,3.9900480972444505e-06
genetic_algorithm,sphere,101,14500,7.488560688585348e-07
genetic_algorithm,sphere,101,14600,7.410751039033329e-07
genetic_algorithm,sphere,101,14700,7.405907613610109e-07
genetic_algorithm,sphere,101,14800,7.405907613610109e-07
genetic_algorithm,sphere,101,14900,7.405907613610109e-07
genetic_algorithm,sphere,101,15000,7.405907613610109e-07
genetic_algorithm,sphere,101,15100,7.405907613610109e-07
genetic_algorithm,sphere,101,15200,7.356924889763514e-07
genetic_algorithm,sphere,101,15300,7.356924889763514e-07
genetic_algorithm,sphere,101,15400,7.356924889763514e-07
genetic_algorithm,sphere,101,15500,7.356924889763514e-07
genetic_algorithm,sphere,101,15600,7.356924889763514e-07
genetic_algorithm,sphere,101,15700,7.351517390637133e-07
genetic_algorithm,sphere,101,15800,7.348420618470756e-07
genetic_algorithm,sphere,101,15900,2.4778677130694733e-07
genetic_algorithm,sphere,101,16000,2.4778677130694733e-07
genetic_algorithm,sphere,101,16100,2.4778677130694733e-07
genetic_algorithm,sphere,101,16200,2.456999911627886e-07
genetic_algorithm,sphere,101,16300,2.3743677695311254e-07
genetic_algorithm,sphere,101,16400,2.0554044166349323e-07
genetic_algorithm,sphere,101,16500,1.9631531443651191e-07
genetic_algorithm,sphere,101,16600,1.9631531443651191e-07
genetic_algorithm,sphere,101,16700,1.9631531443651191e-07
genetic_algorithm,sphere,101,16800,1.9631531443651191e-07
genetic_algorithm,sphere,101,16900,1.8361914994890116e-07
genetic_algorithm,sphere,101,17000,1.8361914994890116e-07
genetic_algorithm,sphere,101,17100,1.498840958582256e-07
genetic_algorithm,sphere,101,17200,1.498840958582256e-07
genetic_algorithm,sphere,101,17300,1.4672531733038652e-07
genetic_algorithm,sphere,101,17400,1.4438493464212962e-07
genetic_algorithm,sphere,101,17500,1.4048810793680256e-07
genetic_algorithm,sphere,101,17600,1.4048810793680256e-07
genetic_algorithm,sphere,101,17700,1.4048810793680256e-07
genetic_algorithm,sphere,101,17800,1.4004748491409492e-07
genetic_algorithm,sphere,101,17900,1.4001653814352766e-07
genetic_algorithm,sphere,101,18000,1.4001653567923912e-07
genetic_algorithm,sphere,101,18100,1.4001653567923912e-07
genetic_algorithm,sphere,101,18200,4.545014008191706e-08
genetic_algorithm,sphere,101,18300,4.535687603059258e-08
genetic_algorithm,sphere,101,18400,4.099349120718622e-08
genetic_algorithm,sphere,101,18500,4.099343982282095e-08
genetic_algorithm,sphere,101,18600,4.099343982282095e-08
genetic_algorithm,sphere,101,18700,4.099343982282095e-08
genetic_algorithm,sphere,101,18800,4.099343982282095e-08
genetic_algorithm,sphere,101,18900,4.099343982282095e-08
genetic_algorithm,sphere,101,19000,3.7801032870355535e-08
genetic_algorithm,sphere,101,19100,3.7801032870355535e-08
genetic_algorithm,sphere,101,19200,3.7801032870355535e-08
genetic_algorithm,sphere,101,19300,3.7801032870355535e-08
genetic_algorithm,sphere,101,19400,3.7801032870355535e-08
genetic_algorithm,sphere,101,19500,3.7801032870355535e-08
genetic_algorithm,sphere,101,19600,3.7801032870355535e-08
genetic_algorithm,sphere,101,19700,3.7801032870355535e-08
genetic_algorithm,sphere,101,19800,3.7801032870355535e-08
genetic_algorithm,sphere,101,19900,3.7801032870355535e-08
genetic_algorithm,sphere,101,20000,3.7684128562172984e-08
genetic_algorithm,sphere,102,100,10.703106664358444
genetic_algorithm,sphere,102,200,8.989134000126434
genetic_algorithm,sphere,102,300,7.389896553541685
genetic_algorithm,sphere,102,400,6.471464553783589
genetic_algorithm,sphere,102,500,3.9141012724822426
genetic_algorithm,sphere,102,600,2.5936377135314475
genetic_algorithm,sphere,102,700,1.5792545663276834
genetic_algorithm,sphere,102,800,1.2665188055470111
genetic_algorithm,sphere,102,900,0.8974309372164999
genetic_algorithm,sphere,102,1000,0.5377811296350635
genetic_algorithm,sphere,102,1100,0.4571419402916119
genetic_algorithm,sphere,102,1200,0.34555189839552286
genetic_algorithm,sphere,102,1300,0.22938649181462098
genetic_algorithm,sphere,102,1400,0.18628453691837382
genetic_algorithm,sphere,102,1500,0.08564885331939315
genetic_algorithm,sphere,102,1600,0.06970425800213499
genetic_algorithm,sphere,102,1700,0.047840541779760354
genetic_algorithm,sphere,102,1800,0.042104700482936665
genetic_algorithm,sphere,102,1900,0.03611448018614815
genetic_algorithm,sphere,102,2000,0.03611448018614815
genetic_algorithm,sphere,102,2100,0.03594922522983897
genetic_algorithm,sphere,102,2200,0.022128915544373805
genetic_algorithm,sphere,102,2300,0.022128915544373805
genetic_algorithm,sphere,102,2400,0.021837862608066846
genetic_algorithm,sphere,102,2500,0.00999241620670082
genetic_algorithm,sphere,102,2600,0.00999241620670082
genetic_algorithm,sphere,102,2700,0.00986795078024234
genetic_algorithm,sphere,102,2800,0.008736647954213524
genetic_algorithm,sphere,102,2900,0.008736647954213524
genetic_algorithm,sphere,102,3000,0.0086521349877831
genetic_algorithm,sphere,102,3100,0.008289286565995918
genetic_algorithm,sphere,102,3200,0.008274235134084588
genetic_algorithm,sphere,102,3300,0.007430948135249182
genetic_algorithm,sphere,102,3400,0.007405103914912966
genetic_algorithm,sphere,102,3500,0.006419035812569684
genetic_algorithm,sphere,102,3600,0.0063456057726831
genetic_algorithm,sphere,102,3700,0.0060566916122674706
genetic_algorithm,sphere,102,3800,0.0060566916122674706
genetic_algorithm,sphere,102,3900,0.005703275079125798
genetic_algorithm,sphere,102,4000,0.005696291324281307
genetic_algorithm,sphere,102,4100,0.005696291324281307
genetic_algorithm,sphere,102,4200,0.0037760180202121244
genetic_algorithm,sphere,102,4300,0.003430411282112397
genetic_algorithm,sphere,102,4400,0.003343372353488534
genetic_algorithm,sphere,102,4500,0.0029585301228840497
genetic_algorithm,sphere,102,4600,0.0029557951448771296
genetic_algorithm,sphere,102,4700,0.0029181293298537287
genetic_algorithm,sphere,102,4800,0.0020287323142404055
genetic_algorithm,sphere,102,4900,0.002022796388889322
genetic_algorithm,sphere,102,5000,0.0020196160608760023
genetic_algorithm,sphere,102,5100,0.001975420661209847
genetic_algorithm,sphere,102,5200,0.0019701516328499372
genetic_algorithm,sphere,102,5300,0.001969629543533329
genetic_algorithm,sphere,102,5400,0.0019658265370963994
genetic_algorithm,sphere,102,5500,0.0019168091962690572
genetic_algorithm,sphere,102,5600,0.0013570600386189986
genetic_algorithm,sphere,102,5700,0.001319032588854344
genetic_algorithm,sphere,102,5800,0.0013158154475384617
genetic_algorithm,sphere,102,5900,0.0013158154475384617
genetic_algorithm,sphere,102,6000,0.0013107433650614135
genetic_algorithm,sphere,102,6100,0.0008758958934377423
genetic_algorithm,sphere,102,6200,0.0008480648264159532
genetic_algorithm,sphere,102,6300,0.0007169892186868922
genetic_algorithm,sphere,102,6400,0.0007169598256701329
genetic_algorithm,sphere,102,6500,0.0006616515681637733
genetic_algorithm,sphere,102,6600,0.0005792837940852122
genetic_algorithm,sphere,102,6700,0.00042265164387565274
genetic_algorithm,sphere,102,6800,0.00042265164387565274
genetic_algorithm,sphere,102,6900,0.0004165160007635654
genetic_algorithm,sphere,102,7000,0.0004156701146326765
genetic_algorithm,sphere,102,7100,0.0003912305369621728
genetic_algorithm,sphere,102,7200,0.0003206940804486218
genetic_algorithm,sphere,102,7300,0.0003164221595325118
genetic_algorithm,sphere,102,7400,0.00024578359642640497
genetic_algorithm,sphere,102,7500,0.00024322912333952517
genetic_algorithm,sphere,102,7600,0.00024319608553606442
genetic_algorithm,sphere,102,7700,0.00024091472994732468
genetic_algorithm,sphere,102,7800,0.00018689903331166856
genetic_algorithm,sphere,102,7900,0.0001863310184662815
genetic_algorithm,sphere,102,8000,0.00018632728067288212
genetic_algorithm,sphere,102,8100,0.00018466760441379905
genetic_algorithm,sphere,102,8200,0.00018466760441379905
genetic_algorithm,sphere,102,8300,0.00018403938751604504
genetic_algorithm,sphere,102,8400,0.00013750915001629766
genetic_algorithm,sphere,102,8500,0.0001353490309719194
genetic_algorithm,sphere,102,8600,0.0001080548777111343
genetic_algorithm,sphere,102,8700,0.00010796430010612213
genetic_algorithm,sphere,102,8800,0.00010796430010612213
genetic_algorithm,sphere,102,8900,0.00010642511569901599
genetic_algorithm,sphere,102,9000,0.00010186172940641476
genetic_algorithm,sphere,102,9100,0.00010186172940641476
genetic_algorithm,sphere,102,9200,9.384398877483239e-05
genetic_algorithm,sphere,102,9300,9.384398877483239e-05
genetic_algorithm,sphere,102,9400,9.356260407796172e-05
genetic_algorithm,sphere,102,9500,9.001153052388465e-05
genetic_algorithm,sphere,102,9600,8.93317072322212e-05
genetic_algorithm,sphere,102,9700,8.806138084025129e-05
genetic_algorithm,sphere,102,9800,8.777281057296683e-05
genetic_algorithm,sphere,102,9900,8.178308791661966e-05
genetic_algorithm,sphere,102,10000,7.9287005723304e-05
genetic_algorithm,sphere,102,10100,7.9287005723304e-05
genetic_algorithm,sphere,102,10200,7.9287005723304e-05
genetic_algorithm,sphere,102,10300,6.035741296868268e-05
genetic_algorithm,sphere,102,10400,6.035741296868268e-05
genetic_algorithm,sphere,102,10500,6.035741296868268e-05
genetic_algorithm,sphere,102,10600,5.267484817322854e-05
genetic_algorithm,sphere,102,10700,5.267484817322854e-05
genetic_algorithm,sphere,102,10800,5.267484817322854e-05
genetic_algorithm,sphere,102,10900,4.778579267063814e-05
genetic_algorithm,sphere,102,11000,3.8417586503505316e-05
genetic_algorithm,sphere,102,11100,3.765917643951334e-05
genetic_algorithm,sphere,102,11200,3.346263949822607e-05
genetic_algorithm,sphere,102,11300,2.8816115888429417e-05
genetic_algorithm,sphere,102,11400,2.6211441740795724e-05
genetic_algorithm,sphere,102,11500,2.6169554214252568e-05
genetic_algorithm,sphere,102,11600,2.2727232783868788e-05
genetic_algorithm,sphere,102,11700,2.2726994060384926e-05
genetic_algorithm,sphere,102,11800,2.2726994060384926e-05
genetic_algorithm,sphere,102,11900,2.1412382431526636e-05
genetic_algorithm,sphere,102,12000,2.1412382431526636e-05
genetic_algorithm,sphere,102,12100,1.9726761515702395e-05
genetic_algorithm,sphere,102,12200,1.9726761515702395e-05
genetic_algorithm,sphere,102,12300,1.9714938173484603e-05
genetic_algorithm,sphere,102,12400,1.962621423037165e-05
genetic_algorithm,sphere,102,12500,1.6452853042406767e-05
genetic_algorithm,sphere,102,12600,1.5993374784635138e-05
genetic_algorithm,sphere,102,12700,1.5993195841016765e-05
genetic_algorithm,sphere,102,12800,1.5778980415082215e-05
genetic_algorithm,sphere,102,12900,1.1878527828110908e-05
genetic_algorithm,sphere,102,13000,1.1786617650657023e-05
genetic_algorithm,sphere,102,13100,1.1786617650657023e-05
genetic_algorithm,sphere,102,13200,1.1786617650657023e-05
genetic_algorithm,sphere,102,13300,9.743279973613711e-06
genetic_algorithm,sphere,102,13400,9.180252376700966e-06
genetic_algorithm,sphere,102,13500,6.405226802796987e-06
genetic_algorithm,sphere,102,13600,6.403179159987189e-06
genetic_algorithm,sphere,102,13700,6.399619050084254e-06
genetic_algorithm,sphere,102,13800,6.399591173944827e-06
genetic_algorithm,sphere,102,13900,6.007460387035037e-06
genetic_algorithm,sphere,102,14000,6.007460387035037e-06
genetic_algorithm,sphere,102,14100,5.462736266537335e-06
genetic_algorithm,sphere,102,14200,5.229621327591277e-06
genetic_algorithm,sphere,102,14300,5.225967037124925e-06
genetic_algorithm,sphere,102,14400,5.225888449349383e-06
genetic_algorithm,sphere,102,14500,5.225888449349383e-06
genetic_algorithm,sphere,102,14600,5.225888449349383e-06
genetic_algorithm,sphere,102,14700,5.201637865208225e-06
genetic_algorithm,sphere,102,14800,5.201637865208225e-06
genetic_algorithm,sphere,102,14900,5.184733608849217e-06
genetic_algorithm,sphere,102,15000,4.8242841686845135e-06
genetic_algorithm,sphere,102,15100,4.672616143900911e-06
genetic_algorithm,sphere,102,15200,4.615899149834746e-06
genetic_algorithm,sphere,102,15300,4.615899149834746e-06
genetic_algorithm,sphere,102,15400,1.8598228585190604e-06
genetic_algorithm,sphere,102,15500,1.8598228585190604e-06
genetic_algorithm,sphere,102,15600,1.3022717590272475e-06
genetic_algorithm,sphere,102,15700,1.0712400479918577e-06
genetic_algorithm,sphere,102,15800,1.0712400479918577e-06
genetic_algorithm,sphere,102,15900,1.0712400479918577e-06
genetic_algorithm,sphere,102,16000,1.0712400479918577e-06
genetic_algorithm,sphere,102,16100,7.833538103993939e-07
genetic_algorithm,sphere,102,16200,7.218225785427319e-07
genetic_algorithm,sphere,102,16300,7.007786735690273e-07
genetic_algorithm,sphere,102,16400,6.93375053755763e-07
genetic_algorithm,sphere,102,16500,6.933704845153066e-07
genetic_algorithm,sphere,102,16600,6.824941886385478e-07
genetic_algorithm,sphere,102,16700,6.82494142239162e-07
genetic_algorithm,sphere,102,16800,6.82494142239162e-07
genetic_algorithm,sphere,102,16900,6.82494142239162e-07
genetic_algorithm,sphere,102,17000,6.82494142239162e-07
genetic_algorithm,sphere,102,17100,6.82494142239162e-07
genetic_algorithm,sphere,102,17200,6.599439711395715e-07
genetic_algorithm,sphere,102,17300,6.599439711395715e-07
genetic_algorithm,sphere,102,17400,6.588664245193833e-07
genetic_algorithm,sphere,102,17500,6.584264616663335e-07
genetic_algorithm,sphere,102,17600,6.494204514851681e-07
genetic_algorithm,sphere,102,17700,6.494204514851681e-07
genetic_algorithm,sphere,102,17800,6.492574236480705e-07
genetic_algorithm,sphere,102,17900,6.478801533163557e-07
genetic_algorithm,sphere,102,18000,5.469720274738163e-07
genetic_algorithm,sphere,102,18100,5.462715906980094e-07
genetic_algorithm,sphere,102,18200,5.462715906980094e-07
genetic_algorithm,sphere,102,18300,5.34050900347275e-07
genetic_algorithm,sphere,102,18400,5.34050900347275e-07
genetic_algorithm,sphere,102,18500,5.34050900347275e-07
genetic_algorithm,sphere,102,18600,5.34050900347275e-07
genetic_algorithm,sphere,102,18700,5.34050900347275e-07
genetic_algorithm,sphere,102,18800,5.259492734408726e-07
genetic_algorithm,sphere,102,18900,5.259492734408726e-07
genetic_algorithm,sphere,102,19000,5.259492734408726e-07
genetic_algorithm,sphere,102,19100,5.09381658805929e-07
genetic_algorithm,sphere,102,19200,5.083664518477444e-07
genetic_algorithm,sphere,102,19300,5.083664518477444e-07
genetic_algorithm,sphere,102,19400,5.083664518477444e-07
genetic_algorithm,sphere,102,19500,5.083664518477444e-07
genetic_algorithm,sphere,102,19600,5.083664518477444e-07
genetic_algorithm,sphere,102,19700,5.083664518477444e-07
genetic_algorithm,sphere,102,19800,5.083664518477444e-07
genetic_algorithm,sphere,102,19900,5.083664518477444e-07
genetic_algorithm,sphere,102,20000,5.083664518477444e-07
genetic_algorithm,sphere,103,100,33.33713131665904
genetic_algorithm,sphere,103,200,27.2707207030808
genetic_algorithm,sphere,103,300,22.95013174782354
genetic_algorithm,sphere,103,400,17.3064503489614
genetic_algorithm,sphere,103,500,15.894376184638435
genetic_algorithm,sphere,103,600,10.921251304392841
genetic_algorithm,sphere,103,700,8.51672775418163
genetic_algorithm,sphere,103,800,3.477863139022489
genetic_algorithm,sphere,103,900,1.8419089466618246
genetic_algorithm,sphere,103,1000,1.3752746939412397
genetic_algorithm,sphere,103,1100,0.91970346296019
genetic_algorithm,sphere,103,1200,0.91970346296019
genetic_algorithm,sphere,103,1300,0.6579863583103158
genetic_algorithm,sphere,103,1400,0.5541045330405955
genetic_algorithm,sphere,103,1500,0.5248194355758106
genetic_algorithm,sphere,103,1600,0.4719550508831671
genetic_algorithm,sphere,103,1700,0.4336652756564881
genetic_algorithm,sphere,103,1800,0.23732353154183403
genetic_algorithm,sphere,103,1900,0.17483443616326186
genetic_algorithm,sphere,103,2000,0.15292779174655902
genetic_algorithm,sphere,103,2100,0.14113891425131386
genetic_algorithm,sphere,103,2200,0.14113891425131386
genetic_algorithm,sphere,103,2300,0.06333975399459982
genetic_algorithm,sphere,103,2400,0.058890067142295714
genetic_algorithm,sphere,103,2500,0.05731633761435422
genetic_algorithm,sphere,103,2600,0.056741430768989624
genetic_algorithm,sphere,103,2700,0.03532499356661559
genetic_algorithm,sphere,103,2800,0.034748891293777645
genetic_algorithm,sphere,103,2900,0.033834941374788055
genetic_algorithm,sphere,103,3000,0.0334860024144111
genetic_algorithm,sphere,103,3100,0.030265967502968547
genetic_algorithm,sphere,103,3200,0.03015281755918297
genetic_algorithm,sphere,103,3300,0.02424012949017404
genetic_algorithm,sphere,103,3400,0.0229119447489029
genetic_algorithm,sphere,103,3500,0.016192037695620554
genetic_algorithm,sphere,103,3600,0.015246204114535224
genetic_algorithm,sphere,103,3700,0.015246184694263597
genetic_algorithm,sphere,103,3800,0.015245047220190901
genetic_algorithm,sphere,103,3900,0.015245047220190901
genetic_algorithm,sphere,103,4000,0.01084113875336135
genetic_algorithm,sphere,103,4100,0.010407060804411184
genetic_algorithm,sphere,103,4200,0.010314727614260033
genetic_algorithm,sphere,103,4300,0.01005278223661465
genetic_algorithm,sphere,103,4400,0.010047579447938894
genetic_algorithm,sphere,103,4500,0.010047579447938892
genetic_algorithm,sphere,103,4600,0.00753988361872263
genetic_algorithm,sphere,103,4700,0.007128860391761382
genetic_algorithm,sphere,103,4800,0.006650638970302433
genetic_algorithm,sphere,103,4900,0.00524914307036076
genetic_algorithm,sphere,103,5000,0.004517401665426309
genetic_algorithm,sphere,103,5100,0.00430075706765241
genetic_algorithm,sphere,103,5200,0.004260439913998699
genetic_algorithm,sphere,103,5300,0.0032225015190507473
genetic_algorithm,sphere,103,5400,0.003216085973637173
genetic_algorithm,sphere,103,5500,0.0032100403707895422
genetic_algorithm,sphere,103,5600,0.002753986985274985
genetic_algorithm,sphere,103,5700,0.0025779504263187397
genetic_algorithm,sphere,103,5800,0.0025779504263187397
genetic_algorithm,sphere,103,5900,0.0025241499982464194
genetic_algorithm,sphere,103,6000,0.002464737145881728
genetic_algorithm,sphere,103,6100,0.002253950471014939
genetic_algorithm,sphere,103,6200,0.0022077064970039174
genetic_algorithm,sphere,103,6300,0.0021550912461715927
genetic_algorithm,sphere,103,6400,0.002150999324145534
genetic_algorithm,sphere,103,6500,0.0020290904577093907
genetic_algorithm,sphere,103,6600,0.0019869753291256675
genetic_algorithm,sphere,103,6700,0.0019127825403020945
genetic_algorithm,sphere,103,6800,0.001899354336761175
genetic_algorithm,sphere,103,6900,0.0017677139899884295
genetic_algorithm,sphere,103,7000,0.0017321754445138822
genetic_algorithm,sphere,103,7100,0.0017302791036990235
genetic_algorithm,sphere,103,7200,0.0017195278735389217
genetic_algorithm,sphere,103,7300,0.001458776671939067
genetic_algorithm,sphere,103,7400,0.0014446811363198128
genetic_algorithm,sphere,103,7500,0.0008778974506421615
genetic_algorithm,sphere,103,7600,0.0008636103465699445
genetic_algorithm,sphere,103,7700,0.0008425869713890197
genetic_algorithm,sphere,103,7800,0.0008293752011509015
genetic_algorithm,sphere,103,7900,0.0008293752011509015
genetic_algorithm,sphere,103,8000,0.0008163790205633117
genetic_algorithm,sphere,103,8100,0.0008163790205633117
genetic_algorithm,sphere,103,8200,0.0008118107958676808
genetic_algorithm,sphere,103,8300,0.0006498282072435184
genetic_algorithm,sphere,103,8400,0.0006204037804852607
genetic_algorithm,sphere,103,8500,0.0006204037804852607
genetic_algorithm,sphere,103,8600,0.0006204037804852607
genetic_algorithm,sphere,103,8700,0.0006054057409496459
genetic_algorithm,sphere,103,8800,0.0006054057409496459
genetic_algorithm,sphere,103,8900,0.0006054057409496459
genetic_algorithm,sphere,103,9000,0.0005765582810692991
genetic_algorithm,sphere,103,9100,0.0005745330730649881
genetic_algorithm,sphere,103,9200,0.0005745330730649881
genetic_algorithm,sphere,103,9300,0.0005702118128297796
genetic_algorithm,sphere,103,9400,0.000563479551793027
genetic_algorithm,sphere,103,9500,0.0005149764082678685
genetic_algorithm,sphere,103,9600,0.0004791009140437686
genetic_algorithm,sphere,103,9700,0.0004791009140437686
genetic_algorithm,sphere,103,9800,0.00047790978513640174
genetic_algorithm,sphere,103,9900,0.0004705376938784244
genetic_algorithm,sphere,103,10000,0.0004001245185580521
genetic_algorithm,sphere,103,10100,0.0004001245185580521
genetic_algorithm,sphere,103,10200,0.00039435716399250395
genetic_algorithm,sphere,103,10300,0.0003937268963035662
genetic_algorithm,sphere,103,10400,0.0003937268963035662
genetic_algorithm,sphere,103,10500,0.00039366864689102107
genetic_algorithm,sphere,103,10600,0.00039366575555126355
genetic_algorithm,sphere,103,10700,0.00039361546976293547
genetic_algorithm,sphere,103,10800,0.0003894675764319234
genetic_algorithm,sphere,103,10900,0.0003894675764319234
genetic_algorithm,sphere,103,11000,0.0003894675764319234
genetic_algorithm,sphere,103,11100,0.00038045796458983694
genetic_algorithm,sphere,103,11200,0.0003762155528410129
genetic_algorithm,sphere,103,11300,0.0003762155528410129
genetic_algorithm,sphere,103,11400,0.0003660587237181992
genetic_algorithm,sphere,103,11500,0.0003533792233421667
genetic_algorithm,sphere,103,11600,0.00033753807500027776
genetic_algorithm,sphere,103,11700,0.00033747967553509787
genetic_algorithm,sphere,103,11800,0.0003338530037878162
genetic_algorithm,sphere,103,11900,0.00033180966641965565
genetic_algorithm,sphere,103,12000,4.964880683178796e-05
genetic_algorithm,sphere,103,12100,4.962026198156936e-05
genetic_algorithm,sphere,103,12200,4.962026198156936e-05
genetic_algorithm,sphere,103,12300,4.9418181290050605e-05
genetic_algorithm,sphere,103,12400,4.386593717357273e-05
genetic_algorithm,sphere,103,12500,4.360478353231108e-05
genetic_algorithm,sphere,103,12600,4.360478353231108e-05
genetic_algorithm,sphere,103,12700,4.360478353231108e-05
genetic_algorithm,sphere,103,12800,4.360478353231108e-05
genetic_algorithm,sphere,103,12900,4.360478353231108e-05
genetic_algorithm,sphere,103,13000,4.354915685415016e-05
genetic_algorithm,sphere,103,13100,3.806739863255088e-05
genetic_algorithm,sphere,103,13200,3.805866882747626e-05
genetic_algorithm,sphere,103,13300,3.805866882747626e-05
genetic_algorithm,sphere,103,13400,3.513070307495307e-05
genetic_algorithm,sphere,103,13500,3.513070307495307e-05
genetic_algorithm,sphere,103,13600,2.2613732584189223e-05
genetic_algorithm,sphere,103,13700,2.2613732584189223e-05
genetic_algorithm,sphere,103,13800,2.2508906347619276e-05
genetic_algorithm,sphere,103,13900,2.2293663067951275e-05
genetic_algorithm,sphere,103,14000,2.2293663067951275e-05
genetic_algorithm,sphere,103,14100,2.1919456321426942e-05
genetic_algorithm,sphere,103,14200,2.1918595215743635e-05
genetic_algorithm,sphere,103,14300,2.1918595215743635e-05
genetic_algorithm,sphere,103,14400,2.1918595215743635e-05
genetic_algorithm,sphere,103,14500,2.1917627490095393e-05
genetic_algorithm,sphere,103,14600,2.1777037188934256e-05
genetic_algorithm,sphere,103,14700,1.3751494965786865e-05
genetic_algorithm,sphere,103,14800,1.3751494965786865e-05
genetic_algorithm,sphere,103,14900,1.3751494965786865e-05
genetic_algorithm,sphere,103,15000,1.3751494965786865e-05
genetic_algorithm,sphere,103,15100,1.3743682173674371e-05
genetic_algorithm,sphere,103,15200,1.3743682173674371e-05
genetic_algorithm,sphere,103,15300,1.3743682173674371e-05
genetic_algorithm,sphere,103,15400,1.3740435759863271e-05
genetic_algorithm,sphere,103,15500,1.3740435759863271e-05
genetic_algorithm,sphere,103,15600,1.3740435759863271e-05
genetic_algorithm,sphere,103,15700,1.3501249082867264e-05
genetic_algorithm,sphere,103,15800,1.3431054053898441e-05
genetic_algorithm,sphere,103,15900,1.2722376820613959e-05
genetic_algorithm,sphere,103,16000,1.2633649346515573e-05
genetic_algorithm,sphere,103,16100,1.2633649346515573e-05
genetic_algorithm,sphere,103,16200,1.2633649346515573e-05
genetic_algorithm,sphere,103,16300,1.2633649346515573e-05
genetic_algorithm,sphere,103,16400,1.2633649346515573e-05
genetic_algorithm,sphere,103,16500,1.2633649346515573e-05
genetic_algorithm,sphere,103,16600,1.2596781885250456e-05
genetic_algorithm,sphere,103,16700,8.582193183595411e-06
genetic_algorithm,sphere,103,16800,8.517935623487713e-06
genetic_algorithm,sphere,103,16900,8.387567975401948e-06
genetic_algorithm,sphere,103,17000,8.292522840612267e-06
genetic_algorithm,sphere,103,17100,8.292522840612267e-06
genetic_algorithm,sphere,103,17200,8.292522840612267e-06
genetic_algorithm,sphere,103,17300,8.292522840612267e-06
genetic_algorithm,sphere,103,17400,8.289853958366344e-06
genetic_algorithm,sphere,103,17500,8.274138916789715e-06
genetic_algorithm,sphere,103,17600,8.273984918633945e-06
genetic_algorithm,sphere,103,17700,8.049132968798096e-06
genetic_algorithm,sphere,103,17800,8.049132968798096e-06
genetic_algorithm,sphere,103,17900,8.027175051046198e-06
genetic_algorithm,sphere,103,18000,7.950927708774572e-06
genetic_algorithm,sphere,103,18100,7.679074599774843e-06
genetic_algorithm,sphere,103,18200,7.679074599774843e-06
genetic_algorithm,sphere,103,18300,7.679074599774843e-06
genetic_algorithm,sphere,103,18400,7.679074599774843e-06
genetic_algorithm,sphere,103,18500,7.678912931760967e-06
genetic_algorithm,sphere,103,18600,7.678912931760965e-06
genetic_algorithm,sphere,103,18700,7.678912931760965e-06
genetic_algorithm,sphere,103,18800,7.497408628168585e-06
genetic_algorithm,sphere,103,18900,7.328094816604863e-06
genetic_algorithm,sphere,103,19000,7.302045333677017e-06
genetic_algorithm,sphere,103,19100,7.084024792400527e-06
genetic_algorithm,sphere,103,19200,7.002341303027377e-06
genetic_algorithm,sphere,103,19300,6.965774698312057e-06
genetic_algorithm,sphere,103,19400,6.84880699403077e-06
genetic_algorithm,sphere,103,19500,6.832170401702058e-06
genetic_algorithm,sphere,103,19600,6.72451562481391e-06
genetic_algorithm,sphere,103,19700,6.72451562481391e-06
genetic_algorithm,sphere,103,19800,6.063737487812056e-06
genetic_algorithm,sphere,103,19900,1.6622773042427825e-06
genetic_algorithm,sphere,103,20000,8.811388054833229e-07
genetic_algorithm,sphere,104,100,34.40316805988864
genetic_algorithm,sphere,104,200,29.318107997630307
genetic_algorithm,sphere,104,300,23.95108739955184
genetic_algorithm,sphere,104,400,20.286023275476907
genetic_algorithm,sphere,104,500,16.892801046745415
genetic_algorithm,sphere,104,600,11.287386358113157
genetic_algorithm,sphere,104,700,9.006123880324882
genetic_algorithm,sphere,104,800,4.614391885489213
genetic_algorithm,sphere,104,900,2.574850839513899
genetic_algorithm,sphere,104,1000,2.5727466261827705
genetic_algorithm,sphere,104,1100,1.635090837164072
genetic_algorithm,sphere,104,1200,1.2544176513484653
genetic_algorithm,sphere,104,1300,0.9483911078702038
genetic_algorithm,sphere,104,1400,0.5501307637674325
genetic_algorithm,sphere,104,1500,0.3939057619868925
genetic_algorithm,sphere,104,1600,0.25207526359836274
genetic_algorithm,sphere,104,1700,0.16403526627478626
genetic_algorithm,sphere,104,1800,0.16402374358842653
genetic_algorithm,sphere,104,1900,0.16398044294932118
genetic_algorithm,sphere,104,2000,0.1380587032986533
genetic_algorithm,sphere,104,2100,0.11858068235654112
genetic_algorithm,sphere,104,2200,0.09690489093918492
genetic_algorithm,sphere,104,2300,0.09631487476930112
genetic_algorithm,sphere,104,2400,0.07286517199681987
genetic_algorithm,sphere,104,2500,0.050689324281113224
genetic_algorithm,sphere,104,2600,0.049689359490690435
genetic_algorithm,sphere,104,2700,0.046153378154239144
genetic_algorithm,sphere,104,2800,0.03429474328782509
genetic_algorithm,sphere,104,2900,0.03336226279907121
genetic_algorithm,sphere,104,3000,0.021162726543451988
genetic_algorithm,sphere,104,3100,0.017166885319535665
genetic_algorithm,sphere,104,3200,0.012479892106829451
genetic_algorithm,sphere,104,3300,0.012447811118596698
genetic_algorithm,sphere,104,3400,0.012249999131879213
genetic_algorithm,sphere,104,3500,0.012249999131879213
genetic_algorithm,sphere,104,3600,0.01166652576549286
genetic_algorithm,sphere,104,3700,0.009824953815966707
genetic_algorithm,sphere,104,3800,0.009574183704414378
genetic_algorithm,sphere,104,3900,0.008773974862537502
genetic_algorithm,sphere,104,4000,0.00869224042802283
genetic_algorithm,sphere,104,4100,0.008304241728660455
genetic_algorithm,sphere,104,4200,0.008251628677717263
genetic_algorithm,sphere,104,4300,0.008251286084513108
genetic_algorithm,sphere,104,4400,0.007955738649908837
genetic_algorithm,sphere,104,4500,0.004486574969060178
genetic_algorithm,sphere,104,4600,0.004463957075650091
genetic_algorithm,sphere,104,4700,0.0022755761567517423
genetic_algorithm,sphere,104,4800,0.0022755761567517423
genetic_algorithm,sphere,104,4900,0.0022755761567517423
genetic_algorithm,sphere,104,5000,0.001759486461575709
genetic_algorithm,sphere,104,5100,0.001759486461575709
genetic_algorithm,sphere,104,5200,0.001759486461575709
genetic_algorithm,sphere,104,5300,0.0017491087063160465
genetic_algorithm,sphere,104,5400,0.0016902098522744028
genetic_algorithm,sphere,104,5500,0.0016719381467510102
genetic_algorithm,sphere,104,5600,0.0015690321835033325
genetic_algorithm,sphere,104,5700,0.001333228641504458
genetic_algorithm,sphere,104,5800,0.0012221395799152364
genetic_algorithm,sphere,104,5900,0.0011252758771232
genetic_algorithm,sphere,104,6000,0.0007814052945817133
genetic_algorithm,sphere,104,6100,0.0007605667465580134
genetic_algorithm,sphere,104,6200,0.0007601793103684424
genetic_algorithm,sphere,104,6300,0.0007542519409771318
genetic_algorithm,sphere,104,6400,0.0006731462713102999
genetic_algorithm,sphere,104,6500,0.0004988840548314564
genetic_algorithm,sphere,104,6600,0.00045639496286224284
genetic_algorithm,sphere,104,6700,0.00045635493307915665
genetic_algorithm,sphere,104,6800,0.0004492075141928963
genetic_algorithm,sphere,104,6900,0.00032966433904177753
genetic_algorithm,sphere,104,7000,0.00032966433904177753
genetic_algorithm,sphere,104,7100,0.0003290001519154939
genetic_algorithm,sphere,104,7200,0.0003009035195947275
genetic_algorithm,sphere,104,7300,0.0002847433739489823
genetic_algorithm,sphere,104,7400,0.00028470156755085776
genetic_algorithm,sphere,104,7500,0.00028118928298681665
genetic_algorithm,sphere,104,7600,0.00028118928298681665
genetic_algorithm,sphere,104,7700,0.00019839915653856695
genetic_algorithm,sphere,104,7800,0.0001889768650810007
genetic_algorithm,sphere,104,7900,0.0001853233739689397
genetic_algorithm,sphere,104,8000,0.00017477547618747178
genetic_algorithm,sphere,104,8100,0.00017472319881948684
genetic_algorithm,sphere,104,8200,0.00011902714138577316
genetic_algorithm,sphere,104,8300,0.00011902714138577316
genetic_algorithm,sphere,104,8400,9.781055259056154e-05
genetic_algorithm,sphere,104,8500,9.626789003403258e-05
genetic_algorithm,sphere,104,8600,9.593379765649534e-05
genetic_algorithm,sphere,104,8700,9.593379765649534e-05
genetic_algorithm,sphere,104,8800,9.593379765649534e-05
genetic_algorithm,sphere,104,8900,9.593379765649534e-05
genetic_algorithm,sphere,104,9000,9.593379765649534e-05
genetic_algorithm,sphere,104,9100,9.593379765649534e-05
genetic_algorithm,sphere,104,9200,8.07091141828119e-05
genetic_algorithm,sphere,104,9300,7.935490183374157e-05
genetic_algorithm,sphere,104,9400,7.935490183374157e-05
genetic_algorithm,sphere,104,9500,7.935490183374157e-05
genetic_algorithm,sphere,104,9600,7.86367296089947e-05
genetic_algorithm,sphere,104,9700,7.850438333599024e-05
genetic_algorithm,sphere,104,9800,7.519596508562748e-05
genetic_algorithm,sphere,104,9900,7.514839798831367e-05
genetic_algorithm,sphere,104,10000,7.514839798831367e-05
genetic_algorithm,sphere,104,10100,7.420168369558696e-05
genetic_algorithm,sphere,104,10200,6.90495453740031e-05
genetic_algorithm,sphere,104,10300,6.60865303696044e-05
genetic_algorithm,sphere,104,10400,5.8893090500902033e-05
genetic_algorithm,sphere,104,10500,5.88752223183893e-05
genetic_algorithm,sphere,104,10600,5.886672645653363e-05
genetic_algorithm,sphere,104,10700,5.880989005018981e-05
genetic_algorithm,sphere,104,10800,5.775999051358133e-05
genetic_algorithm,sphere,104,10900,5.7759990513581326e-05
genetic_algorithm,sphere,104,11000,5.7706733538572514e-05
genetic_algorithm,sphere,104,11100,5.465657751044788e-05
genetic_algorithm,sphere,104,11200,5.420636171886852e-05
genetic_algorithm,sphere,104,11300,5.389713584796668e-05
genetic_algorithm,sphere,104,11400,5.389713584796668e-05
genetic_algorithm,sphere,104,11500,5.34227590936512e-05
genetic_algorithm,sphere,104,11600,5.335483932109335e-05
genetic_algorithm,sphere,104,11700,5.3179538546018206e-05
genetic_algorithm,sphere,104,11800,5.317369204555099e-05
genetic_algorithm,sphere,104,11900,5.3130503735827046e-05
genetic_algorithm,sphere,104,12000,5.3130503735827046e-05
genetic_algorithm,sphere,104,12100,4.851002729124183e-05
genetic_algorithm,sphere,104,12200,4.8506946074897066e-05
genetic_algorithm,sphere,104,12300,4.849312523668257e-05
genetic_algorithm,sphere,104,12400,4.849312523668257e-05
genetic_algorithm,sphere,104,12500,4.8489032683227363e-05
genetic_algorithm,sphere,104,12600,4.7817917214185286e-05
genetic_algorithm,sphere,104,12700,4.775568513373194e-05
genetic_algorithm,sphere,104,12800,4.775568513373194e-05
genetic_algorithm,sphere,104,12900,4.7752416391999676e-05
genetic_algorithm,sphere,104,13000,4.7512418362113854e-05
genetic_algorithm,sphere,104,13100,4.67762966610259e-05
genetic_algorithm,sphere,104,13200,1.7968680154358407e-05
genetic_algorithm,sphere,104,13300,1.4814264873500184e-05
genetic_algorithm,sphere,104,13400,1.4814264873500184e-05
genetic_algorithm,sphere,104,13500,1.4284924600665588e-05
genetic_algorithm,sphere,104,13600,1.4284924600665588e-05
genetic_algorithm,sphere,104,13700,1.4031081771443929e-05
genetic_algorithm,sphere,104,13800,1.3717483456047256e-05
genetic_algorithm,sphere,104,13900,1.3159732610254641e-05
genetic_algorithm,sphere,104,14000,1.3080089265153746e-05
genetic_algorithm,sphere,104,14100,1.1541842362397082e-05
genetic_algorithm,sphere,104,14200,1.1541842362397082e-05
genetic_algorithm,sphere,104,14300,1.1541188627464453e-05
genetic_algorithm,sphere,104,14400,1.1391249291633812e-05
genetic_algorithm,sphere,104,14500,1.1391249291633812e-05
genetic_algorithm,sphere,104,14600,1.0633132733438086e-05
genetic_algorithm,sphere,104,14700,8.646959649886129e-06
genetic_algorithm,sphere,104,14800,8.646959649886129e-06
genetic_algorithm,sphere,104,14900,8.646959649886129e-06
genetic_algorithm,sphere,104,15000,8.646959649886129e-06
genetic_algorithm,sphere,104,15100,8.646257677511047e-06
genetic_algorithm,sphere,104,15200,8.579028473769006e-06
genetic_algorithm,sphere,104,15300,8.579028473769006e-06
genetic_algorithm,sphere,104,15400,8.31746625576481e-06
genetic_algorithm,sphere,104,15500,8.31746625576481e-06
genetic_algorithm,sphere,104,15600,8.31746625576481e-06
genetic_algorithm,sphere,104,15700,7.30705436009568e-06
genetic_algorithm,sphere,104,15800,7.30705436009568e-06
genetic_algorithm,sphere,104,15900,7.30705436009568e-06
genetic_algorithm,sphere,104,16000,7.140215378133862e-06
genetic_algorithm,sphere,104,16100,7.053838237962451e-06
genetic_algorithm,sphere,104,16200,7.053838237962451e-06
genetic_algorithm,sphere,104,16300,7.053838237962451e-06
genetic_algorithm,sphere,104,16400,7.051632039203218e-06
genetic_algorithm,sphere,104,16500,7.0516098341429676e-06
genetic_algorithm,sphere,104,16600,7.0516098341429676e-06
genetic_algorithm,sphere,104,16700,7.0516098341429676e-06
genetic_algorithm,sphere,104,16800,7.0516098341429676e-06
genetic_algorithm,sphere,104,16900,6.9590704128537895e-06
genetic_algorithm,sphere,104,17000,6.819504194493446e-06
genetic_algorithm,sphere,104,17100,6.563238701041585e-06
genetic_algorithm,sphere,104,17200,6.562563214765368e-06
genetic_algorithm,sphere,104,17300,6.562563214765368e-06
genetic_algorithm,sphere,104,17400,6.562563214765368e-06
genetic_algorithm,sphere,104,17500,6.562563214765368e-06
genetic_algorithm,sphere,104,17600,6.557646372020497e-06
genetic_algorithm,sphere,104,17700,6.557646372020497e-06
genetic_algorithm,sphere,104,17800,6.551509252148415e-06
genetic_algorithm,sphere,104,17900,6.551509252148415e-06
genetic_algorithm,sphere,104,18000,4.1988545482858844e-07
genetic_algorithm,sphere,104,18100,4.1988545482858844e-07
genetic_algorithm,sphere,104,18200,4.1988545482858844e-07
genetic_algorithm,sphere,104,18300,4.1988545482858844e-07
genetic_algorithm,sphere,104,18400,4.1988545482858844e-07
genetic_algorithm,sphere,104,18500,4.1988545482858844e-07
genetic_algorithm,sphere,104,18600,4.1988545482858844e-07
genetic_algorithm,sphere,104,18700,4.1988545482858844e-07
genetic_algorithm,sphere,104,18800,4.1988545482858844e-07
genetic_algorithm,sphere,104,18900,3.9959042991270067e-07
genetic_algorithm,sphere,104,19000,3.9726761153813467e-07
genetic_algorithm,sphere,104,19100,3.9726761153813467e-07
genetic_algorithm,sphere,104,19200,3.9726761153813467e-07
genetic_algorithm,sphere,104,19300,3.9726761153813467e-07
genetic_algorithm,sphere,104,19400,3.9726761153813467e-07
genetic_algorithm,sphere,104,19500,3.9722501136048904e-07
genetic_algorithm,sphere,104,19600,3.9722501136048904e-07
genetic_algorithm,sphere,104,19700,3.9722501136048904e-07
genetic_algorithm,sphere,104,19800,3.8088409912876537e-07
genetic_algorithm,sphere,104,19900,2.385445489619596e-07
genetic_algorithm,sphere,104,20000,2.0047835650462906e-07
genetic_algorithm,sphere,105,100,25.415794175932877
genetic_algorithm,sphere,105,200,22.684162364815215
genetic_algorithm,sphere,105,300,17.28858554375699
genetic_algorithm,sphere,105,400,14.128147536706702
genetic_algorithm,sphere,105,500,12.237661806954112
genetic_algorithm,sphere,105,600,8.623884823434377
genetic_algorithm,sphere,105,700,7.074241891820127
genetic_algorithm,sphere,105,800,5.274186815050203
genetic_algorithm,sphere,105,900,3.50625124970783
genetic_algorithm,sphere,105,1000,3.0435481762191974
genetic_algorithm,sphere,105,1100,2.494266684921341
genetic_algorithm,sphere,105,1200,1.979762658326283
genetic_algorithm,sphere,105,1300,1.5260189938694735
genetic_algorithm,sphere,105,1400,1.2809705354901566
genetic_algorithm,sphere,105,1500,0.7055810831825077
genetic_algorithm,sphere,105,1600,0.6989558811684605
genetic_algorithm,sphere,105,1700,0.442266139599636
genetic_algorithm,sphere,105,1800,0.35563648894923416
genetic_algorithm,sphere,105,1900,0.23482197954024675
genetic_algorithm,sphere,105,2000,0.23149194891946287
genetic_algorithm,sphere,105,2100,0.16381608334365505
genetic_algorithm,sphere,105,2200,0.16378640286412907
genetic_algorithm,sphere,105,2300,0.08069369242649468
genetic_algorithm,sphere,105,2400,0.0506470290467996
genetic_algorithm,sphere,105,2500,0.050406931115328596
genetic_algorithm,sphere,105,2600,0.05023080919035315
genetic_algorithm,sphere,105,2700,0.029469861300203622
genetic_algorithm,sphere,105,2800,0.0293231044951546
genetic_algorithm,sphere,105,2900,0.029185671001683684
genetic_algorithm,sphere,105,3000,0.01160938578071202
genetic_algorithm,sphere,105,3100,0.004308878302043735
genetic_algorithm,sphere,105,3200,0.004308878302043735
genetic_algorithm,sphere,105,3300,0.004306082514720113
genetic_algorithm,sphere,105,3400,0.003491397050294555
genetic_algorithm,sphere,105,3500,0.003386887532257402
genetic_algorithm,sphere,105,3600,0.003082311245143063
genetic_algorithm,sphere,105,3700,0.003082311245143063
genetic_algorithm,sphere,105,3800,0.0030812427980218054
genetic_algorithm,sphere,105,3900,0.0030812427980218054
genetic_algorithm,sphere,105,4000,0.0030812427980218054
genetic_algorithm,sphere,105,4100,0.0028567085562190677
genetic_algorithm,sphere,105,4200,0.0028449223229303562
genetic_algorithm,sphere,105,4300,0.0021227797798390813
genetic_algorithm,sphere,105,4400,0.001526682530314421
genetic_algorithm,sphere,105,4500,0.0015234233581963533
genetic_algorithm,sphere,105,4600,0.0015234233581963533
genetic_algorithm,sphere,105,4700,0.0015234233581963533
genetic_algorithm,sphere,105,4800,0.0015148962222779419
genetic_algorithm,sphere,105,4900,0.0008128254674602483
genetic_algorithm,sphere,105,5000,0.0008128254674602483
genetic_algorithm,sphere,105,5100,0.0008128254674602483
genetic_algorithm,sphere,105,5200,0.0008128254674602483
genetic_algorithm,sphere,105,5300,0.0005446305626531536
genetic_algorithm,sphere,105,5400,0.0005446305626531536
genetic_algorithm,sphere,105,5500,0.0005446305626531536
genetic_algorithm,sphere,105,5600,0.0005446305626531536
genetic_algorithm,sphere,105,5700,0.0005361384754457225
genetic_algorithm,sphere,105,5800,0.0005361384754457225
genetic_algorithm,sphere,105,5900,0.00044760324961146743
genetic_algorithm,sphere,105,6000,0.00044361306097505447
genetic_algorithm,sphere,105,6100,0.0004417770073643397
genetic_algorithm,sphere,105,6200,0.000319070457507193
genetic_algorithm,sphere,105,6300,0.00030582051373011736
genetic_algorithm,sphere,105,6400,0.00022689159783644512
genetic_algorithm,sphere,105,6500,0.00022622692927816874
genetic_algorithm,sphere,105,6600,0.0002217437383222462
genetic_algorithm,sphere,105,6700,0.0002217437383222462
genetic_algorithm,sphere,105,6800,0.00020816850196606312
genetic_algorithm,sphere,105,6900,0.00020816850196606312
genetic_algorithm,sphere,105,7000,0.00020816850196606312
genetic_algorithm,sphere,105,7100,0.0002076841456939648
genetic_algorithm,sphere,105,7200,0.00020744712996581508
genetic_algorithm,sphere,105,7300,0.00020744712996581508
genetic_algorithm,sphere,105,7400,0.00020600331781610653
genetic_algorithm,sphere,105,7500,0.0002056524484163937
genetic_algorithm,sphere,105,7600,0.00019658758123705032
genetic_algorithm,sphere,105,7700,0.0001931982278577818
genetic_algorithm,sphere,105,7800,0.0001841910422597171
genetic_algorithm,sphere,105,7900,0.0001841910422597171
genetic_algorithm,sphere,105,8000,0.0001841910422597171
genetic_algorithm,sphere,105,8100,0.0001841910422597171
genetic_algorithm,sphere,105,8200,0.0001841910422597171
genetic_algorithm,sphere,105,8300,0.00017989910733330768
genetic_algorithm,sphere,105,8400,0.0001798504405130393
genetic_algorithm,sphere,105,8500,0.00016538881439678542
genetic_algorithm,sphere,105,8600,0.00016530955029083876
genetic_algorithm,sphere,105,8700,0.00016395620354007215
genetic_algorithm,sphere,105,8800,0.00016392402183591624
genetic_algorithm,sphere,105,8900,0.000159547231406425
genetic_algorithm,sphere,105,9000,0.000159547231406425
genetic_algorithm,sphere,105,9100,0.00015067364575313397
genetic_algorithm,sphere,105,9200,0.0001356130473320766
genetic_algorithm,sphere,105,9300,0.00013560358712656577
genetic_algorithm,sphere,105,9400,0.0001354797585445761
genetic_algorithm,sphere,105,9500,0.0001354797585445761
genetic_algorithm,sphere,105,9600,0.0001354797585445761
genetic_algorithm,sphere,105,9700,0.00013179755369196057
genetic_algorithm,sphere,105,9800,0.00012238181912902803
genetic_algorithm,sphere,105,9900,0.00011914037869874833
genetic_algorithm,sphere,105,10000,0.00011914037869874833
genetic_algorithm,sphere,105,10100,0.00011914037869874833
genetic_algorithm,sphere,105,10200,0.00011900138837662124
genetic_algorithm,sphere,105,10300,0.00010949603258510967
genetic_algorithm,sphere,105,10400,0.00010949603258510967
genetic_algorithm,sphere,105,10500,0.00010521224622881588
genetic_algorithm,sphere,105,10600,0.00010521224622881588
genetic_algorithm,sphere,105,10700,0.00010521224622881588
genetic_algorithm,sphere,105,10800,9.587050224739076e-05
genetic_algorithm,sphere,105,10900,9.554478809785602e-05
genetic_algorithm,sphere,105,11000,9.433843821515067e-05
genetic_algorithm,sphere,105,11100,9.407386663105277e-05
genetic_algorithm,sphere,105,11200,9.394525470653209e-05
genetic_algorithm,sphere,105,11300,9.394525470653209e-05
genetic_algorithm,sphere,105,11400,9.387874753653434e-05
genetic_algorithm,sphere,105,11500,9.324988434636865e-05
genetic_algorithm,sphere,105,11600,9.324988434636865e-05
genetic_algorithm,sphere,105,11700,9.314266954005176e-05
genetic_algorithm,sphere,105,11800,9.314266954005176e-05
genetic_algorithm,sphere,105,11900,4.984493333179736e-05
genetic_algorithm,sphere,105,12000,4.97089677323653e-05
genetic_algorithm,sphere,105,12100,1.55240818766163e-05
genetic_algorithm,sphere,105,12200,1.5060139978017135e-05
genetic_algorithm,sphere,105,12300,1.2153214416175462e-05
genetic_algorithm,sphere,105,12400,1.2111294740453133e-05
genetic_algorithm,sphere,105,12500,1.192177651439604e-05
genetic_algorithm,sphere,105,12600,1.1357278719686951e-05
genetic_algorithm,sphere,105,12700,1.0158574441463486e-05
genetic_algorithm,sphere,105,12800,1.0158574441463486e-05
genetic_algorithm,sphere,105,12900,1.0158574441463486e-05
genetic_algorithm,sphere,105,13000,9.846656127908412e-06
genetic_algorithm,sphere,105,13100,9.663636808903117e-06
genetic_algorithm,sphere,105,13200,9.663636808903117e-06
genetic_algorithm,sphere,105,13300,9.663636808903117e-06
genetic_algorithm,sphere,105,13400,9.663636808903117e-06
genetic_algorithm,sphere,105,13500,9.120519023925754e-06
genetic_algorithm,sphere,105,13600,8.72673434307636e-06
genetic_algorithm,sphere,105,13700,8.72673434307636e-06
genetic_algorithm,sphere,105,13800,8.72673434307636e-06
genetic_algorithm,sphere,105,13900,8.72673434307636e-06
genetic_algorithm,sphere,105,14000,8.72673434307636e-06
genetic_algorithm,sphere,105,14100,8.71630215765078e-06
genetic_algorithm,sphere,105,14200,8.690509853975936e-06
genetic_algorithm,sphere,105,14300,8.57432031747187e-06
genetic_algorithm,sphere,105,14400,8.558813176431892e-06
genetic_algorithm,sphere,105,14500,4.145398403372023e-06
genetic_algorithm,sphere,105,14600,4.145398403372023e-06
genetic_algorithm,sphere,105,14700,4.071826315102541e-06
genetic_algorithm,sphere,105,14800,4.071826315102541e-06
genetic_algorithm,sphere,105,14900,3.729295613655738e-06
genetic_algorithm,sphere,105,15000,3.708271788395396e-06
genetic_algorithm,sphere,105,15100,3.708271788395396e-06
genetic_algorithm,sphere,105,15200,3.708271788395396e-06
genetic_algorithm,sphere,105,15300,3.3971365818736743e-06
genetic_algorithm,sphere,105,15400,3.2296008198675664e-06
genetic_algorithm,sphere,105,15500,3.2296008198675664e-06
genetic_algorithm,sphere,105,15600,3.2296008198675664e-06
genetic_algorithm,sphere,105,15700,3.2296008198675664e-06
genetic_algorithm,sphere,105,15800,3.2296008198675664e-06
genetic_algorithm,sphere,105,15900,3.2296008198675664e-06
genetic_algorithm,sphere,105,16000,3.2296008198675664e-06
genetic_algorithm,sphere,105,16100,3.229600819867566e-06
genetic_algorithm,sphere,105,16200,2.844936137233752e-06
genetic_algorithm,sphere,105,16300,2.844936137233752e-06
genetic_algorithm,sphere,105,16400,2.3149296976243485e-06
genetic_algorithm,sphere,105,16500,2.269699096911811e-06
genetic_algorithm,sphere,105,16600,2.269699096911811e-06
genetic_algorithm,sphere,105,16700,2.212824002571896e-06
genetic_algorithm,sphere,105,16800,2.2121286013351483e-06
genetic_algorithm,sphere,105,16900,2.2121286013351483e-06
genetic_algorithm,sphere,105,17000,2.2086318808186704e-06
genetic_algorithm,sphere,105,17100,2.2086318808186704e-06
genetic_algorithm,sphere,105,17200,2.2086318808186704e-06
genetic_algorithm,sphere,105,17300,6.733595932474645e-07
genetic_algorithm,sphere,105,17400,6.733595932474645e-07
genetic_algorithm,sphere,105,17500,6.609284320247326e-07
genetic_algorithm,sphere,105,17600,6.313678815286945e-07
genetic_algorithm,sphere,105,17700,4.718674322024666e-07
genetic_algorithm,sphere,105,17800,4.718674322024666e-07
genetic_algorithm,sphere,105,17900,3.33503088995374e-07
genetic_algorithm,sphere,105,18000,3.33503088995374e-07
genetic_algorithm,sphere,105,18100,3.33503088995374e-07
genetic_algorithm,sphere,105,18200,3.33503088995374e-07
genetic_algorithm,sphere,105,18300,3.33503088995374e-07
genetic_algorithm,sphere,105,18400,3.235181528812541e-07
genetic_algorithm,sphere,105,18500,3.2346243356208614e-07
genetic_algorithm,sphere,105,18600,3.183050573801378e-07
genetic_algorithm,sphere,105,18700,3.183050573801378e-07
genetic_algorithm,sphere,105,18800,3.034217400524549e-07
genetic_algorithm,sphere,105,18900,3.034217400524549e-07
genetic_algorithm,sphere,105,19000,3.034217400524549e-07
genetic_algorithm,sphere,105,19100,3.034217400524549e-07
genetic_algorithm,sphere,105,19200,3.034217400524549e-07
genetic_algorithm,sphere,105,19300,3.0311667864458593e-07
genetic_algorithm,sphere,105,19400,3.0311667864458593e-07
genetic_algorithm,sphere,105,19500,3.0311667864458593e-07
genetic_algorithm,sphere,105,19600,3.0311667864458593e-07
genetic_algorithm,sphere,105,19700,2.874834640093777e-07
genetic_algorithm,sphere,105,19800,2.802460413090831e-07
genetic_algorithm,sphere,105,19900,2.795986177669118e-07
genetic_algorithm,sphere,105,20000,2.7851785906852285e-07
genetic_algorithm,sphere,106,100,42.08542273992137
genetic_algorithm,sphere,106,200,36.570750673709746
genetic_algorithm,sphere,106,300,32.107700471294564
genetic_algorithm,sphere,106,400,24.10273151752992
genetic_algorithm,sphere,106,500,19.3873062440948
genetic_algorithm,sphere,106,600,17.896406584135285
genetic_algorithm,sphere,106,700,14.847622197879435
genetic_algorithm,sphere,106,800,8.99447291590302
genetic_algorithm,sphere,106,900,7.331008642909106
genetic_algorithm,sphere,106,1000,5.91837319483638
genetic_algorithm,sphere,106,1100,3.815637679351385
genetic_algorithm,sphere,106,1200,3.1518782036472563
genetic_algorithm,sphere,106,1300,2.776105453243852
genetic_algorithm,sphere,106,1400,1.0152333843791739
genetic_algorithm,sphere,106,1500,0.5617066486590504
genetic_algorithm,sphere,106,1600,0.5319489953968265
genetic_algorithm,sphere,106,1700,0.37458028906765845
genetic_algorithm,sphere,106,1800,0.340801325411236
genetic_algorithm,sphere,106,1900,0.18203706228099062
genetic_algorithm,sphere,106,2000,0.15529537450137523
genetic_algorithm,sphere,106,2100,0.12761711947385346
genetic_algorithm,sphere,106,2200,0.10365853875324933
genetic_algorithm,sphere,106,2300,0.10283385875591539
genetic_algorithm,sphere,106,2400,0.08043572313195019
genetic_algorithm,sphere,106,2500,0.07488154860468971
genetic_algorithm,sphere,106,2600,0.06349997764150701
genetic_algorithm,sphere,106,2700,0.056730234922906166
genetic_algorithm,sphere,106,2800,0.044056087825678734
genetic_algorithm,sphere,106,2900,0.04374934385624873
genetic_algorithm,sphere,106,3000,0.03241922636889768
genetic_algorithm,sphere,106,3100,0.03241922636889768
genetic_algorithm,sphere,106,3200,0.03060838074839833
genetic_algorithm,sphere,106,3300,0.030070866742109244
genetic_algorithm,sphere,106,3400,0.03005686744883252
genetic_algorithm,sphere,106,3500,0.028049114505021226
genetic_algorithm,sphere,106,3600,0.023775325143880574
genetic_algorithm,sphere,106,3700,0.023561950301287563
genetic_algorithm,sphere,106,3800,0.02009091398377998
genetic_algorithm,sphere,106,3900,0.01985336452616717
genetic_algorithm,sphere,106,4000,0.017803963101095485
genetic_algorithm,sphere,106,4100,0.017803963101095485
genetic_algorithm,sphere,106,4200,0.00731465883172859
genetic_algorithm,sphere,106,4300,0.006317813644469886
genetic_algorithm,sphere,106,4400,0.005156345802547737
genetic_algorithm,sphere,106,4500,0.004969716854526611
genetic_algorithm,sphere,106,4600,0.004899072062370646
genetic_algorithm,sphere,106,4700,0.0034669705623823852
genetic_algorithm,sphere,106,4800,0.0032506920660517065
genetic_algorithm,sphere,106,4900,0.0016116127208537219
genetic_algorithm,sphere,106,5000,0.0013744620173466928
genetic_algorithm,sphere,106,5100,0.0012668219773352425
genetic_algorithm,sphere,106,5200,0.0012238064720669942
genetic_algorithm,sphere,106,5300,0.0010629756366697916
genetic_algorithm,sphere,106,5400,0.0010629756366697916
genetic_algorithm,sphere,106,5500,0.001061560283483563
genetic_algorithm,sphere,106,5600,0.0010602079403049408
genetic_algorithm,sphere,106,5700,0.000928797968297949
genetic_algorithm,sphere,106,5800,0.0008761641570375299
genetic_algorithm,sphere,106,5900,0.0008761641570375299
genetic_algorithm,sphere,106,6000,0.0008761632923007107
genetic_algorithm,sphere,106,6100,0.0008707573175756641
genetic_algorithm,sphere,106,6200,0.0008707571972629853
genetic_algorithm,sphere,106,6300,0.000869795483935036
genetic_algorithm,sphere,106,6400,0.0008686506694819901
genetic_algorithm,sphere,106,6500,0.0008686506694819901
genetic_algorithm,sphere,106,6600,0.0007205923133577163
genetic_algorithm,sphere,106,6700,0.0005141171460773649
genetic_algorithm,sphere,106,6800,0.00048224992157586675
genetic_algorithm,sphere,106,6900,0.0004368917853483995
genetic_algorithm,sphere,106,7000,0.00042170276900674195
genetic_algorithm,sphere,106,7100,0.0004217017148098142
genetic_algorithm,sphere,106,7200,0.00041765440039857887
genetic_algorithm,sphere,106,7300,0.0003951710195876162
genetic_algorithm,sphere,106,7400,0.0003951449952074038
genetic_algorithm,sphere,106,7500,0.0003951449952074038
genetic_algorithm,sphere,106,7600,0.0003951449952074038
genetic_algorithm,sphere,106,7700,0.00036189301512205396
genetic_algorithm,sphere,106,7800,0.00034809933883795145
genetic_algorithm,sphere,106,7900,0.00034809933883795145
genetic_algorithm,sphere,106,8000,0.00034809933883795145
genetic_algorithm,sphere,106,8100,0.0003480762589210719
genetic_algorithm,sphere,106,8200,0.00033598766581688464
genetic_algorithm,sphere,106,8300,0.00033598766581688464
genetic_algorithm,sphere,106,8400,0.0003357992673786221
genetic_algorithm,sphere,106,8500,0.00033134957280574884
genetic_algorithm,sphere,106,8600,0.00018722039918700668
genetic_algorithm,sphere,106,8700,0.00018718698573999144
genetic_algorithm,sphere,106,8800,0.00018718441044360964
genetic_algorithm,sphere,106,8900,0.00018070928918658452
genetic_algorithm,sphere,106,9000,0.00018070928918658452
genetic_algorithm,sphere,106,9100,0.00017131711158804166
genetic_algorithm,sphere,106,9200,0.0001563173064674067
genetic_algorithm,sphere,106,9300,0.00015600714499138402
genetic_algorithm,sphere,106,9400,9.608360915203083e-05
genetic_algorithm,sphere,106,9500,8.932572791791635e-05
genetic_algorithm,sphere,106,9600,8.901903321045158e-05
genetic_algorithm,sphere,106,9700,7.436212195837606e-05
genetic_algorithm,sphere,106,9800,7.254570507358913e-05
genetic_algorithm,sphere,106,9900,7.018121462426154e-05
genetic_algorithm,sphere,106,10000,5.443211767029483e-05
genetic_algorithm,sphere,106,10100,5.106587741814108e-05
genetic_algorithm,sphere,106,10200,5.07597270334726e-05
genetic_algorithm,sphere,106,10300,5.044730588382126e-05
genetic_algorithm,sphere,106,10400,4.90783287642988e-05
genetic_algorithm,sphere,106,10500,4.90783287642988e-05
genetic_algorithm,sphere,106,10600,4.6519776684131594e-05
genetic_algorithm,sphere,106,10700,1.3887261223766172e-05
genetic_algorithm,sphere,106,10800,9.505664226021114e-06
genetic_algorithm,sphere,106,10900,8.397277546287367e-06
genetic_algorithm,sphere,106,11000,8.397277546287367e-06
genetic_algorithm,sphere,106,11100,8.397277546287367e-06
genetic_algorithm,sphere,106,11200,8.362593422545192e-06
genetic_algorithm,sphere,106,11300,8.362593422545192e-06
genetic_algorithm,sphere,106,11400,7.6148653423151754e-06
genetic_algorithm,sphere,106,11500,7.497918974196014e-06
genetic_algorithm,sphere,106,11600,7.496198106984285e-06
genetic_algorithm,sphere,106,11700,7.494604902789895e-06
genetic_algorithm,sphere,106,11800,7.494409267162826e-06
genetic_algorithm,sphere,106,11900,5.68261282047488e-06
genetic_algorithm,sphere,106,12000,5.68261282047488e-06
genetic_algorithm,sphere,106,12100,5.682397347991226e-06
genetic_algorithm,sphere,106,12200,5.682397347991226e-06
genetic_algorithm,sphere,106,12300,5.682397347991226e-06
genetic_algorithm,sphere,106,12400,5.3342405825807204e-06
genetic_algorithm,sphere,106,12500,5.217492579771369e-06
genetic_algorithm,sphere,106,12600,5.217492579771369e-06
genetic_algorithm,sphere,106,12700,5.217492579771369e-06
genetic_algorithm,sphere,106,12800,5.217492579771369e-06
genetic_algorithm,sphere,106,12900,5.217492579771369e-06
genetic_algorithm,sphere,106,13000,5.065727550873206e-06
genetic_algorithm,sphere,106,13100,5.008167947084209e-06
genetic_algorithm,sphere,106,13200,4.873611633662876e-06
genetic_algorithm,sphere,106,13300,4.873611633662876e-06
genetic_algorithm,sphere,106,13400,3.915493170648487e-06
genetic_algorithm,sphere,106,13500,3.6521974691515193e-06
genetic_algorithm,sphere,106,13600,3.6512807214286155e-06
genetic_algorithm,sphere,106,13700,3.6512807214286155e-06
genetic_algorithm,sphere,106,13800,3.6512807214286155e-06
genetic_algorithm,sphere,106,13900,3.56541954138466e-06
genetic_algorithm,sphere,106,14000,3.5504389459037245e-06
genetic_algorithm,sphere,106,14100,3.5504389459037245e-06
genetic_algorithm,sphere,106,14200,3.547452253172192e-06
genetic_algorithm,sphere,106,14300,3.5255418281862427e-06
genetic_algorithm,sphere,106,14400,3.4692140734496198e-06
genetic_algorithm,sphere,106,14500,3.457546895559846e-06
genetic_algorithm,sphere,106,14600,3.457546895559846e-06
genetic_algorithm,sphere,106,14700,3.43540968894236e-06
genetic_algorithm,sphere,106,14800,3.43540968894236e-06
genetic_algorithm,sphere,106,14900,3.1401281170811793e-06
genetic_algorithm,sphere,106,15000,2.51508830192774e-06
genetic_algorithm,sphere,106,15100,2.515087146139818e-06
genetic_algorithm,sphere,106,15200,2.5043708292683926e-06
genetic_algorithm,sphere,106,15300,2.5043708292683926e-06
genetic_algorithm,sphere,106,15400,2.479103517367641e-06
genetic_algorithm,sphere,106,15500,9.490937090422043e-07
genetic_algorithm,sphere,106,15600,7.56086043275548e-07
genetic_algorithm,sphere,106,15700,7.56086043275548e-07
genetic_algorithm,sphere,106,15800,6.249318513646942e-07
genetic_algorithm,sphere,106,15900,6.249318513646942e-07
genetic_algorithm,sphere,106,16000,6.249318513646942e-07
genetic_algorithm,sphere,106,16100,6.249318513646942e-07
genetic_algorithm,sphere,106,16200,6.249308581774377e-07
genetic_algorithm,sphere,106,16300,6.248899855026796e-07
genetic_algorithm,sphere,106,16400,6.248899855026796e-07
genetic_algorithm,sphere,106,16500,5.952652845605213e-07
genetic_algorithm,sphere,106,16600,5.862017617577173e-07
genetic_algorithm,sphere,106,16700,5.861960184440922e-07
genetic_algorithm,sphere,106,16800,5.861311350415324e-07
genetic_algorithm,sphere,106,16900,5.841709971747539e-07
genetic_algorithm,sphere,106,17000,5.795105384413903e-07
genetic_algorithm,sphere,106,17100,5.795038969837385e-07
genetic_algorithm,sphere,106,17200,5.518158714813797e-07
genetic_algorithm,sphere,106,17300,5.499416398740983e-07
genetic_algorithm,sphere,106,17400,5.49388944832677e-07
genetic_algorithm,sphere,106,17500,5.49388944832677e-07
genetic_algorithm,sphere,106,17600,5.49388944832677e-07
genetic_algorithm,sphere,106,17700,5.49388944832677e-07
genetic_algorithm,sphere,106,17800,5.49388944832677e-07
genetic_algorithm,sphere,106,17900,5.49388944832677e-07
genetic_algorithm,sphere,106,18000,5.49388944832677e-07
genetic_algorithm,sphere,106,18100,5.49388944832677e-07
genetic_algorithm,sphere,106,18200,5.12768547618755e-07
genetic_algorithm,sphere,106,18300,5.12768547618755e-07
genetic_algorithm,sphere,106,18400,5.12768547618755e-07
genetic_algorithm,sphere,106,18500,5.12768547618755e-07
genetic_algorithm,sphere,106,18600,5.12768547618755e-07
genetic_algorithm,sphere,106,18700,4.1356897186499146e-07
genetic_algorithm,sphere,106,18800,4.1356897186499146e-07
genetic_algorithm,sphere,106,18900,4.1356897186499146e-07
genetic_algorithm,sphere,106,19000,1.8510131104155168e-07
genetic_algorithm,sphere,106,19100,1.8510131104155168e-07
genetic_algorithm,sphere,106,19200,1.8510131104155168e-07
genetic_algorithm,sphere,106,19300,1.850834289685735e-07
genetic_algorithm,sphere,106,19400,1.0095235710958732e-07
genetic_algorithm,sphere,106,19500,9.95672663822435e-08
genetic_algorithm,sphere,106,19600,9.916535512231752e-08
genetic_algorithm,sphere,106,19700,9.916535512231752e-08
genetic_algorithm,sphere,106,19800,9.909521983146398e-08
genetic_algorithm,sphere,106,19900,9.909521983146398e-08
genetic_algorithm,sphere,106,20000,8.270007979125928e-08
genetic_algorithm,sphere,107,100,35.70338244431859
genetic_algorithm,sphere,107,200,25.756575003436005
genetic_algorithm,sphere,107,300,23.04082286200117
genetic_algorithm,sphere,107,400,19.750925902970664
genetic_algorithm,sphere,107,500,15.470105183204298
genetic_algorithm,sphere,107,600,13.215671122749066
genetic_algorithm,sphere,107,700,10.36141114437345
genetic_algorithm,sphere,107,800,8.821958339021748
genetic_algorithm,sphere,107,900,7.250853267873104
genetic_algorithm,sphere,107,1000,5.2799854842883125
genetic_algorithm,sphere,107,1100,4.277708926208478
genetic_algorithm,sphere,107,1200,3.137198597267583
genetic_algorithm,sphere,107,1300,2.431064436621996
genetic_algorithm,sphere,107,1400,1.6626402976074939
genetic_algorithm,sphere,107,1500,1.2219532473315962
genetic_algorithm,sphere,107,1600,0.7506556174225837
genetic_algorithm,sphere,107,1700,0.5239659038265844
genetic_algorithm,sphere,107,1800,0.48062666184069536
genetic_algorithm,sphere,107,1900,0.4521915338153327
genetic_algorithm,sphere,107,2000,0.307003660771206
genetic_algorithm,sphere,107,2100,0.30238072977071806
genetic_algorithm,sphere,107,2200,0.24532367143254594
genetic_algorithm,sphere,107,2300,0.15857061315005663
genetic_algorithm,sphere,107,2400,0.1504578577418778
genetic_algorithm,sphere,107,2500,0.1142891515085414
genetic_algorithm,sphere,107,2600,0.10273688445522619
genetic_algorithm,sphere,107,2700,0.0892392801493706
genetic_algorithm,sphere,107,2800,0.08779721598094031
genetic_algorithm,sphere,107,2900,0.07598927746743882
genetic_algorithm,sphere,107,3000,0.06801350921252643
genetic_algorithm,sphere,107,3100,0.06207936073351689
genetic_algorithm,sphere,107,3200,0.06201129209388043
genetic_algorithm,sphere,107,3300,0.03898493163425071
genetic_algorithm,sphere,107,3400,0.02730076854122546
genetic_algorithm,sphere,107,3500,0.026810814227120075
genetic_algorithm,sphere,107,3600,0.02118002736790866
genetic_algorithm,sphere,107,3700,0.00940565011101798
genetic_algorithm,sphere,107,3800,0.008025073322416471
genetic_algorithm,sphere,107,3900,0.008025073322416471
genetic_algorithm,sphere,107,4000,0.007798745308409741
genetic_algorithm,sphere,107,4100,0.007350068228277201
genetic_algorithm,sphere,107,4200,0.006779858133187873
genetic_algorithm,sphere,107,4300,0.004379965203607877
genetic_algorithm,sphere,107,4400,0.004346967596620798
genetic_algorithm,sphere,107,4500,0.004265978182380821
genetic_algorithm,sphere,107,4600,0.0042628541338276356
genetic_algorithm,sphere,107,4700,0.004190523620319272
genetic_algorithm,sphere,107,4800,0.004190523620319272
genetic_algorithm,sphere,107,4900,0.003451962733109041
genetic_algorithm,sphere,107,5000,0.0033133147552985537
genetic_algorithm,sphere,107,5100,0.0033119780211216345
genetic_algorithm,sphere,107,5200,0.0030394146025969604
genetic_algorithm,sphere,107,5300,0.0030394146025969604
genetic_algorithm,sphere,107,5400,0.0024896260965721396
genetic_algorithm,sphere,107,5500,0.001990330150368801
genetic_algorithm,sphere,107,5600,0.0017204114193821827
genetic_algorithm,sphere,107,5700,0.0016928784918588927
genetic_algorithm,sphere,107,5800,0.001518041832394893
genetic_algorithm,sphere,107,5900,0.001518041832394893
genetic_algorithm,sphere,107,6000,0.0013895980350555645
genetic_algorithm,sphere,107,6100,0.0013869907971726997
genetic_algorithm,sphere,107,6200,0.0013168009866798066
genetic_algorithm,sphere,107,6300,0.0011872537338091663
genetic_algorithm,sphere,107,6400,0.0011872279267386339
genetic_algorithm,sphere,107,6500,0.0011782165014896373
genetic_algorithm,sphere,107,6600,0.0011387209962889224
genetic_algorithm,sphere,107,6700,0.0011387209962889224
genetic_algorithm,sphere,107,6800,0.0009725270491686331
genetic_algorithm,sphere,107,6900,0.0009725270491686331
genetic_algorithm,sphere,107,7000,0.0009458339804733341
genetic_algorithm,sphere,107,7100,0.00085969940996685
genetic_algorithm,sphere,107,7200,0.0007252556846893601
genetic_algorithm,sphere,107,7300,0.0006841038633226591
genetic_algorithm,sphere,107,7400,0.0006508675101752294
genetic_algorithm,sphere,107,7500,0.0005727393168041006
genetic_algorithm,sphere,107,7600,0.0005724884638113786
genetic_algorithm,sphere,107,7700,0.0005663624791693374
genetic_algorithm,sphere,107,7800,0.0005627832519026208
genetic_algorithm,sphere,107,7900,0.0005627832519026208
genetic_algorithm,sphere,107,8000,0.0005627832519026208
genetic_algorithm,sphere,107,8100,0.0005627832519026208
genetic_algorithm,sphere,107,8200,0.0005627832519026208
genetic_algorithm,sphere,107,8300,0.0005626922277604551
genetic_algorithm,sphere,107,8400,0.0005615391614494443
genetic_algorithm,sphere,107,8500,0.0005615315860264433
genetic_algorithm,sphere,107,8600,0.0005615315860264433
genetic_algorithm,sphere,107,8700,0.00056153156242418
genetic_algorithm,sphere,107,8800,0.00056153156242418
genetic_algorithm,sphere,107,8900,0.0005480310245386395
genetic_algorithm,sphere,107,9000,0.00046151476285401043
genetic_algorithm,sphere,107,9100,0.0003371447584680922
genetic_algorithm,sphere,107,9200,0.0003371447584680922
genetic_algorithm,sphere,107,9300,0.0003165396016440397
genetic_algorithm,sphere,107,9400,0.00029376090159807225
genetic_algorithm,sphere,107,9500,0.0002762776647272441
genetic_algorithm,sphere,107,9600,0.0002212225275269581
genetic_algorithm,sphere,107,9700,0.0002212225275269581
genetic_algorithm,sphere,107,9800,0.00022064284825971343
genetic_algorithm,sphere,107,9900,0.00019131445426946524
genetic_algorithm,sphere,107,10000,0.00018704406920276364
genetic_algorithm,sphere,107,10100,0.000186925415256351
genetic_algorithm,sphere,107,10200,0.000186925415256351
genetic_algorithm,sphere,107,10300,0.000186925415256351
genetic_algorithm,sphere,107,10400,0.000186911943164945
genetic_algorithm,sphere,107,10500,0.00015658153978765772
genetic_algorithm,sphere,107,10600,0.00015652883053361865
genetic_algorithm,sphere,107,10700,0.0001558857781653444
genetic_algorithm,sphere,107,10800,0.0001546346226403339
genetic_algorithm,sphere,107,10900,0.0001416388220672658
genetic_algorithm,sphere,107,11000,0.00011479256705950937
genetic_algorithm,sphere,107,11100,0.00011479256705950937
genetic_algorithm,sphere,107,11200,4.569444558821075e-05
genetic_algorithm,sphere,107,11300,4.569444558821075e-05
genetic_algorithm,sphere,107,11400,3.911155226936975e-05
genetic_algorithm,sphere,107,11500,3.0081024047974866e-05
genetic_algorithm,sphere,107,11600,2.7052969221286224e-05
genetic_algorithm,sphere,107,11700,2.246867532080126e-05
genetic_algorithm,sphere,107,11800,2.246867532080126e-05
genetic_algorithm,sphere,107,11900,2.2337573104490144e-05
genetic_algorithm,sphere,107,12000,1.9229672115080908e-05
genetic_algorithm,sphere,107,12100,1.919740254477668e-05
genetic_algorithm,sphere,107,12200,1.896313974242903e-05
genetic_algorithm,sphere,107,12300,1.8963139742429028e-05
genetic_algorithm,sphere,107,12400,1.8963139742429028e-05
genetic_algorithm,sphere,107,12500,1.7711526932787423e-05
genetic_algorithm,sphere,107,12600,1.746115231752602e-05
genetic_algorithm,sphere,107,12700,1.7448154451954257e-05
genetic_algorithm,sphere,107,12800,1.7388643463601402e-05
genetic_algorithm,sphere,107,12900,1.7388643463601402e-05
genetic_algorithm,sphere,107,13000,1.7388643463601402e-05
genetic_algorithm,sphere,107,13100,1.376008390787026e-05
genetic_algorithm,sphere,107,13200,1.376008390787026e-05
genetic_algorithm,sphere,107,13300,1.376008390787026e-05
genetic_algorithm,sphere,107,13400,1.3312275020170475e-05
genetic_algorithm,sphere,107,13500,1.3017538175371047e-05
genetic_algorithm,sphere,107,13600,1.3017538175371047e-05
genetic_algorithm,sphere,107,13700,1.239198931627756e-05
genetic_algorithm,sphere,107,13800,1.239198931627756e-05
genetic_algorithm,sphere,107,13900,1.239198931627756e-05
genetic_algorithm,sphere,107,14000,1.2384343242284707e-05
genetic_algorithm,sphere,107,14100,1.2384343242284707e-05
genetic_algorithm,sphere,107,14200,1.208745193272982e-05
genetic_algorithm,sphere,107,14300,1.046922968465407e-05
genetic_algorithm,sphere,107,14400,1.0462262020367265e-05
genetic_algorithm,sphere,107,14500,1.0462262020367265e-05
genetic_algorithm,sphere,107,14600,1.0462262020367265e-05
genetic_algorithm,sphere,107,14700,8.851953826972236e-06
genetic_algorithm,sphere,107,14800,8.678087047695453e-06
genetic_algorithm,sphere,107,14900,7.860901132050792e-06
genetic_algorithm,sphere,107,15000,7.82966746733758e-06
genetic_algorithm,sphere,107,15100,7.82461479543565e-06
genetic_algorithm,sphere,107,15200,7.530630216730303e-06
genetic_algorithm,sphere,107,15300,7.447979002754531e-06
genetic_algorithm,sphere,107,15400,4.974273366589768e-06
genetic_algorithm,sphere,107,15500,4.4537229352809525e-06
genetic_algorithm,sphere,107,15600,4.4537229352809525e-06
genetic_algorithm,sphere,107,15700,4.4537229352809525e-06
genetic_algorithm,sphere,107,15800,4.4537229352809525e-06
genetic_algorithm,sphere,107,15900,4.4537229352809525e-06
genetic_algorithm,sphere,107,16000,3.996369780414058e-06
genetic_algorithm,sphere,107,16100,3.7841089294024702e-06
genetic_algorithm,sphere,107,16200,3.7039178884140165e-06
genetic_algorithm,sphere,107,16300,3.701202977776937e-06
genetic_algorithm,sphere,107,16400,3.701202977776937e-06
genetic_algorithm,sphere,107,16500,3.701202977776937e-06
genetic_algorithm,sphere,107,16600,3.701202977776937e-06
genetic_algorithm,sphere,107,16700,3.701202977776937e-06
genetic_algorithm,sphere,107,16800,3.701202977776937e-06
genetic_algorithm,sphere,107,16900,3.701202977776937e-06
genetic_algorithm,sphere,107,17000,3.701202977776937e-06
genetic_algorithm,sphere,107,17100,3.460902294747823e-06
genetic_algorithm,sphere,107,17200,3.460902294747823e-06
genetic_algorithm,sphere,107,17300,3.279724103270779e-06
genetic_algorithm,sphere,107,17400,3.279724103270779e-06
genetic_algorithm,sphere,107,17500,1.3489909502095114e-06
genetic_algorithm,sphere,107,17600,1.2822043124053116e-06
genetic_algorithm,sphere,107,17700,5.156347352377545e-07
genetic_algorithm,sphere,107,17800,5.141655920448818e-07
genetic_algorithm,sphere,107,17900,5.126086000136557e-07
genetic_algorithm,sphere,107,18000,4.986880329326343e-07
genetic_algorithm,sphere,107,18100,2.9772161449620024e-07
genetic_algorithm,sphere,107,18200,2.9772161449620013e-07
genetic_algorithm,sphere,107,18300,2.9772161449620013e-07
genetic_algorithm,sphere,107,18400,2.9772161449620013e-07
genetic_algorithm,sphere,107,18500,2.801914278918373e-07
genetic_algorithm,sphere,107,18600,2.754845436710931e-07
genetic_algorithm,sphere,107,18700,2.754845436710931e-07
genetic_algorithm,sphere,107,18800,2.754845436710931e-07
genetic_algorithm,sphere,107,18900,2.754845436710931e-07
genetic_algorithm,sphere,107,19000,2.483637914742366e-07
genetic_algorithm,sphere,107,19100,2.483637914742366e-07
genetic_algorithm,sphere,107,19200,2.483637914742366e-07
genetic_algorithm,sphere,107,19300,2.483637914742366e-07
genetic_algorithm,sphere,107,19400,2.4001531819309843e-07
genetic_algorithm,sphere,107,19500,2.4001531819309843e-07
genetic_algorithm,sphere,107,19600,2.400153181930984e-07
genetic_algorithm,sphere,107,19700,2.400153181930984e-07
genetic_algorithm,sphere,107,19800,2.400153181930984e-07
genetic_algorithm,sphere,107,19900,2.0830627662449117e-07
genetic_algorithm,sphere,107,20000,2.079262024676361e-07
genetic_algorithm,sphere,108,100,26.553356803613035
genetic_algorithm,sphere,108,200,20.66938210306544
genetic_algorithm,sphere,108,300,14.02929567770211
genetic_algorithm,sphere,108,400,13.592297777756217
genetic_algorithm,sphere,108,500,9.229129341899492
genetic_algorithm,sphere,108,600,7.1263330600126285
genetic_algorithm,sphere,108,700,4.576388989757568
genetic_algorithm,sphere,108,800,2.5573263187221977
genetic_algorithm,sphere,108,900,1.7225209060860092
genetic_algorithm,sphere,108,1000,1.1097646570171082
genetic_algorithm,sphere,108,1100,0.4900828055561498
genetic_algorithm,sphere,108,1200,0.43314205725135785
genetic_algorithm,sphere,108,1300,0.3344997190186785
genetic_algorithm,sphere,108,1400,0.28574465728450915
genetic_algorithm,sphere,108,1500,0.2812266380015412
genetic_algorithm,sphere,108,1600,0.21700306064509842
genetic_algorithm,sphere,108,1700,0.21284500952276672
genetic_algorithm,sphere,108,1800,0.16362259274818058
genetic_algorithm,sphere,108,1900,0.14701108008139652
genetic_algorithm,sphere,108,2000,0.1406418853878299
genetic_algorithm,sphere,108,2100,0.11207973902591731
genetic_algorithm,sphere,108,2200,0.09562436150794106
genetic_algorithm,sphere,108,2300,0.07259686241983383
genetic_algorithm,sphere,108,2400,0.06382781681823807
genetic_algorithm,sphere,108,2500,0.058192299380137966
genetic_algorithm,sphere,108,2600,0.038204213368419754
genetic_algorithm,sphere,108,2700,0.030380390113162244
genetic_algorithm,sphere,108,2800,0.029018256227598176
genetic_algorithm,sphere,108,2900,0.029018256227598176
genetic_algorithm,sphere,108,3000,0.02816902167839345
genetic_algorithm,sphere,108,3100,0.02237427671813961
genetic_algorithm,sphere,108,3200,0.022256701117326097
genetic_algorithm,sphere,108,3300,0.014612448715195181
genetic_algorithm,sphere,108,3400,0.014612438035445284
genetic_algorithm,sphere,108,3500,0.012508750233338133
genetic_algorithm,sphere,108,3600,0.012208152134173828
genetic_algorithm,sphere,108,3700,0.012208152134173828
genetic_algorithm,sphere,108,3800,0.01165173181571684
genetic_algorithm,sphere,108,3900,0.011256689760079219
genetic_algorithm,sphere,108,4000,0.01111075177157688
genetic_algorithm,sphere,108,4100,0.011110209618079424
genetic_algorithm,sphere,108,4200,0.008147194847240621
genetic_algorithm,sphere,108,4300,0.008072777302421444
genetic_algorithm,sphere,108,4400,0.008045236100299346
genetic_algorithm,sphere,108,4500,0.0075894077532860805
genetic_algorithm,sphere,108,4600,0.006382563157668125
genetic_algorithm,sphere,108,4700,0.006024989519201463
genetic_algorithm,sphere,108,4800,0.006024989519201463
genetic_algorithm,sphere,108,4900,0.006013316783588097
genetic_algorithm,sphere,108,5000,0.0034652298115693428
genetic_algorithm,sphere,108,5100,0.003401843940788581
genetic_algorithm,sphere,108,5200,0.002908961185571095
genetic_algorithm,sphere,108,5300,0.0028637452520337615
genetic_algorithm,sphere,108,5400,0.0028612688223147017
genetic_algorithm,sphere,108,5500,0.002709591913574793
genetic_algorithm,sphere,108,5600,0.002709591913574793
genetic_algorithm,sphere,108,5700,0.0026582249470010148
genetic_algorithm,sphere,108,5800,0.0026582249470010148
genetic_algorithm,sphere,108,5900,0.002535268645420167
genetic_algorithm,sphere,108,6000,0.001833772106598974
genetic_algorithm,sphere,108,6100,0.0018045712077786743
genetic_algorithm,sphere,108,6200,0.0016664426118172826
genetic_algorithm,sphere,108,6300,0.0014118337455473928
genetic_algorithm,sphere,108,6400,0.001079223697846234
genetic_algorithm,sphere,108,6500,0.001079223697846234
genetic_algorithm,sphere,108,6600,0.0009682837741608534
genetic_algorithm,sphere,108,6700,0.0009160194415390256
genetic_algorithm,sphere,108,6800,0.0008979515201649655
genetic_algorithm,sphere,108,6900,0.0007650699348149302
genetic_algorithm,sphere,108,7000,0.0007605682054151279
genetic_algorithm,sphere,108,7100,0.0007542584159165235
genetic_algorithm,sphere,108,7200,0.0005967950073738797
genetic_algorithm,sphere,108,7300,0.0005384274791694198
genetic_algorithm,sphere,108,7400,0.000536540649137705
genetic_algorithm,sphere,108,7500,0.000536540649137705
genetic_algorithm,sphere,108,7600,0.0003348665450053488
genetic_algorithm,sphere,108,7700,0.0003207246740243003
genetic_algorithm,sphere,108,7800,0.00032048421060372836
genetic_algorithm,sphere,108,7900,0.00032048421060372836
genetic_algorithm,sphere,108,8000,0.00022871121280182812
genetic_algorithm,sphere,108,8100,0.0002221986171804074
genetic_algorithm,sphere,108,8200,0.0002086299215302394
genetic_algorithm,sphere,108,8300,0.00019559062006484129
genetic_algorithm,sphere,108,8400,0.00019519834652651633
genetic_algorithm,sphere,108,8500,0.00018233007383654845
genetic_algorithm,sphere,108,8600,0.00017100204273614753
genetic_algorithm,sphere,108,8700,0.00013857101393613392
genetic_algorithm,sphere,108,8800,0.00013857101393613392
genetic_algorithm,sphere,108,8900,0.00012822383108111764
genetic_algorithm,sphere,108,9000,0.0001021929153823761
genetic_algorithm,sphere,108,9100,0.0001021929153823761
genetic_algorithm,sphere,108,9200,0.0001021929153823761
genetic_algorithm,sphere,108,9300,9.9663222359827e-05
genetic_algorithm,sphere,108,9400,8.27459230485961e-05
genetic_algorithm,sphere,108,9500,8.263165900215742e-05
genetic_algorithm,sphere,108,9600,8.263165900215742e-05
genetic_algorithm,sphere,108,9700,8.229876392294072e-05
genetic_algorithm,sphere,108,9800,8.229876392294072e-05
genetic_algorithm,sphere,108,9900,8.012591718418984e-05
genetic_algorithm,sphere,108,10000,7.600413626974494e-05
genetic_algorithm,sphere,108,10100,6.97236540671817e-05
genetic_algorithm,sphere,108,10200,6.946267639431845e-05
genetic_algorithm,sphere,108,10300,6.946267639431845e-05
genetic_algorithm,sphere,108,10400,6.945987815298062e-05
genetic_algorithm,sphere,108,10500,6.945987815298062e-05
genetic_algorithm,sphere,108,10600,6.938426931487129e-05
genetic_algorithm,sphere,108,10700,6.733556351244122e-05
genetic_algorithm,sphere,108,10800,6.083802329886975e-05
genetic_algorithm,sphere,108,10900,6.0712364673396255e-05
genetic_algorithm,sphere,108,11000,5.8685502590319864e-05
genetic_algorithm,sphere,108,11100,5.841601346022224e-05
genetic_algorithm,sphere,108,11200,3.479094868037216e-05
genetic_algorithm,sphere,108,11300,3.479094868037216e-05
genetic_algorithm,sphere,108,11400,3.478606986812433e-05
genetic_algorithm,sphere,108,11500,3.478606986812433e-05
genetic_algorithm,sphere,108,11600,3.478606986812433e-05
genetic_algorithm,sphere,108,11700,3.478606986812433e-05
genetic_algorithm,sphere,108,11800,3.478606986812433e-05
genetic_algorithm,sphere,108,11900,2.668291501836666e-05
genetic_algorithm,sphere,108,12000,2.6672687921888533e-05
genetic_algorithm,sphere,108,12100,2.4419657271513414e-05
genetic_algorithm,sphere,108,12200,2.210210675256917e-05
genetic_algorithm,sphere,108,12300,2.200403696679505e-05
genetic_algorithm,sphere,108,12400,2.200403696679505e-05
genetic_algorithm,sphere,108,12500,2.1401472300369703e-05
genetic_algorithm,sphere,108,12600,2.1285816656343417e-05
genetic_algorithm,sphere,108,12700,1.9897243072461935e-05
genetic_algorithm,sphere,108,12800,1.9787940370160554e-05
genetic_algorithm,sphere,108,12900,1.9787566756870576e-05
genetic_algorithm,sphere,108,13000,1.8758654351517146e-05
genetic_algorithm,sphere,108,13100,1.8753041206336705e-05
genetic_algorithm,sphere,108,13200,1.672567800745708e-05
genetic_algorithm,sphere,108,13300,1.5636814012985402e-05
genetic_algorithm,sphere,108,13400,1.5571486907507173e-05
genetic_algorithm,sphere,108,13500,1.5571486907507173e-05
genetic_algorithm,sphere,108,13600,1.29567521443556e-05
genetic_algorithm,sphere,108,13700,1.2954146732706364e-05
genetic_algorithm,sphere,108,13800,1.2298469511789439e-05
genetic_algorithm,sphere,108,13900,7.895365834291452e-06
genetic_algorithm,sphere,108,14000,7.457118495690194e-06
genetic_algorithm,sphere,108,14100,7.457118495690194e-06
genetic_algorithm,sphere,108,14200,7.457118495690194e-06
genetic_algorithm,sphere,108,14300,7.215380029861032e-06
genetic_algorithm,sphere,108,14400,6.6860904270010126e-06
genetic_algorithm,sphere,108,14500,5.5543516567350074e-06
genetic_algorithm,sphere,108,14600,4.961334868047803e-06
genetic_algorithm,sphere,108,14700,4.715202402032838e-06
genetic_algorithm,sphere,108,14800,4.715202402032838e-06
genetic_algorithm,sphere,108,14900,4.715202402032838e-06
genetic_algorithm,sphere,108,15000,4.715202402032838e-06
genetic_algorithm,sphere,108,15100,4.715202402032838e-06
genetic_algorithm,sphere,108,15200,4.65458389611915e-06
genetic_algorithm,sphere,108,15300,4.629436174762015e-06
genetic_algorithm,sphere,108,15400,4.420853135503179e-06
genetic_algorithm,sphere,108,15500,4.105236762464532e-06
genetic_algorithm,sphere,108,15600,4.105236762464532e-06
genetic_algorithm,sphere,108,15700,4.105236762464532e-06
genetic_algorithm,sphere,108,15800,4.105236762464532e-06
genetic_algorithm,sphere,108,15900,4.09227984189254e-06
genetic_algorithm,sphere,108,16000,4.09227984189254e-06
genetic_algorithm,sphere,108,16100,3.8735348268845076e-06
genetic_algorithm,sphere,108,16200,3.8735348268845076e-06
genetic_algorithm,sphere,108,16300,2.9308678203296846e-06
genetic_algorithm,sphere,108,16400,2.9308678203296846e-06
genetic_algorithm,sphere,108,16500,2.9080640113327723e-06
genetic_algorithm,sphere,108,16600,2.9080640113327723e-06
genetic_algorithm,sphere,108,16700,2.8973562682984632e-06
genetic_algorithm,sphere,108,16800,2.7276130430140857e-06
genetic_algorithm,sphere,108,16900,2.7276130430140857e-06
genetic_algorithm,sphere,108,17000,2.601973918729845e-06
genetic_algorithm,sphere,108,17100,2.601973918729845e-06
genetic_algorithm,sphere,108,17200,2.601973918729845e-06
genetic_algorithm,sphere,108,17300,2.601973918729845e-06
genetic_algorithm,sphere,108,17400,2.3508687766039815e-06
genetic_algorithm,sphere,108,17500,2.3508687766039815e-06
genetic_algorithm,sphere,108,17600,2.3508687766039815e-06
genetic_algorithm,sphere,108,17700,2.2413896338918065e-06
genetic_algorithm,sphere,108,17800,2.1986003962172506e-06
genetic_algorithm,sphere,108,17900,2.194853647908632e-06
genetic_algorithm,sphere,108,18000,2.1948536479086318e-06
genetic_algorithm,sphere,108,18100,2.1948536479086318e-06
genetic_algorithm,sphere,108,18200,2.0563171959099894e-06
genetic_algorithm,sphere,108,18300,1.941824489363914e-06
genetic_algorithm,sphere,108,18400,1.9108887047730763e-06
genetic_algorithm,sphere,108,18500,1.8453614531563034e-06
genetic_algorithm,sphere,108,18600,1.8453614531563034e-06
genetic_algorithm,sphere,108,18700,1.8453614531563034e-06
genetic_algorithm,sphere,108,18800,1.5149479825177767e-06
genetic_algorithm,sphere,108,18900,1.5149479825177767e-06
genetic_algorithm,sphere,108,19000,1.5149479825177767e-06
genetic_algorithm,sphere,108,19100,1.3297754698602355e-06
genetic_algorithm,sphere,108,19200,1.3063342431452027e-06
genetic_algorithm,sphere,108,19300,1.3061295515624788e-06
genetic_algorithm,sphere,108,19400,1.3061295515624788e-06
genetic_algorithm,sphere,108,19500,1.1314632348320633e-06
genetic_algorithm,sphere,108,19600,1.1314632348320633e-06
genetic_algorithm,sphere,108,19700,1.1278712122355205e-06
genetic_algorithm,sphere,108,19800,9.722832710841078e-07
genetic_algorithm,sphere,108,19900,9.722832710841078e-07
genetic_algorithm,sphere,108,20000,9.718765297722876e-07
genetic_algorithm,sphere,109,100,37.44203333881955
genetic_algorithm,sphere,109,200,28.103441240038165
genetic_algorithm,sphere,109,300,22.567381313493023
genetic_algorithm,sphere,109,400,18.821870861703516
genetic_algorithm,sphere,109,500,14.716550821529607
genetic_algorithm,sphere,109,600,13.518976682685334
genetic_algorithm,sphere,109,700,10.074874131070468
genetic_algorithm,sphere,109,800,8.150012068463663
genetic_algorithm,sphere,109,900,6.029881772877745
genetic_algorithm,sphere,109,1000,5.627735515820476
genetic_algorithm,sphere,109,1100,5.079115938013763
genetic_algorithm,sphere,109,1200,3.2196125026095257
genetic_algorithm,sphere,109,1300,1.8137253544360792
genetic_algorithm,sphere,109,1400,1.4962219112208763
genetic_algorithm,sphere,109,1500,0.9653189434796068
genetic_algorithm,sphere,109,1600,0.7100297698144946
genetic_algorithm,sphere,109,1700,0.5834301639662368
genetic_algorithm,sphere,109,1800,0.388077229637179
genetic_algorithm,sphere,109,1900,0.3862161515989967
genetic_algorithm,sphere,109,2000,0.26439547032025973
genetic_algorithm,sphere,109,2100,0.1960070916939546
genetic_algorithm,sphere,109,2200,0.17659610742807863
genetic_algorithm,sphere,109,2300,0.13284783357758576
genetic_algorithm,sphere,109,2400,0.10753912598912158
genetic_algorithm,sphere,109,2500,0.10500911714327929
genetic_algorithm,sphere,109,2600,0.09009965119922456
genetic_algorithm,sphere,109,2700,0.04675230654849864
genetic_algorithm,sphere,109,2800,0.03680384480737886
genetic_algorithm,sphere,109,2900,0.03578194479080298
genetic_algorithm,sphere,109,3000,0.0336420528464703
genetic_algorithm,sphere,109,3100,0.030972610107763976
genetic_algorithm,sphere,109,3200,0.027830473829175438
genetic_algorithm,sphere,109,3300,0.02544786341245426
genetic_algorithm,sphere,109,3400,0.025267778844176976
genetic_algorithm,sphere,109,3500,0.025267778844176976
genetic_algorithm,sphere,109,3600,0.02449376694163833
genetic_algorithm,sphere,109,3700,0.021299586807082382
genetic_algorithm,sphere,109,3800,0.021276145345153465
genetic_algorithm,sphere,109,3900,0.02122949278573999
genetic_algorithm,sphere,109,4000,0.021135741022817338
genetic_algorithm,sphere,109,4100,0.020819156806564154
genetic_algorithm,sphere,109,4200,0.012036326501016706
genetic_algorithm,sphere,109,4300,0.012036326501016706
genetic_algorithm,sphere,109,4400,0.00825945612877424
genetic_algorithm,sphere,109,4500,0.008256265928626457
genetic_algorithm,sphere,109,4600,0.008256242014867311
genetic_algorithm,sphere,109,4700,0.006839254912434216
genetic_algorithm,sphere,109,4800,0.005827204804855921
genetic_algorithm,sphere,109,4900,0.005823131645336154
genetic_algorithm,sphere,109,5000,0.005504429191312573
genetic_algorithm,sphere,109,5100,0.005461272396019513
genetic_algorithm,sphere,109,5200,0.0053908182321942754
genetic_algorithm,sphere,109,5300,0.003913092054209501
genetic_algorithm,sphere,109,5400,0.0037913795825919735
genetic_algorithm,sphere,109,5500,0.0036649892588593758
genetic_algorithm,sphere,109,5600,0.0036336538735733982
genetic_algorithm,sphere,109,5700,0.0033137504535439804
genetic_algorithm,sphere,109,5800,0.003257657868511235
genetic_algorithm,sphere,109,5900,0.003178410710125509
genetic_algorithm,sphere,109,6000,0.003178410710125509
genetic_algorithm,sphere,109,6100,0.0030835967720503187
genetic_algorithm,sphere,109,6200,0.0028927987343571144
genetic_algorithm,sphere,109,6300,0.002885971265936719
genetic_algorithm,sphere,109,6400,0.002822048322258807
genetic_algorithm,sphere,109,6500,0.0020631368015006156
genetic_algorithm,sphere,109,6600,0.0012148593960011904
genetic_algorithm,sphere,109,6700,0.0012068431112451257
genetic_algorithm,sphere,109,6800,0.0012066841267204865
genetic_algorithm,sphere,109,6900,0.0008611336715890834
genetic_algorithm,sphere,109,7000,0.0008091628362672581
genetic_algorithm,sphere,109,7100,0.0007348408250196253
genetic_algorithm,sphere,109,7200,0.0007348408250196253
genetic_algorithm,sphere,109,7300,0.0007087873909158583
genetic_algorithm,sphere,109,7400,0.0007087873909158583
genetic_algorithm,sphere,109,7500,0.0006767031606626371
genetic_algorithm,sphere,109,7600,0.0006463606513202503
genetic_algorithm,sphere,109,7700,0.0004330175781175756
genetic_algorithm,sphere,109,7800,0.0004330175781175756
genetic_algorithm,sphere,109,7900,0.00042779159382342317
genetic_algorithm,sphere,109,8000,0.00042779159382342317
genetic_algorithm,sphere,109,8100,0.00038355712764246634
genetic_algorithm,sphere,109,8200,0.0003825136352862668
genetic_algorithm,sphere,109,8300,0.0003825136352862668
genetic_algorithm,sphere,109,8400,0.00027590543400141153
genetic_algorithm,sphere,109,8500,0.00027579464355101174
genetic_algorithm,sphere,109,8600,0.00027556018547197897
genetic_algorithm,sphere,109,8700,8.834937249023194e-05
genetic_algorithm,sphere,109,8800,8.561841578376544e-05
genetic_algorithm,sphere,109,8900,7.718206628906885e-05
genetic_algorithm,sphere,109,9000,7.588969512378962e-05
genetic_algorithm,sphere,109,9100,7.588969512378962e-05
genetic_algorithm,sphere,109,9200,5.5612894662941565e-05
genetic_algorithm,sphere,109,9300,5.545412231680838e-05
genetic_algorithm,sphere,109,9400,5.545412231680838e-05
genetic_algorithm,sphere,109,9500,5.545412231680838e-05
genetic_algorithm,sphere,109,9600,5.528748710184335e-05
genetic_algorithm,sphere,109,9700,4.932638208060664e-05
genetic_algorithm,sphere,109,9800,4.9318331963398926e-05
genetic_algorithm,sphere,109,9900,4.706992496576878e-05
genetic_algorithm,sphere,109,10000,4.6621818027863214e-05
genetic_algorithm,sphere,109,10100,4.6621818027863214e-05
genetic_algorithm,sphere,109,10200,4.656971831646663e-05
genetic_algorithm,sphere,109,10300,4.656971831646663e-05
genetic_algorithm,sphere,109,10400,4.546479928338437e-05
genetic_algorithm,sphere,109,10500,4.546479928338437e-05
genetic_algorithm,sphere,109,10600,4.1796211928332784e-05
genetic_algorithm,sphere,109,10700,4.147140423113547e-05
genetic_algorithm,sphere,109,10800,3.993828776747525e-05
genetic_algorithm,sphere,109,10900,3.9908130281754336e-05
genetic_algorithm,sphere,109,11000,3.990806637035161e-05
genetic_algorithm,sphere,109,11100,3.52825860216032e-05
genetic_algorithm,sphere,109,11200,3.512021838310259e-05
genetic_algorithm,sphere,109,11300,3.45710891675441e-05
genetic_algorithm,sphere,109,11400,3.45710891675441e-05
genetic_algorithm,sphere,109,11500,3.425028124613137e-05
genetic_algorithm,sphere,109,11600,3.0627683645149094e-05
genetic_algorithm,sphere,109,11700,3.0627683645149094e-05
genetic_algorithm,sphere,109,11800,3.061955695824605e-05
genetic_algorithm,sphere,109,11900,3.05819651480976e-05
genetic_algorithm,sphere,109,12000,3.05819651480976e-05
genetic_algorithm,sphere,109,12100,3.058090630707302e-05
genetic_algorithm,sphere,109,12200,3.0561948430470324e-05
genetic_algorithm,sphere,109,12300,3.0521317652068055e-05
genetic_algorithm,sphere,109,12400,1.069837453690927e-05
genetic_algorithm,sphere,109,12500,9.935745323827706e-06
genetic_algorithm,sphere,109,12600,9.555698167382095e-06
genetic_algorithm,sphere,109,12700,9.165399629264779e-06
genetic_algorithm,sphere,109,12800,9.155700914772204e-06
genetic_algorithm,sphere,109,12900,9.155700914772204e-06
genetic_algorithm,sphere,109,13000,9.155700914772204e-06
genetic_algorithm,sphere,109,13100,9.155700914772204e-06
genetic_algorithm,sphere,109,13200,9.155700914772204e-06
genetic_algorithm,sphere,109,13300,6.197719493369911e-06
genetic_algorithm,sphere,109,13400,6.0674572057451345e-06
genetic_algorithm,sphere,109,13500,6.02519361571136e-06
genetic_algorithm,sphere,109,13600,6.02519361571136e-06
genetic_algorithm,sphere,109,13700,5.4968994977817166e-06
genetic_algorithm,sphere,109,13800,4.7288237580487285e-06
genetic_algorithm,sphere,109,13900,4.380659618561883e-06
genetic_algorithm,sphere,109,14000,4.130135523953526e-06
genetic_algorithm,sphere,109,14100,3.144059853485793e-06
genetic_algorithm,sphere,109,14200,3.144059853485793e-06
genetic_algorithm,sphere,109,14300,2.948496376787242e-06
genetic_algorithm,sphere,109,14400,2.948496376787242e-06
genetic_algorithm,sphere,109,14500,2.948496376787242e-06
genetic_algorithm,sphere,109,14600,2.7428572657091084e-06
genetic_algorithm,sphere,109,14700,2.307869753707825e-06
genetic_algorithm,sphere,109,14800,2.2679247482133357e-06
genetic_algorithm,sphere,109,14900,2.2667579002873176e-06
genetic_algorithm,sphere,109,15000,2.2360131960752825e-06
genetic_algorithm,sphere,109,15100,2.2346447825578197e-06
genetic_algorithm,sphere,109,15200,2.2346447825578197e-06
genetic_algorithm,sphere,109,15300,2.2346447825578197e-06
genetic_algorithm,sphere,109,15400,2.2346447825578197e-06
genetic_algorithm,sphere,109,15500,2.2346447825578197e-06
genetic_algorithm,sphere,109,15600,2.2346447825578197e-06
genetic_algorithm,sphere,109,15700,2.2277778813189145e-06
genetic_algorithm,sphere,109,15800,2.2277778813189145e-06
genetic_algorithm,sphere,109,15900,2.225390699359379e-06
genetic_algorithm,sphere,109,16000,2.225390699359379e-06
genetic_algorithm,sphere,109,16100,2.1702728095926996e-06
genetic_algorithm,sphere,109,16200,2.1702728095926996e-06
genetic_algorithm,sphere,109,16300,2.1702728095926996e-06
genetic_algorithm,sphere,109,16400,2.1702728095926996e-06
genetic_algorithm,sphere,109,16500,2.1244883782708732e-06
genetic_algorithm,sphere,109,16600,2.1220196666125227e-06
genetic_algorithm,sphere,109,16700,2.117833375196728e-06
genetic_algorithm,sphere,109,16800,2.113299710928526e-06
genetic_algorithm,sphere,109,16900,1.3490219343295058e-06
genetic_algorithm,sphere,109,17000,1.3490219343295058e-06
genetic_algorithm,sphere,109,17100,1.3490219343295058e-06
genetic_algorithm,sphere,109,17200,1.215305315979031e-06
genetic_algorithm,sphere,109,17300,1.215305315979031e-06
genetic_algorithm,sphere,109,17400,1.2151784837653142e-06
genetic_algorithm,sphere,109,17500,1.2151784837653142e-06
genetic_algorithm,sphere,109,17600,1.2151784837653142e-06
genetic_algorithm,sphere,109,17700,1.2151784837653142e-06
genetic_algorithm,sphere,109,17800,1.1590973853970274e-06
genetic_algorithm,sphere,109,17900,1.1590973853970274e-06
genetic_algorithm,sphere,109,18000,1.1590973853970274e-06
genetic_algorithm,sphere,109,18100,1.1590973853970274e-06
genetic_algorithm,sphere,109,18200,1.1590973853970274e-06
genetic_algorithm,sphere,109,18300,1.1590973853970274e-06
genetic_algorithm,sphere,109,18400,1.1590973853970274e-06
genetic_algorithm,sphere,109,18500,1.1590973853970274e-06
genetic_algorithm,sphere,109,18600,1.1437471981496613e-06
genetic_algorithm,sphere,109,18700,1.0999651133305436e-06
genetic_algorithm,sphere,109,18800,9.926854646360506e-07
genetic_algorithm,sphere,109,18900,9.926854646360506e-07
genetic_algorithm,sphere,109,19000,9.879369178000655e-07
genetic_algorithm,sphere,109,19100,9.879369178000655e-07
genetic_algorithm,sphere,109,19200,8.448637104749358e-07
genetic_algorithm,sphere,109,19300,8.32969419600238e-07
genetic_algorithm,sphere,109,19400,8.310225437079536e-07
genetic_algorithm,sphere,109,19500,8.310225310610357e-07
genetic_algorithm,sphere,109,19600,8.310225310610356e-07
genetic_algorithm,sphere,109,19700,8.310225310610356e-07
genetic_algorithm,sphere,109,19800,8.310225310610356e-07
genetic_algorithm,sphere,109,19900,8.075970256716906e-07
genetic_algorithm,sphere,109,20000,7.606139949877662e-07
genetic_algorithm,sphere,110,100,38.105704896859784
genetic_algorithm,sphere,110,200,33.22979486721816
genetic_algorithm,sphere,110,300,26.024938792439677
genetic_algorithm,sphere,110,400,13.691056269842207
genetic_algorithm,sphere,110,500,9.497700706584572
genetic_algorithm,sphere,110,600,6.858710752956943
genetic_algorithm,sphere,110,700,3.8881254395680673
genetic_algorithm,sphere,110,800,3.8116240245534154
genetic_algorithm,sphere,110,900,2.912698834873582
genetic_algorithm,sphere,110,1000,1.8315206267508988
genetic_algorithm,sphere,110,1100,1.0066637877843925
genetic_algorithm,sphere,110,1200,0.978937170961139
genetic_algorithm,sphere,110,1300,0.444894530476265
genetic_algorithm,sphere,110,1400,0.3557151930342029
genetic_algorithm,sphere,110,1500,0.16448800919738682
genetic_algorithm,sphere,110,1600,0.1620318611689129
genetic_algorithm,sphere,110,1700,0.12155366912331211
genetic_algorithm,sphere,110,1800,0.11468438095131911
genetic_algorithm,sphere,110,1900,0.09004816127032575
genetic_algorithm,sphere,110,2000,0.08784611448438757
genetic_algorithm,sphere,110,2100,0.059439652436679764
genetic_algorithm,sphere,110,2200,0.04883330649819195
genetic_algorithm,sphere,110,2300,0.038442559753814554
genetic_algorithm,sphere,110,2400,0.025493116819822075
genetic_algorithm,sphere,110,2500,0.022067163936388225
genetic_algorithm,sphere,110,2600,0.02187625504556801
genetic_algorithm,sphere,110,2700,0.021265573660102385
genetic_algorithm,sphere,110,2800,0.013580940605645058
genetic_algorithm,sphere,110,2900,0.013132078390440595
genetic_algorithm,sphere,110,3000,0.011492733331658825
genetic_algorithm,sphere,110,3100,0.009914780003826531
genetic_algorithm,sphere,110,3200,0.009735760654310062
genetic_algorithm,sphere,110,3300,0.008636416108875123
genetic_algorithm,sphere,110,3400,0.008618256843053219
genetic_algorithm,sphere,110,3500,0.008419646723851787
genetic_algorithm,sphere,110,3600,0.008385278252021892
genetic_algorithm,sphere,110,3700,0.008379938345392765
genetic_algorithm,sphere,110,3800,0.008308485333735677
genetic_algorithm,sphere,110,3900,0.007968053164776895
genetic_algorithm,sphere,110,4000,0.005773230078503685
genetic_algorithm,sphere,110,4100,0.0037640991092715926
genetic_algorithm,sphere,110,4200,0.0036000730061802764
genetic_algorithm,sphere,110,4300,0.003521588051606855
genetic_algorithm,sphere,110,4400,0.003491467499279722
genetic_algorithm,sphere,110,4500,0.003299080878872446
genetic_algorithm,sphere,110,4600,0.0032656353925177694
genetic_algorithm,sphere,110,4700,0.0028847192847518167
genetic_algorithm,sphere,110,4800,0.002693042998241596
genetic_algorithm,sphere,110,4900,0.002652889752650007
genetic_algorithm,sphere,110,5000,0.001988543401794063
genetic_algorithm,sphere,110,5100,0.001981936400045636
genetic_algorithm,sphere,110,5200,0.0019250326221164843
genetic_algorithm,sphere,110,5300,0.0017895220921293315
genetic_algorithm,sphere,110,5400,0.0017025106598605312
genetic_algorithm,sphere,110,5500,0.0016991637749437908
genetic_algorithm,sphere,110,5600,0.0016639236488400222
genetic_algorithm,sphere,110,5700,0.0014453148380181309
genetic_algorithm,sphere,110,5800,0.0014075280753848166
genetic_algorithm,sphere,110,5900,0.001249336872449224
genetic_algorithm,sphere,110,6000,0.0006588071763654571
genetic_algorithm,sphere,110,6100,0.0006583270810246854
genetic_algorithm,sphere,110,6200,0.0006219725883248462
genetic_algorithm,sphere,110,6300,0.0006104181310819053
genetic_algorithm,sphere,110,6400,0.0006065795988599386
genetic_algorithm,sphere,110,6500,0.0005962636624344043
genetic_algorithm,sphere,110,6600,0.000593912616879825
genetic_algorithm,sphere,110,6700,0.0004256972246432494
genetic_algorithm,sphere,110,6800,0.0004064868339587593
genetic_algorithm,sphere,110,6900,0.00039950307131540085
genetic_algorithm,sphere,110,7000,0.00035277002345577684
genetic_algorithm,sphere,110,7100,0.00034423394990469537
genetic_algorithm,sphere,110,7200,0.0003270171672299516
genetic_algorithm,sphere,110,7300,0.0003270171672299516
genetic_algorithm,sphere,110,7400,0.0003165056134154096
genetic_algorithm,sphere,110,7500,0.00031545961820489995
genetic_algorithm,sphere,110,7600,0.0003145093916720613
genetic_algorithm,sphere,110,7700,0.0002531393929297386
genetic_algorithm,sphere,110,7800,0.0002531392729952994
genetic_algorithm,sphere,110,7900,0.000253134240620528
genetic_algorithm,sphere,110,8000,0.000253134240620528
genetic_algorithm,sphere,110,8100,0.0002245185731690425
genetic_algorithm,sphere,110,8200,0.00021241003657746622
genetic_algorithm,sphere,110,8300,0.00019976799515304146
genetic_algorithm,sphere,110,8400,0.00017240090533794742
genetic_algorithm,sphere,110,8500,0.00017239900826728925
genetic_algorithm,sphere,110,8600,0.00014935701938107454
genetic_algorithm,sphere,110,8700,0.0001493293300421837
genetic_algorithm,sphere,110,8800,0.00014819401777019892
genetic_algorithm,sphere,110,8900,0.00014816442643793634
genetic_algorithm,sphere,110,9000,0.00010982471316242092
genetic_algorithm,sphere,110,9100,0.00010424491279053684
genetic_algorithm,sphere,110,9200,0.00010284051323263801
genetic_algorithm,sphere,110,9300,0.00010048417269141372
genetic_algorithm,sphere,110,9400,9.996987270897376e-05
genetic_algorithm,sphere,110,9500,9.992402097041512e-05
genetic_algorithm,sphere,110,9600,5.003896009512817e-05
genetic_algorithm,sphere,110,9700,4.631755675852726e-05
genetic_algorithm,sphere,110,9800,4.595348072321121e-05
genetic_algorithm,sphere,110,9900,4.5904014529016675e-05
genetic_algorithm,sphere,110,10000,4.466466889011905e-05
genetic_algorithm,sphere,110,10100,4.304933900053591e-05
genetic_algorithm,sphere,110,10200,4.204477633230888e-05
genetic_algorithm,sphere,110,10300,4.198828400701862e-05
genetic_algorithm,sphere,110,10400,4.1947308554508736e-05
genetic_algorithm,sphere,110,10500,4.1947308554508736e-05
genetic_algorithm,sphere,110,10600,4.194458984148181e-05
genetic_algorithm,sphere,110,10700,3.936850797113321e-05
genetic_algorithm,sphere,110,10800,3.933780034692927e-05
genetic_algorithm,sphere,110,10900,3.244817542411727e-05
genetic_algorithm,sphere,110,11000,3.223177768245136e-05
genetic_algorithm,sphere,110,11100,2.1682668953288505e-05
genetic_algorithm,sphere,110,11200,2.1682668953288505e-05
genetic_algorithm,sphere,110,11300,2.1350515000184537e-05
genetic_algorithm,sphere,110,11400,2.1350515000184537e-05
genetic_algorithm,sphere,110,11500,2.125059486263686e-05
genetic_algorithm,sphere,110,11600,2.075861231021026e-05
genetic_algorithm,sphere,110,11700,2.0709223048147377e-05
genetic_algorithm,sphere,110,11800,1.8674233319982534e-05
genetic_algorithm,sphere,110,11900,1.8499649186282703e-05
genetic_algorithm,sphere,110,12000,1.782476484070575e-05
genetic_algorithm,sphere,110,12100,1.690237797151089e-05
genetic_algorithm,sphere,110,12200,1.690237797151089e-05
genetic_algorithm,sphere,110,12300,1.690237797151089e-05
genetic_algorithm,sphere,110,12400,1.690237797151089e-05
genetic_algorithm,sphere,110,12500,1.6768491713229916e-05
genetic_algorithm,sphere,110,12600,1.6183770345326978e-05
genetic_algorithm,sphere,110,12700,1.6183770345326978e-05
genetic_algorithm,sphere,110,12800,1.613687346859337e-05
genetic_algorithm,sphere,110,12900,1.612785565520746e-05
genetic_algorithm,sphere,110,13000,1.2479113871651514e-05
genetic_algorithm,sphere,110,13100,1.2479113871651514e-05
genetic_algorithm,sphere,110,13200,1.1417538802201319e-05
genetic_algorithm,sphere,110,13300,1.1417538802201319e-05
genetic_algorithm,sphere,110,13400,1.1417538802201319e-05
genetic_algorithm,sphere,110,13500,1.1417538802201319e-05
genetic_algorithm,sphere,110,13600,1.1149863603410442e-05
genetic_algorithm,sphere,110,13700,1.1149863603410442e-05
genetic_algorithm,sphere,110,13800,1.1149863603410442e-05
genetic_algorithm,sphere,110,13900,1.1149863603410442e-05
genetic_algorithm,sphere,110,14000,1.0236023126885955e-05
genetic_algorithm,sphere,110,14100,6.198742891544985e-06
genetic_algorithm,sphere,110,14200,6.192413550112002e-06
genetic_algorithm,sphere,110,14300,6.192413550112002e-06
genetic_algorithm,sphere,110,14400,6.142627016517656e-06
genetic_algorithm,sphere,110,14500,5.953132751541577e-06
genetic_algorithm,sphere,110,14600,5.298015601956213e-06
genetic_algorithm,sphere,110,14700,4.94999526519158e-06
genetic_algorithm,sphere,110,14800,4.94999526519158e-06
genetic_algorithm,sphere,110,14900,4.94999526519158e-06
genetic_algorithm,sphere,110,15000,4.94999526519158e-06
genetic_algorithm,sphere,110,15100,4.94999526519158e-06
genetic_algorithm,sphere,110,15200,4.912023836350146e-06
genetic_algorithm,sphere,110,15300,4.912023836350146e-06
genetic_algorithm,sphere,110,15400,4.78337567045471e-06
genetic_algorithm,sphere,110,15500,4.78337567045471e-06
genetic_algorithm,sphere,110,15600,1.8527891716454665e-06
genetic_algorithm,sphere,110,15700,1.6177053094638974e-06
genetic_algorithm,sphere,110,15800,1.6173210982872128e-06
genetic_algorithm,sphere,110,15900,1.6172553811323588e-06
genetic_algorithm,sphere,110,16000,1.6102877876259808e-06
genetic_algorithm,sphere,110,16100,1.6102734043855253e-06
genetic_algorithm,sphere,110,16200,1.6016571769980838e-06
genetic_algorithm,sphere,110,16300,1.4167906645158034e-06
genetic_algorithm,sphere,110,16400,1.4086740714700008e-06
genetic_algorithm,sphere,110,16500,1.4086740714700008e-06
genetic_algorithm,sphere,110,16600,1.2151700832934773e-06
genetic_algorithm,sphere,110,16700,1.2149901351247139e-06
genetic_algorithm,sphere,110,16800,1.1967231742679334e-06
genetic_algorithm,sphere,110,16900,1.1959111051237922e-06
genetic_algorithm,sphere,110,17000,1.1948731653546274e-06
genetic_algorithm,sphere,110,17100,1.0290355187581929e-06
genetic_algorithm,sphere,110,17200,1.0290355187581929e-06
genetic_algorithm,sphere,110,17300,9.757917182806524e-07
genetic_algorithm,sphere,110,17400,9.757917182806524e-07
genetic_algorithm,sphere,110,17500,9.757917182806524e-07
genetic_algorithm,sphere,110,17600,9.757917182806524e-07
genetic_algorithm,sphere,110,17700,9.757917182806524e-07
genetic_algorithm,sphere,110,17800,9.757917182806524e-07
genetic_algorithm,sphere,110,17900,7.766518235713434e-07
genetic_algorithm,sphere,110,18000,5.795384216494403e-07
genetic_algorithm,sphere,110,18100,5.791691980425535e-07
genetic_algorithm,sphere,110,18200,5.681314601170458e-07
genetic_algorithm,sphere,110,18300,5.681314601170457e-07
genetic_algorithm,sphere,110,18400,5.373791160309227e-07
genetic_algorithm,sphere,110,18500,5.371076996415349e-07
genetic_algorithm,sphere,110,18600,5.371003757382315e-07
genetic_algorithm,sphere,110,18700,4.319269143805043e-07
genetic_algorithm,sphere,110,18800,4.319269143805043e-07
genetic_algorithm,sphere,110,18900,4.319269143805043e-07
genetic_algorithm,sphere,110,19000,4.319269143805043e-07
genetic_algorithm,sphere,110,19100,4.319269143805043e-07
genetic_algorithm,sphere,110,19200,4.319269143805043e-07
genetic_algorithm,sphere,110,19300,4.319269143805043e-07
genetic_algorithm,sphere,110,19400,4.319269143805043e-07
genetic_algorithm,sphere,110,19500,4.1013683497297785e-07
genetic_algorithm,sphere,110,19600,4.1013683497297785e-07
genetic_algorithm,sphere,110,19700,3.473685411902805e-07
genetic_algorithm,sphere,110,19800,3.4122196968615765e-07
genetic_algorithm,sphere,110,19900,3.4122196968615765e-07
genetic_algorithm,sphere,110,20000,3.4122196968615765e-07
genetic_algorithm,sphere,111,100,29.33363604981756
genetic_algorithm,sphere,111,200,22.81284001929505
genetic_algorithm,sphere,111,300,21.109585463321274
genetic_algorithm,sphere,111,400,13.69173697912082
genetic_algorithm,sphere,111,500,12.472108250955737
genetic_algorithm,sphere,111,600,9.556378918713866
genetic_algorithm,sphere,111,700,6.431167432449055
genetic_algorithm,sphere,111,800,5.85014329638571
genetic_algorithm,sphere,111,900,5.1603974386950435
genetic_algorithm,sphere,111,1000,4.18438536644023
genetic_algorithm,sphere,111,1100,3.1241840860345933
genetic_algorithm,sphere,111,1200,2.1258745875750398
genetic_algorithm,sphere,111,1300,1.5463668348455444
genetic_algorithm,sphere,111,1400,0.6319304577845707
genetic_algorithm,sphere,111,1500,0.5651786048609833
genetic_algorithm,sphere,111,1600,0.5011988287221515
genetic_algorithm,sphere,111,1700,0.39155686460838557
genetic_algorithm,sphere,111,1800,0.3173612462958791
genetic_algorithm,sphere,111,1900,0.22322072765766882
genetic_algorithm,sphere,111,2000,0.17236402481008228
genetic_algorithm,sphere,111,2100,0.13729721889621074
genetic_algorithm,sphere,111,2200,0.12897664994200603
genetic_algorithm,sphere,111,2300,0.06473435366320147
genetic_algorithm,sphere,111,2400,0.06454953286660152
genetic_algorithm,sphere,111,2500,0.05584609539296917
genetic_algorithm,sphere,111,2600,0.05133268918070623
genetic_algorithm,sphere,111,2700,0.040325313777391465
genetic_algorithm,sphere,111,2800,0.03659576475909691
genetic_algorithm,sphere,111,2900,0.03659576475909691
genetic_algorithm,sphere,111,3000,0.036433511336414294
genetic_algorithm,sphere,111,3100,0.034310403193833314
genetic_algorithm,sphere,111,3200,0.02889890947269744
genetic_algorithm,sphere,111,3300,0.02665894387175218
genetic_algorithm,sphere,111,3400,0.02328823773481003
genetic_algorithm,sphere,111,3500,0.02328823773481003
genetic_algorithm,sphere,111,3600,0.022385470691751716
genetic_algorithm,sphere,111,3700,0.02222553986720307
genetic_algorithm,sphere,111,3800,0.014242121655466494
genetic_algorithm,sphere,111,3900,0.014234546846362581
genetic_algorithm,sphere,111,4000,0.012477355440790264
genetic_algorithm,sphere,111,4100,0.0060637953175353525
genetic_algorithm,sphere,111,4200,0.00584151151173216
genetic_algorithm,sphere,111,4300,0.005787949116775313
genetic_algorithm,sphere,111,4400,0.005779316708963086
genetic_algorithm,sphere,111,4500,0.005575713968249689
genetic_algorithm,sphere,111,4600,0.005111392796035546
genetic_algorithm,sphere,111,4700,0.005092183213263459
genetic_algorithm,sphere,111,4800,0.004981181779086288
genetic_algorithm,sphere,111,4900,0.004756639461169758
genetic_algorithm,sphere,111,5000,0.004108114111605084
genetic_algorithm,sphere,111,5100,0.002813489385866169
genetic_algorithm,sphere,111,5200,0.0027122433442005756
genetic_algorithm,sphere,111,5300,0.0027101716118774185
genetic_algorithm,sphere,111,5400,0.0026479078090030756
genetic_algorithm,sphere,111,5500,0.0017649574516957552
genetic_algorithm,sphere,111,5600,0.0016989528779432317
genetic_algorithm,sphere,111,5700,0.001682364276047197
genetic_algorithm,sphere,111,5800,0.0016623465163777666
genetic_algorithm,sphere,111,5900,0.0015933948168885138
genetic_algorithm,sphere,111,6000,0.0015817384379347827
genetic_algorithm,sphere,111,6100,0.0012722657007476273
genetic_algorithm,sphere,111,6200,0.0012722657007476273
genetic_algorithm,sphere,111,6300,0.0012092478371208784
genetic_algorithm,sphere,111,6400,0.0011612261755631868
genetic_algorithm,sphere,111,6500,0.001161019918585787
genetic_algorithm,sphere,111,6600,0.001161019918585787
genetic_algorithm,sphere,111,6700,0.001131335423926525
genetic_algorithm,sphere,111,6800,0.0011295508217221146
genetic_algorithm,sphere,111,6900,0.0008115958474529871
genetic_algorithm,sphere,111,7000,0.0008115958474529871
genetic_algorithm,sphere,111,7100,0.0006814228038528758
genetic_algorithm,sphere,111,7200,0.0006814182941833223
genetic_algorithm,sphere,111,7300,0.0006809043846299907
genetic_algorithm,sphere,111,7400,0.0005312070351181599
genetic_algorithm,sphere,111,7500,0.0005236112681819454
genetic_algorithm,sphere,111,7600,0.0005220772056311934
genetic_algorithm,sphere,111,7700,0.0005173963842824049
genetic_algorithm,sphere,111,7800,0.0005171339260424627
genetic_algorithm,sphere,111,7900,0.0005171339184058522
genetic_algorithm,sphere,111,8000,0.000501013813402476
genetic_algorithm,sphere,111,8100,0.000489227913012015
genetic_algorithm,sphere,111,8200,0.0004886566744494419
genetic_algorithm,sphere,111,8300,0.0004878051967759026
genetic_algorithm,sphere,111,8400,0.00048774304273940447
genetic_algorithm,sphere,111,8500,0.00046127781236691355
genetic_algorithm,sphere,111,8600,0.00046127781236691355
genetic_algorithm,sphere,111,8700,0.00032012718573839403
genetic_algorithm,sphere,111,8800,0.0003197013146911049
genetic_algorithm,sphere,111,8900,0.0003197013146911049
genetic_algorithm,sphere,111,9000,0.00015655605205868153
genetic_algorithm,sphere,111,9100,0.00015655605205868153
genetic_algorithm,sphere,111,9200,0.00013232064958147328
genetic_algorithm,sphere,111,9300,0.00013232064958147328
genetic_algorithm,sphere,111,9400,0.00013232064958147328
genetic_algorithm,sphere,111,9500,6.527031656722499e-05
genetic_algorithm,sphere,111,9600,6.033116488611702e-05
genetic_algorithm,sphere,111,9700,5.8598753847063844e-05
genetic_algorithm,sphere,111,9800,5.7215899630874204e-05
genetic_algorithm,sphere,111,9900,4.5227643843819783e-05
genetic_algorithm,sphere,111,10000,4.5227643843819783e-05
genetic_algorithm,sphere,111,10100,4.5227643843819783e-05
genetic_algorithm,sphere,111,10200,4.419375728508502e-05
genetic_algorithm,sphere,111,10300,4.345547483355985e-05
genetic_algorithm,sphere,111,10400,4.2517742044212656e-05
genetic_algorithm,sphere,111,10500,4.173512003079485e-05
genetic_algorithm,sphere,111,10600,4.1730803370232794e-05
genetic_algorithm,sphere,111,10700,4.169318333692679e-05
genetic_algorithm,sphere,111,10800,3.919142145739251e-05
genetic_algorithm,sphere,111,10900,3.919142145739251e-05
genetic_algorithm,sphere,111,11000,3.919142145739251e-05
genetic_algorithm,sphere,111,11100,3.914344996676701e-05
genetic_algorithm,sphere,111,11200,3.7380686342534304e-05
genetic_algorithm,sphere,111,11300,3.73328125669968e-05
genetic_algorithm,sphere,111,11400,3.73328125669968e-05
genetic_algorithm,sphere,111,11500,3.73328125669968e-05
genetic_algorithm,sphere,111,11600,3.4080644737839186e-05
genetic_algorithm,sphere,111,11700,3.355370551214852e-05
genetic_algorithm,sphere,111,11800,3.251206611598037e-05
genetic_algorithm,sphere,111,11900,3.251206611598037e-05
genetic_algorithm,sphere,111,12000,3.0473616833133526e-05
genetic_algorithm,sphere,111,12100,2.425293065564683e-05
genetic_algorithm,sphere,111,12200,2.425293065564683e-05
genetic_algorithm,sphere,111,12300,2.424389804935634e-05
genetic_algorithm,sphere,111,12400,2.424389804935634e-05
genetic_algorithm,sphere,111,12500,2.3609462561928905e-05
genetic_algorithm,sphere,111,12600,2.3609462561928905e-05
genetic_algorithm,sphere,111,12700,2.3609462561928905e-05
genetic_algorithm,sphere,111,12800,2.2479661833056058e-05
genetic_algorithm,sphere,111,12900,2.2479661833056058e-05
genetic_algorithm,sphere,111,13000,2.1810585007633173e-05
genetic_algorithm,sphere,111,13100,2.1700123696363115e-05
genetic_algorithm,sphere,111,13200,2.1700123696363115e-05
genetic_algorithm,sphere,111,13300,2.0786208337992407e-05
genetic_algorithm,sphere,111,13400,2.0723514470842516e-05
genetic_algorithm,sphere,111,13500,2.067834847895615e-05
genetic_algorithm,sphere,111,13600,2.067834847895615e-05
genetic_algorithm,sphere,111,13700,2.067834847895615e-05
genetic_algorithm,sphere,111,13800,2.067834847895615e-05
genetic_algorithm,sphere,111,13900,1.9222360063573975e-05
genetic_algorithm,sphere,111,14000,1.4835552219624479e-05
genetic_algorithm,sphere,111,14100,1.4835552219624479e-05
genetic_algorithm,sphere,111,14200,1.4835552219624479e-05
genetic_algorithm,sphere,111,14300,1.4835552219624479e-05
genetic_algorithm,sphere,111,14400,1.4835552219624479e-05
genetic_algorithm,sphere,111,14500,1.4835552219624479e-05
genetic_algorithm,sphere,111,14600,1.4835552219624479e-05
genetic_algorithm,sphere,111,14700,1.4653706473729256e-05
genetic_algorithm,sphere,111,14800,1.4523959763843937e-05
genetic_algorithm,sphere,111,14900,1.4492824189430696e-05
genetic_algorithm,sphere,111,15000,1.2568866131216152e-05
genetic_algorithm,sphere,111,15100,1.0974590379060333e-05
genetic_algorithm,sphere,111,15200,1.0892656268515033e-05
genetic_algorithm,sphere,111,15300,9.643737644492877e-06
genetic_algorithm,sphere,111,15400,7.431687744683928e-06
genetic_algorithm,sphere,111,15500,6.2633021520927704e-06
genetic_algorithm,sphere,111,15600,6.2633021520927704e-06
genetic_algorithm,sphere,111,15700,6.2633021520927704e-06
genetic_algorithm,sphere,111,15800,6.225345815192988e-06
genetic_algorithm,sphere,111,15900,6.225345815192988e-06
genetic_algorithm,sphere,111,16000,6.225345815192988e-06
genetic_algorithm,sphere,111,16100,6.225345815192988e-06
genetic_algorithm,sphere,111,16200,5.330428082596286e-06
genetic_algorithm,sphere,111,16300,5.330428082596286e-06
genetic_algorithm,sphere,111,16400,5.329430747502969e-06
genetic_algorithm,sphere,111,16500,5.329424310360665e-06
genetic_algorithm,sphere,111,16600,5.329423856307801e-06
genetic_algorithm,sphere,111,16700,5.288633298229319e-06
genetic_algorithm,sphere,111,16800,5.288633298229319e-06
genetic_algorithm,sphere,111,16900,5.288633298229319e-06
genetic_algorithm,sphere,111,17000,5.287203368998226e-06
genetic_algorithm,sphere,111,17100,5.239037978178286e-06
genetic_algorithm,sphere,111,17200,5.239037978178286e-06
genetic_algorithm,sphere,111,17300,5.239037978178286e-06
genetic_algorithm,sphere,111,17400,5.236290390917233e-06
genetic_algorithm,sphere,111,17500,5.236290390917233e-06
genetic_algorithm,sphere,111,17600,5.232016827334487e-06
genetic_algorithm,sphere,111,17700,5.231915727992025e-06
genetic_algorithm,sphere,111,17800,5.231915727992025e-06
genetic_algorithm,sphere,111,17900,5.231915727992025e-06
genetic_algorithm,sphere,111,18000,2.6451858223557946e-06
genetic_algorithm,sphere,111,18100,2.2838503568613327e-06
genetic_algorithm,sphere,111,18200,1.6993973107433398e-06
genetic_algorithm,sphere,111,18300,1.672981523643025e-06
genetic_algorithm,sphere,111,18400,1.6704191982159029e-06
genetic_algorithm,sphere,111,18500,1.6704191982159029e-06
genetic_algorithm,sphere,111,18600,1.6660446793079469e-06
genetic_algorithm,sphere,111,18700,1.6660446793079469e-06
genetic_algorithm,sphere,111,18800,1.6660446793079469e-06
genetic_algorithm,sphere,111,18900,1.6638167216701793e-06
genetic_algorithm,sphere,111,19000,1.4238134133670396e-06
genetic_algorithm,sphere,111,19100,9.776455920446564e-07
genetic_algorithm,sphere,111,19200,9.576244185702001e-07
genetic_algorithm,sphere,111,19300,9.576244185702001e-07
genetic_algorithm,sphere,111,19400,9.576244185702e-07
genetic_algorithm,sphere,111,19500,6.564792573566414e-07
genetic_algorithm,sphere,111,19600,6.467428959381718e-07
genetic_algorithm,sphere,111,19700,5.391533411963662e-07
genetic_algorithm,sphere,111,19800,5.391533411963662e-07
genetic_algorithm,sphere,111,19900,5.391533411963662e-07
genetic_algorithm,sphere,111,20000,5.391533411963662e-07
genetic_algorithm,sphere,112,100,21.402530490900716
genetic_algorithm,sphere,112,200,17.08346470828633
genetic_algorithm,sphere,112,300,12.911929611065787
genetic_algorithm,sphere,112,400,11.304106392368473
genetic_algorithm,sphere,112,500,8.768811869469324
genetic_algorithm,sphere,112,600,6.082079454701523
genetic_algorithm,sphere,112,700,5.430338272696623
genetic_algorithm,sphere,112,800,2.809787404948033
genetic_algorithm,sphere,112,900,2.293327875536961
genetic_algorithm,sphere,112,1000,1.7744137122951944
genetic_algorithm,sphere,112,1100,1.3113011100846146
genetic_algorithm,sphere,112,1200,0.9058810327123497
genetic_algorithm,sphere,112,1300,0.9032852958517056
genetic_algorithm,sphere,112,1400,0.6593281969821233
genetic_algorithm,sphere,112,1500,0.43137825180392814
genetic_algorithm,sphere,112,1600,0.36519459761266543
genetic_algorithm,sphere,112,1700,0.296097741422093
genetic_algorithm,sphere,112,1800,0.13909724208589178
genetic_algorithm,sphere,112,1900,0.13278100618129898
genetic_algorithm,sphere,112,2000,0.07609993061848132
genetic_algorithm,sphere,112,2100,0.07508604928462216
genetic_algorithm,sphere,112,2200,0.07334687914048879
genetic_algorithm,sphere,112,2300,0.0692042771060846
genetic_algorithm,sphere,112,2400,0.05927952306388488
genetic_algorithm,sphere,112,2500,0.057400419677361716
genetic_algorithm,sphere,112,2600,0.04318013213405237
genetic_algorithm,sphere,112,2700,0.041766549121208876
genetic_algorithm,sphere,112,2800,0.041524296882627335
genetic_algorithm,sphere,112,2900,0.033738268351251245
genetic_algorithm,sphere,112,3000,0.03303998772207386
genetic_algorithm,sphere,112,3100,0.02099036297488289
genetic_algorithm,sphere,112,3200,0.02065879385758138
genetic_algorithm,sphere,112,3300,0.020623322208461723
genetic_algorithm,sphere,112,3400,0.020529655074015017
genetic_algorithm,sphere,112,3500,0.019637034753138393
genetic_algorithm,sphere,112,3600,0.019466609991730922
genetic_algorithm,sphere,112,3700,0.01879938904932319
genetic_algorithm,sphere,112,3800,0.01879938904932319
genetic_algorithm,sphere,112,3900,0.017581395625770116
genetic_algorithm,sphere,112,4000,0.014534706288899161
genetic_algorithm,sphere,112,4100,0.012198825796534076
genetic_algorithm,sphere,112,4200,0.010849295087710912
genetic_algorithm,sphere,112,4300,0.010510558772640833
genetic_algorithm,sphere,112,4400,0.010133943425085279
genetic_algorithm,sphere,112,4500,0.008804575609556763
genetic_algorithm,sphere,112,4600,0.008594623428562652
genetic_algorithm,sphere,112,4700,0.007877985647023408
genetic_algorithm,sphere,112,4800,0.007774450837800725
genetic_algorithm,sphere,112,4900,0.007774450837800725
genetic_algorithm,sphere,112,5000,0.006498290606183753
genetic_algorithm,sphere,112,5100,0.006486736860997238
genetic_algorithm,sphere,112,5200,0.0048453320150403335
genetic_algorithm,sphere,112,5300,0.004265854663126714
genetic_algorithm,sphere,112,5400,0.0035370097354850446
genetic_algorithm,sphere,112,5500,0.0035071030035449245
genetic_algorithm,sphere,112,5600,0.0034217930415848096
genetic_algorithm,sphere,112,5700,0.002509146350518457
genetic_algorithm,sphere,112,5800,0.002047671076565502
genetic_algorithm,sphere,112,5900,0.001963897740849246
genetic_algorithm,sphere,112,6000,0.0019611250355488926
genetic_algorithm,sphere,112,6100,0.0018646384919364075
genetic_algorithm,sphere,112,6200,0.0018557388286093573
genetic_algorithm,sphere,112,6300,0.0017099255625495139
genetic_algorithm,sphere,112,6400,0.0017076154811452734
genetic_algorithm,sphere,112,6500,0.001528952929814972
genetic_algorithm,sphere,112,6600,0.0015106223839753022
genetic_algorithm,sphere,112,6700,0.0014920965693877254
genetic_algorithm,sphere,112,6800,0.0008132070002732323
genetic_algorithm,sphere,112,6900,0.0007897392888248726
genetic_algorithm,sphere,112,7000,0.000689970640916787
genetic_algorithm,sphere,112,7100,0.0004141194453085945
genetic_algorithm,sphere,112,7200,0.0004141194453085945
genetic_algorithm,sphere,112,7300,0.0004099329606130917
genetic_algorithm,sphere,112,7400,0.0004099329606130917
genetic_algorithm,sphere,112,7500,0.0004099302861948031
genetic_algorithm,sphere,112,7600,0.00037380605080978354
genetic_algorithm,sphere,112,7700,0.00037317640386070396
genetic_algorithm,sphere,112,7800,0.00036620554170107786
genetic_algorithm,sphere,112,7900,0.00034041786634440055
genetic_algorithm,sphere,112,8000,0.00033105757981800356
genetic_algorithm,sphere,112,8100,0.00033105757981800356
genetic_algorithm,sphere,112,8200,0.00033105757981800356
genetic_algorithm,sphere,112,8300,0.00032925160838178285
genetic_algorithm,sphere,112,8400,0.000318749128589332
genetic_algorithm,sphere,112,8500,0.00031865210282867076
genetic_algorithm,sphere,112,8600,0.00031595815811850416
genetic_algorithm,sphere,112,8700,0.00031494785695688907
genetic_algorithm,sphere,112,8800,0.00029583515473730954
genetic_algorithm,sphere,112,8900,0.00029583515473730954
genetic_algorithm,sphere,112,9000,0.00029583515473730954
genetic_algorithm,sphere,112,9100,0.0002114069608941554
genetic_algorithm,sphere,112,9200,0.00020877823490131678
genetic_algorithm,sphere,112,9300,0.0001558960982767651
genetic_algorithm,sphere,112,9400,9.795716295699834e-05
genetic_algorithm,sphere,112,9500,9.795716295699834e-05
genetic_algorithm,sphere,112,9600,9.794247650137417e-05
genetic_algorithm,sphere,112,9700,9.612540763904686e-05
genetic_algorithm,sphere,112,9800,8.534825933530858e-05
genetic_algorithm,sphere,112,9900,8.529325883656045e-05
genetic_algorithm,sphere,112,10000,8.529325883656045e-05
genetic_algorithm,sphere,112,10100,8.092372036429207e-05
genetic_algorithm,sphere,112,10200,8.092242370948865e-05
genetic_algorithm,sphere,112,10300,8.090151563441352e-05
genetic_algorithm,sphere,112,10400,7.241539828458082e-05
genetic_algorithm,sphere,112,10500,7.18219759547425e-05
genetic_algorithm,sphere,112,10600,6.825097789500719e-05
genetic_algorithm,sphere,112,10700,5.769028769426312e-05
genetic_algorithm,sphere,112,10800,5.769028769426312e-05
genetic_algorithm,sphere,112,10900,5.739212569142648e-05
genetic_algorithm,sphere,112,11000,5.655433000914477e-05
genetic_algorithm,sphere,112,11100,2.692455263414947e-05
genetic_algorithm,sphere,112,11200,2.501054827859622e-05
genetic_algorithm,sphere,112,11300,2.4530827912439435e-05
genetic_algorithm,sphere,112,11400,1.6535417834097376e-05
genetic_algorithm,sphere,112,11500,1.643994704928815e-05
genetic_algorithm,sphere,112,11600,1.593948251884318e-05
genetic_algorithm,sphere,112,11700,1.4988750290187658e-05
genetic_algorithm,sphere,112,11800,1.4988750290187658e-05
genetic_algorithm,sphere,112,11900,1.4174815971169816e-05
genetic_algorithm,sphere,112,12000,1.3616991206199975e-05
genetic_algorithm,sphere,112,12100,1.3071085970104937e-05
genetic_algorithm,sphere,112,12200,1.3071085970104937e-05
genetic_algorithm,sphere,112,12300,1.3020556673223955e-05
genetic_algorithm,sphere,112,12400,1.274658677489508e-05
genetic_algorithm,sphere,112,12500,1.274658677489508e-05
genetic_algorithm,sphere,112,12600,1.274658677489508e-05
genetic_algorithm,sphere,112,12700,1.273805780052317e-05
genetic_algorithm,sphere,112,12800,1.273805780052317e-05
genetic_algorithm,sphere,112,12900,8.968818938266777e-06
genetic_algorithm,sphere,112,13000,8.443464701583275e-06
genetic_algorithm,sphere,112,13100,8.310281371411856e-06
genetic_algorithm,sphere,112,13200,8.25061331142878e-06
genetic_algorithm,sphere,112,13300,7.267146964404971e-06
genetic_algorithm,sphere,112,13400,6.9760574164773095e-06
genetic_algorithm,sphere,112,13500,6.945806221739522e-06
genetic_algorithm,sphere,112,13600,6.869665902298489e-06
genetic_algorithm,sphere,112,13700,1.883279910703433e-06
genetic_algorithm,sphere,112,13800,1.8271945283897428e-06
genetic_algorithm,sphere,112,13900,1.8140507592587244e-06
genetic_algorithm,sphere,112,14000,1.8140507592587244e-06
genetic_algorithm,sphere,112,14100,1.8140507592587244e-06
genetic_algorithm,sphere,112,14200,1.8140507592587244e-06
genetic_algorithm,sphere,112,14300,1.8140507592587244e-06
genetic_algorithm,sphere,112,14400,1.8140507592587244e-06
genetic_algorithm,sphere,112,14500,1.8140507592587244e-06
genetic_algorithm,sphere,112,14600,1.8140507592587244e-06
genetic_algorithm,sphere,112,14700,1.7623330608210093e-06
genetic_algorithm,sphere,112,14800,1.6001030167977975e-06
genetic_algorithm,sphere,112,14900,1.6001030167977975e-06
genetic_algorithm,sphere,112,15000,1.5930715984714184e-06
genetic_algorithm,sphere,112,15100,1.5891794086078508e-06
genetic_algorithm,sphere,112,15200,1.5882519436346955e-06
genetic_algorithm,sphere,112,15300,1.5726135677668115e-06
genetic_algorithm,sphere,112,15400,1.5726135677668115e-06
genetic_algorithm,sphere,112,15500,1.567865631604169e-06
genetic_algorithm,sphere,112,15600,1.5619771949524783e-06
genetic_algorithm,sphere,112,15700,1.5619771949524783e-06
genetic_algorithm,sphere,112,15800,1.5619771949524783e-06
genetic_algorithm,sphere,112,15900,1.5619771949524783e-06
genetic_algorithm,sphere,112,16000,1.0941344085395845e-06
genetic_algorithm,sphere,112,16100,1.0941344085395845e-06
genetic_algorithm,sphere,112,16200,1.0941344085395845e-06
genetic_algorithm,sphere,112,16300,1.0765188741859689e-06
genetic_algorithm,sphere,112,16400,1.0409394882553198e-06
genetic_algorithm,sphere,112,16500,1.0409394882553198e-06
genetic_algorithm,sphere,112,16600,1.0409394882553198e-06
genetic_algorithm,sphere,112,16700,1.039574747370832e-06
genetic_algorithm,sphere,112,16800,9.28137929255936e-07
genetic_algorithm,sphere,112,16900,9.210051807531464e-07
genetic_algorithm,sphere,112,17000,9.061633247758817e-07
genetic_algorithm,sphere,112,17100,7.727257398515343e-07
genetic_algorithm,sphere,112,17200,6.783689923005664e-07
genetic_algorithm,sphere,112,17300,5.541034246602261e-07
genetic_algorithm,sphere,112,17400,5.540954591613394e-07
genetic_algorithm,sphere,112,17500,5.540954591613394e-07
genetic_algorithm,sphere,112,17600,5.540954591613394e-07
genetic_algorithm,sphere,112,17700,5.534433719093841e-07
genetic_algorithm,sphere,112,17800,5.400477748312231e-07
genetic_algorithm,sphere,112,17900,5.400477748312231e-07
genetic_algorithm,sphere,112,18000,5.303574171290684e-07
genetic_algorithm,sphere,112,18100,5.303574171290683e-07
genetic_algorithm,sphere,112,18200,5.287698426740654e-07
genetic_algorithm,sphere,112,18300,5.287698426740654e-07
genetic_algorithm,sphere,112,18400,5.287698426740654e-07
genetic_algorithm,sphere,112,18500,5.287698426740654e-07
genetic_algorithm,sphere,112,18600,5.287698426740654e-07
genetic_algorithm,sphere,112,18700,5.28602235018124e-07
genetic_algorithm,sphere,112,18800,5.28602235018124e-07
genetic_algorithm,sphere,112,18900,5.28602235018124e-07
genetic_algorithm,sphere,112,19000,5.28602235018124e-07
genetic_algorithm,sphere,112,19100,5.28602234897752e-07
genetic_algorithm,sphere,112,19200,5.281713333358331e-07
genetic_algorithm,sphere,112,19300,5.281713333358331e-07
genetic_algorithm,sphere,112,19400,5.281713333358331e-07
genetic_algorithm,sphere,112,19500,5.281645280422284e-07
genetic_algorithm,sphere,112,19600,5.273000362127992e-07
genetic_algorithm,sphere,112,19700,5.273000362127992e-07
genetic_algorithm,sphere,112,19800,5.266372668542019e-07
genetic_algorithm,sphere,112,19900,5.24814079545452e-07
genetic_algorithm,sphere,112,20000,5.187888544189978e-07
genetic_algorithm,sphere,113,100,17.60597664512656
genetic_algorithm,sphere,113,200,12.71149637744118
genetic_algorithm,sphere,113,300,7.039391669150903
genetic_algorithm,sphere,113,400,4.717069420569505
genetic_algorithm,sphere,113,500,4.487834219719195
genetic_algorithm,sphere,113,600,3.5442253367134713
genetic_algorithm,sphere,113,700,1.945717695712595
genetic_algorithm,sphere,113,800,1.2645548602453267
genetic_algorithm,sphere,113,900,1.02799028620053
genetic_algorithm,sphere,113,1000,0.8471531333199191
genetic_algorithm,sphere,113,1100,0.5521049655162532
genetic_algorithm,sphere,113,1200,0.34440214809915604
genetic_algorithm,sphere,113,1300,0.3138966895040415
genetic_algorithm,sphere,113,1400,0.2252540512708822
genetic_algorithm,sphere,113,1500,0.10531717062985718
genetic_algorithm,sphere,113,1600,0.08427544378404268
genetic_algorithm,sphere,113,1700,0.07299160454295633
genetic_algorithm,sphere,113,1800,0.06632741809241503
genetic_algorithm,sphere,113,1900,0.057849995374738505
genetic_algorithm,sphere,113,2000,0.04938446774569062
genetic_algorithm,sphere,113,2100,0.04938446774569062
genetic_algorithm,sphere,113,2200,0.042396942357995036
genetic_algorithm,sphere,113,2300,0.042396942357995036
genetic_algorithm,sphere,113,2400,0.042396942357995036
genetic_algorithm,sphere,113,2500,0.04150750792477733
genetic_algorithm,sphere,113,2600,0.03251287886188418
genetic_algorithm,sphere,113,2700,0.020115331755262093
genetic_algorithm,sphere,113,2800,0.013161323160438193
genetic_algorithm,sphere,113,2900,0.012976965195561721
genetic_algorithm,sphere,113,3000,0.012883441393276534
genetic_algorithm,sphere,113,3100,0.012811460097935864
genetic_algorithm,sphere,113,3200,0.010308138176255931
genetic_algorithm,sphere,113,3300,0.00766156006250848
genetic_algorithm,sphere,113,3400,0.007127831859535995
genetic_algorithm,sphere,113,3500,0.006746075669515679
genetic_algorithm,sphere,113,3600,0.006718996276146229
genetic_algorithm,sphere,113,3700,0.006600474546032817
genetic_algorithm,sphere,113,3800,0.005108116014909038
genetic_algorithm,sphere,113,3900,0.004849396748626028
genetic_algorithm,sphere,113,4000,0.0047250981452257625
genetic_algorithm,sphere,113,4100,0.0047195309830191205
genetic_algorithm,sphere,113,4200,0.004591355552093532
genetic_algorithm,sphere,113,4300,0.004520643746019756
genetic_algorithm,sphere,113,4400,0.004512217516901577
genetic_algorithm,sphere,113,4500,0.0045111565962452325
genetic_algorithm,sphere,113,4600,0.00445594344524975
genetic_algorithm,sphere,113,4700,0.004164954580497875
genetic_algorithm,sphere,113,4800,0.00415636766684846
genetic_algorithm,sphere,113,4900,0.004005424522085662
genetic_algorithm,sphere,113,5000,0.0031319749663661503
genetic_algorithm,sphere,113,5100,0.0027862891479169755
genetic_algorithm,sphere,113,5200,0.002211836694395347
genetic_algorithm,sphere,113,5300,0.002211836694395347
genetic_algorithm,sphere,113,5400,0.002211836694395347
genetic_algorithm,sphere,113,5500,0.0014759699466262656
genetic_algorithm,sphere,113,5600,0.001413339663348546
genetic_algorithm,sphere,113,5700,0.0012060185979879457
genetic_algorithm,sphere,113,5800,0.0011757142508339454
genetic_algorithm,sphere,113,5900,0.0011757142508339454
genetic_algorithm,sphere,113,6000,0.0011305753940973912
genetic_algorithm,sphere,113,6100,0.001121627233243888
genetic_algorithm,sphere,113,6200,0.001014384976389361
genetic_algorithm,sphere,113,6300,0.001006313821411412
genetic_algorithm,sphere,113,6400,0.000999218048499074
genetic_algorithm,sphere,113,6500,0.0009618017636216886
genetic_algorithm,sphere,113,6600,0.0009006189776186156
genetic_algorithm,sphere,113,6700,0.0008633724549512386
genetic_algorithm,sphere,113,6800,0.0008616068741400147
genetic_algorithm,sphere,113,6900,0.0008246338159294379
genetic_algorithm,sphere,113,7000,0.0008008431613502966
genetic_algorithm,sphere,113,7100,0.0005575852040209566
genetic_algorithm,sphere,113,7200,0.0004564369921768194
genetic_algorithm,sphere,113,7300,0.00045518094817545527
genetic_algorithm,sphere,113,7400,0.00045518094817545527
genetic_algorithm,sphere,113,7500,0.0004547806188654876
genetic_algorithm,sphere,113,7600,0.0003664426009436237
genetic_algorithm,sphere,113,7700,0.0003664426009436237
genetic_algorithm,sphere,113,7800,0.0003648524416944777
genetic_algorithm,sphere,113,7900,0.00036472662889692304
genetic_algorithm,sphere,113,8000,0.00032482133152757626
genetic_algorithm,sphere,113,8100,0.00027874425437109525
genetic_algorithm,sphere,113,8200,0.00027874425437109525
genetic_algorithm,sphere,113,8300,0.0002646315905100593
genetic_algorithm,sphere,113,8400,0.00026337287410025
genetic_algorithm,sphere,113,8500,0.00021748345789142552
genetic_algorithm,sphere,113,8600,0.00020868029620330306
genetic_algorithm,sphere,113,8700,0.00020825432316171798
genetic_algorithm,sphere,113,8800,0.00020598200604921512
genetic_algorithm,sphere,113,8900,0.00020598200604921512
genetic_algorithm,sphere,113,9000,0.00020598200604921512
genetic_algorithm,sphere,113,9100,0.00020396580176613795
genetic_algorithm,sphere,113,9200,0.00020221299405503404
genetic_algorithm,sphere,113,9300,0.00020041997942417484
genetic_algorithm,sphere,113,9400,0.0001723544923831873
genetic_algorithm,sphere,113,9500,0.00014899091153125173
genetic_algorithm,sphere,113,9600,0.00014157738158224347
genetic_algorithm,sphere,113,9700,0.00013812644977062634
genetic_algorithm,sphere,113,9800,0.00013805190621000527
genetic_algorithm,sphere,113,9900,0.00011585059183604741
genetic_algorithm,sphere,113,10000,0.00011564396532932784
genetic_algorithm,sphere,113,10100,9.942663543462413e-05
genetic_algorithm,sphere,113,10200,9.00251676896544e-05
genetic_algorithm,sphere,113,10300,8.823358246739153e-05
genetic_algorithm,sphere,113,10400,8.349333502689422e-05
genetic_algorithm,sphere,113,10500,7.850819318166557e-05
genetic_algorithm,sphere,113,10600,7.740203626387113e-05
genetic_algorithm,sphere,113,10700,6.717106892824711e-05
genetic_algorithm,sphere,113,10800,6.653229962167507e-05
genetic_algorithm,sphere,113,10900,6.647039619846089e-05
genetic_algorithm,sphere,113,11000,6.647039619846089e-05
genetic_algorithm,sphere,113,11100,6.59818185768167e-05
genetic_algorithm,sphere,113,11200,6.59818185768167e-05
genetic_algorithm,sphere,113,11300,6.59818185768167e-05
genetic_algorithm,sphere,113,11400,2.4404078586853105e-05
genetic_algorithm,sphere,113,11500,2.3336140464324418e-05
genetic_algorithm,sphere,113,11600,2.3336140464324418e-05
genetic_algorithm,sphere,113,11700,2.3336140464324418e-05
genetic_algorithm,sphere,113,11800,2.3336140464324418e-05
genetic_algorithm,sphere,113,11900,2.2451221906319812e-05
genetic_algorithm,sphere,113,12000,2.200690608538412e-05
genetic_algorithm,sphere,113,12100,2.161585860283752e-05
genetic_algorithm,sphere,113,12200,2.1557927989657415e-05
genetic_algorithm,sphere,113,12300,2.1557927989657415e-05
genetic_algorithm,sphere,113,12400,2.1454965332394365e-05
genetic_algorithm,sphere,113,12500,2.12549166724782e-05
genetic_algorithm,sphere,113,12600,2.1139386768319505e-05
genetic_algorithm,sphere,113,12700,2.107605380974662e-05
genetic_algorithm,sphere,113,12800,2.1075864731882173e-05
genetic_algorithm,sphere,113,12900,1.461091892386792e-05
genetic_algorithm,sphere,113,13000,1.4265950163394169e-05
genetic_algorithm,sphere,113,13100,1.4104660482177892e-05
genetic_algorithm,sphere,113,13200,1.4104660482177892e-05
genetic_algorithm,sphere,113,13300,1.4104660482177892e-05
genetic_algorithm,sphere,113,13400,1.4098153551163556e-05
genetic_algorithm,sphere,113,13500,1.4084524502040803e-05
genetic_algorithm,sphere,113,13600,1.4075151882265262e-05
genetic_algorithm,sphere,113,13700,1.3983549708747609e-05
genetic_algorithm,sphere,113,13800,1.3983549708747609e-05
genetic_algorithm,sphere,113,13900,1.3494801192966717e-05
genetic_algorithm,sphere,113,14000,8.975835223033549e-06
genetic_algorithm,sphere,113,14100,8.975835223033549e-06
genetic_algorithm,sphere,113,14200,4.968089055408156e-06
genetic_algorithm,sphere,113,14300,4.967022574913605e-06
genetic_algorithm,sphere,113,14400,4.9390769013941835e-06
genetic_algorithm,sphere,113,14500,4.9390769013941835e-06
genetic_algorithm,sphere,113,14600,4.557816857198578e-06
genetic_algorithm,sphere,113,14700,4.5393423613811095e-06
genetic_algorithm,sphere,113,14800,4.4869796122734855e-06
genetic_algorithm,sphere,113,14900,4.424660821762006e-06
genetic_algorithm,sphere,113,15000,4.4025098503895315e-06
genetic_algorithm,sphere,113,15100,4.402509850389531e-06
genetic_algorithm,sphere,113,15200,4.309039343715954e-06
genetic_algorithm,sphere,113,15300,1.7585430089206402e-06
genetic_algorithm,sphere,113,15400,1.6687909826420803e-06
genetic_algorithm,sphere,113,15500,1.5391917611609334e-06
genetic_algorithm,sphere,113,15600,1.3593192622073476e-06
genetic_algorithm,sphere,113,15700,1.359302903045047e-06
genetic_algorithm,sphere,113,15800,1.2065892107895032e-06
genetic_algorithm,sphere,113,15900,1.196622632313437e-06
genetic_algorithm,sphere,113,16000,1.196622632313437e-06
genetic_algorithm,sphere,113,16100,1.1527334467941095e-06
genetic_algorithm,sphere,113,16200,1.1383789905284588e-06
genetic_algorithm,sphere,113,16300,1.1383789905284588e-06
genetic_algorithm,sphere,113,16400,8.945328403287481e-07
genetic_algorithm,sphere,113,16500,8.945328403287481e-07
genetic_algorithm,sphere,113,16600,7.941291352328825e-07
genetic_algorithm,sphere,113,16700,7.941291352328825e-07
genetic_algorithm,sphere,113,16800,7.941291352328825e-07
genetic_algorithm,sphere,113,16900,7.941291352328825e-07
genetic_algorithm,sphere,113,17000,7.941291352328825e-07
genetic_algorithm,sphere,113,17100,7.934149576228755e-07
genetic_algorithm,sphere,113,17200,7.323279203196682e-07
genetic_algorithm,sphere,113,17300,7.292364077275115e-07
genetic_algorithm,sphere,113,17400,7.292364077275115e-07
genetic_algorithm,sphere,113,17500,7.27975879228613e-07
genetic_algorithm,sphere,113,17600,7.25277322979974e-07
genetic_algorithm,sphere,113,17700,7.25277322979974e-07
genetic_algorithm,sphere,113,17800,6.399509879779188e-07
genetic_algorithm,sphere,113,17900,6.399509879779188e-07
genetic_algorithm,sphere,113,18000,6.399509879779188e-07
genetic_algorithm,sphere,113,18100,6.004248067621864e-07
genetic_algorithm,sphere,113,18200,5.989995929005181e-07
genetic_algorithm,sphere,113,18300,5.989995929005181e-07
genetic_algorithm,sphere,113,18400,5.989772246034651e-07
genetic_algorithm,sphere,113,18500,5.917663939204828e-07
genetic_algorithm,sphere,113,18600,5.917663939204828e-07
genetic_algorithm,sphere,113,18700,5.913831499966355e-07
genetic_algorithm,sphere,113,18800,5.713878798528277e-07
genetic_algorithm,sphere,113,18900,5.359423636034728e-07
genetic_algorithm,sphere,113,19000,5.060320412593904e-07
genetic_algorithm,sphere,113,19100,5.060320412593904e-07
genetic_algorithm,sphere,113,19200,5.060320412593904e-07
genetic_algorithm,sphere,113,19300,5.060320412593904e-07
genetic_algorithm,sphere,113,19400,5.060287124249333e-07
genetic_algorithm,sphere,113,19500,3.409897148177803e-07
genetic_algorithm,sphere,113,19600,3.409897148177803e-07
genetic_algorithm,sphere,113,19700,3.409897148177803e-07
genetic_algorithm,sphere,113,19800,3.4098186019646765e-07
genetic_algorithm,sphere,113,19900,3.333872602898462e-07
genetic_algorithm,sphere,113,20000,3.333872602898462e-07
genetic_algorithm,sphere,114,100,41.0232368076946
genetic_algorithm,sphere,114,200,33.38297312187943
genetic_algorithm,sphere,114,300,32.91483818307736
genetic_algorithm,sphere,114,400,25.547475110886342
genetic_algorithm,sphere,114,500,24.957888767972882
genetic_algorithm,sphere,114,600,16.451027580725658
genetic_algorithm,sphere,114,700,16.26631321406463
genetic_algorithm,sphere,114,800,13.08784800972591
genetic_algorithm,sphere,114,900,8.472571947332826
genetic_algorithm,sphere,114,1000,5.424757026410678
genetic_algorithm,sphere,114,1100,2.9584405921731527
genetic_algorithm,sphere,114,1200,2.067239176913932
genetic_algorithm,sphere,114,1300,1.8359993815791011
genetic_algorithm,sphere,114,1400,1.4651288093111206
genetic_algorithm,sphere,114,1500,0.7088124004033083
genetic_algorithm,sphere,114,1600,0.4834974886061005
genetic_algorithm,sphere,114,1700,0.3374967309820255
genetic_algorithm,sphere,114,1800,0.30552920783359744
genetic_algorithm,sphere,114,1900,0.3003998570697861
genetic_algorithm,sphere,114,2000,0.21025244313519786
genetic_algorithm,sphere,114,2100,0.14155035275156683
genetic_algorithm,sphere,114,2200,0.14155035275156683
genetic_algorithm,sphere,114,2300,0.06077726788990486
genetic_algorithm,sphere,114,2400,0.06077726788990486
genetic_algorithm,sphere,114,2500,0.03964103776487569
genetic_algorithm,sphere,114,2600,0.03964103776487569
genetic_algorithm,sphere,114,2700,0.035608109959078905
genetic_algorithm,sphere,114,2800,0.02410951927595212
genetic_algorithm,sphere,114,2900,0.023684054832968433
genetic_algorithm,sphere,114,3000,0.01916181729685223
genetic_algorithm,sphere,114,3100,0.018555292668203886
genetic_algorithm,sphere,114,3200,0.018555292668203886
genetic_algorithm,sphere,114,3300,0.01765984330060223
genetic_algorithm,sphere,114,3400,0.01286392596162352
genetic_algorithm,sphere,114,3500,0.012161480011702537
genetic_algorithm,sphere,114,3600,0.011534381911578698
genetic_algorithm,sphere,114,3700,0.01086440633234273
genetic_algorithm,sphere,114,3800,0.008864297880987138
genetic_algorithm,sphere,114,3900,0.0068960973450862585
genetic_algorithm,sphere,114,4000,0.00657341564993142
genetic_algorithm,sphere,114,4100,0.006237782876533817
genetic_algorithm,sphere,114,4200,0.005866817994319619
genetic_algorithm,sphere,114,4300,0.005047450513720647
genetic_algorithm,sphere,114,4400,0.00448807415333071
genetic_algorithm,sphere,114,4500,0.00448807415333071
genetic_algorithm,sphere,114,4600,0.00448807415333071
genetic_algorithm,sphere,114,4700,0.00448807415333071
genetic_algorithm,sphere,114,4800,0.004348051826831908
genetic_algorithm,sphere,114,4900,0.004130148791107228
genetic_algorithm,sphere,114,5000,0.003685435529891225
genetic_algorithm,sphere,114,5100,0.0021585078293863517
genetic_algorithm,sphere,114,5200,0.0021441441370141966
genetic_algorithm,sphere,114,5300,0.002106503715511218
genetic_algorithm,sphere,114,5400,0.002067350864134149
genetic_algorithm,sphere,114,5500,0.0020195357943769247
genetic_algorithm,sphere,114,5600,0.0020195357943769247
genetic_algorithm,sphere,114,5700,0.001852368555031218
genetic_algorithm,sphere,114,5800,0.0018462482903896034
genetic_algorithm,sphere,114,5900,0.0016242127802628481
genetic_algorithm,sphere,114,6000,0.0015272319520861723
genetic_algorithm,sphere,114,6100,0.0015257261253298698
genetic_algorithm,sphere,114,6200,0.001524466624716016
genetic_algorithm,sphere,114,6300,0.0014384701831251978
genetic_algorithm,sphere,114,6400,0.00106619895554345
genetic_algorithm,sphere,114,6500,0.0010626852033766062
genetic_algorithm,sphere,114,6600,0.0009115544580295573
genetic_algorithm,sphere,114,6700,0.0008075992440816567
genetic_algorithm,sphere,114,6800,0.000799874348654818
genetic_algorithm,sphere,114,6900,0.0007603560512900227
genetic_algorithm,sphere,114,7000,0.0007550634566957703
genetic_algorithm,sphere,114,7100,0.000523434279398444
genetic_algorithm,sphere,114,7200,0.0004914850279351639
genetic_algorithm,sphere,114,7300,0.0004709681545715426
genetic_algorithm,sphere,114,7400,0.0004709681545715426
genetic_algorithm,sphere,114,7500,0.0004709681545715426
genetic_algorithm,sphere,114,7600,0.00047063166340039896
genetic_algorithm,sphere,114,7700,0.0004698433192649117
genetic_algorithm,sphere,114,7800,0.0004631212576750766
genetic_algorithm,sphere,114,7900,0.0004631212576750766
genetic_algorithm,sphere,114,8000,0.00045203623188964036
genetic_algorithm,sphere,114,8100,0.000451495693023757
genetic_algorithm,sphere,114,8200,0.000451495693023757
genetic_algorithm,sphere,114,8300,0.000451495693023757
genetic_algorithm,sphere,114,8400,0.000451495693023757
genetic_algorithm,sphere,114,8500,0.000451495693023757
genetic_algorithm,sphere,114,8600,0.0004421869606265076
genetic_algorithm,sphere,114,8700,0.00042574518534750085
genetic_algorithm,sphere,114,8800,0.00019765719350857983
genetic_algorithm,sphere,114,8900,0.0001646628161919954
genetic_algorithm,sphere,114,9000,0.00016236765316193978
genetic_algorithm,sphere,114,9100,0.0001598086759458447
genetic_algorithm,sphere,114,9200,0.00014237265780648895
genetic_algorithm,sphere,114,9300,0.00010937890983546727
genetic_algorithm,sphere,114,9400,8.880976614784879e-05
genetic_algorithm,sphere,114,9500,7.976945663542017e-05
genetic_algorithm,sphere,114,9600,7.976945663542017e-05
genetic_algorithm,sphere,114,9700,6.491731181470408e-05
genetic_algorithm,sphere,114,9800,6.491731181470408e-05
genetic_algorithm,sphere,114,9900,6.444761351989018e-05
genetic_algorithm,sphere,114,10000,6.377451495169453e-05
genetic_algorithm,sphere,114,10100,4.744006349818408e-05
genetic_algorithm,sphere,114,10200,4.744006349818408e-05
genetic_algorithm,sphere,114,10300,4.618481411197269e-05
genetic_algorithm,sphere,114,10400,4.5010089785727245e-05
genetic_algorithm,sphere,114,10500,4.5010089785727245e-05
genetic_algorithm,sphere,114,10600,4.488621364856032e-05
genetic_algorithm,sphere,114,10700,4.4876116564761135e-05
genetic_algorithm,sphere,114,10800,4.431555172274546e-05
genetic_algorithm,sphere,114,10900,4.431555172274546e-05
genetic_algorithm,sphere,114,11000,4.416349690914755e-05
genetic_algorithm,sphere,114,11100,4.416349690914755e-05
genetic_algorithm,sphere,114,11200,3.949939631786591e-05
genetic_algorithm,sphere,114,11300,2.9998139238063997e-05
genetic_algorithm,sphere,114,11400,2.9993884568662468e-05
genetic_algorithm,sphere,114,11500,2.997973673350236e-05
genetic_algorithm,sphere,114,11600,2.623057161407258e-05
genetic_algorithm,sphere,114,11700,2.5826712150756846e-05
genetic_algorithm,sphere,114,11800,2.5666951974826522e-05
genetic_algorithm,sphere,114,11900,2.566642925685286e-05
genetic_algorithm,sphere,114,12000,2.4915188689629088e-05
genetic_algorithm,sphere,114,12100,2.4806436635629026e-05
genetic_algorithm,sphere,114,12200,2.3591711119007963e-05
genetic_algorithm,sphere,114,12300,2.35806699974222e-05
genetic_algorithm,sphere,114,12400,2.351871584206281e-05
genetic_algorithm,sphere,114,12500,2.351871584206281e-05
genetic_algorithm,sphere,114,12600,2.3171922902101464e-05
genetic_algorithm,sphere,114,12700,2.3132132625908423e-05
genetic_algorithm,sphere,114,12800,2.311660659738342e-05
genetic_algorithm,sphere,114,12900,2.0944630312869977e-05
genetic_algorithm,sphere,114,13000,2.0895602032825734e-05
genetic_algorithm,sphere,114,13100,1.8763808145749366e-05
genetic_algorithm,sphere,114,13200,1.8677367751192638e-05
genetic_algorithm,sphere,114,13300,1.8663041672200366e-05
genetic_algorithm,sphere,114,13400,1.8663041672200366e-05
genetic_algorithm,sphere,114,13500,1.863330899608578e-05
genetic_algorithm,sphere,114,13600,1.4109580205231663e-05
genetic_algorithm,sphere,114,13700,1.3411246169919665e-05
genetic_algorithm,sphere,114,13800,8.909060458201315e-06
genetic_algorithm,sphere,114,13900,8.67931079571684e-06
genetic_algorithm,sphere,114,14000,8.67931079571684e-06
genetic_algorithm,sphere,114,14100,7.734898316922667e-06
genetic_algorithm,sphere,114,14200,7.185209920361462e-06
genetic_algorithm,sphere,114,14300,7.185209920361462e-06
genetic_algorithm,sphere,114,14400,7.144242207954624e-06
genetic_algorithm,sphere,114,14500,6.9546924439347766e-06
genetic_algorithm,sphere,114,14600,6.334008558537591e-06
genetic_algorithm,sphere,114,14700,6.329448603333251e-06
genetic_algorithm,sphere,114,14800,3.1686292486233627e-06
genetic_algorithm,sphere,114,14900,3.1189898357962277e-06
genetic_algorithm,sphere,114,15000,3.1189898357962277e-06
genetic_algorithm,sphere,114,15100,3.1189898357962277e-06
genetic_algorithm,sphere,114,15200,3.1189898357962277e-06
genetic_algorithm,sphere,114,15300,3.0675808365630766e-06
genetic_algorithm,sphere,114,15400,2.524890228000864e-06
genetic_algorithm,sphere,114,15500,2.450981437702011e-06
genetic_algorithm,sphere,114,15600,2.450981437702011e-06
genetic_algorithm,sphere,114,15700,2.450981437702011e-06
genetic_algorithm,sphere,114,15800,2.3438342855522994e-06
genetic_algorithm,sphere,114,15900,1.8157312934228623e-06
genetic_algorithm,sphere,114,16000,1.2883878931737284e-06
genetic_algorithm,sphere,114,16100,1.2883878931737284e-06
genetic_algorithm,sphere,114,16200,1.2883878931737284e-06
genetic_algorithm,sphere,114,16300,1.2630308317298141e-06
genetic_algorithm,sphere,114,16400,1.2630308317298141e-06
genetic_algorithm,sphere,114,16500,1.1727408302412268e-06
genetic_algorithm,sphere,114,16600,1.1711216175152752e-06
genetic_algorithm,sphere,114,16700,9.15426473926132e-07
genetic_algorithm,sphere,114,16800,8.071611042064082e-07
genetic_algorithm,sphere,114,16900,8.071611042064082e-07
genetic_algorithm,sphere,114,17000,8.071611042064082e-07
genetic_algorithm,sphere,114,17100,8.071611042064082e-07
genetic_algorithm,sphere,114,17200,8.071611042064082e-07
genetic_algorithm,sphere,114,17300,7.923307519178583e-07
genetic_algorithm,sphere,114,17400,7.230573605491834e-07
genetic_algorithm,sphere,114,17500,7.230573605491834e-07
genetic_algorithm,sphere,114,17600,7.212539939069218e-07
genetic_algorithm,sphere,114,17700,6.92564607226935e-07
genetic_algorithm,sphere,114,17800,6.722090433189873e-07
genetic_algorithm,sphere,114,17900,6.68502838842806e-07
genetic_algorithm,sphere,114,18000,6.68502838842806e-07
genetic_algorithm,sphere,114,18100,6.681354608322973e-07
genetic_algorithm,sphere,114,18200,6.590179383626709e-07
genetic_algorithm,sphere,114,18300,6.590179383626709e-07
genetic_algorithm,sphere,114,18400,6.585693506202131e-07
genetic_algorithm,sphere,114,18500,6.585693506202131e-07
genetic_algorithm,sphere,114,18600,6.585693506202131e-07
genetic_algorithm,sphere,114,18700,6.585692341689547e-07
genetic_algorithm,sphere,114,18800,6.323558324325607e-07
genetic_algorithm,sphere,114,18900,6.323558324325607e-07
genetic_algorithm,sphere,114,19000,6.323558324325607e-07
genetic_algorithm,sphere,114,19100,6.323558324325607e-07
genetic_algorithm,sphere,114,19200,6.323558324325607e-07
genetic_algorithm,sphere,114,19300,2.387855225241414e-07
genetic_algorithm,sphere,114,19400,2.30711091325911e-07
genetic_algorithm,sphere,114,19500,2.30711091325911e-07
genetic_algorithm,sphere,114,19600,2.30711091325911e-07
genetic_algorithm,sphere,114,19700,2.30711091325911e-07
genetic_algorithm,sphere,114,19800,2.30711091325911e-07
genetic_algorithm,sphere,114,19900,2.30711091325911e-07
genetic_algorithm,sphere,114,20000,2.30711091325911e-07
genetic_algorithm,sphere,115,100,35.653168276262015
genetic_algorithm,sphere,115,200,23.93978542821064
genetic_algorithm,sphere,115,300,19.5611450804257
genetic_algorithm,sphere,115,400,14.014727784188938
genetic_algorithm,sphere,115,500,12.418915710898256
genetic_algorithm,sphere,115,600,9.609276777077092
genetic_algorithm,sphere,115,700,6.430102962709155
genetic_algorithm,sphere,115,800,6.31483829832553
genetic_algorithm,sphere,115,900,5.078877604698695
genetic_algorithm,sphere,115,1000,3.3199387260494664
genetic_algorithm,sphere,115,1100,2.731431729737527
genetic_algorithm,sphere,115,1200,1.803761436538952
genetic_algorithm,sphere,115,1300,1.2490454523582426
genetic_algorithm,sphere,115,1400,0.8692350984826789
genetic_algorithm,sphere,115,1500,0.49297686832241794
genetic_algorithm,sphere,115,1600,0.4745440995967821
genetic_algorithm,sphere,115,1700,0.3010675646143835
genetic_algorithm,sphere,115,1800,0.2638813433182429
genetic_algorithm,sphere,115,1900,0.19910639997512009
genetic_algorithm,sphere,115,2000,0.09636809913253268
genetic_algorithm,sphere,115,2100,0.09067765859035921
genetic_algorithm,sphere,115,2200,0.06988694596223691
genetic_algorithm,sphere,115,2300,0.06795311577159853
genetic_algorithm,sphere,115,2400,0.06731312353499705
genetic_algorithm,sphere,115,2500,0.05288451180118239
genetic_algorithm,sphere,115,2600,0.04313948211960235
genetic_algorithm,sphere,115,2700,0.042266139033993115
genetic_algorithm,sphere,115,2800,0.03805218518108476
genetic_algorithm,sphere,115,2900,0.027500179956410208
genetic_algorithm,sphere,115,3000,0.02736076164512027
genetic_algorithm,sphere,115,3100,0.016996221395471703
genetic_algorithm,sphere,115,3200,0.016866131547077806
genetic_algorithm,sphere,115,3300,0.011126202444077995
genetic_algorithm,sphere,115,3400,0.0045265527028293725
genetic_algorithm,sphere,115,3500,0.004508199355102298
genetic_algorithm,sphere,115,3600,0.004481070483208797
genetic_algorithm,sphere,115,3700,0.003824930865427156
genetic_algorithm,sphere,115,3800,0.0038141924985314437
genetic_algorithm,sphere,115,3900,0.0019831599533084903
genetic_algorithm,sphere,115,4000,0.00191567514499229
genetic_algorithm,sphere,115,4100,0.00191567514499229
genetic_algorithm,sphere,115,4200,0.001687616404269538
genetic_algorithm,sphere,115,4300,0.0009276324305118531
genetic_algorithm,sphere,115,4400,0.000927632430511853
genetic_algorithm,sphere,115,4500,0.000850773744445362
genetic_algorithm,sphere,115,4600,0.0008449959124724032
genetic_algorithm,sphere,115,4700,0.0007732629822134087
genetic_algorithm,sphere,115,4800,0.000718498755019989
genetic_algorithm,sphere,115,4900,0.000718498755019989
genetic_algorithm,sphere,115,5000,0.0007114517431668077
genetic_algorithm,sphere,115,5100,0.0005914532541451299
genetic_algorithm,sphere,115,5200,0.0005914532541451299
genetic_algorithm,sphere,115,5300,0.0005914532541451299
genetic_algorithm,sphere,115,5400,0.0003572876218868645
genetic_algorithm,sphere,115,5500,0.0003572876218868645
genetic_algorithm,sphere,115,5600,0.0003572876218868645
genetic_algorithm,sphere,115,5700,0.0003572876218868645
genetic_algorithm,sphere,115,5800,0.0003572876218868645
genetic_algorithm,sphere,115,5900,0.0003559805920643662
genetic_algorithm,sphere,115,6000,0.000338558282106924
genetic_algorithm,sphere,115,6100,0.00032641218283492487
genetic_algorithm,sphere,115,6200,0.00032641218283492487
genetic_algorithm,sphere,115,6300,0.00032641218283492487
genetic_algorithm,sphere,115,6400,0.0003217824002009462
genetic_algorithm,sphere,115,6500,0.0002728111817776261
genetic_algorithm,sphere,115,6600,0.0002726257165825491
genetic_algorithm,sphere,115,6700,0.0002704715407633018
genetic_algorithm,sphere,115,6800,0.00026943435795006275
genetic_algorithm,sphere,115,6900,0.0001499674382378086
genetic_algorithm,sphere,115,7000,0.00014515416371225077
genetic_algorithm,sphere,115,7100,0.00014515416371225077
genetic_algorithm,sphere,115,7200,0.00011552034407333205
genetic_algorithm,sphere,115,7300,0.00010764090819705419
genetic_algorithm,sphere,115,7400,4.435786881409914e-05
genetic_algorithm,sphere,115,7500,4.435786881409914e-05
genetic_algorithm,sphere,115,7600,4.358155834010146e-05
genetic_algorithm,sphere,115,7700,3.363298164206263e-05
genetic_algorithm,sphere,115,7800,3.065762351963651e-05
genetic_algorithm,sphere,115,7900,2.9759385725624087e-05
genetic_algorithm,sphere,115,8000,2.9692609817611806e-05
genetic_algorithm,sphere,115,8100,2.7155873483088255e-05
genetic_algorithm,sphere,115,8200,2.6170697894740718e-05
genetic_algorithm,sphere,115,8300,2.5040382668859488e-05
genetic_algorithm,sphere,115,8400,2.466065627367257e-05
genetic_algorithm,sphere,115,8500,2.466065627367257e-05
genetic_algorithm,sphere,115,8600,2.463128215722885e-05
genetic_algorithm,sphere,115,8700,2.463128215722885e-05
genetic_algorithm,sphere,115,8800,2.463128215722885e-05
genetic_algorithm,sphere,115,8900,2.4393302211114378e-05
genetic_algorithm,sphere,115,9000,2.439210576319911e-05
genetic_algorithm,sphere,115,9100,2.429368593722477e-05
genetic_algorithm,sphere,115,9200,1.600740235859807e-05
genetic_algorithm,sphere,115,9300,1.600740235859807e-05
genetic_algorithm,sphere,115,9400,1.600740235859807e-05
genetic_algorithm,sphere,115,9500,1.6007395181825456e-05
genetic_algorithm,sphere,115,9600,1.4608151104425238e-05
genetic_algorithm,sphere,115,9700,1.4532588026301331e-05
genetic_algorithm,sphere,115,9800,1.4242813658686595e-05
genetic_algorithm,sphere,115,9900,1.419641278159913e-05
genetic_algorithm,sphere,115,10000,1.4192913962699126e-05
genetic_algorithm,sphere,115,10100,6.05325367795712e-06
genetic_algorithm,sphere,115,10200,5.925379333237492e-06
genetic_algorithm,sphere,115,10300,5.855301374291135e-06
genetic_algorithm,sphere,115,10400,5.855301374291135e-06
genetic_algorithm,sphere,115,10500,5.855301374291135e-06
genetic_algorithm,sphere,115,10600,5.855301374291135e-06
genetic_algorithm,sphere,115,10700,5.855301374291135e-06
genetic_algorithm,sphere,115,10800,5.5185335140437315e-06
genetic_algorithm,sphere,115,10900,5.5185335140437315e-06
genetic_algorithm,sphere,115,11000,4.160951045437376e-06
genetic_algorithm,sphere,115,11100,4.15743303432038e-06
genetic_algorithm,sphere,115,11200,4.15743303432038e-06
genetic_algorithm,sphere,115,11300,4.15743303432038e-06
genetic_algorithm,sphere,115,11400,3.4175975485304354e-06
genetic_algorithm,sphere,115,11500,3.4175975485304354e-06
genetic_algorithm,sphere,115,11600,3.4175975485304354e-06
genetic_algorithm,sphere,115,11700,3.4175975485304354e-06
genetic_algorithm,sphere,115,11800,3.4175975485304354e-06
genetic_algorithm,sphere,115,11900,3.406448587355183e-06
genetic_algorithm,sphere,115,12000,3.406448587355183e-06
genetic_algorithm,sphere,115,12100,3.406448587355183e-06
genetic_algorithm,sphere,115,12200,3.37834277331213e-06
genetic_algorithm,sphere,115,12300,3.37834277331213e-06
genetic_algorithm,sphere,115,12400,3.37834277331213e-06
genetic_algorithm,sphere,115,12500,3.3215465216984273e-06
genetic_algorithm,sphere,115,12600,3.3215465216984273e-06
genetic_algorithm,sphere,115,12700,3.150298818718322e-06
genetic_algorithm,sphere,115,12800,2.631403359379504e-06
genetic_algorithm,sphere,115,12900,2.626316485594083e-06
genetic_algorithm,sphere,115,13000,2.6091233811057103e-06
genetic_algorithm,sphere,115,13100,2.6091233811057103e-06
genetic_algorithm,sphere,115,13200,2.6091164801715168e-06
genetic_algorithm,sphere,115,13300,2.4843278126978554e-06
genetic_algorithm,sphere,115,13400,2.4843278126978554e-06
genetic_algorithm,sphere,115,13500,2.4843278126978554e-06
genetic_algorithm,sphere,115,13600,2.4843278126978554e-06
genetic_algorithm,sphere,115,13700,2.443704369144672e-06
genetic_algorithm,sphere,115,13800,2.30127833593399e-06
genetic_algorithm,sphere,115,13900,2.2917401948856974e-06
genetic_algorithm,sphere,115,14000,2.2917401948856974e-06
genetic_algorithm,sphere,115,14100,2.2917401948856974e-06
genetic_algorithm,sphere,115,14200,2.2917401948856974e-06
genetic_algorithm,sphere,115,14300,2.2917401948856974e-06
genetic_algorithm,sphere,115,14400,2.260772210421386e-06
genetic_algorithm,sphere,115,14500,2.1708029772071836e-06
genetic_algorithm,sphere,115,14600,2.140569608758415e-06
genetic_algorithm,sphere,115,14700,1.921818523585181e-06
genetic_algorithm,sphere,115,14800,1.921818523585181e-06
genetic_algorithm,sphere,115,14900,1.8849121821254683e-06
genetic_algorithm,sphere,115,15000,1.8849121821254683e-06
genetic_algorithm,sphere,115,15100,1.8849121821254683e-06
genetic_algorithm,sphere,115,15200,1.8849121821254683e-06
genetic_algorithm,sphere,115,15300,1.8849121821254683e-06
genetic_algorithm,sphere,115,15400,1.884912181474883e-06
genetic_algorithm,sphere,115,15500,1.4070669088947642e-06
genetic_algorithm,sphere,115,15600,1.407055821200758e-06
genetic_algorithm,sphere,115,15700,1.3983512065843802e-06
genetic_algorithm,sphere,115,15800,1.3983512065843802e-06
genetic_algorithm,sphere,115,15900,1.3632578097859774e-06
genetic_algorithm,sphere,115,16000,1.2631163603965942e-06
genetic_algorithm,sphere,115,16100,1.2631163603965942e-06
genetic_algorithm,sphere,115,16200,1.236485567296734e-06
genetic_algorithm,sphere,115,16300,1.236485567296734e-06
genetic_algorithm,sphere,115,16400,7.781430067150003e-07
genetic_algorithm,sphere,115,16500,7.458099609177453e-07
genetic_algorithm,sphere,115,16600,7.458099609177453e-07
genetic_algorithm,sphere,115,16700,6.420225902759844e-07
genetic_algorithm,sphere,115,16800,6.420225902759844e-07
genetic_algorithm,sphere,115,16900,6.417072916237675e-07
genetic_algorithm,sphere,115,17000,5.026320665260707e-07
genetic_algorithm,sphere,115,17100,4.832563210410875e-07
genetic_algorithm,sphere,115,17200,4.832563210410875e-07
genetic_algorithm,sphere,115,17300,4.832563210410875e-07
genetic_algorithm,sphere,115,17400,4.830687152619478e-07
genetic_algorithm,sphere,115,17500,4.830687152619478e-07
genetic_algorithm,sphere,115,17600,4.830687152619478e-07
genetic_algorithm,sphere,115,17700,4.830687152619478e-07
genetic_algorithm,sphere,115,17800,4.830687152619478e-07
genetic_algorithm,sphere,115,17900,4.6271154894435364e-07
genetic_algorithm,sphere,115,18000,4.6270956876828537e-07
genetic_algorithm,sphere,115,18100,4.6270956876828537e-07
genetic_algorithm,sphere,115,18200,4.6270956876828537e-07
genetic_algorithm,sphere,115,18300,4.6270956876828537e-07
genetic_algorithm,sphere,115,18400,4.6270956876828537e-07
genetic_algorithm,sphere,115,18500,4.5455033973829087e-07
genetic_algorithm,sphere,115,18600,4.5455033973829087e-07
genetic_algorithm,sphere,115,18700,3.8973790536395573e-07
genetic_algorithm,sphere,115,18800,3.8973790536395573e-07
genetic_algorithm,sphere,115,18900,3.8973790536395573e-07
genetic_algorithm,sphere,115,19000,3.8973790536395573e-07
genetic_algorithm,sphere,115,19100,3.8973790536395573e-07
genetic_algorithm,sphere,115,19200,3.8834395772472335e-07
genetic_algorithm,sphere,115,19300,3.8834395772472335e-07
genetic_algorithm,sphere,115,19400,3.8834395772472335e-07
genetic_algorithm,sphere,115,19500,3.8834395772472335e-07
genetic_algorithm,sphere,115,19600,3.10506859816865e-07
genetic_algorithm,sphere,115,19700,1.8846291412481172e-07
genetic_algorithm,sphere,115,19800,1.8846291412481172e-07
genetic_algorithm,sphere,115,19900,1.8074687135387753e-07
genetic_algorithm,sphere,115,20000,1.8057783334256653e-07
genetic_algorithm,sphere,116,100,44.19596413408979
genetic_algorithm,sphere,116,200,35.94593337674789
genetic_algorithm,sphere,116,300,29.705849662309873
genetic_algorithm,sphere,116,400,21.334889419609034
genetic_algorithm,sphere,116,500,16.626288037398915
genetic_algorithm,sphere,116,600,13.378686786704094
genetic_algorithm,sphere,116,700,10.332435304831172
genetic_algorithm,sphere,116,800,8.043162217587524
genetic_algorithm,sphere,116,900,7.302099221112503
genetic_algorithm,sphere,116,1000,3.6603484530565438
genetic_algorithm,sphere,116,1100,2.8667351688522977
genetic_algorithm,sphere,116,1200,1.6776661705503058
genetic_algorithm,sphere,116,1300,1.0987637088739057
genetic_algorithm,sphere,116,1400,1.0540615177136656
genetic_algorithm,sphere,116,1500,0.5655168670229163
genetic_algorithm,sphere,116,1600,0.40619190056206556
genetic_algorithm,sphere,116,1700,0.3538955848631271
genetic_algorithm,sphere,116,1800,0.2008506377241964
genetic_algorithm,sphere,116,1900,0.14525183163097524
genetic_algorithm,sphere,116,2000,0.12126092007490087
genetic_algorithm,sphere,116,2100,0.11524466518130862
genetic_algorithm,sphere,116,2200,0.09154711787651423
genetic_algorithm,sphere,116,2300,0.03620073803936659
genetic_algorithm,sphere,116,2400,0.03620073803936659
genetic_algorithm,sphere,116,2500,0.028616666495725435
genetic_algorithm,sphere,116,2600,0.024876569134299
genetic_algorithm,sphere,116,2700,0.020305256402963642
genetic_algorithm,sphere,116,2800,0.020169521078508276
genetic_algorithm,sphere,116,2900,0.020164814814743446
genetic_algorithm,sphere,116,3000,0.019962497937346696
genetic_algorithm,sphere,116,3100,0.016164693715705124
genetic_algorithm,sphere,116,3200,0.0157145667926743
genetic_algorithm,sphere,116,3300,0.008937365164080315
genetic_algorithm,sphere,116,3400,0.00893559782248394
genetic_algorithm,sphere,116,3500,0.008934286846981993
genetic_algorithm,sphere,116,3600,0.007413858049226976
genetic_algorithm,sphere,116,3700,0.007209352376689902
genetic_algorithm,sphere,116,3800,0.007163052869265252
genetic_algorithm,sphere,116,3900,0.0070202413157218055
genetic_algorithm,sphere,116,4000,0.006726382780547191
genetic_algorithm,sphere,116,4100,0.006331969400568066
genetic_algorithm,sphere,116,4200,0.005953908929231007
genetic_algorithm,sphere,116,4300,0.005927969318898478
genetic_algorithm,sphere,116,4400,0.005907731656811667
genetic_algorithm,sphere,116,4500,0.005735813023489308
genetic_algorithm,sphere,116,4600,0.00557066201719653
genetic_algorithm,sphere,116,4700,0.005547220028661323
genetic_algorithm,sphere,116,4800,0.005257222770023388
genetic_algorithm,sphere,116,4900,0.0036385427765172093
genetic_algorithm,sphere,116,5000,0.003288730782912218
genetic_algorithm,sphere,116,5100,0.003288730782912218
genetic_algorithm,sphere,116,5200,0.0032843148312846644
genetic_algorithm,sphere,116,5300,0.002012864762293826
genetic_algorithm,sphere,116,5400,0.0020115416055777073
genetic_algorithm,sphere,116,5500,0.0020115416055777073
genetic_algorithm,sphere,116,5600,0.0018381654596491734
genetic_algorithm,sphere,116,5700,0.0015455641717887938
genetic_algorithm,sphere,116,5800,0.0008440496106718743
genetic_algorithm,sphere,116,5900,0.0008440496106718743
genetic_algorithm,sphere,116,6000,0.0007357367768941866
genetic_algorithm,sphere,116,6100,0.0007053979108654664
genetic_algorithm,sphere,116,6200,0.0006599814553845597
genetic_algorithm,sphere,116,6300,0.0006562634951578048
genetic_algorithm,sphere,116,6400,0.0006495102591813919
genetic_algorithm,sphere,116,6500,0.00048069852796136993
genetic_algorithm,sphere,116,6600,0.00048069852796136993
genetic_algorithm,sphere,116,6700,0.0004218578986132152
genetic_algorithm,sphere,116,6800,0.00042124543315220036
genetic_algorithm,sphere,116,6900,0.00040995367676835523
genetic_algorithm,sphere,116,7000,0.00040995367676835523
genetic_algorithm,sphere,116,7100,0.00040958146243494386
genetic_algorithm,sphere,116,7200,0.00040948546165196905
genetic_algorithm,sphere,116,7300,0.00039833387357156525
genetic_algorithm,sphere,116,7400,0.0003865285221323409
genetic_algorithm,sphere,116,7500,0.00030464310692058963
genetic_algorithm,sphere,116,7600,0.0003044622869992124
genetic_algorithm,sphere,116,7700,0.0003044622869992124
genetic_algorithm,sphere,116,7800,0.0002747785822118103
genetic_algorithm,sphere,116,7900,0.00021114444443428963
genetic_algorithm,sphere,116,8000,0.00020778787717566524
genetic_algorithm,sphere,116,8100,0.0001916636491050422
genetic_algorithm,sphere,116,8200,0.00018944449808390012
genetic_algorithm,sphere,116,8300,0.00017162606771766841
genetic_algorithm,sphere,116,8400,0.0001618786885638138
genetic_algorithm,sphere,116,8500,0.00015915979258522689
genetic_algorithm,sphere,116,8600,0.00015206731737012915
genetic_algorithm,sphere,116,8700,0.00014265231162330784
genetic_algorithm,sphere,116,8800,0.000142602959541079
genetic_algorithm,sphere,116,8900,0.00014010335954358128
genetic_algorithm,sphere,116,9000,0.00013998339990257697
genetic_algorithm,sphere,116,9100,0.00013222185923937444
genetic_algorithm,sphere,116,9200,0.00013009987580520248
genetic_algorithm,sphere,116,9300,0.00013009987580520248
genetic_algorithm,sphere,116,9400,0.00012948860439389342
genetic_algorithm,sphere,116,9500,0.00012948860439389342
genetic_algorithm,sphere,116,9600,0.00012948860439389342
genetic_algorithm,sphere,116,9700,0.00012948860439389342
genetic_algorithm,sphere,116,9800,0.00012948860439389342
genetic_algorithm,sphere,116,9900,0.00012948860439389342
genetic_algorithm,sphere,116,10000,0.00012113339525499917
genetic_algorithm,sphere,116,10100,0.00012039112634456912
genetic_algorithm,sphere,116,10200,0.00011363206497672045
genetic_algorithm,sphere,116,10300,0.00010991824594913871
genetic_algorithm,sphere,116,10400,0.00010577052739861733
genetic_algorithm,sphere,116,10500,0.00010285258259076449
genetic_algorithm,sphere,116,10600,4.188483466551322e-05
genetic_algorithm,sphere,116,10700,4.068493439111999e-05
genetic_algorithm,sphere,116,10800,4.068204374620074e-05
genetic_algorithm,sphere,116,10900,4.068204374620074e-05
genetic_algorithm,sphere,116,11000,4.068204374620074e-05
genetic_algorithm,sphere,116,11100,4.068204374620074e-05
genetic_algorithm,sphere,116,11200,4.068204374620074e-05
genetic_algorithm,sphere,116,11300,3.2372730696893353e-05
genetic_algorithm,sphere,116,11400,3.2372730696893353e-05
genetic_algorithm,sphere,116,11500,3.2372730696893353e-05
genetic_algorithm,sphere,116,11600,3.2372730696893353e-05
genetic_algorithm,sphere,116,11700,3.2372730696893353e-05
genetic_algorithm,sphere,116,11800,2.718719331941662e-05
genetic_algorithm,sphere,116,11900,2.4195444000427547e-05
genetic_algorithm,sphere,116,12000,1.8382033460125134e-05
genetic_algorithm,sphere,116,12100,1.835388398465012e-05
genetic_algorithm,sphere,116,12200,1.6873149642635122e-05
genetic_algorithm,sphere,116,12300,1.5550169290254834e-05
genetic_algorithm,sphere,116,12400,1.5550169290254834e-05
genetic_algorithm,sphere,116,12500,1.0670727109468837e-05
genetic_algorithm,sphere,116,12600,1.0624259464898909e-05
genetic_algorithm,sphere,116,12700,1.0624259464898909e-05
genetic_algorithm,sphere,116,12800,9.063084944203585e-06
genetic_algorithm,sphere,116,12900,7.799693268995468e-06
genetic_algorithm,sphere,116,13000,7.047401693202956e-06
genetic_algorithm,sphere,116,13100,6.139883467301494e-06
genetic_algorithm,sphere,116,13200,6.139883467301494e-06
genetic_algorithm,sphere,116,13300,6.139883467301494e-06
genetic_algorithm,sphere,116,13400,6.108491868400711e-06
genetic_algorithm,sphere,116,13500,6.107487980521013e-06
genetic_algorithm,sphere,116,13600,6.107487773970894e-06
genetic_algorithm,sphere,116,13700,3.5740775181333727e-06
genetic_algorithm,sphere,116,13800,3.567142347705689e-06
genetic_algorithm,sphere,116,13900,3.567142347705689e-06
genetic_algorithm,sphere,116,14000,3.567142347705689e-06
genetic_algorithm,sphere,116,14100,3.567142347705689e-06
genetic_algorithm,sphere,116,14200,3.567142347705689e-06
genetic_algorithm,sphere,116,14300,3.567142347705689e-06
genetic_algorithm,sphere,116,14400,3.567142347705689e-06
genetic_algorithm,sphere,116,14500,3.567142347705689e-06
genetic_algorithm,sphere,116,14600,3.567142347705689e-06
genetic_algorithm,sphere,116,14700,1.862151280651533e-06
genetic_algorithm,sphere,116,14800,1.862151280651533e-06
genetic_algorithm,sphere,116,14900,1.862151280651533e-06
genetic_algorithm,sphere,116,15000,1.862151280651533e-06
genetic_algorithm,sphere,116,15100,1.8586853670938077e-06
genetic_algorithm,sphere,116,15200,1.8586853670938077e-06
genetic_algorithm,sphere,116,15300,1.8586853670938077e-06
genetic_algorithm,sphere,116,15400,1.8586853670938077e-06
genetic_algorithm,sphere,116,15500,1.8586853670938077e-06
genetic_algorithm,sphere,116,15600,1.732536278136208e-06
genetic_algorithm,sphere,116,15700,1.732536278136208e-06
genetic_algorithm,sphere,116,15800,1.6920596379077795e-06
genetic_algorithm,sphere,116,15900,1.6837377655741091e-06
genetic_algorithm,sphere,116,16000,1.6837377655741087e-06
genetic_algorithm,sphere,116,16100,1.6837377655741087e-06
genetic_algorithm,sphere,116,16200,1.6837377655741087e-06
genetic_algorithm,sphere,116,16300,1.6766767257755316e-06
genetic_algorithm,sphere,116,16400,1.1647184314124361e-06
genetic_algorithm,sphere,116,16500,1.1241865991725518e-06
genetic_algorithm,sphere,116,16600,1.1241865991725518e-06
genetic_algorithm,sphere,116,16700,1.1241865991725518e-06
genetic_algorithm,sphere,116,16800,1.0737338444020551e-06
genetic_algorithm,sphere,116,16900,1.0737338444020551e-06
genetic_algorithm,sphere,116,17000,1.0737338444020551e-06
genetic_algorithm,sphere,116,17100,1.0737338444020551e-06
genetic_algorithm,sphere,116,17200,1.0607482758870285e-06
genetic_algorithm,sphere,116,17300,2.8861687512873397e-07
genetic_algorithm,sphere,116,17400,2.8134196688911724e-07
genetic_algorithm,sphere,116,17500,2.5226308417564734e-07
genetic_algorithm,sphere,116,17600,2.5226308417564734e-07
genetic_algorithm,sphere,116,17700,2.4909595818253637e-07
genetic_algorithm,sphere,116,17800,2.2683121108743124e-07
genetic_algorithm,sphere,116,17900,2.267929316583724e-07
genetic_algorithm,sphere,116,18000,2.2328333168182098e-07
genetic_algorithm,sphere,116,18100,2.2320821792105472e-07
genetic_algorithm,sphere,116,18200,2.2319529052478342e-07
genetic_algorithm,sphere,116,18300,1.92550398130942e-07
genetic_algorithm,sphere,116,18400,1.92550398130942e-07
genetic_algorithm,sphere,116,18500,1.925502919892618e-07
genetic_algorithm,sphere,116,18600,1.925502919892618e-07
genetic_algorithm,sphere,116,18700,1.8901172688996233e-07
genetic_algorithm,sphere,116,18800,1.8901172688996233e-07
genetic_algorithm,sphere,116,18900,1.7976998499602874e-07
genetic_algorithm,sphere,116,19000,1.7976998499602874e-07
genetic_algorithm,sphere,116,19100,1.7976998499602874e-07
genetic_algorithm,sphere,116,19200,1.7976998499602874e-07
genetic_algorithm,sphere,116,19300,1.781274251974929e-07
genetic_algorithm,sphere,116,19400,1.7810419324168402e-07
genetic_algorithm,sphere,116,19500,1.5429683532862274e-07
genetic_algorithm,sphere,116,19600,1.5429683532862274e-07
genetic_algorithm,sphere,116,19700,1.5429683532862274e-07
genetic_algorithm,sphere,116,19800,1.3905600943197868e-07
genetic_algorithm,sphere,116,19900,1.342329712506476e-07
genetic_algorithm,sphere,116,20000,1.3324706053074146e-07
genetic_algorithm,sphere,117,100,26.686376233051025
genetic_algorithm,sphere,117,200,20.830569659930646
genetic_algorithm,sphere,117,300,17.64108707285098
genetic_algorithm,sphere,117,400,13.409660700470033
genetic_algorithm,sphere,117,500,10.319776430382408
genetic_algorithm,sphere,117,600,8.675258323192056
genetic_algorithm,sphere,117,700,6.193160805257878
genetic_algorithm,sphere,117,800,5.283106060384698
genetic_algorithm,sphere,117,900,3.6656371248829402
genetic_algorithm,sphere,117,1000,2.3831855239411364
genetic_algorithm,sphere,117,1100,2.3831855239411364
genetic_algorithm,sphere,117,1200,1.7341553919668258
genetic_algorithm,sphere,117,1300,1.2549241446183286
genetic_algorithm,sphere,117,1400,0.6907956422630737
genetic_algorithm,sphere,117,1500,0.5240473257828324
genetic_algorithm,sphere,117,1600,0.41981936642296064
genetic_algorithm,sphere,117,1700,0.34667699961613124
genetic_algorithm,sphere,117,1800,0.34667262328940757
genetic_algorithm,sphere,117,1900,0.29554073511673207
genetic_algorithm,sphere,117,2000,0.20897369596623733
genetic_algorithm,sphere,117,2100,0.17567417740651847
genetic_algorithm,sphere,117,2200,0.13999272468540838
genetic_algorithm,sphere,117,2300,0.13231719905530026
genetic_algorithm,sphere,117,2400,0.1285269670797837
genetic_algorithm,sphere,117,2500,0.10451556249877257
genetic_algorithm,sphere,117,2600,0.0947085885783597
genetic_algorithm,sphere,117,2700,0.08391132886445853
genetic_algorithm,sphere,117,2800,0.058608759421832565
genetic_algorithm,sphere,117,2900,0.05732482292800144
genetic_algorithm,sphere,117,3000,0.03684083134828557
genetic_algorithm,sphere,117,3100,0.03662594021884965
genetic_algorithm,sphere,117,3200,0.028169550659056776
genetic_algorithm,sphere,117,3300,0.023713972133990884
genetic_algorithm,sphere,117,3400,0.022305132433522862
genetic_algorithm,sphere,117,3500,0.02176279439912803
genetic_algorithm,sphere,117,3600,0.021172681881338206
genetic_algorithm,sphere,117,3700,0.017103953426804697
genetic_algorithm,sphere,117,3800,0.016092656254036178
genetic_algorithm,sphere,117,3900,0.015612922630153155
genetic_algorithm,sphere,117,4000,0.01469225493613448
genetic_algorithm,sphere,117,4100,0.013157110043754488
genetic_algorithm,sphere,117,4200,0.009392546016861339
genetic_algorithm,sphere,117,4300,0.009387219066605864
genetic_algorithm,sphere,117,4400,0.009112225337769623
genetic_algorithm,sphere,117,4500,0.008517214709386746
genetic_algorithm,sphere,117,4600,0.008422876014404593
genetic_algorithm,sphere,117,4700,0.007111392167053962
genetic_algorithm,sphere,117,4800,0.00681074491527837
genetic_algorithm,sphere,117,4900,0.00681074491527837
genetic_algorithm,sphere,117,5000,0.006211539661630064
genetic_algorithm,sphere,117,5100,0.00430354806480621
genetic_algorithm,sphere,117,5200,0.004227767744519615
genetic_algorithm,sphere,117,5300,0.004203456784467191
genetic_algorithm,sphere,117,5400,0.0035136929052564303
genetic_algorithm,sphere,117,5500,0.0035136929052564303
genetic_algorithm,sphere,117,5600,0.003483878247966585
genetic_algorithm,sphere,117,5700,0.0034314214930717514
genetic_algorithm,sphere,117,5800,0.0029458612452853516
genetic_algorithm,sphere,117,5900,0.0025290309698983147
genetic_algorithm,sphere,117,6000,0.0024460328273662756
genetic_algorithm,sphere,117,6100,0.002062501590821541
genetic_algorithm,sphere,117,6200,0.0014049317858418043
genetic_algorithm,sphere,117,6300,0.0012929316091137913
genetic_algorithm,sphere,117,6400,0.001292380296742867
genetic_algorithm,sphere,117,6500,0.0012901439799958678
genetic_algorithm,sphere,117,6600,0.001249533083853424
genetic_algorithm,sphere,117,6700,0.0011275107630498952
genetic_algorithm,sphere,117,6800,0.0011275107630498952
genetic_algorithm,sphere,117,6900,0.0009927455403247873
genetic_algorithm,sphere,117,7000,0.000992400835254803
genetic_algorithm,sphere,117,7100,0.0009819353026483484
genetic_algorithm,sphere,117,7200,0.0009819353026483484
genetic_algorithm,sphere,117,7300,0.0009489564248986018
genetic_algorithm,sphere,117,7400,0.0009489564248986017
genetic_algorithm,sphere,117,7500,0.0009489564248986017
genetic_algorithm,sphere,117,7600,0.0008341061141963357
genetic_algorithm,sphere,117,7700,0.0008239786533572847
genetic_algorithm,sphere,117,7800,0.0008239786533572847
genetic_algorithm,sphere,117,7900,0.0008239786533572847
genetic_algorithm,sphere,117,8000,0.0008239786533572847
genetic_algorithm,sphere,117,8100,0.0008096255243823986
genetic_algorithm,sphere,117,8200,0.0008015876356192472
genetic_algorithm,sphere,117,8300,0.0006297733775941013
genetic_algorithm,sphere,117,8400,0.0005052360791588177
genetic_algorithm,sphere,117,8500,0.0005052360791588177
genetic_algorithm,sphere,117,8600,0.00035925043574217116
genetic_algorithm,sphere,117,8700,0.0003534214827411506
genetic_algorithm,sphere,117,8800,0.0003534214827411506
genetic_algorithm,sphere,117,8900,0.00034607647463001147
genetic_algorithm,sphere,117,9000,0.0003459482433315067
genetic_algorithm,sphere,117,9100,0.00030702650533961717
genetic_algorithm,sphere,117,9200,0.00030702650533961717
genetic_algorithm,sphere,117,9300,0.00030702650533961717
genetic_algorithm,sphere,117,9400,0.00030660614912839123
genetic_algorithm,sphere,117,9500,0.0002877329531062331
genetic_algorithm,sphere,117,9600,0.00028536958903411006
genetic_algorithm,sphere,117,9700,0.00026460096939161503
genetic_algorithm,sphere,117,9800,0.00026460096939161503
genetic_algorithm,sphere,117,9900,0.0001480967895704412
genetic_algorithm,sphere,117,10000,0.0001480967895704412
genetic_algorithm,sphere,117,10100,0.0001480967895704412
genetic_algorithm,sphere,117,10200,0.0001480967895704412
genetic_algorithm,sphere,117,10300,9.884032468012462e-05
genetic_algorithm,sphere,117,10400,9.884032468012462e-05
genetic_algorithm,sphere,117,10500,9.173894213797948e-05
genetic_algorithm,sphere,117,10600,6.249109643284958e-05
genetic_algorithm,sphere,117,10700,6.249109643284958e-05
genetic_algorithm,sphere,117,10800,6.249109643284958e-05
genetic_algorithm,sphere,117,10900,6.249109643284958e-05
genetic_algorithm,sphere,117,11000,6.0369403703610394e-05
genetic_algorithm,sphere,117,11100,5.868849010606485e-05
genetic_algorithm,sphere,117,11200,5.868849010606485e-05
genetic_algorithm,sphere,117,11300,5.4471835050664684e-05
genetic_algorithm,sphere,117,11400,5.355303121171512e-05
genetic_algorithm,sphere,117,11500,5.355303121171512e-05
genetic_algorithm,sphere,117,11600,5.312601240067963e-05
genetic_algorithm,sphere,117,11700,5.312601240067963e-05
genetic_algorithm,sphere,117,11800,5.312601240067963e-05
genetic_algorithm,sphere,117,11900,5.312601240067963e-05
genetic_algorithm,sphere,117,12000,4.909647653072392e-05
genetic_algorithm,sphere,117,12100,4.909647653072392e-05
genetic_algorithm,sphere,117,12200,4.869370085663502e-05
genetic_algorithm,sphere,117,12300,3.386117562431229e-05
genetic_algorithm,sphere,117,12400,3.385216996485856e-05
genetic_algorithm,sphere,117,12500,2.61569419750633e-05
genetic_algorithm,sphere,117,12600,2.543657433990218e-05
genetic_algorithm,sphere,117,12700,1.7822828906742642e-05
genetic_algorithm,sphere,117,12800,1.7822828906742642e-05
genetic_algorithm,sphere,117,12900,1.7196249984110695e-05
genetic_algorithm,sphere,117,13000,1.6802450020749573e-05
genetic_algorithm,sphere,117,13100,1.6802450020749573e-05
genetic_algorithm,sphere,117,13200,1.6787552817789393e-05
genetic_algorithm,sphere,117,13300,1.6787552817789393e-05
genetic_algorithm,sphere,117,13400,1.6540686953236534e-05
genetic_algorithm,sphere,117,13500,1.4542730601544242e-05
genetic_algorithm,sphere,117,13600,1.344223581864649e-05
genetic_algorithm,sphere,117,13700,1.344223581864649e-05
genetic_algorithm,sphere,117,13800,1.3109321119480725e-05
genetic_algorithm,sphere,117,13900,1.1964784014741167e-05
genetic_algorithm,sphere,117,14000,1.176831268160591e-05
genetic_algorithm,sphere,117,14100,1.176831268160591e-05
genetic_algorithm,sphere,117,14200,9.920707556301992e-06
genetic_algorithm,sphere,117,14300,9.068559072979645e-06
genetic_algorithm,sphere,117,14400,9.068559072979645e-06
genetic_algorithm,sphere,117,14500,9.068559072979645e-06
genetic_algorithm,sphere,117,14600,8.294602416788917e-06
genetic_algorithm,sphere,117,14700,8.294602416788917e-06
genetic_algorithm,sphere,117,14800,7.781308879364935e-06
genetic_algorithm,sphere,117,14900,5.66888365668406e-06
genetic_algorithm,sphere,117,15000,5.66888365668406e-06
genetic_algorithm,sphere,117,15100,5.660875731516016e-06
genetic_algorithm,sphere,117,15200,5.483260523725445e-06
genetic_algorithm,sphere,117,15300,5.3114234276419816e-06
genetic_algorithm,sphere,117,15400,5.3114234276419816e-06
genetic_algorithm,sphere,117,15500,4.9617587563902175e-06
genetic_algorithm,sphere,117,15600,4.504072156047146e-06
genetic_algorithm,sphere,117,15700,2.863407806371051e-06
genetic_algorithm,sphere,117,15800,2.8215987441186536e-06
genetic_algorithm,sphere,117,15900,2.807766711079773e-06
genetic_algorithm,sphere,117,16000,2.807766711079773e-06
genetic_algorithm,sphere,117,16100,2.770931139487994e-06
genetic_algorithm,sphere,117,16200,2.770931139487994e-06
genetic_algorithm,sphere,117,16300,2.692816978786703e-06
genetic_algorithm,sphere,117,16400,2.6928169787792185e-06
genetic_algorithm,sphere,117,16500,2.6928169787792185e-06
genetic_algorithm,sphere,117,16600,2.651737076354369e-06
genetic_algorithm,sphere,117,16700,2.651737076354369e-06
genetic_algorithm,sphere,117,16800,2.651737076354369e-06
genetic_algorithm,sphere,117,16900,2.651737076354369e-06
genetic_algorithm,sphere,117,17000,2.651737076354369e-06
genetic_algorithm,sphere,117,17100,2.6192179107517064e-06
genetic_algorithm,sphere,117,17200,2.58748260145476e-06
genetic_algorithm,sphere,117,17300,2.563655076220241e-06
genetic_algorithm,sphere,117,17400,2.525705490391693e-06
genetic_algorithm,sphere,117,17500,2.4732754366334675e-06
genetic_algorithm,sphere,117,17600,2.473274896339078e-06
genetic_algorithm,sphere,117,17700,2.149158232736266e-06
genetic_algorithm,sphere,117,17800,1.808056390070137e-06
genetic_algorithm,sphere,117,17900,1.808056390070137e-06
genetic_algorithm,sphere,117,18000,1.808056390070137e-06
genetic_algorithm,sphere,117,18100,1.3787716409179653e-06
genetic_algorithm,sphere,117,18200,1.36627356916387e-06
genetic_algorithm,sphere,117,18300,1.350857680045259e-06
genetic_algorithm,sphere,117,18400,1.26994619099188e-06
genetic_algorithm,sphere,117,18500,1.2413303251758244e-06
genetic_algorithm,sphere,117,18600,1.0726263661606106e-06
genetic_algorithm,sphere,117,18700,1.072599310303628e-06
genetic_algorithm,sphere,117,18800,1.0669534789971462e-06
genetic_algorithm,sphere,117,18900,1.0669534789971462e-06
genetic_algorithm,sphere,117,19000,1.0609834170330982e-06
genetic_algorithm,sphere,117,19100,1.0609834170330982e-06
genetic_algorithm,sphere,117,19200,1.0609834170330982e-06
genetic_algorithm,sphere,117,19300,1.0609834170330982e-06
genetic_algorithm,sphere,117,19400,1.0609834170330982e-06
genetic_algorithm,sphere,117,19500,1.0609834170330982e-06
genetic_algorithm,sphere,117,19600,1.0485732502483886e-06
genetic_algorithm,sphere,117,19700,1.047687008336362e-06
genetic_algorithm,sphere,117,19800,1.047687008336362e-06
genetic_algorithm,sphere,117,19900,1.047687008336362e-06
genetic_algorithm,sphere,117,20000,1.047687008336362e-06
genetic_algorithm,sphere,118,100,38.45837678328731
genetic_algorithm,sphere,118,200,33.20698971957097
genetic_algorithm,sphere,118,300,26.54148032838695
genetic_algorithm,sphere,118,400,13.528388877424316
genetic_algorithm,sphere,118,500,10.870852960587406
genetic_algorithm,sphere,118,600,9.558219453129682
genetic_algorithm,sphere,118,700,6.931050900842424
genetic_algorithm,sphere,118,800,5.191008882306918
genetic_algorithm,sphere,118,900,2.1886830556800323
genetic_algorithm,sphere,118,1000,1.9912032096427412
genetic_algorithm,sphere,118,1100,1.4553672018346298
genetic_algorithm,sphere,118,1200,1.1316492160503206
genetic_algorithm,sphere,118,1300,0.7736722198895344
genetic_algorithm,sphere,118,1400,0.5649046949397256
genetic_algorithm,sphere,118,1500,0.5376735242932856
genetic_algorithm,sphere,118,1600,0.39195449797424603
genetic_algorithm,sphere,118,1700,0.29184629620817626
genetic_algorithm,sphere,118,1800,0.2703421148654972
genetic_algorithm,sphere,118,1900,0.26099191841132274
genetic_algorithm,sphere,118,2000,0.1506489903465973
genetic_algorithm,sphere,118,2100,0.0961038472974446
genetic_algorithm,sphere,118,2200,0.09566262287783822
genetic_algorithm,sphere,118,2300,0.07881298039341539
genetic_algorithm,sphere,118,2400,0.07292558405597745
genetic_algorithm,sphere,118,2500,0.04949377115228428
genetic_algorithm,sphere,118,2600,0.0368696731880107
genetic_algorithm,sphere,118,2700,0.035652621988538184
genetic_algorithm,sphere,118,2800,0.028501403522612236
genetic_algorithm,sphere,118,2900,0.028382663875222088
genetic_algorithm,sphere,118,3000,0.025704985529505703
genetic_algorithm,sphere,118,3100,0.025001545412959368
genetic_algorithm,sphere,118,3200,0.021012763722522504
genetic_algorithm,sphere,118,3300,0.02033404440592896
genetic_algorithm,sphere,118,3400,0.017964913502676136
genetic_algorithm,sphere,118,3500,0.01735138120512531
genetic_algorithm,sphere,118,3600,0.016885426422682
genetic_algorithm,sphere,118,3700,0.01626099617679685
genetic_algorithm,sphere,118,3800,0.01626099617679685
genetic_algorithm,sphere,118,3900,0.01626099617679685
genetic_algorithm,sphere,118,4000,0.010528532845905464
genetic_algorithm,sphere,118,4100,0.010515405761016458
genetic_algorithm,sphere,118,4200,0.01040551527288678
genetic_algorithm,sphere,118,4300,0.010405441242725926
genetic_algorithm,sphere,118,4400,0.010405441242725926
genetic_algorithm,sphere,118,4500,0.00907178358488736
genetic_algorithm,sphere,118,4600,0.009049115655606784
genetic_algorithm,sphere,118,4700,0.009049115655606784
genetic_algorithm,sphere,118,4800,0.007507084611201206
genetic_algorithm,sphere,118,4900,0.0066175482148309915
genetic_algorithm,sphere,118,5000,0.006617547340690554
genetic_algorithm,sphere,118,5100,0.004546908097424637
genetic_algorithm,sphere,118,5200,0.00350868562352456
genetic_algorithm,sphere,118,5300,0.00350868562352456
genetic_algorithm,sphere,118,5400,0.003380678619170698
genetic_algorithm,sphere,118,5500,0.0030092933618108106
genetic_algorithm,sphere,118,5600,0.003009051221735283
genetic_algorithm,sphere,118,5700,0.0022281105817899037
genetic_algorithm,sphere,118,5800,0.0021595429471463795
genetic_algorithm,sphere,118,5900,0.0019412078823369367
genetic_algorithm,sphere,118,6000,0.0019317003361394307
genetic_algorithm,sphere,118,6100,0.001927565666880302
genetic_algorithm,sphere,118,6200,0.0018019114548404008
genetic_algorithm,sphere,118,6300,0.0014562588449915672
genetic_algorithm,sphere,118,6400,0.0014562588449915672
genetic_algorithm,sphere,118,6500,0.001446933644590024
genetic_algorithm,sphere,118,6600,0.0014395022172737028
genetic_algorithm,sphere,118,6700,0.0011476504162647525
genetic_algorithm,sphere,118,6800,0.0011473834948871754
genetic_algorithm,sphere,118,6900,0.0011473815697651026
genetic_algorithm,sphere,118,7000,0.0011471208074607614
genetic_algorithm,sphere,118,7100,0.0010636650844240163
genetic_algorithm,sphere,118,7200,0.0010371743018568037
genetic_algorithm,sphere,118,7300,0.0005245664646476437
genetic_algorithm,sphere,118,7400,0.0005245664646476437
genetic_algorithm,sphere,118,7500,0.0005245664646476437
genetic_algorithm,sphere,118,7600,0.0005245664646476437
genetic_algorithm,sphere,118,7700,0.0005245664646476437
genetic_algorithm,sphere,118,7800,0.00047613390877166963
genetic_algorithm,sphere,118,7900,0.000466502244505164
genetic_algorithm,sphere,118,8000,0.0004620362410243246
genetic_algorithm,sphere,118,8100,0.0004520335116875586
genetic_algorithm,sphere,118,8200,0.0004498298234060698
genetic_algorithm,sphere,118,8300,0.00044955803521132997
genetic_algorithm,sphere,118,8400,0.000410556719376249
genetic_algorithm,sphere,118,8500,0.00039471524515688976
genetic_algorithm,sphere,118,8600,0.0003646711561818896
genetic_algorithm,sphere,118,8700,0.0003157564151650474
genetic_algorithm,sphere,118,8800,0.0003144283901937307
genetic_algorithm,sphere,118,8900,0.000309283990616487
genetic_algorithm,sphere,118,9000,0.0002853843053375748
genetic_algorithm,sphere,118,9100,0.0002837312625869894
genetic_algorithm,sphere,118,9200,0.0002837312625869894
genetic_algorithm,sphere,118,9300,0.0002624903441929441
genetic_algorithm,sphere,118,9400,0.0002624903441929441
genetic_algorithm,sphere,118,9500,0.0002624903441929441
genetic_algorithm,sphere,118,9600,0.000182487868875233
genetic_algorithm,sphere,118,9700,0.00018089408541288517
genetic_algorithm,sphere,118,9800,0.00017584046410253285
genetic_algorithm,sphere,118,9900,0.00017584046410253285
genetic_algorithm,sphere,118,10000,0.00017584046410253285
genetic_algorithm,sphere,118,10100,0.00013957613803559067
genetic_algorithm,sphere,118,10200,0.00013456689921397108
genetic_algorithm,sphere,118,10300,0.00013018006810797074
genetic_algorithm,sphere,118,10400,0.00012994009942631125
genetic_algorithm,sphere,118,10500,0.00011105911242287957
genetic_algorithm,sphere,118,10600,9.045161447496385e-05
genetic_algorithm,sphere,118,10700,9.045161447496385e-05
genetic_algorithm,sphere,118,10800,9.045161447496385e-05
genetic_algorithm,sphere,118,10900,4.750284031284585e-05
genetic_algorithm,sphere,118,11000,4.747545889680974e-05
genetic_algorithm,sphere,118,11100,3.8750718484803716e-05
genetic_algorithm,sphere,118,11200,3.8750718484803716e-05
genetic_algorithm,sphere,118,11300,3.731710022066872e-05
genetic_algorithm,sphere,118,11400,3.424864494081894e-05
genetic_algorithm,sphere,118,11500,3.424864494081894e-05
genetic_algorithm,sphere,118,11600,3.4235365581359375e-05
genetic_algorithm,sphere,118,11700,3.4235365581359375e-05
genetic_algorithm,sphere,118,11800,3.422563162292983e-05
genetic_algorithm,sphere,118,11900,3.4224693894961655e-05
genetic_algorithm,sphere,118,12000,3.2742452907108185e-05
genetic_algorithm,sphere,118,12100,3.2742452907108185e-05
genetic_algorithm,sphere,118,12200,3.109083779654554e-05
genetic_algorithm,sphere,118,12300,3.109083779654554e-05
genetic_algorithm,sphere,118,12400,2.3885363469451e-05
genetic_algorithm,sphere,118,12500,2.1795449487052065e-05
genetic_algorithm,sphere,118,12600,2.176287161059067e-05
genetic_algorithm,sphere,118,12700,2.176287161059067e-05
genetic_algorithm,sphere,118,12800,2.1597432782077123e-05
genetic_algorithm,sphere,118,12900,2.1188909653627506e-05
genetic_algorithm,sphere,118,13000,2.117405811901419e-05
genetic_algorithm,sphere,118,13100,1.7327539737838464e-05
genetic_algorithm,sphere,118,13200,1.7288290029695214e-05
genetic_algorithm,sphere,118,13300,1.723140896445343e-05
genetic_algorithm,sphere,118,13400,1.723140896445343e-05
genetic_algorithm,sphere,118,13500,1.723140896445343e-05
genetic_algorithm,sphere,118,13600,1.723140896445343e-05
genetic_algorithm,sphere,118,13700,1.723140896445343e-05
genetic_algorithm,sphere,118,13800,1.723140896445343e-05
genetic_algorithm,sphere,118,13900,1.5198092945441836e-05
genetic_algorithm,sphere,118,14000,1.4748818461112576e-05
genetic_algorithm,sphere,118,14100,1.4746529270816126e-05
genetic_algorithm,sphere,118,14200,1.4746529270816126e-05
genetic_algorithm,sphere,118,14300,1.4746529270816126e-05
genetic_algorithm,sphere,118,14400,1.4697422459954756e-05
genetic_algorithm,sphere,118,14500,1.441078748145557e-05
genetic_algorithm,sphere,118,14600,1.315251770107746e-05
genetic_algorithm,sphere,118,14700,1.315251770107746e-05
genetic_algorithm,sphere,118,14800,1.315251770107746e-05
genetic_algorithm,sphere,118,14900,1.315251770107746e-05
genetic_algorithm,sphere,118,15000,1.315251770107746e-05
genetic_algorithm,sphere,118,15100,1.3035080983254428e-05
genetic_algorithm,sphere,118,15200,4.275544215372471e-06
genetic_algorithm,sphere,118,15300,4.1437883822890996e-06
genetic_algorithm,sphere,118,15400,4.1437883822890996e-06
genetic_algorithm,sphere,118,15500,4.098812597581911e-06
genetic_algorithm,sphere,118,15600,4.09821804842077e-06
genetic_algorithm,sphere,118,15700,4.086230146464638e-06
genetic_algorithm,sphere,118,15800,4.086230146464638e-06
genetic_algorithm,sphere,118,15900,4.084760725576082e-06
genetic_algorithm,sphere,118,16000,3.181765902453485e-06
genetic_algorithm,sphere,118,16100,3.141570694571947e-06
genetic_algorithm,sphere,118,16200,2.9130669400338128e-06
genetic_algorithm,sphere,118,16300,2.8990693414155925e-06
genetic_algorithm,sphere,118,16400,2.8990693414155925e-06
genetic_algorithm,sphere,118,16500,2.8815889046454087e-06
genetic_algorithm,sphere,118,16600,2.8762899415957066e-06
genetic_algorithm,sphere,118,16700,2.2293061137391582e-06
genetic_algorithm,sphere,118,16800,2.2293061137391582e-06
genetic_algorithm,sphere,118,16900,2.0991128810086202e-06
genetic_algorithm,sphere,118,17000,1.5068779138201684e-06
genetic_algorithm,sphere,118,17100,1.5068779138201684e-06
genetic_algorithm,sphere,118,17200,1.5065850561951825e-06
genetic_algorithm,sphere,118,17300,1.5065850561951825e-06
genetic_algorithm,sphere,118,17400,1.506568875648802e-06
genetic_algorithm,sphere,118,17500,1.506568875648802e-06
genetic_algorithm,sphere,118,17600,1.506568875648802e-06
genetic_algorithm,sphere,118,17700,1.506568875648802e-06
genetic_algorithm,sphere,118,17800,1.506568875648802e-06
genetic_algorithm,sphere,118,17900,1.506568875648802e-06
genetic_algorithm,sphere,118,18000,1.506568875648802e-06
genetic_algorithm,sphere,118,18100,1.4399528435105634e-06
genetic_algorithm,sphere,118,18200,1.4399528435105634e-06
genetic_algorithm,sphere,118,18300,1.2045296990958658e-06
genetic_algorithm,sphere,118,18400,1.2045296990958658e-06
genetic_algorithm,sphere,118,18500,1.2045296990958658e-06
genetic_algorithm,sphere,118,18600,1.1923993154291763e-06
genetic_algorithm,sphere,118,18700,1.1070221808067694e-06
genetic_algorithm,sphere,118,18800,8.094730198149657e-07
genetic_algorithm,sphere,118,18900,8.094730198149657e-07
genetic_algorithm,sphere,118,19000,8.094730198149657e-07
genetic_algorithm,sphere,118,19100,8.094730198149657e-07
genetic_algorithm,sphere,118,19200,8.094730198149657e-07
genetic_algorithm,sphere,118,19300,8.094730198149657e-07
genetic_algorithm,sphere,118,19400,8.094730198149657e-07
genetic_algorithm,sphere,118,19500,8.094730198149657e-07
genetic_algorithm,sphere,118,19600,8.09137586752947e-07
genetic_algorithm,sphere,118,19700,6.95729787650808e-07
genetic_algorithm,sphere,118,19800,6.921626304475002e-07
genetic_algorithm,sphere,118,19900,6.921604187947576e-07
genetic_algorithm,sphere,118,20000,6.921604187947576e-07
genetic_algorithm,sphere,119,100,20.000625028153678
genetic_algorithm,sphere,119,200,11.145386273218282
genetic_algorithm,sphere,119,300,5.8921386168663
genetic_algorithm,sphere,119,400,5.23798531346315
genetic_algorithm,sphere,119,500,2.687160100127411
genetic_algorithm,sphere,119,600,2.3212790764299167
genetic_algorithm,sphere,119,700,1.028759382667084
genetic_algorithm,sphere,119,800,0.9783243213819878
genetic_algorithm,sphere,119,900,0.7015420677326749
genetic_algorithm,sphere,119,1000,0.6246194129572139
genetic_algorithm,sphere,119,1100,0.3770893458031145
genetic_algorithm,sphere,119,1200,0.3562555185213199
genetic_algorithm,sphere,119,1300,0.18569073706291725
genetic_algorithm,sphere,119,1400,0.17602862748386952
genetic_algorithm,sphere,119,1500,0.128816656355894
genetic_algorithm,sphere,119,1600,0.128816656355894
genetic_algorithm,sphere,119,1700,0.128816656355894
genetic_algorithm,sphere,119,1800,0.08218737608335681
genetic_algorithm,sphere,119,1900,0.07392693846087857
genetic_algorithm,sphere,119,2000,0.061977961292722795
genetic_algorithm,sphere,119,2100,0.059985956928303094
genetic_algorithm,sphere,119,2200,0.05966404547811964
genetic_algorithm,sphere,119,2300,0.034612286425974616
genetic_algorithm,sphere,119,2400,0.03328109413795933
genetic_algorithm,sphere,119,2500,0.018559031107578228
genetic_algorithm,sphere,119,2600,0.01854223665201754
genetic_algorithm,sphere,119,2700,0.01357044303808215
genetic_algorithm,sphere,119,2800,0.013067952813419378
genetic_algorithm,sphere,119,2900,0.005093564167813958
genetic_algorithm,sphere,119,3000,0.004611765151848315
genetic_algorithm,sphere,119,3100,0.004188739314612304
genetic_algorithm,sphere,119,3200,0.004188545391488977
genetic_algorithm,sphere,119,3300,0.004185901606229736
genetic_algorithm,sphere,119,3400,0.00362157358493069
genetic_algorithm,sphere,119,3500,0.0033947727705710014
genetic_algorithm,sphere,119,3600,0.0028110047209888136
genetic_algorithm,sphere,119,3700,0.0026276360335656277
genetic_algorithm,sphere,119,3800,0.002619827393384569
genetic_algorithm,sphere,119,3900,0.0025479422530459497
genetic_algorithm,sphere,119,4000,0.0025170371707528088
genetic_algorithm,sphere,119,4100,0.0025170371707528088
genetic_algorithm,sphere,119,4200,0.00236479022453979
genetic_algorithm,sphere,119,4300,0.00236479022453979
genetic_algorithm,sphere,119,4400,0.00236479022453979
genetic_algorithm,sphere,119,4500,0.00236479022453979
genetic_algorithm,sphere,119,4600,0.00236479022453979
genetic_algorithm,sphere,119,4700,0.002288775119072041
genetic_algorithm,sphere,119,4800,0.0022694310279767955
genetic_algorithm,sphere,119,4900,0.0010584204871332556
genetic_algorithm,sphere,119,5000,0.0010031595378334898
genetic_algorithm,sphere,119,5100,0.0008450832070780389
genetic_algorithm,sphere,119,5200,0.0008450832070780389
genetic_algorithm,sphere,119,5300,0.0007955771553888822
genetic_algorithm,sphere,119,5400,0.0007719552319399759
genetic_algorithm,sphere,119,5500,0.0006072986280347105
genetic_algorithm,sphere,119,5600,0.0006060460886837043
genetic_algorithm,sphere,119,5700,0.000542137681633483
genetic_algorithm,sphere,119,5800,0.0005352243378471958
genetic_algorithm,sphere,119,5900,0.000535173037549085
genetic_algorithm,sphere,119,6000,0.0005222792510412996
genetic_algorithm,sphere,119,6100,0.0005221918413189886
genetic_algorithm,sphere,119,6200,0.0005219959489924537
genetic_algorithm,sphere,119,6300,0.0004126066768452158
genetic_algorithm,sphere,119,6400,0.0004126066768452158
genetic_algorithm,sphere,119,6500,0.0004072882382844778
genetic_algorithm,sphere,119,6600,0.0003437546966369291
genetic_algorithm,sphere,119,6700,0.00033928108912169194
genetic_algorithm,sphere,119,6800,0.0003116328503384591
genetic_algorithm,sphere,119,6900,0.00031092268069465346
genetic_algorithm,sphere,119,7000,0.00030421649095647497
genetic_algorithm,sphere,119,7100,0.0003019931346486987
genetic_algorithm,sphere,119,7200,0.0002975114144548221
genetic_algorithm,sphere,119,7300,0.00028507100852746706
genetic_algorithm,sphere,119,7400,0.00028495054347906905
genetic_algorithm,sphere,119,7500,0.00028495054347906905
genetic_algorithm,sphere,119,7600,0.00028495054347906905
genetic_algorithm,sphere,119,7700,0.00028495054347906905
genetic_algorithm,sphere,119,7800,0.0002489686810712704
genetic_algorithm,sphere,119,7900,0.0002489686810712704
genetic_algorithm,sphere,119,8000,0.00022275310259270268
genetic_algorithm,sphere,119,8100,0.00020768606696153035
genetic_algorithm,sphere,119,8200,0.00020768606696153035
genetic_algorithm,sphere,119,8300,0.00020548935028472372
genetic_algorithm,sphere,119,8400,5.32366000243577e-05
genetic_algorithm,sphere,119,8500,5.32366000243577e-05
genetic_algorithm,sphere,119,8600,5.32366000243577e-05
genetic_algorithm,sphere,119,8700,5.232148117605911e-05
genetic_algorithm,sphere,119,8800,5.2309096804094936e-05
genetic_algorithm,sphere,119,8900,5.114308949538208e-05
genetic_algorithm,sphere,119,9000,4.916689704291154e-05
genetic_algorithm,sphere,119,9100,4.916689704291154e-05
genetic_algorithm,sphere,119,9200,4.916689704291154e-05
genetic_algorithm,sphere,119,9300,4.69099803140592e-05
genetic_algorithm,sphere,119,9400,4.69099803140592e-05
genetic_algorithm,sphere,119,9500,4.69099803140592e-05
genetic_algorithm,sphere,119,9600,4.651398157710192e-05
genetic_algorithm,sphere,119,9700,4.617762009760864e-05
genetic_algorithm,sphere,119,9800,4.613608033834168e-05
genetic_algorithm,sphere,119,9900,4.260721238498946e-05
genetic_algorithm,sphere,119,10000,4.255309776841855e-05
genetic_algorithm,sphere,119,10100,4.2202616776412766e-05
genetic_algorithm,sphere,119,10200,2.5260207887402624e-05
genetic_algorithm,sphere,119,10300,2.502626595136483e-05
genetic_algorithm,sphere,119,10400,2.050014646017079e-05
genetic_algorithm,sphere,119,10500,2.0429638050343866e-05
genetic_algorithm,sphere,119,10600,1.5373234720298597e-05
genetic_algorithm,sphere,119,10700,9.869520612787211e-06
genetic_algorithm,sphere,119,10800,9.745259113644287e-06
genetic_algorithm,sphere,119,10900,9.195899294810622e-06
genetic_algorithm,sphere,119,11000,8.696493027478636e-06
genetic_algorithm,sphere,119,11100,4.233270576439337e-06
genetic_algorithm,sphere,119,11200,4.233270576439337e-06
genetic_algorithm,sphere,119,11300,4.233270576439337e-06
genetic_algorithm,sphere,119,11400,3.6888834779583327e-06
genetic_algorithm,sphere,119,11500,3.6862955966516253e-06
genetic_algorithm,sphere,119,11600,3.6862955966516253e-06
genetic_algorithm,sphere,119,11700,3.6862955966516253e-06
genetic_algorithm,sphere,119,11800,3.6862955966516253e-06
genetic_algorithm,sphere,119,11900,3.6862955966516253e-06
genetic_algorithm,sphere,119,12000,3.4993544500259536e-06
genetic_algorithm,sphere,119,12100,3.2134351740937406e-06
genetic_algorithm,sphere,119,12200,3.2134351740937406e-06
genetic_algorithm,sphere,119,12300,3.2034625827751223e-06
genetic_algorithm,sphere,119,12400,3.2034625827751223e-06
genetic_algorithm,sphere,119,12500,3.144648530713897e-06
genetic_algorithm,sphere,119,12600,2.2917681997918854e-06
genetic_algorithm,sphere,119,12700,2.2834434604204626e-06
genetic_algorithm,sphere,119,12800,2.2832621118791983e-06
genetic_algorithm,sphere,119,12900,2.2636968271394462e-06
genetic_algorithm,sphere,119,13000,2.1937295351657037e-06
genetic_algorithm,sphere,119,13100,2.0873886848594714e-06
genetic_algorithm,sphere,119,13200,2.0761172008969126e-06
genetic_algorithm,sphere,119,13300,2.0761172008969126e-06
genetic_algorithm,sphere,119,13400,1.9838631180936484e-06
genetic_algorithm,sphere,119,13500,1.9777539428825435e-06
genetic_algorithm,sphere,119,13600,1.964239007613571e-06
genetic_algorithm,sphere,119,13700,1.4318192259330112e-06
genetic_algorithm,sphere,119,13800,1.3500074801252247e-06
genetic_algorithm,sphere,119,13900,4.995705216761994e-07
genetic_algorithm,sphere,119,14000,4.915628244577236e-07
genetic_algorithm,sphere,119,14100,4.914631373301476e-07
genetic_algorithm,sphere,119,14200,4.553682798594015e-07
genetic_algorithm,sphere,119,14300,4.3208572251289274e-07
genetic_algorithm,sphere,119,14400,4.3208572251289274e-07
genetic_algorithm,sphere,119,14500,4.3208572251289274e-07
genetic_algorithm,sphere,119,14600,4.3208572251289274e-07
genetic_algorithm,sphere,119,14700,4.3208572251289274e-07
genetic_algorithm,sphere,119,14800,4.3208572251289274e-07
genetic_algorithm,sphere,119,14900,4.3208572251289274e-07
genetic_algorithm,sphere,119,15000,3.677929610634308e-07
genetic_algorithm,sphere,119,15100,2.1609859483135002e-07
genetic_algorithm,sphere,119,15200,2.0198721038829604e-07
genetic_algorithm,sphere,119,15300,1.973918290847104e-07
genetic_algorithm,sphere,119,15400,1.9538600250364818e-07
genetic_algorithm,sphere,119,15500,1.9452014529111797e-07
genetic_algorithm,sphere,119,15600,1.8503219274694973e-07
genetic_algorithm,sphere,119,15700,1.8114749199336613e-07
genetic_algorithm,sphere,119,15800,1.8114749199336613e-07
genetic_algorithm,sphere,119,15900,1.8114749199336613e-07
genetic_algorithm,sphere,119,16000,1.8114749199336613e-07
genetic_algorithm,sphere,119,16100,1.0859157576769974e-07
genetic_algorithm,sphere,119,16200,1.0859157576769974e-07
genetic_algorithm,sphere,119,16300,1.0859157576769974e-07
genetic_algorithm,sphere,119,16400,1.0859157576769974e-07
genetic_algorithm,sphere,119,16500,1.0859157576769974e-07
genetic_algorithm,sphere,119,16600,1.0859157576769974e-07
genetic_algorithm,sphere,119,16700,1.0859157576769974e-07
genetic_algorithm,sphere,119,16800,9.38792765398849e-08
genetic_algorithm,sphere,119,16900,5.817233028018971e-08
genetic_algorithm,sphere,119,17000,5.817233028018971e-08
genetic_algorithm,sphere,119,17100,5.73770223972931e-08
genetic_algorithm,sphere,119,17200,5.73770223972931e-08
genetic_algorithm,sphere,119,17300,5.73770223972931e-08
genetic_algorithm,sphere,119,17400,5.73770223972931e-08
genetic_algorithm,sphere,119,17500,5.73770223972931e-08
genetic_algorithm,sphere,119,17600,5.73770223972931e-08
genetic_algorithm,sphere,119,17700,5.73770223972931e-08
genetic_algorithm,sphere,119,17800,5.191574007671983e-08
genetic_algorithm,sphere,119,17900,5.174146605525458e-08
genetic_algorithm,sphere,119,18000,5.174146605525458e-08
genetic_algorithm,sphere,119,18100,5.174146605525457e-08
genetic_algorithm,sphere,119,18200,5.174146605525457e-08
genetic_algorithm,sphere,119,18300,5.174146605525457e-08
genetic_algorithm,sphere,119,18400,5.174146605525457e-08
genetic_algorithm,sphere,119,18500,5.174146605525457e-08
genetic_algorithm,sphere,119,18600,3.826581192656408e-08
genetic_algorithm,sphere,119,18700,3.6697942757291444e-08
genetic_algorithm,sphere,119,18800,3.6394993199750874e-08
genetic_algorithm,sphere,119,18900,3.6394993199750874e-08
genetic_algorithm,sphere,119,19000,3.5218770398467e-08
genetic_algorithm,sphere,119,19100,3.3863726141029004e-08
genetic_algorithm,sphere,119,19200,3.156226219520814e-08
genetic_algorithm,sphere,119,19300,3.156226219520814e-08
genetic_algorithm,sphere,119,19400,3.156226219520814e-08
genetic_algorithm,sphere,119,19500,3.156226219520814e-08
genetic_algorithm,sphere,119,19600,3.156226219520814e-08
genetic_algorithm,sphere,119,19700,3.156226219520814e-08
genetic_algorithm,sphere,119,19800,2.9973947917972903e-08
genetic_algorithm,sphere,119,19900,2.997062664877042e-08
genetic_algorithm,sphere,119,20000,2.818640447422078e-08
