algorithm,benchmark,seed,evaluations,best_value
genetic_algorithm,rosenbrock,100,100,168091.983887476
genetic_algorithm,rosenbrock,100,200,146353.07916508373
genetic_algorithm,rosenbrock,100,300,44292.11076337093
genetic_algorithm,rosenbrock,100,400,23509.72266090212
genetic_algorithm,rosenbrock,100,500,11818.00502300002
genetic_algorithm,rosenbrock,100,600,5816.765308662011
genetic_algorithm,rosenbrock,100,700,4205.591788395643
genetic_algorithm,rosenbrock,100,800,2764.771419011334
genetic_algorithm,rosenbrock,100,900,2061.3831727076545
genetic_algorithm,rosenbrock,100,1000,787.5508670178116
genetic_algorithm,rosenbrock,100,1100,625.980868307407
genetic_algorithm,rosenbrock,100,1200,316.14251283390735
genetic_algorithm,rosenbrock,100,1300,257.35859763342245
genetic_algorithm,rosenbrock,100,1400,136.48557811614654
genetic_algorithm,rosenbrock,100,1500,128.33431372350057
genetic_algorithm,rosenbrock,100,1600,87.5622694653852
genetic_algorithm,rosenbrock,100,1700,87.06361852140921
genetic_algorithm,rosenbrock,100,1800,54.85071576417189
genetic_algorithm,rosenbrock,100,1900,39.61933886441014
genetic_algorithm,rosenbrock,100,2000,36.56025873313501
genetic_algorithm,rosenbrock,100,2100,34.56813418381798
genetic_algorithm,rosenbrock,100,2200,31.78470613548994
genetic_algorithm,rosenbrock,100,2300,28.585429284859583
genetic_algorithm,rosenbrock,100,2400,19.93932396025964
genetic_algorithm,rosenbrock,100,2500,19.412862641174595
genetic_algorithm,rosenbrock,100,2600,19.21908597905104
genetic_algorithm,rosenbrock,100,2700,18.10921447886829
genetic_algorithm,rosenbrock,100,2800,10.280703711183627
genetic_algorithm,rosenbrock,100,2900,10.092347834399899
genetic_algorithm,rosenbrock,100,3000,6.647562516396504
genetic_algorithm,rosenbrock,100,3100,6.262957700862151
genetic_algorithm,rosenbrock,100,3200,4.786345450661006
genetic_algorithm,rosenbrock,100,3300,4.785780363247577
genetic_algorithm,rosenbrock,100,3400,4.32012438389356
genetic_algorithm,rosenbrock,100,3500,2.534010895349498
genetic_algorithm,rosenbrock,100,3600,2.5162293977850063
genetic_algorithm,rosenbrock,100,3700,2.5159877786843574
genetic_algorithm,rosenbrock,100,3800,2.17566131760383
genetic_algorithm,rosenbrock,100,3900,2.09031190795472
genetic_algorithm,rosenbrock,100,4000,2.0614509429098713
genetic_algorithm,rosenbrock,100,4100,2.0614509429098713
genetic_algorithm,rosenbrock,100,4200,1.9540438498262536
genetic_algorithm,rosenbrock,100,4300,1.9439856916952245
genetic_algorithm,rosenbrock,100,4400,1.3809232106744498
genetic_algorithm,rosenbrock,100,4500,1.377667680481962
genetic_algorithm,rosenbrock,100,4600,1.3755118731626446
genetic_algorithm,rosenbrock,100,4700,1.3751773769945375
genetic_algorithm,rosenbrock,100,4800,1.3254235828939536
genetic_algorithm,rosenbrock,100,4900,1.3254235828939536
genetic_algorithm,rosenbrock,100,5000,0.9407842015964615
genetic_algorithm,rosenbrock,100,5100,0.938191609287239
genetic_algorithm,rosenbrock,100,5200,0.938191609287239
genetic_algorithm,rosenbrock,100,5300,0.8223252014962044
genetic_algorithm,rosenbrock,100,5400,0.814655288527796
genetic_algorithm,rosenbrock,100,5500,0.8039333296361688
genetic_algorithm,rosenbrock,100,5600,0.7962173381791353
genetic_algorithm,rosenbrock,100,5700,0.7048073522477705
genetic_algorithm,rosenbrock,100,5800,0.5938062399317577
genetic_algorithm,rosenbrock,100,5900,0.5619382973312598
genetic_algorithm,rosenbrock,100,6000,0.5611537066042603
genetic_algorithm,rosenbrock,100,6100,0.5611537066042603
genetic_algorithm,rosenbrock,100,6200,0.5576946764099823
genetic_algorithm,rosenbrock,100,6300,0.5325089522995294
genetic_algorithm,rosenbrock,100,6400,0.4702351025678885
genetic_algorithm,rosenbrock,100,6500,0.4605507741105562
genetic_algorithm,rosenbrock,100,6600,0.43452669680755895
genetic_algorithm,rosenbrock,100,6700,0.43452669680755895
genetic_algorithm,rosenbrock,100,6800,0.42174522867266684
genetic_algorithm,rosenbrock,100,6900,0.4202342677181
genetic_algorithm,rosenbrock,100,7000,0.4202342677181
genetic_algorithm,rosenbrock,100,7100,0.41821136853664315
genetic_algorithm,rosenbrock,100,7200,0.4018467508616254
genetic_algorithm,rosenbrock,100,7300,0.4018467508616254
genetic_algorithm,rosenbrock,100,7400,0.38332020043840764
genetic_algorithm,rosenbrock,100,7500,0.3827144881704071
genetic_algorithm,rosenbrock,100,7600,0.3826666991295252
genetic_algorithm,rosenbrock,100,7700,0.38019955266217825
genetic_algorithm,rosenbrock,100,7800,0.37997468190762035
genetic_algorithm,rosenbrock,100,7900,0.3688188463079205
genetic_algorithm,rosenbrock,100,8000,0.3688188463079205
genetic_algorithm,rosenbrock,100,8100,0.3688188463079205
genetic_algorithm,rosenbrock,100,8200,0.36868320954415906
genetic_algorithm,rosenbrock,100,8300,0.3579854305493091
genetic_algorithm,rosenbrock,100,8400,0.35793134507276936
genetic_algorithm,rosenbrock,100,8500,0.35744041511205704
genetic_algorithm,rosenbrock,100,8600,0.35744041511205704
genetic_algorithm,rosenbrock,100,8700,0.35744041511205704
genetic_algorithm,rosenbrock,100,8800,0.35744041511205704
genetic_algorithm,rosenbrock,100,8900,0.3550742192577495
genetic_algorithm,rosenbrock,100,9000,0.3392285405860572
genetic_algorithm,rosenbrock,100,9100,0.3392285405860572
genetic_algorithm,rosenbrock,100,9200,0.3121724217755517
genetic_algorithm,rosenbrock,100,9300,0.28753580479022833
genetic_algorithm,rosenbrock,100,9400,0.28185200047716585
genetic_algorithm,rosenbrock,100,9500,0.2800016071937489
genetic_algorithm,rosenbrock,100,9600,0.26721865470005396
genetic_algorithm,rosenbrock,100,9700,0.2665790520276655
genetic_algorithm,rosenbrock,100,9800,0.2664496292775361
genetic_algorithm,rosenbrock,100,9900,0.26615456535183507
genetic_algorithm,rosenbrock,100,10000,0.26615456535183507
genetic_algorithm,rosenbrock,100,10100,0.2655635391139618
genetic_algorithm,rosenbrock,100,10200,0.2632452229825695
genetic_algorithm,rosenbrock,100,10300,0.2631864951770747
genetic_algorithm,rosenbrock,100,10400,0.2561954142812717
genetic_algorithm,rosenbrock,100,10500,0.24733339606445526
genetic_algorithm,rosenbrock,100,10600,0.2472144138540089
genetic_algorithm,rosenbrock,100,10700,0.2472144138540089
genetic_algorithm,rosenbrock,100,10800,0.2472144138540089
genetic_algorithm,rosenbrock,100,10900,0.2465268121226067
genetic_algorithm,rosenbrock,100,11000,0.2465268121226067
genetic_algorithm,rosenbrock,100,11100,0.24536588339757118
genetic_algorithm,rosenbrock,100,11200,0.24509831626927886
genetic_algorithm,rosenbrock,100,11300,0.24456896226307642
genetic_algorithm,rosenbrock,100,11400,0.2417541003960543
genetic_algorithm,rosenbrock,100,11500,0.24160886630725714
genetic_algorithm,rosenbrock,100,11600,0.24128654150001347
genetic_algorithm,rosenbrock,100,11700,0.24104928145761328
genetic_algorithm,rosenbrock,100,11800,0.24017712045057404
genetic_algorithm,rosenbrock,100,11900,0.24017712045057404
genetic_algorithm,rosenbrock,100,12000,0.23773162679766524
genetic_algorithm,rosenbrock,100,12100,0.2225907056840203
genetic_algorithm,rosenbrock,100,12200,0.22235951953312735
genetic_algorithm,rosenbrock,100,12300,0.22235888312041455
genetic_algorithm,rosenbrock,100,12400,0.22233621123801353
genetic_algorithm,rosenbrock,100,12500,0.22233621123801353
genetic_algorithm,rosenbrock,100,12600,0.22233621123801353
genetic_algorithm,rosenbrock,100,12700,0.22233621123801353
genetic_algorithm,rosenbrock,100,12800,0.21570788362468307
genetic_algorithm,rosenbrock,100,12900,0.21470761289371348
genetic_algorithm,rosenbrock,100,13000,0.21470761289371348
genetic_algorithm,rosenbrock,100,13100,0.21470761289371348
genetic_algorithm,rosenbrock,100,13200,0.2147076128937133
genetic_algorithm,rosenbrock,100,13300,0.21452673070968425
genetic_algorithm,rosenbrock,100,13400,0.21260263618140407
genetic_algorithm,rosenbrock,100,13500,0.209049892426449
genetic_algorithm,rosenbrock,100,13600,0.206790358972278
genetic_algorithm,rosenbrock,100,13700,0.206384885729564
genetic_algorithm,rosenbrock,100,13800,0.20520855023098378
genetic_algorithm,rosenbrock,100,13900,0.20461906586332906
genetic_algorithm,rosenbrock,100,14000,0.20306797286740993
genetic_algorithm,rosenbrock,100,14100,0.2030519469208208
genetic_algorithm,rosenbrock,100,14200,0.2030519469208208
genetic_algorithm,rosenbrock,100,14300,0.2030519469208208
genetic_algorithm,rosenbrock,100,14400,0.20036548853615027
genetic_algorithm,rosenbrock,100,14500,0.20036548853615027
genetic_algorithm,rosenbrock,100,14600,0.200356757099945
genetic_algorithm,rosenbrock,100,14700,0.19949381114155373
genetic_algorithm,rosenbrock,100,14800,0.19730133446631928
genetic_algorithm,rosenbrock,100,14900,0.19573316600891602
genetic_algorithm,rosenbrock,100,15000,0.19543748889656637
genetic_algorithm,rosenbrock,100,15100,0.1954363707294346
genetic_algorithm,rosenbrock,100,15200,0.1954277824130297
genetic_algorithm,rosenbrock,100,15300,0.1953895222701502
genetic_algorithm,rosenbrock,100,15400,0.19534564016379494
genetic_algorithm,rosenbrock,100,15500,0.19457591144430214
genetic_algorithm,rosenbrock,100,15600,0.19432291106728128
genetic_algorithm,rosenbrock,100,15700,0.19432204607481424
genetic_algorithm,rosenbrock,100,15800,0.19336772349881534
genetic_algorithm,rosenbrock,100,15900,0.19336772349881534
genetic_algorithm,rosenbrock,100,16000,0.19336772349881534
genetic_algorithm,rosenbrock,100,16100,0.1933671409162555
genetic_algorithm,rosenbrock,100,16200,0.1929710878483545
genetic_algorithm,rosenbrock,100,16300,0.1929710878483545
genetic_algorithm,rosenbrock,100,16400,0.19253221255225625
genetic_algorithm,rosenbrock,100,16500,0.19253221255225625
genetic_algorithm,rosenbrock,100,16600,0.1911598585496596
genetic_algorithm,rosenbrock,100,16700,0.1911399403822418
genetic_algorithm,rosenbrock,100,16800,0.1911331700940316
genetic_algorithm,rosenbrock,100,16900,0.19073159959974936
genetic_algorithm,rosenbrock,100,17000,0.19073077937303157
genetic_algorithm,rosenbrock,100,17100,0.19072983326881843
genetic_algorithm,rosenbrock,100,17200,0.18912320515347786
genetic_algorithm,rosenbrock,100,17300,0.18912320515347786
genetic_algorithm,rosenbrock,100,17400,0.18912320515347786
genetic_algorithm,rosenbrock,100,17500,0.18912320515347786
genetic_algorithm,rosenbrock,100,17600,0.18829944795787248
genetic_algorithm,rosenbrock,100,17700,0.18815060240300657
genetic_algorithm,rosenbrock,100,17800,0.1881226235553619
genetic_algorithm,rosenbrock,100,17900,0.18807932154147974
genetic_algorithm,rosenbrock,100,18000,0.18807932154147974
genetic_algorithm,rosenbrock,100,18100,0.1875942462457144
genetic_algorithm,rosenbrock,100,18200,0.1875936591351754
genetic_algorithm,rosenbrock,100,18300,0.1875936591351754
genetic_algorithm,rosenbrock,100,18400,0.1875936591351754
genetic_algorithm,rosenbrock,100,18500,0.1875936591351754
genetic_algorithm,rosenbrock,100,18600,0.18731820604590982
genetic_algorithm,rosenbrock,100,18700,0.1873160815318357
genetic_algorithm,rosenbrock,100,18800,0.1873160815318357
genetic_algorithm,rosenbrock,100,18900,0.1873160815318357
genetic_algorithm,rosenbrock,100,19000,0.18731065292567387
genetic_algorithm,rosenbrock,100,19100,0.1872875970549958
genetic_algorithm,rosenbrock,100,19200,0.18710023637432155
genetic_algorithm,rosenbrock,100,19300,0.18683511343081355
genetic_algorithm,rosenbrock,100,19400,0.18683511343081355
genetic_algorithm,rosenbrock,100,19500,0.18683322196341845
genetic_algorithm,rosenbrock,100,19600,0.18682411591451084
genetic_algorithm,rosenbrock,100,19700,0.18680812270796499
genetic_algorithm,rosenbrock,100,19800,0.1866474839338188
genetic_algorithm,rosenbrock,100,19900,0.1866474839338188
genetic_algorithm,rosenbrock,100,20000,0.1860517742360033
genetic_algorithm,rosenbrock,101,100,65146.42579563267
genetic_algorithm,rosenbrock,101,200,36471.993607888995
genetic_algorithm,rosenbrock,101,300,24765.096125652417
genetic_algorithm,rosenbrock,101,400,18195.09264818097
genetic_algorithm,rosenbrock,101,500,9703.371930082014
genetic_algorithm,rosenbrock,101,600,8469.194647630586
genetic_algorithm,rosenbrock,101,700,4249.3271914367515
genetic_algorithm,rosenbrock,101,800,3702.53108879728
genetic_algorithm,rosenbrock,101,900,2268.7711170130506
genetic_algorithm,rosenbrock,101,1000,1665.8608313805826
genetic_algorithm,rosenbrock,101,1100,1086.2733899699697
genetic_algorithm,rosenbrock,101,1200,880.5601212766918
genetic_algorithm,rosenbrock,101,1300,508.97356646170635
genetic_algorithm,rosenbrock,101,1400,356.3562186897486
genetic_algorithm,rosenbrock,101,1500,296.6324925579364
genetic_algorithm,rosenbrock,101,1600,164.69408246100738
genetic_algorithm,rosenbrock,101,1700,95.90526320626876
genetic_algorithm,rosenbrock,101,1800,85.0311454095431
genetic_algorithm,rosenbrock,101,1900,84.00546953104389
genetic_algorithm,rosenbrock,101,2000,77.03607250748492
genetic_algorithm,rosenbrock,101,2100,66.35135411678847
genetic_algorithm,rosenbrock,101,2200,49.75080161717596
genetic_algorithm,rosenbrock,101,2300,48.355755267262126
genetic_algorithm,rosenbrock,101,2400,39.24037004217924
genetic_algorithm,rosenbrock,101,2500,31.877415825642387
genetic_algorithm,rosenbrock,101,2600,31.874371476063125
genetic_algorithm,rosenbrock,101,2700,30.5025159497826
genetic_algorithm,rosenbrock,101,2800,25.612612067715325
genetic_algorithm,rosenbrock,101,2900,25.612612067715325
genetic_algorithm,rosenbrock,101,3000,14.126214174495162
genetic_algorithm,rosenbrock,101,3100,12.261938877731934
genetic_algorithm,rosenbrock,101,3200,11.97106394878261
genetic_algorithm,rosenbrock,101,3300,11.86707667168757
genetic_algorithm,rosenbrock,101,3400,11.85266276392839
genetic_algorithm,rosenbrock,101,3500,9.931594871988823
genetic_algorithm,rosenbrock,101,3600,9.321699070761671
genetic_algorithm,rosenbrock,101,3700,9.321699070761671
genetic_algorithm,rosenbrock,101,3800,9.181888621520297
genetic_algorithm,rosenbrock,101,3900,9.143354553511513
genetic_algorithm,rosenbrock,101,4000,9.070518984354509
genetic_algorithm,rosenbrock,101,4100,9.070518984354509
genetic_algorithm,rosenbrock,101,4200,7.057098582919432
genetic_algorithm,rosenbrock,101,4300,6.950119861840562
genetic_algorithm,rosenbrock,101,4400,6.613780306100377
genetic_algorithm,rosenbrock,101,4500,6.5219116100700205
genetic_algorithm,rosenbrock,101,4600,6.454020849698405
genetic_algorithm,rosenbrock,101,4700,6.447848444080721
genetic_algorithm,rosenbrock,101,4800,6.266195700709944
genetic_algorithm,rosenbrock,101,4900,6.128044134576259
genetic_algorithm,rosenbrock,101,5000,6.128041960728424
genetic_algorithm,rosenbrock,101,5100,5.952684222904356
genetic_algorithm,rosenbrock,101,5200,5.729269575236831
genetic_algorithm,rosenbrock,101,5300,5.721200531224298
genetic_algorithm,rosenbrock,101,5400,5.448179776623536
genetic_algorithm,rosenbrock,101,5500,5.447913174845667
genetic_algorithm,rosenbrock,101,5600,5.4474931064435435
genetic_algorithm,rosenbrock,101,5700,5.446077919459412
genetic_algorithm,rosenbrock,101,5800,5.446072487786877
genetic_algorithm,rosenbrock,101,5900,5.299106975233644
genetic_algorithm,rosenbrock,101,6000,5.299106975233644
genetic_algorithm,rosenbrock,101,6100,5.148793355033372
genetic_algorithm,rosenbrock,101,6200,5.140784116048853
genetic_algorithm,rosenbrock,101,6300,5.1346678199129165
genetic_algorithm,rosenbrock,101,6400,5.114940593928024
genetic_algorithm,rosenbrock,101,6500,5.0633560886817985
genetic_algorithm,rosenbrock,101,6600,5.061204532058565
genetic_algorithm,rosenbrock,101,6700,3.712355842458902
genetic_algorithm,rosenbrock,101,6800,3.712355842458902
genetic_algorithm,rosenbrock,101,6900,3.571065693957258
genetic_algorithm,rosenbrock,101,7000,3.4441578951406058
genetic_algorithm,rosenbrock,101,7100,3.4427111648628834
genetic_algorithm,rosenbrock,101,7200,3.4401078352644627
genetic_algorithm,rosenbrock,101,7300,3.4401078352644627
genetic_algorithm,rosenbrock,101,7400,3.427320991981213
genetic_algorithm,rosenbrock,101,7500,3.2918330380028182
genetic_algorithm,rosenbrock,101,7600,3.131284072088029
genetic_algorithm,rosenbrock,101,7700,3.131284072088029
genetic_algorithm,rosenbrock,101,7800,3.1161666170431936
genetic_algorithm,rosenbrock,101,7900,3.0951818545873384
genetic_algorithm,rosenbrock,101,8000,3.0653134617973086
genetic_algorithm,rosenbrock,101,8100,2.992192582968701
genetic_algorithm,rosenbrock,101,8200,2.992192582968701
genetic_algorithm,rosenbrock,101,8300,2.943807181720906
genetic_algorithm,rosenbrock,101,8400,2.8916754178931647
genetic_algorithm,rosenbrock,101,8500,2.890287597491879
genetic_algorithm,rosenbrock,101,8600,2.833186185142405
genetic_algorithm,rosenbrock,101,8700,2.833186185142405
genetic_algorithm,rosenbrock,101,8800,2.7503294743078954
genetic_algorithm,rosenbrock,101,8900,2.6921626893957216
genetic_algorithm,rosenbrock,101,9000,2.6792389332716753
genetic_algorithm,rosenbrock,101,9100,2.445276640889986
genetic_algorithm,rosenbrock,101,9200,2.445133988610091
genetic_algorithm,rosenbrock,101,9300,2.391786890081306
genetic_algorithm,rosenbrock,101,9400,2.353509104281935
genetic_algorithm,rosenbrock,101,9500,2.3534171716708885
genetic_algorithm,rosenbrock,101,9600,2.3534171716708885
genetic_algorithm,rosenbrock,101,9700,2.3534171716708885
genetic_algorithm,rosenbrock,101,9800,2.333806011767153
genetic_algorithm,rosenbrock,101,9900,2.332421892213618
genetic_algorithm,rosenbrock,101,10000,2.332341730657469
genetic_algorithm,rosenbrock,101,10100,2.306200002494576
genetic_algorithm,rosenbrock,101,10200,2.296925911904844
genetic_algorithm,rosenbrock,101,10300,2.296925911904844
genetic_algorithm,rosenbrock,101,10400,2.237759903837956
genetic_algorithm,rosenbrock,101,10500,2.237759903837956
genetic_algorithm,rosenbrock,101,10600,2.236840902132973
genetic_algorithm,rosenbrock,101,10700,2.2243240439294096
genetic_algorithm,rosenbrock,101,10800,2.21758489158746
genetic_algorithm,rosenbrock,101,10900,2.214428734922491
genetic_algorithm,rosenbrock,101,11000,2.2092792566469153
genetic_algorithm,rosenbrock,101,11100,2.2063109932204235
genetic_algorithm,rosenbrock,101,11200,2.2051897668829605
genetic_algorithm,rosenbrock,101,11300,2.205113511523603
genetic_algorithm,rosenbrock,101,11400,2.202149187562607
genetic_algorithm,rosenbrock,101,11500,2.1559800417896193
genetic_algorithm,rosenbrock,101,11600,2.0831059064185897
genetic_algorithm,rosenbrock,101,11700,2.0507269294849895
genetic_algorithm,rosenbrock,101,11800,2.050726929484987
genetic_algorithm,rosenbrock,101,11900,2.0442926555901026
genetic_algorithm,rosenbrock,101,12000,1.999149104743707
genetic_algorithm,rosenbrock,101,12100,1.9989520716143994
genetic_algorithm,rosenbrock,101,12200,1.995538233793307
genetic_algorithm,rosenbrock,101,12300,1.995538233793307
genetic_algorithm,rosenbrock,101,12400,1.987665953219231
genetic_algorithm,rosenbrock,101,12500,1.9846476284089234
genetic_algorithm,rosenbrock,101,12600,1.9817212272521987
genetic_algorithm,rosenbrock,101,12700,1.9658917424386502
genetic_algorithm,rosenbrock,101,12800,1.9538077704544374
genetic_algorithm,rosenbrock,101,12900,1.9518507078254699
genetic_algorithm,rosenbrock,101,13000,1.943792470599882
genetic_algorithm,rosenbrock,101,13100,1.9037637492372643
genetic_algorithm,rosenbrock,101,13200,1.9036908182961207
genetic_algorithm,rosenbrock,101,13300,1.885043887594777
genetic_algorithm,rosenbrock,101,13400,1.8840400411356213
genetic_algorithm,rosenbrock,101,13500,1.875427898226897
genetic_algorithm,rosenbrock,101,13600,1.8754278982268968
genetic_algorithm,rosenbrock,101,13700,1.8743747212835506
genetic_algorithm,rosenbrock,101,13800,1.874069800415587
genetic_algorithm,rosenbrock,101,13900,1.873096264556641
genetic_algorithm,rosenbrock,101,14000,1.873089988188259
genetic_algorithm,rosenbrock,101,14100,1.8727225326358492
genetic_algorithm,rosenbrock,101,14200,1.845435954493499
genetic_algorithm,rosenbrock,101,14300,1.845435954493499
genetic_algorithm,rosenbrock,101,14400,1.8441052776171092
genetic_algorithm,rosenbrock,101,14500,1.843788175430956
genetic_algorithm,rosenbrock,101,14600,1.843788175430956
genetic_algorithm,rosenbrock,101,14700,1.8289245067435873
genetic_algorithm,rosenbrock,101,14800,1.8289215283747664
genetic_algorithm,rosenbrock,101,14900,1.8258220099555376
genetic_algorithm,rosenbrock,101,15000,1.8254989189719053
genetic_algorithm,rosenbrock,101,15100,1.8252577918624
genetic_algorithm,rosenbrock,101,15200,1.8252577918624
genetic_algorithm,rosenbrock,101,15300,1.8252577918624
genetic_algorithm,rosenbrock,101,15400,1.8243620364643545
genetic_algorithm,rosenbrock,101,15500,1.8243620364643545
genetic_algorithm,rosenbrock,101,15600,1.8093118188011061
genetic_algorithm,rosenbrock,101,15700,1.8092860652750373
genetic_algorithm,rosenbrock,101,15800,1.809284920123987
genetic_algorithm,rosenbrock,101,15900,1.8086519971959236
genetic_algorithm,rosenbrock,101,16000,1.8086519971959236
genetic_algorithm,rosenbrock,101,16100,1.8086519971959236
genetic_algorithm,rosenbrock,101,16200,1.8076878632408677
genetic_algorithm,rosenbrock,101,16300,1.8076331114742628
genetic_algorithm,rosenbrock,101,16400,1.807146987359539
genetic_algorithm,rosenbrock,101,16500,1.807146987359539
genetic_algorithm,rosenbrock,101,16600,1.806582826071064
genetic_algorithm,rosenbrock,101,16700,1.806582826071064
genetic_algorithm,rosenbrock,101,16800,1.806582826071064
genetic_algorithm,rosenbrock,101,16900,1.806582826071064
genetic_algorithm,rosenbrock,101,17000,1.8061325946005589
genetic_algorithm,rosenbrock,101,17100,1.8061271993330008
genetic_algorithm,rosenbrock,101,17200,1.802448126348389
genetic_algorithm,rosenbrock,101,17300,1.8006432314399285
genetic_algorithm,rosenbrock,101,17400,1.7976121840320916
genetic_algorithm,rosenbrock,101,17500,1.7976121840320916
genetic_algorithm,rosenbrock,101,17600,1.7966023014949417
genetic_algorithm,rosenbrock,101,17700,1.7963410592148616
genetic_algorithm,rosenbrock,101,17800,1.7951613996447393
genetic_algorithm,rosenbrock,101,17900,1.7934774823482722
genetic_algorithm,rosenbrock,101,18000,1.7917833670886232
genetic_algorithm,rosenbrock,101,18100,1.7917833670886232
genetic_algorithm,rosenbrock,101,18200,1.7917833670886232
genetic_algorithm,rosenbrock,101,18300,1.7917833670886232
genetic_algorithm,rosenbrock,101,18400,1.7909166149721478
genetic_algorithm,rosenbrock,101,18500,1.7895293997202577
genetic_algorithm,rosenbrock,101,18600,1.7878229500553888
genetic_algorithm,rosenbrock,101,18700,1.7878056061666114
genetic_algorithm,rosenbrock,101,18800,1.7878044901822485
genetic_algorithm,rosenbrock,101,18900,1.7870520743137375
genetic_algorithm,rosenbrock,101,19000,1.7869767011385824
genetic_algorithm,rosenbrock,101,19100,1.786944880721762
genetic_algorithm,rosenbrock,101,19200,1.786944880721762
genetic_algorithm,rosenbrock,101,19300,1.7868022164640465
genetic_algorithm,rosenbrock,101,19400,1.786801796275709
genetic_algorithm,rosenbrock,101,19500,1.786801796275709
genetic_algorithm,rosenbrock,101,19600,1.786340376578265
genetic_algorithm,rosenbrock,101,19700,1.786340376578265
genetic_algorithm,rosenbrock,101,19800,1.7842154330997653
genetic_algorithm,rosenbrock,101,19900,1.7839565490342835
genetic_algorithm,rosenbrock,101,20000,1.7834372439150876
genetic_algorithm,rosenbrock,102,100,48893.215672373466
genetic_algorithm,rosenbrock,102,200,33048.431711256126
genetic_algorithm,rosenbrock,102,300,24468.239176857525
genetic_algorithm,rosenbrock,102,400,18440.877340474508
genetic_algorithm,rosenbrock,102,500,12705.244806589186
genetic_algorithm,rosenbrock,102,600,10192.409956374688
genetic_algorithm,rosenbrock,102,700,7330.663705621899
genetic_algorithm,rosenbrock,102,800,3792.6921054956897
genetic_algorithm,rosenbrock,102,900,2099.7765239740997
genetic_algorithm,rosenbrock,102,1000,1307.4938660129317
genetic_algorithm,rosenbrock,102,1100,1037.783245159535
genetic_algorithm,rosenbrock,102,1200,673.8106027806267
genetic_algorithm,rosenbrock,102,1300,581.4431888518635
genetic_algorithm,rosenbrock,102,1400,403.7769082711794
genetic_algorithm,rosenbrock,102,1500,97.68915274081252
genetic_algorithm,rosenbrock,102,1600,69.40147426447949
genetic_algorithm,rosenbrock,102,1700,66.90445301576374
genetic_algorithm,rosenbrock,102,1800,62.20456658842065
genetic_algorithm,rosenbrock,102,1900,53.828718371738375
genetic_algorithm,rosenbrock,102,2000,52.45283567654251
genetic_algorithm,rosenbrock,102,2100,51.641647806006105
genetic_algorithm,rosenbrock,102,2200,23.581564325136174
genetic_algorithm,rosenbrock,102,2300,17.790557484431748
genetic_algorithm,rosenbrock,102,2400,14.874829104318371
genetic_algorithm,rosenbrock,102,2500,13.664643427756808
genetic_algorithm,rosenbrock,102,2600,13.562395920063722
genetic_algorithm,rosenbrock,102,2700,13.508684401249768
genetic_algorithm,rosenbrock,102,2800,13.397365476485485
genetic_algorithm,rosenbrock,102,2900,10.812045656951977
genetic_algorithm,rosenbrock,102,3000,10.584742898189562
genetic_algorithm,rosenbrock,102,3100,9.574012648003597
genetic_algorithm,rosenbrock,102,3200,9.573433831232105
genetic_algorithm,rosenbrock,102,3300,8.124429828220293
genetic_algorithm,rosenbrock,102,3400,8.053291615571275
genetic_algorithm,rosenbrock,102,3500,7.992612805599549
genetic_algorithm,rosenbrock,102,3600,7.988336610054507
genetic_algorithm,rosenbrock,102,3700,7.909430440674319
genetic_algorithm,rosenbrock,102,3800,7.89748424749585
genetic_algorithm,rosenbrock,102,3900,7.8867393482324015
genetic_algorithm,rosenbrock,102,4000,7.87871415131913
genetic_algorithm,rosenbrock,102,4100,7.87871415131913
genetic_algorithm,rosenbrock,102,4200,7.640098439661221
genetic_algorithm,rosenbrock,102,4300,7.415333613954589
genetic_algorithm,rosenbrock,102,4400,7.410027140732618
genetic_algorithm,rosenbrock,102,4500,7.269047060325819
genetic_algorithm,rosenbrock,102,4600,7.128562469163331
genetic_algorithm,rosenbrock,102,4700,7.067602276042167
genetic_algorithm,rosenbrock,102,4800,7.067602276042167
genetic_algorithm,rosenbrock,102,4900,7.065111614591757
genetic_algorithm,rosenbrock,102,5000,7.0651072716367835
genetic_algorithm,rosenbrock,102,5100,7.026197903396411
genetic_algorithm,rosenbrock,102,5200,6.713416890319461
genetic_algorithm,rosenbrock,102,5300,6.707347420392763
genetic_algorithm,rosenbrock,102,5400,6.699396072641625
genetic_algorithm,rosenbrock,102,5500,6.671022383722721
genetic_algorithm,rosenbrock,102,5600,6.670671976376384
genetic_algorithm,rosenbrock,102,5700,6.668705168533915
genetic_algorithm,rosenbrock,102,5800,6.667387836081251
genetic_algorithm,rosenbrock,102,5900,6.667387836081251
genetic_algorithm,rosenbrock,102,6000,6.667046843768843
genetic_algorithm,rosenbrock,102,6100,6.636910025290894
genetic_algorithm,rosenbrock,102,6200,6.636102837729734
genetic_algorithm,rosenbrock,102,6300,6.63546948352249
genetic_algorithm,rosenbrock,102,6400,6.62911646947457
genetic_algorithm,rosenbrock,102,6500,6.612970825058564
genetic_algorithm,rosenbrock,102,6600,6.603087046400576
genetic_algorithm,rosenbrock,102,6700,6.601291453764299
genetic_algorithm,rosenbrock,102,6800,6.583481357935481
genetic_algorithm,rosenbrock,102,6900,6.583009001617718
genetic_algorithm,rosenbrock,102,7000,6.582333184042152
genetic_algorithm,rosenbrock,102,7100,6.578878290812546
genetic_algorithm,rosenbrock,102,7200,6.578852634445967
genetic_algorithm,rosenbrock,102,7300,6.501116676477848
genetic_algorithm,rosenbrock,102,7400,6.498506499186987
genetic_algorithm,rosenbrock,102,7500,6.482081003511647
genetic_algorithm,rosenbrock,102,7600,6.481941833848561
genetic_algorithm,rosenbrock,102,7700,6.480170790162899
genetic_algorithm,rosenbrock,102,7800,6.480163316384449
genetic_algorithm,rosenbrock,102,7900,6.480151563445846
genetic_algorithm,rosenbrock,102,8000,6.480042925274843
genetic_algorithm,rosenbrock,102,8100,6.480042925274843
genetic_algorithm,rosenbrock,102,8200,6.450145473799877
genetic_algorithm,rosenbrock,102,8300,6.443987852267783
genetic_algorithm,rosenbrock,102,8400,6.4439792317344065
genetic_algorithm,rosenbrock,102,8500,6.4439792317344065
genetic_algorithm,rosenbrock,102,8600,6.440979847305752
genetic_algorithm,rosenbrock,102,8700,6.440979847305752
genetic_algorithm,rosenbrock,102,8800,6.440979847305752
genetic_algorithm,rosenbrock,102,8900,6.440979847305752
genetic_algorithm,rosenbrock,102,9000,6.439177766733293
genetic_algorithm,rosenbrock,102,9100,6.439177766733293
genetic_algorithm,rosenbrock,102,9200,6.434290535025707
genetic_algorithm,rosenbrock,102,9300,6.433709619902234
genetic_algorithm,rosenbrock,102,9400,6.433709574651497
genetic_algorithm,rosenbrock,102,9500,6.424189899821247
genetic_algorithm,rosenbrock,102,9600,6.4236945701094115
genetic_algorithm,rosenbrock,102,9700,6.423216575624428
genetic_algorithm,rosenbrock,102,9800,6.4169974908928
genetic_algorithm,rosenbrock,102,9900,6.416738891316214
genetic_algorithm,rosenbrock,102,10000,6.416738891316214
genetic_algorithm,rosenbrock,102,10100,6.416738891316214
genetic_algorithm,rosenbrock,102,10200,6.416738891316214
genetic_algorithm,rosenbrock,102,10300,6.405065514448145
genetic_algorithm,rosenbrock,102,10400,6.405065514448145
genetic_algorithm,rosenbrock,102,10500,6.402971171707274
genetic_algorithm,rosenbrock,102,10600,6.402971142255891
genetic_algorithm,rosenbrock,102,10700,6.402971142255891
genetic_algorithm,rosenbrock,102,10800,6.401116201307785
genetic_algorithm,rosenbrock,102,10900,6.400458241418357
genetic_algorithm,rosenbrock,102,11000,6.400458241418357
genetic_algorithm,rosenbrock,102,11100,6.39940110037233
genetic_algorithm,rosenbrock,102,11200,6.39940110037233
genetic_algorithm,rosenbrock,102,11300,6.398952450784501
genetic_algorithm,rosenbrock,102,11400,6.398952450784501
genetic_algorithm,rosenbrock,102,11500,6.3982306020222675
genetic_algorithm,rosenbrock,102,11600,6.398042288815662
genetic_algorithm,rosenbrock,102,11700,6.398042288815662
genetic_algorithm,rosenbrock,102,11800,6.398042288815662
genetic_algorithm,rosenbrock,102,11900,6.397905901441349
genetic_algorithm,rosenbrock,102,12000,6.397617214825339
genetic_algorithm,rosenbrock,102,12100,6.362669036457966
genetic_algorithm,rosenbrock,102,12200,6.362669036457966
genetic_algorithm,rosenbrock,102,12300,6.3578657496210536
genetic_algorithm,rosenbrock,102,12400,6.356228971056389
genetic_algorithm,rosenbrock,102,12500,6.349850873315838
genetic_algorithm,rosenbrock,102,12600,6.349850873315838
genetic_algorithm,rosenbrock,102,12700,6.347134594375127
genetic_algorithm,rosenbrock,102,12800,6.347134594375127
genetic_algorithm,rosenbrock,102,12900,6.347134594375127
genetic_algorithm,rosenbrock,102,13000,6.3470682307224155
genetic_algorithm,rosenbrock,102,13100,6.347067527890659
genetic_algorithm,rosenbrock,102,13200,6.347063717188085
genetic_algorithm,rosenbrock,102,13300,6.346359863457428
genetic_algorithm,rosenbrock,102,13400,6.345931873320021
genetic_algorithm,rosenbrock,102,13500,6.345732065714959
genetic_algorithm,rosenbrock,102,13600,6.345732065714959
genetic_algorithm,rosenbrock,102,13700,6.345291784627154
genetic_algorithm,rosenbrock,102,13800,6.3452659827805045
genetic_algorithm,rosenbrock,102,13900,6.345235333685655
genetic_algorithm,rosenbrock,102,14000,6.345235333685655
genetic_algorithm,rosenbrock,102,14100,6.330564644763031
genetic_algorithm,rosenbrock,102,14200,6.3304606442913345
genetic_algorithm,rosenbrock,102,14300,6.330457576376086
genetic_algorithm,rosenbrock,102,14400,6.330457576376086
genetic_algorithm,rosenbrock,102,14500,6.330457576376086
genetic_algorithm,rosenbrock,102,14600,6.330106228098036
genetic_algorithm,rosenbrock,102,14700,6.328424064446078
genetic_algorithm,rosenbrock,102,14800,6.328334951386401
genetic_algorithm,rosenbrock,102,14900,6.328334951386401
genetic_algorithm,rosenbrock,102,15000,6.328334951386401
genetic_algorithm,rosenbrock,102,15100,6.328334951386401
genetic_algorithm,rosenbrock,102,15200,6.328334951386401
genetic_algorithm,rosenbrock,102,15300,6.327637411742777
genetic_algorithm,rosenbrock,102,15400,6.323935358410732
genetic_algorithm,rosenbrock,102,15500,6.322587014679025
genetic_algorithm,rosenbrock,102,15600,6.322365444329986
genetic_algorithm,rosenbrock,102,15700,6.322365444329986
genetic_algorithm,rosenbrock,102,15800,6.322365444329986
genetic_algorithm,rosenbrock,102,15900,6.320379327602975
genetic_algorithm,rosenbrock,102,16000,6.319995262020479
genetic_algorithm,rosenbrock,102,16100,6.3187766768559
genetic_algorithm,rosenbrock,102,16200,6.31858345942613
genetic_algorithm,rosenbrock,102,16300,6.318461833566216
genetic_algorithm,rosenbrock,102,16400,6.314571527407702
genetic_algorithm,rosenbrock,102,16500,6.314526077572866
genetic_algorithm,rosenbrock,102,16600,6.3145235095021475
genetic_algorithm,rosenbrock,102,16700,6.314418882058067
genetic_algorithm,rosenbrock,102,16800,6.314418882058067
genetic_algorithm,rosenbrock,102,16900,6.314418882058067
genetic_algorithm,rosenbrock,102,17000,6.314418882058067
genetic_algorithm,rosenbrock,102,17100,6.314418788827171
genetic_algorithm,rosenbrock,102,17200,6.314418788827171
genetic_algorithm,rosenbrock,102,17300,6.3140681431797585
genetic_algorithm,rosenbrock,102,17400,6.314055019294875
genetic_algorithm,rosenbrock,102,17500,6.314054847287342
genetic_algorithm,rosenbrock,102,17600,6.310482769592083
genetic_algorithm,rosenbrock,102,17700,6.310482769592083
genetic_algorithm,rosenbrock,102,17800,6.310482769592083
genetic_algorithm,rosenbrock,102,17900,6.310482769592083
genetic_algorithm,rosenbrock,102,18000,6.3104262588144815
genetic_algorithm,rosenbrock,102,18100,6.310425489596009
genetic_algorithm,rosenbrock,102,18200,6.310425325005285
genetic_algorithm,rosenbrock,102,18300,6.310330339730178
genetic_algorithm,rosenbrock,102,18400,6.293976367187922
genetic_algorithm,rosenbrock,102,18500,6.2939583245834605
genetic_algorithm,rosenbrock,102,18600,6.293944804115754
genetic_algorithm,rosenbrock,102,18700,6.293700584536049
genetic_algorithm,rosenbrock,102,18800,6.288958459082797
genetic_algorithm,rosenbrock,102,18900,6.2842971423419005
genetic_algorithm,rosenbrock,102,19000,6.281408535154766
genetic_algorithm,rosenbrock,102,19100,6.280919410064088
genetic_algorithm,rosenbrock,102,19200,6.280919410064088
genetic_algorithm,rosenbrock,102,19300,6.280843172152974
genetic_algorithm,rosenbrock,102,19400,6.280843172152974
genetic_algorithm,rosenbrock,102,19500,6.280843172152974
genetic_algorithm,rosenbrock,102,19600,6.280842513537196
genetic_algorithm,rosenbrock,102,19700,6.279118313600854
genetic_algorithm,rosenbrock,102,19800,6.279118313600854
genetic_algorithm,rosenbrock,102,19900,6.279063927044591
genetic_algorithm,rosenbrock,102,20000,6.278662759010805
genetic_algorithm,rosenbrock,103,100,133351.40281147065
genetic_algorithm,rosenbrock,103,200,119229.03009806748
genetic_algorithm,rosenbrock,103,300,86202.33870474745
genetic_algorithm,rosenbrock,103,400,73332.45516337556
genetic_algorithm,rosenbrock,103,500,56644.5908593538
genetic_algorithm,rosenbrock,103,600,28024.379999813806
genetic_algorithm,rosenbrock,103,700,16111.149048630945
genetic_algorithm,rosenbrock,103,800,13566.56193574441
genetic_algorithm,rosenbrock,103,900,9432.544003219658
genetic_algorithm,rosenbrock,103,1000,4866.012400959439
genetic_algorithm,rosenbrock,103,1100,3487.626020962628
genetic_algorithm,rosenbrock,103,1200,1666.1265892831198
genetic_algorithm,rosenbrock,103,1300,1621.013452788095
genetic_algorithm,rosenbrock,103,1400,987.8433921065066
genetic_algorithm,rosenbrock,103,1500,935.0077390516079
genetic_algorithm,rosenbrock,103,1600,439.64936698695084
genetic_algorithm,rosenbrock,103,1700,426.5476800866304
genetic_algorithm,rosenbrock,103,1800,390.22957439512135
genetic_algorithm,rosenbrock,103,1900,354.7463751729551
genetic_algorithm,rosenbrock,103,2000,329.9888088093521
genetic_algorithm,rosenbrock,103,2100,286.83725169183793
genetic_algorithm,rosenbrock,103,2200,244.81430659954393
genetic_algorithm,rosenbrock,103,2300,223.5792784516492
genetic_algorithm,rosenbrock,103,2400,175.6968582999306
genetic_algorithm,rosenbrock,103,2500,172.2304700571019
genetic_algorithm,rosenbrock,103,2600,171.55131114606024
genetic_algorithm,rosenbrock,103,2700,147.1278196481738
genetic_algorithm,rosenbrock,103,2800,145.90364310409564
genetic_algorithm,rosenbrock,103,2900,132.55800297090565
genetic_algorithm,rosenbrock,103,3000,129.0297352188511
genetic_algorithm,rosenbrock,103,3100,113.35412274759493
genetic_algorithm,rosenbrock,103,3200,113.27059157073029
genetic_algorithm,rosenbrock,103,3300,110.28476258127176
genetic_algorithm,rosenbrock,103,3400,109.34409267050562
genetic_algorithm,rosenbrock,103,3500,109.1326963001104
genetic_algorithm,rosenbrock,103,3600,108.14350017065826
genetic_algorithm,rosenbrock,103,3700,107.47680601289187
genetic_algorithm,rosenbrock,103,3800,105.11986611347065
genetic_algorithm,rosenbrock,103,3900,103.79073306041299
genetic_algorithm,rosenbrock,103,4000,102.8405052315682
genetic_algorithm,rosenbrock,103,4100,98.29720694985902
genetic_algorithm,rosenbrock,103,4200,98.27692450206652
genetic_algorithm,rosenbrock,103,4300,94.5838038417348
genetic_algorithm,rosenbrock,103,4400,94.38958747105657
genetic_algorithm,rosenbrock,103,4500,93.79151232146904
genetic_algorithm,rosenbrock,103,4600,92.93017743983731
genetic_algorithm,rosenbrock,103,4700,92.71536124603801
genetic_algorithm,rosenbrock,103,4800,92.71536124603801
genetic_algorithm,rosenbrock,103,4900,92.56212300426503
genetic_algorithm,rosenbrock,103,5000,90.43657465052985
genetic_algorithm,rosenbrock,103,5100,87.8994673367556
genetic_algorithm,rosenbrock,103,5200,87.75769776053133
genetic_algorithm,rosenbrock,103,5300,86.70905784658693
genetic_algorithm,rosenbrock,103,5400,86.57068620366002
genetic_algorithm,rosenbrock,103,5500,82.1417832074342
genetic_algorithm,rosenbrock,103,5600,81.52566414024048
genetic_algorithm,rosenbrock,103,5700,81.23380674255873
genetic_algorithm,rosenbrock,103,5800,80.83694116068615
genetic_algorithm,rosenbrock,103,5900,76.18296921542911
genetic_algorithm,rosenbrock,103,6000,71.8803168389247
genetic_algorithm,rosenbrock,103,6100,71.8803168389247
genetic_algorithm,rosenbrock,103,6200,65.5289263396713
genetic_algorithm,rosenbrock,103,6300,54.48503965380224
genetic_algorithm,rosenbrock,103,6400,50.27079959503009
genetic_algorithm,rosenbrock,103,6500,49.89713865884886
genetic_algorithm,rosenbrock,103,6600,40.957207591410835
genetic_algorithm,rosenbrock,103,6700,39.343642544351425
genetic_algorithm,rosenbrock,103,6800,39.10434380187399
genetic_algorithm,rosenbrock,103,6900,38.88463217125444
genetic_algorithm,rosenbrock,103,7000,38.87440561205073
genetic_algorithm,rosenbrock,103,7100,35.71550555546525
genetic_algorithm,rosenbrock,103,7200,35.71550555546525
genetic_algorithm,rosenbrock,103,7300,29.045761265864865
genetic_algorithm,rosenbrock,103,7400,20.127212967671635
genetic_algorithm,rosenbrock,103,7500,20.127212967671632
genetic_algorithm,rosenbrock,103,7600,18.503444274798007
genetic_algorithm,rosenbrock,103,7700,18.502474252354023
genetic_algorithm,rosenbrock,103,7800,18.502474252354023
genetic_algorithm,rosenbrock,103,7900,18.3829756682919
genetic_algorithm,rosenbrock,103,8000,18.354125421985064
genetic_algorithm,rosenbrock,103,8100,12.601180486103779
genetic_algorithm,rosenbrock,103,8200,12.542902533100472
genetic_algorithm,rosenbrock,103,8300,9.81025932267358
genetic_algorithm,rosenbrock,103,8400,9.322126041030225
genetic_algorithm,rosenbrock,103,8500,9.314989257624372
genetic_algorithm,rosenbrock,103,8600,7.461666702988737
genetic_algorithm,rosenbrock,103,8700,7.304912486824113
genetic_algorithm,rosenbrock,103,8800,7.297781248956256
genetic_algorithm,rosenbrock,103,8900,7.297781248956256
genetic_algorithm,rosenbrock,103,9000,7.2266561351872545
genetic_algorithm,rosenbrock,103,9100,6.692109471203146
genetic_algorithm,rosenbrock,103,9200,6.611314541614211
genetic_algorithm,rosenbrock,103,9300,5.852614722565802
genetic_algorithm,rosenbrock,103,9400,5.8425253925842995
genetic_algorithm,rosenbrock,103,9500,5.841741496956193
genetic_algorithm,rosenbrock,103,9600,5.412130815685841
genetic_algorithm,rosenbrock,103,9700,5.412130815685841
genetic_algorithm,rosenbrock,103,9800,5.412130815685841
genetic_algorithm,rosenbrock,103,9900,5.382878957507549
genetic_algorithm,rosenbrock,103,10000,5.341604255459501
genetic_algorithm,rosenbrock,103,10100,5.282789244266463
genetic_algorithm,rosenbrock,103,10200,5.275357425349082
genetic_algorithm,rosenbrock,103,10300,5.275357425349082
genetic_algorithm,rosenbrock,103,10400,5.274303178193376
genetic_algorithm,rosenbrock,103,10500,5.274303178193376
genetic_algorithm,rosenbrock,103,10600,5.086778464240352
genetic_algorithm,rosenbrock,103,10700,5.086738255285965
genetic_algorithm,rosenbrock,103,10800,5.046886335871651
genetic_algorithm,rosenbrock,103,10900,5.027825586696722
genetic_algorithm,rosenbrock,103,11000,5.011654887595574
genetic_algorithm,rosenbrock,103,11100,5.011645172033308
genetic_algorithm,rosenbrock,103,11200,4.840100961506998
genetic_algorithm,rosenbrock,103,11300,4.840100961506998
genetic_algorithm,rosenbrock,103,11400,4.742848946795086
genetic_algorithm,rosenbrock,103,11500,4.67337322642028
genetic_algorithm,rosenbrock,103,11600,4.661152048625978
genetic_algorithm,rosenbrock,103,11700,4.267764524576431
genetic_algorithm,rosenbrock,103,11800,4.267764524576431
genetic_algorithm,rosenbrock,103,11900,4.253635178965417
genetic_algorithm,rosenbrock,103,12000,4.216251408453081
genetic_algorithm,rosenbrock,103,12100,4.205727076216623
genetic_algorithm,rosenbrock,103,12200,4.169748088346462
genetic_algorithm,rosenbrock,103,12300,4.079081458211295
genetic_algorithm,rosenbrock,103,12400,4.045030232325752
genetic_algorithm,rosenbrock,103,12500,3.979097976317905
genetic_algorithm,rosenbrock,103,12600,3.9573138730701722
genetic_algorithm,rosenbrock,103,12700,3.953698716470206
genetic_algorithm,rosenbrock,103,12800,3.936751656679122
genetic_algorithm,rosenbrock,103,12900,3.91859894218868
genetic_algorithm,rosenbrock,103,13000,3.917574936325761
genetic_algorithm,rosenbrock,103,13100,3.672357355840819
genetic_algorithm,rosenbrock,103,13200,3.6705600102285594
genetic_algorithm,rosenbrock,103,13300,3.6705600102285594
genetic_algorithm,rosenbrock,103,13400,3.65971571328144
genetic_algorithm,rosenbrock,103,13500,3.6581200613814016
genetic_algorithm,rosenbrock,103,13600,3.6581200613814016
genetic_algorithm,rosenbrock,103,13700,3.6581200613813993
genetic_algorithm,rosenbrock,103,13800,3.6577338098659835
genetic_algorithm,rosenbrock,103,13900,3.6574570884812134
genetic_algorithm,rosenbrock,103,14000,3.6531111160270555
genetic_algorithm,rosenbrock,103,14100,3.6518444054244776
genetic_algorithm,rosenbrock,103,14200,3.64208348143471
genetic_algorithm,rosenbrock,103,14300,3.6297946304384276
genetic_algorithm,rosenbrock,103,14400,3.6297946304384276
genetic_algorithm,rosenbrock,103,14500,3.5572313611230704
genetic_algorithm,rosenbrock,103,14600,3.487314774220424
genetic_algorithm,rosenbrock,103,14700,3.487237621899503
genetic_algorithm,rosenbrock,103,14800,3.486985796575823
genetic_algorithm,rosenbrock,103,14900,3.4855237468656535
genetic_algorithm,rosenbrock,103,15000,3.4855237468656535
genetic_algorithm,rosenbrock,103,15100,3.4328057038738575
genetic_algorithm,rosenbrock,103,15200,3.432671377827431
genetic_algorithm,rosenbrock,103,15300,3.430724922502687
genetic_algorithm,rosenbrock,103,15400,3.4285888081189837
genetic_algorithm,rosenbrock,103,15500,3.42018062010713
genetic_algorithm,rosenbrock,103,15600,3.4143817122388094
genetic_algorithm,rosenbrock,103,15700,3.3683578127704896
genetic_algorithm,rosenbrock,103,15800,3.3683578127704896
genetic_algorithm,rosenbrock,103,15900,3.3625545834599406
genetic_algorithm,rosenbrock,103,16000,3.3599685370125396
genetic_algorithm,rosenbrock,103,16100,3.357798238876477
genetic_algorithm,rosenbrock,103,16200,3.357798238876477
genetic_algorithm,rosenbrock,103,16300,3.356384953890752
genetic_algorithm,rosenbrock,103,16400,3.347972677271035
genetic_algorithm,rosenbrock,103,16500,3.347544522023685
genetic_algorithm,rosenbrock,103,16600,3.3417413167806114
genetic_algorithm,rosenbrock,103,16700,3.3208356225659954
genetic_algorithm,rosenbrock,103,16800,3.320004333839518
genetic_algorithm,rosenbrock,103,16900,3.3063229753807972
genetic_algorithm,rosenbrock,103,17000,3.3008074999233123
genetic_algorithm,rosenbrock,103,17100,3.3008074999233123
genetic_algorithm,rosenbrock,103,17200,3.3008074999233123
genetic_algorithm,rosenbrock,103,17300,3.3008074999233123
genetic_algorithm,rosenbrock,103,17400,3.3008074999233123
genetic_algorithm,rosenbrock,103,17500,3.299344448890619
genetic_algorithm,rosenbrock,103,17600,3.2823126410959063
genetic_algorithm,rosenbrock,103,17700,3.2725660040583797
genetic_algorithm,rosenbrock,103,17800,3.2725660040583797
genetic_algorithm,rosenbrock,103,17900,3.2706197650710926
genetic_algorithm,rosenbrock,103,18000,3.266276255248869
genetic_algorithm,rosenbrock,103,18100,3.2661938948530627
genetic_algorithm,rosenbrock,103,18200,3.2150413090294374
genetic_algorithm,rosenbrock,103,18300,3.2150413090294374
genetic_algorithm,rosenbrock,103,18400,3.2150413090294374
genetic_algorithm,rosenbrock,103,18500,3.2150413090294374
genetic_algorithm,rosenbrock,103,18600,3.2144922250946015
genetic_algorithm,rosenbrock,103,18700,3.1963414864927984
genetic_algorithm,rosenbrock,103,18800,3.179809001883343
genetic_algorithm,rosenbrock,103,18900,3.1797109156188923
genetic_algorithm,rosenbrock,103,19000,3.1797103399089717
genetic_algorithm,rosenbrock,103,19100,3.1527711832775154
genetic_algorithm,rosenbrock,103,19200,3.1527711832775154
genetic_algorithm,rosenbrock,103,19300,3.1516783604481846
genetic_algorithm,rosenbrock,103,19400,3.151069819059169
genetic_algorithm,rosenbrock,103,19500,3.14216314817282
genetic_algorithm,rosenbrock,103,19600,3.141714577126133
genetic_algorithm,rosenbrock,103,19700,3.136567532925866
genetic_algorithm,rosenbrock,103,19800,3.136448570479474
genetic_algorithm,rosenbrock,103,19900,3.136447867027801
genetic_algorithm,rosenbrock,103,20000,3.1192503727146583
genetic_algorithm,rosenbrock,104,100,120938.07836632416
genetic_algorithm,rosenbrock,104,200,89413.79630859045
genetic_algorithm,rosenbrock,104,300,37902.80892809036
genetic_algorithm,rosenbrock,104,400,10148.069403165156
genetic_algorithm,rosenbrock,104,500,5667.347747168857
genetic_algorithm,rosenbrock,104,600,5424.325600075783
genetic_algorithm,rosenbrock,104,700,4525.742352895008
genetic_algorithm,rosenbrock,104,800,1062.3943166669985
genetic_algorithm,rosenbrock,104,900,858.2726356290563
genetic_algorithm,rosenbrock,104,1000,644.8641612230351
genetic_algorithm,rosenbrock,104,1100,380.3378564834648
genetic_algorithm,rosenbrock,104,1200,276.1173191503835
genetic_algorithm,rosenbrock,104,1300,256.3656368938243
genetic_algorithm,rosenbrock,104,1400,229.16536164860307
genetic_algorithm,rosenbrock,104,1500,229.16536164860307
genetic_algorithm,rosenbrock,104,1600,220.51187965110097
genetic_algorithm,rosenbrock,104,1700,216.61936098924053
genetic_algorithm,rosenbrock,104,1800,181.45552830293602
genetic_algorithm,rosenbrock,104,1900,169.52614852437736
genetic_algorithm,rosenbrock,104,2000,161.1773786109736
genetic_algorithm,rosenbrock,104,2100,150.28685025754191
genetic_algorithm,rosenbrock,104,2200,146.51917668421783
genetic_algorithm,rosenbrock,104,2300,146.51741520668398
genetic_algorithm,rosenbrock,104,2400,133.5055563037933
genetic_algorithm,rosenbrock,104,2500,132.56174198500858
genetic_algorithm,rosenbrock,104,2600,132.55820249579338
genetic_algorithm,rosenbrock,104,2700,123.3528217765993
genetic_algorithm,rosenbrock,104,2800,117.40585551939515
genetic_algorithm,rosenbrock,104,2900,112.75599386306764
genetic_algorithm,rosenbrock,104,3000,111.45283663802374
genetic_algorithm,rosenbrock,104,3100,107.11550030038515
genetic_algorithm,rosenbrock,104,3200,106.8494631783806
genetic_algorithm,rosenbrock,104,3300,106.14854383372617
genetic_algorithm,rosenbrock,104,3400,105.7131454694385
genetic_algorithm,rosenbrock,104,3500,105.22389419551901
genetic_algorithm,rosenbrock,104,3600,105.19628211923724
genetic_algorithm,rosenbrock,104,3700,103.90507061651935
genetic_algorithm,rosenbrock,104,3800,103.90409473052675
genetic_algorithm,rosenbrock,104,3900,100.95683484230383
genetic_algorithm,rosenbrock,104,4000,100.65754303583917
genetic_algorithm,rosenbrock,104,4100,99.95320629162772
genetic_algorithm,rosenbrock,104,4200,99.41422190082136
genetic_algorithm,rosenbrock,104,4300,99.33975227959567
genetic_algorithm,rosenbrock,104,4400,98.97712981721966
genetic_algorithm,rosenbrock,104,4500,98.95989238184941
genetic_algorithm,rosenbrock,104,4600,97.71941606450297
genetic_algorithm,rosenbrock,104,4700,96.86178020776255
genetic_algorithm,rosenbrock,104,4800,96.22287827280562
genetic_algorithm,rosenbrock,104,4900,92.2910110912432
genetic_algorithm,rosenbrock,104,5000,92.24285696358743
genetic_algorithm,rosenbrock,104,5100,90.51925524251851
genetic_algorithm,rosenbrock,104,5200,89.79056117108172
genetic_algorithm,rosenbrock,104,5300,89.66068176999745
genetic_algorithm,rosenbrock,104,5400,89.62571898850992
genetic_algorithm,rosenbrock,104,5500,89.3397820918098
genetic_algorithm,rosenbrock,104,5600,89.3270357682471
genetic_algorithm,rosenbrock,104,5700,89.3270357682471
genetic_algorithm,rosenbrock,104,5800,88.64919844901644
genetic_algorithm,rosenbrock,104,5900,88.54290096876007
genetic_algorithm,rosenbrock,104,6000,88.22354474308943
genetic_algorithm,rosenbrock,104,6100,87.11704535182665
genetic_algorithm,rosenbrock,104,6200,87.06283051449557
genetic_algorithm,rosenbrock,104,6300,86.91853703565322
genetic_algorithm,rosenbrock,104,6400,85.75477526363082
genetic_algorithm,rosenbrock,104,6500,85.56623283964622
genetic_algorithm,rosenbrock,104,6600,84.60472257158001
genetic_algorithm,rosenbrock,104,6700,84.53619977629783
genetic_algorithm,rosenbrock,104,6800,83.73690112802264
genetic_algorithm,rosenbrock,104,6900,83.64697306550103
genetic_algorithm,rosenbrock,104,7000,82.50788850719049
genetic_algorithm,rosenbrock,104,7100,80.02416703902233
genetic_algorithm,rosenbrock,104,7200,80.02416703902233
genetic_algorithm,rosenbrock,104,7300,80.01242601230243
genetic_algorithm,rosenbrock,104,7400,80.01242601230243
genetic_algorithm,rosenbrock,104,7500,79.99560579090654
genetic_algorithm,rosenbrock,104,7600,79.99560579090654
genetic_algorithm,rosenbrock,104,7700,79.87887501438271
genetic_algorithm,rosenbrock,104,7800,77.84530225372829
genetic_algorithm,rosenbrock,104,7900,77.17197972451962
genetic_algorithm,rosenbrock,104,8000,76.42656558528934
genetic_algorithm,rosenbrock,104,8100,75.31651119810489
genetic_algorithm,rosenbrock,104,8200,71.34124817245072
genetic_algorithm,rosenbrock,104,8300,71.3263951858915
genetic_algorithm,rosenbrock,104,8400,71.22519506780982
genetic_algorithm,rosenbrock,104,8500,70.45711994462197
genetic_algorithm,rosenbrock,104,8600,68.42323613845767
genetic_algorithm,rosenbrock,104,8700,67.87721512111857
genetic_algorithm,rosenbrock,104,8800,62.31150230235198
genetic_algorithm,rosenbrock,104,8900,61.77280197304474
genetic_algorithm,rosenbrock,104,9000,61.772404817985475
genetic_algorithm,rosenbrock,104,9100,60.314778171607905
genetic_algorithm,rosenbrock,104,9200,60.26852499765246
genetic_algorithm,rosenbrock,104,9300,58.755142118226274
genetic_algorithm,rosenbrock,104,9400,49.936643621401
genetic_algorithm,rosenbrock,104,9500,48.765784589525204
genetic_algorithm,rosenbrock,104,9600,42.03157597394307
genetic_algorithm,rosenbrock,104,9700,41.98625134651802
genetic_algorithm,rosenbrock,104,9800,41.58688627158395
genetic_algorithm,rosenbrock,104,9900,41.372592394038
genetic_algorithm,rosenbrock,104,10000,38.131692016622466
genetic_algorithm,rosenbrock,104,10100,38.131692016622466
genetic_algorithm,rosenbrock,104,10200,35.83303305986915
genetic_algorithm,rosenbrock,104,10300,33.18321941753326
genetic_algorithm,rosenbrock,104,10400,33.17303361832582
genetic_algorithm,rosenbrock,104,10500,30.861367412079336
genetic_algorithm,rosenbrock,104,10600,30.480843675088927
genetic_algorithm,rosenbrock,104,10700,22.026496344173182
genetic_algorithm,rosenbrock,104,10800,19.581543318312725
genetic_algorithm,rosenbrock,104,10900,17.43288535853887
genetic_algorithm,rosenbrock,104,11000,17.081474439955365
genetic_algorithm,rosenbrock,104,11100,15.856581619592056
genetic_algorithm,rosenbrock,104,11200,15.856581619592056
genetic_algorithm,rosenbrock,104,11300,15.537089428289862
genetic_algorithm,rosenbrock,104,11400,14.90184441975608
genetic_algorithm,rosenbrock,104,11500,14.251365217417657
genetic_algorithm,rosenbrock,104,11600,14.149034540791632
genetic_algorithm,rosenbrock,104,11700,13.840161321575652
genetic_algorithm,rosenbrock,104,11800,13.840161321575652
genetic_algorithm,rosenbrock,104,11900,13.772274960388522
genetic_algorithm,rosenbrock,104,12000,13.765607757927471
genetic_algorithm,rosenbrock,104,12100,11.74674373171552
genetic_algorithm,rosenbrock,104,12200,11.74674373171552
genetic_algorithm,rosenbrock,104,12300,11.74674373171552
genetic_algorithm,rosenbrock,104,12400,11.107178681279844
genetic_algorithm,rosenbrock,104,12500,11.023056313131297
genetic_algorithm,rosenbrock,104,12600,10.469122322214883
genetic_algorithm,rosenbrock,104,12700,10.469122322214883
genetic_algorithm,rosenbrock,104,12800,8.492619630007006
genetic_algorithm,rosenbrock,104,12900,8.33831587992944
genetic_algorithm,rosenbrock,104,13000,8.337158921230772
genetic_algorithm,rosenbrock,104,13100,7.6977511752119465
genetic_algorithm,rosenbrock,104,13200,7.556422040272075
genetic_algorithm,rosenbrock,104,13300,7.004188969026226
genetic_algorithm,rosenbrock,104,13400,6.995857850432798
genetic_algorithm,rosenbrock,104,13500,6.9567624314376655
genetic_algorithm,rosenbrock,104,13600,6.694802078325902
genetic_algorithm,rosenbrock,104,13700,6.694802078325902
genetic_algorithm,rosenbrock,104,13800,6.519628506086626
genetic_algorithm,rosenbrock,104,13900,6.483924070174742
genetic_algorithm,rosenbrock,104,14000,6.478646183590913
genetic_algorithm,rosenbrock,104,14100,6.478139509123322
genetic_algorithm,rosenbrock,104,14200,6.470070558775491
genetic_algorithm,rosenbrock,104,14300,4.8598824654070345
genetic_algorithm,rosenbrock,104,14400,4.828213434557695
genetic_algorithm,rosenbrock,104,14500,4.621776684184103
genetic_algorithm,rosenbrock,104,14600,4.6146525083781995
genetic_algorithm,rosenbrock,104,14700,4.224155078405073
genetic_algorithm,rosenbrock,104,14800,4.214749532743961
genetic_algorithm,rosenbrock,104,14900,4.209848932882845
genetic_algorithm,rosenbrock,104,15000,4.209848932882845
genetic_algorithm,rosenbrock,104,15100,4.209848932882845
genetic_algorithm,rosenbrock,104,15200,4.1550826813473165
genetic_algorithm,rosenbrock,104,15300,4.140651900608146
genetic_algorithm,rosenbrock,104,15400,4.050141987584041
genetic_algorithm,rosenbrock,104,15500,4.050141987584041
genetic_algorithm,rosenbrock,104,15600,4.050141987584041
genetic_algorithm,rosenbrock,104,15700,4.039428304286928
genetic_algorithm,rosenbrock,104,15800,4.000773254616009
genetic_algorithm,rosenbrock,104,15900,3.955491324598798
genetic_algorithm,rosenbrock,104,16000,3.88260731645396
genetic_algorithm,rosenbrock,104,16100,3.8747297903917692
genetic_algorithm,rosenbrock,104,16200,3.8747297903917692
genetic_algorithm,rosenbrock,104,16300,3.859510488685916
genetic_algorithm,rosenbrock,104,16400,3.847670562379138
genetic_algorithm,rosenbrock,104,16500,3.8252323516379567
genetic_algorithm,rosenbrock,104,16600,3.8252323516379567
genetic_algorithm,rosenbrock,104,16700,3.8094901012051814
genetic_algorithm,rosenbrock,104,16800,3.8058789631958803
genetic_algorithm,rosenbrock,104,16900,3.805818794212321
genetic_algorithm,rosenbrock,104,17000,3.7550834133509845
genetic_algorithm,rosenbrock,104,17100,3.7550834133509845
genetic_algorithm,rosenbrock,104,17200,3.752104253497561
genetic_algorithm,rosenbrock,104,17300,3.6250252420999836
genetic_algorithm,rosenbrock,104,17400,3.6250252420999836
genetic_algorithm,rosenbrock,104,17500,3.609187869217868
genetic_algorithm,rosenbrock,104,17600,3.6091536704251457
genetic_algorithm,rosenbrock,104,17700,3.6091536704251457
genetic_algorithm,rosenbrock,104,17800,2.7318312415438797
genetic_algorithm,rosenbrock,104,17900,2.7318312415438797
genetic_algorithm,rosenbrock,104,18000,2.7271858564958134
genetic_algorithm,rosenbrock,104,18100,2.6975329764542426
genetic_algorithm,rosenbrock,104,18200,2.6975329764542426
genetic_algorithm,rosenbrock,104,18300,2.6487548527178384
genetic_algorithm,rosenbrock,104,18400,2.647404811363624
genetic_algorithm,rosenbrock,104,18500,2.5959721982699504
genetic_algorithm,rosenbrock,104,18600,2.5864371667443136
genetic_algorithm,rosenbrock,104,18700,2.5864304774557185
genetic_algorithm,rosenbrock,104,18800,2.5847373774022557
genetic_algorithm,rosenbrock,104,18900,2.5847373774022557
genetic_algorithm,rosenbrock,104,19000,2.5665586281787
genetic_algorithm,rosenbrock,104,19100,2.5665586281787
genetic_algorithm,rosenbrock,104,19200,2.557360015332576
genetic_algorithm,rosenbrock,104,19300,2.5458114029586447
genetic_algorithm,rosenbrock,104,19400,2.4852755904232757
genetic_algorithm,rosenbrock,104,19500,2.4852755904232757
genetic_algorithm,rosenbrock,104,19600,2.4852755904232757
genetic_algorithm,rosenbrock,104,19700,2.4852755904232757
genetic_algorithm,rosenbrock,104,19800,2.3847657371646003
genetic_algorithm,rosenbrock,104,19900,2.378571270074181
genetic_algorithm,rosenbrock,104,20000,2.369949643638222
genetic_algorithm,rosenbrock,105,100,93106.74265156094
genetic_algorithm,rosenbrock,105,200,62984.676044284926
genetic_algorithm,rosenbrock,105,300,37503.7866673554
genetic_algorithm,rosenbrock,105,400,28411.53954557041
genetic_algorithm,rosenbrock,105,500,17420.262423435037
genetic_algorithm,rosenbrock,105,600,14002.733294299891
genetic_algorithm,rosenbrock,105,700,8491.359665457849
genetic_algorithm,rosenbrock,105,800,5093.316109729676
genetic_algorithm,rosenbrock,105,900,3869.3145498443982
genetic_algorithm,rosenbrock,105,1000,2652.036025965606
genetic_algorithm,rosenbrock,105,1100,1461.6049794605037
genetic_algorithm,rosenbrock,105,1200,1024.423231855922
genetic_algorithm,rosenbrock,105,1300,414.8207364317742
genetic_algorithm,rosenbrock,105,1400,199.33933718560434
genetic_algorithm,rosenbrock,105,1500,179.1830662626902
genetic_algorithm,rosenbrock,105,1600,175.25650680975176
genetic_algorithm,rosenbrock,105,1700,126.76803113296258
genetic_algorithm,rosenbrock,105,1800,92.463310976093
genetic_algorithm,rosenbrock,105,1900,70.176321038046
genetic_algorithm,rosenbrock,105,2000,57.490099220116086
genetic_algorithm,rosenbrock,105,2100,44.290435286849956
genetic_algorithm,rosenbrock,105,2200,37.356151628318734
genetic_algorithm,rosenbrock,105,2300,37.060177252088174
genetic_algorithm,rosenbrock,105,2400,32.01804065387966
genetic_algorithm,rosenbrock,105,2500,27.72556507917488
genetic_algorithm,rosenbrock,105,2600,24.370959240277156
genetic_algorithm,rosenbrock,105,2700,20.64852148509328
genetic_algorithm,rosenbrock,105,2800,17.49249241513754
genetic_algorithm,rosenbrock,105,2900,17.49249241513754
genetic_algorithm,rosenbrock,105,3000,17.242890730629046
genetic_algorithm,rosenbrock,105,3100,15.354171180543258
genetic_algorithm,rosenbrock,105,3200,9.551585349295383
genetic_algorithm,rosenbrock,105,3300,9.211707208026883
genetic_algorithm,rosenbrock,105,3400,9.20581568503251
genetic_algorithm,rosenbrock,105,3500,9.118979417887656
genetic_algorithm,rosenbrock,105,3600,8.996572773073982
genetic_algorithm,rosenbrock,105,3700,8.99657277307398
genetic_algorithm,rosenbrock,105,3800,8.391803827281826
genetic_algorithm,rosenbrock,105,3900,8.223291501618593
genetic_algorithm,rosenbrock,105,4000,8.223291501618593
genetic_algorithm,rosenbrock,105,4100,7.926381190061033
genetic_algorithm,rosenbrock,105,4200,7.655127910668568
genetic_algorithm,rosenbrock,105,4300,7.5488116688617435
genetic_algorithm,rosenbrock,105,4400,7.443727444397421
genetic_algorithm,rosenbrock,105,4500,7.397644754514822
genetic_algorithm,rosenbrock,105,4600,7.382861745124456
genetic_algorithm,rosenbrock,105,4700,7.282057376370628
genetic_algorithm,rosenbrock,105,4800,7.121323145906706
genetic_algorithm,rosenbrock,105,4900,7.063318507849817
genetic_algorithm,rosenbrock,105,5000,6.51348516205483
genetic_algorithm,rosenbrock,105,5100,6.510466240958496
genetic_algorithm,rosenbrock,105,5200,6.510466240958496
genetic_algorithm,rosenbrock,105,5300,6.4913980462537895
genetic_algorithm,rosenbrock,105,5400,6.06917028331073
genetic_algorithm,rosenbrock,105,5500,6.020176318455002
genetic_algorithm,rosenbrock,105,5600,6.020176318455002
genetic_algorithm,rosenbrock,105,5700,6.018893716772716
genetic_algorithm,rosenbrock,105,5800,6.018893716772716
genetic_algorithm,rosenbrock,105,5900,6.0092898370803045
genetic_algorithm,rosenbrock,105,6000,6.0092380281156625
genetic_algorithm,rosenbrock,105,6100,5.999651225872158
genetic_algorithm,rosenbrock,105,6200,5.96657046694944
genetic_algorithm,rosenbrock,105,6300,5.921242243088496
genetic_algorithm,rosenbrock,105,6400,5.911723516863224
genetic_algorithm,rosenbrock,105,6500,5.911543770338101
genetic_algorithm,rosenbrock,105,6600,5.90742203521101
genetic_algorithm,rosenbrock,105,6700,5.896071025813709
genetic_algorithm,rosenbrock,105,6800,5.8829473628296425
genetic_algorithm,rosenbrock,105,6900,5.8829473628296425
genetic_algorithm,rosenbrock,105,7000,5.8829473628296425
genetic_algorithm,rosenbrock,105,7100,5.879405385700011
genetic_algorithm,rosenbrock,105,7200,5.879405385700011
genetic_algorithm,rosenbrock,105,7300,5.879395691437638
genetic_algorithm,rosenbrock,105,7400,5.8793956152717985
genetic_algorithm,rosenbrock,105,7500,5.879366202405457
genetic_algorithm,rosenbrock,105,7600,5.879199020011698
genetic_algorithm,rosenbrock,105,7700,5.8530423539555665
genetic_algorithm,rosenbrock,105,7800,5.853042312999474
genetic_algorithm,rosenbrock,105,7900,5.851937513959772
genetic_algorithm,rosenbrock,105,8000,5.851937513959772
genetic_algorithm,rosenbrock,105,8100,5.851937513959772
genetic_algorithm,rosenbrock,105,8200,5.851937513959772
genetic_algorithm,rosenbrock,105,8300,5.847375555296429
genetic_algorithm,rosenbrock,105,8400,5.841212527408311
genetic_algorithm,rosenbrock,105,8500,5.841212527408311
genetic_algorithm,rosenbrock,105,8600,5.838169855773686
genetic_algorithm,rosenbrock,105,8700,5.838122380968796
genetic_algorithm,rosenbrock,105,8800,5.838122272771692
genetic_algorithm,rosenbrock,105,8900,5.837047514655079
genetic_algorithm,rosenbrock,105,9000,5.837047514655079
genetic_algorithm,rosenbrock,105,9100,5.836981039713126
genetic_algorithm,rosenbrock,105,9200,5.833759295633014
genetic_algorithm,rosenbrock,105,9300,5.823325673082275
genetic_algorithm,rosenbrock,105,9400,5.820781234415261
genetic_algorithm,rosenbrock,105,9500,5.820781234415261
genetic_algorithm,rosenbrock,105,9600,5.820773794879846
genetic_algorithm,rosenbrock,105,9700,5.820773794879846
genetic_algorithm,rosenbrock,105,9800,5.8198608386067905
genetic_algorithm,rosenbrock,105,9900,5.818952229058137
genetic_algorithm,rosenbrock,105,10000,5.817462483589927
genetic_algorithm,rosenbrock,105,10100,5.813815110471617
genetic_algorithm,rosenbrock,105,10200,5.803818601699386
genetic_algorithm,rosenbrock,105,10300,5.795569069194936
genetic_algorithm,rosenbrock,105,10400,5.793234824680303
genetic_algorithm,rosenbrock,105,10500,5.78246905306718
genetic_algorithm,rosenbrock,105,10600,5.782163300943152
genetic_algorithm,rosenbrock,105,10700,5.782012922376449
genetic_algorithm,rosenbrock,105,10800,5.781908643448542
genetic_algorithm,rosenbrock,105,10900,5.781862863409944
genetic_algorithm,rosenbrock,105,11000,5.781725335286772
genetic_algorithm,rosenbrock,105,11100,5.781725335286772
genetic_algorithm,rosenbrock,105,11200,5.7807284500594225
genetic_algorithm,rosenbrock,105,11300,5.780715390464236
genetic_algorithm,rosenbrock,105,11400,5.7807070608473605
genetic_algorithm,rosenbrock,105,11500,5.780413904673867
genetic_algorithm,rosenbrock,105,11600,5.780413212881474
genetic_algorithm,rosenbrock,105,11700,5.779436134923187
genetic_algorithm,rosenbrock,105,11800,5.779436134923187
genetic_algorithm,rosenbrock,105,11900,5.779353923462905
genetic_algorithm,rosenbrock,105,12000,5.778968341966158
genetic_algorithm,rosenbrock,105,12100,5.778103954567124
genetic_algorithm,rosenbrock,105,12200,5.777882423738964
genetic_algorithm,rosenbrock,105,12300,5.771611201501121
genetic_algorithm,rosenbrock,105,12400,5.771253823200743
genetic_algorithm,rosenbrock,105,12500,5.770153063199456
genetic_algorithm,rosenbrock,105,12600,5.770053869894865
genetic_algorithm,rosenbrock,105,12700,5.76939443464282
genetic_algorithm,rosenbrock,105,12800,5.765115680214385
genetic_algorithm,rosenbrock,105,12900,5.765115680214385
genetic_algorithm,rosenbrock,105,13000,5.758404050597306
genetic_algorithm,rosenbrock,105,13100,5.757426716744866
genetic_algorithm,rosenbrock,105,13200,5.757426716744866
genetic_algorithm,rosenbrock,105,13300,5.757426716744866
genetic_algorithm,rosenbrock,105,13400,5.751672476432881
genetic_algorithm,rosenbrock,105,13500,5.751672476432881
genetic_algorithm,rosenbrock,105,13600,5.748397721831949
genetic_algorithm,rosenbrock,105,13700,5.747777055134582
genetic_algorithm,rosenbrock,105,13800,5.7477330355868474
genetic_algorithm,rosenbrock,105,13900,5.7477330355868474
genetic_algorithm,rosenbrock,105,14000,5.747732814892437
genetic_algorithm,rosenbrock,105,14100,5.747342307110423
genetic_algorithm,rosenbrock,105,14200,5.745312612788457
genetic_algorithm,rosenbrock,105,14300,5.7443774194738015
genetic_algorithm,rosenbrock,105,14400,5.74437705581226
genetic_algorithm,rosenbrock,105,14500,5.743023505368928
genetic_algorithm,rosenbrock,105,14600,5.742593610858743
genetic_algorithm,rosenbrock,105,14700,5.742593610858743
genetic_algorithm,rosenbrock,105,14800,5.739389683519212
genetic_algorithm,rosenbrock,105,14900,5.739389683519212
genetic_algorithm,rosenbrock,105,15000,5.739389683519212
genetic_algorithm,rosenbrock,105,15100,5.739389683519212
genetic_algorithm,rosenbrock,105,15200,5.7393529648741675
genetic_algorithm,rosenbrock,105,15300,5.739352231841187
genetic_algorithm,rosenbrock,105,15400,5.739352231841187
genetic_algorithm,rosenbrock,105,15500,5.733079244206408
genetic_algorithm,rosenbrock,105,15600,5.733079244206408
genetic_algorithm,rosenbrock,105,15700,5.733079244206408
genetic_algorithm,rosenbrock,105,15800,5.733079244206408
genetic_algorithm,rosenbrock,105,15900,5.733079244206408
genetic_algorithm,rosenbrock,105,16000,5.7313348687831445
genetic_algorithm,rosenbrock,105,16100,5.729042808335579
genetic_algorithm,rosenbrock,105,16200,5.728318277817369
genetic_algorithm,rosenbrock,105,16300,5.728318277817369
genetic_algorithm,rosenbrock,105,16400,5.7269258717369675
genetic_algorithm,rosenbrock,105,16500,5.726423102717284
genetic_algorithm,rosenbrock,105,16600,5.726068950588674
genetic_algorithm,rosenbrock,105,16700,5.726068950588674
genetic_algorithm,rosenbrock,105,16800,5.726005051473461
genetic_algorithm,rosenbrock,105,16900,5.725806102375775
genetic_algorithm,rosenbrock,105,17000,5.725806102375775
genetic_algorithm,rosenbrock,105,17100,5.725803753406277
genetic_algorithm,rosenbrock,105,17200,5.724450137615233
genetic_algorithm,rosenbrock,105,17300,5.723092566174863
genetic_algorithm,rosenbrock,105,17400,5.7229833223114905
genetic_algorithm,rosenbrock,105,17500,5.7229833223114905
genetic_algorithm,rosenbrock,105,17600,5.7229833223114905
genetic_algorithm,rosenbrock,105,17700,5.7229833223114905
genetic_algorithm,rosenbrock,105,17800,5.721364707828337
genetic_algorithm,rosenbrock,105,17900,5.721364707828337
genetic_algorithm,rosenbrock,105,18000,5.721364707828337
genetic_algorithm,rosenbrock,105,18100,5.721133628883318
genetic_algorithm,rosenbrock,105,18200,5.721133628883318
genetic_algorithm,rosenbrock,105,18300,5.721118409157642
genetic_algorithm,rosenbrock,105,18400,5.721084555098528
genetic_algorithm,rosenbrock,105,18500,5.721025617037509
genetic_algorithm,rosenbrock,105,18600,5.721025617037509
genetic_algorithm,rosenbrock,105,18700,5.717422232229622
genetic_algorithm,rosenbrock,105,18800,5.7120960057953445
genetic_algorithm,rosenbrock,105,18900,5.7112819575002645
genetic_algorithm,rosenbrock,105,19000,5.710543269791593
genetic_algorithm,rosenbrock,105,19100,5.710543269791593
genetic_algorithm,rosenbrock,105,19200,5.710543269791593
genetic_algorithm,rosenbrock,105,19300,5.710343182351673
genetic_algorithm,rosenbrock,105,19400,5.710324883958897
genetic_algorithm,rosenbrock,105,19500,5.7073740282655505
genetic_algorithm,rosenbrock,105,19600,5.707127369401039
genetic_algorithm,rosenbrock,105,19700,5.706989995002822
genetic_algorithm,rosenbrock,105,19800,5.7069511277504406
genetic_algorithm,rosenbrock,105,19900,5.706842884523032
genetic_algorithm,rosenbrock,105,20000,5.706842884523032
genetic_algorithm,rosenbrock,106,100,111672.53722416364
genetic_algorithm,rosenbrock,106,200,79658.9448640372
genetic_algorithm,rosenbrock,106,300,64903.33795036474
genetic_algorithm,rosenbrock,106,400,43711.71835870012
genetic_algorithm,rosenbrock,106,500,25515.461279856165
genetic_algorithm,rosenbrock,106,600,24845.673635128518
genetic_algorithm,rosenbrock,106,700,14498.40002657914
genetic_algorithm,rosenbrock,106,800,11102.39511812385
genetic_algorithm,rosenbrock,106,900,5182.328015014122
genetic_algorithm,rosenbrock,106,1000,3472.5603803252666
genetic_algorithm,rosenbrock,106,1100,2291.429678059763
genetic_algorithm,rosenbrock,106,1200,2138.047793449613
genetic_algorithm,rosenbrock,106,1300,1677.5651443720187
genetic_algorithm,rosenbrock,106,1400,1477.8295087295999
genetic_algorithm,rosenbrock,106,1500,1270.132860712944
genetic_algorithm,rosenbrock,106,1600,1136.2584125094136
genetic_algorithm,rosenbrock,106,1700,1132.3560097355462
genetic_algorithm,rosenbrock,106,1800,1109.530394145295
genetic_algorithm,rosenbrock,106,1900,1075.2647664719368
genetic_algorithm,rosenbrock,106,2000,1065.22966933696
genetic_algorithm,rosenbrock,106,2100,1044.5911429796965
genetic_algorithm,rosenbrock,106,2200,1031.0635934914883
genetic_algorithm,rosenbrock,106,2300,991.0690898701426
genetic_algorithm,rosenbrock,106,2400,981.0066408787469
genetic_algorithm,rosenbrock,106,2500,966.6327865086871
genetic_algorithm,rosenbrock,106,2600,965.6461711178133
genetic_algorithm,rosenbrock,106,2700,965.257678945152
genetic_algorithm,rosenbrock,106,2800,963.3830751160646
genetic_algorithm,rosenbrock,106,2900,958.2922938267848
genetic_algorithm,rosenbrock,106,3000,958.2243202997531
genetic_algorithm,rosenbrock,106,3100,903.5765776415818
genetic_algorithm,rosenbrock,106,3200,883.0858939684107
genetic_algorithm,rosenbrock,106,3300,809.1916291200196
genetic_algorithm,rosenbrock,106,3400,728.3782831229556
genetic_algorithm,rosenbrock,106,3500,725.356108849491
genetic_algorithm,rosenbrock,106,3600,724.4509589649023
genetic_algorithm,rosenbrock,106,3700,643.764057613426
genetic_algorithm,rosenbrock,106,3800,583.6049248482464
genetic_algorithm,rosenbrock,106,3900,574.4134320856933
genetic_algorithm,rosenbrock,106,4000,572.0140514229188
genetic_algorithm,rosenbrock,106,4100,569.9603359379452
genetic_algorithm,rosenbrock,106,4200,536.1035675209238
genetic_algorithm,rosenbrock,106,4300,534.7799033025058
genetic_algorithm,rosenbrock,106,4400,444.0828600045088
genetic_algorithm,rosenbrock,106,4500,431.3225848502035
genetic_algorithm,rosenbrock,106,4600,415.47522548256967
genetic_algorithm,rosenbrock,106,4700,388.6147881430218
genetic_algorithm,rosenbrock,106,4800,387.0843606477372
genetic_algorithm,rosenbrock,106,4900,346.5532349797809
genetic_algorithm,rosenbrock,106,5000,341.9235220022035
genetic_algorithm,rosenbrock,106,5100,338.3537944611184
genetic_algorithm,rosenbrock,106,5200,283.010997823431
genetic_algorithm,rosenbrock,106,5300,263.80225507574414
genetic_algorithm,rosenbrock,106,5400,165.30898474335675
genetic_algorithm,rosenbrock,106,5500,49.075119334102155
genetic_algorithm,rosenbrock,106,5600,41.96602774962102
genetic_algorithm,rosenbrock,106,5700,36.96257232591578
genetic_algorithm,rosenbrock,106,5800,36.13024185133913
genetic_algorithm,rosenbrock,106,5900,29.329123653982705
genetic_algorithm,rosenbrock,106,6000,25.540213497171646
genetic_algorithm,rosenbrock,106,6100,20.877502085655447
genetic_algorithm,rosenbrock,106,6200,20.23992994188772
genetic_algorithm,rosenbrock,106,6300,18.218273530563543
genetic_algorithm,rosenbrock,106,6400,18.085693810533442
genetic_algorithm,rosenbrock,106,6500,14.786143291638458
genetic_algorithm,rosenbrock,106,6600,14.433536521207458
genetic_algorithm,rosenbrock,106,6700,14.190515481762985
genetic_algorithm,rosenbrock,106,6800,13.493134190480731
genetic_algorithm,rosenbrock,106,6900,13.345823922380102
genetic_algorithm,rosenbrock,106,7000,11.071446110292419
genetic_algorithm,rosenbrock,106,7100,10.981435310830506
genetic_algorithm,rosenbrock,106,7200,10.791039307166626
genetic_algorithm,rosenbrock,106,7300,10.64538934509602
genetic_algorithm,rosenbrock,106,7400,10.184938366502072
genetic_algorithm,rosenbrock,106,7500,10.184938366502072
genetic_algorithm,rosenbrock,106,7600,9.861825846271886
genetic_algorithm,rosenbrock,106,7700,9.722150869119208
genetic_algorithm,rosenbrock,106,7800,9.629384406640835
genetic_algorithm,rosenbrock,106,7900,9.16248784317201
genetic_algorithm,rosenbrock,106,8000,9.16248784317201
genetic_algorithm,rosenbrock,106,8100,9.142570102239368
genetic_algorithm,rosenbrock,106,8200,9.117320982796176
genetic_algorithm,rosenbrock,106,8300,9.009910185991155
genetic_algorithm,rosenbrock,106,8400,8.833025848013856
genetic_algorithm,rosenbrock,106,8500,8.322014031589958
genetic_algorithm,rosenbrock,106,8600,8.294423884149502
genetic_algorithm,rosenbrock,106,8700,8.280832696133436
genetic_algorithm,rosenbrock,106,8800,8.252327867419751
genetic_algorithm,rosenbrock,106,8900,7.9266460522798985
genetic_algorithm,rosenbrock,106,9000,7.923591125095177
genetic_algorithm,rosenbrock,106,9100,7.748818103202771
genetic_algorithm,rosenbrock,106,9200,7.74881656916601
genetic_algorithm,rosenbrock,106,9300,7.713043872773452
genetic_algorithm,rosenbrock,106,9400,7.711261530387969
genetic_algorithm,rosenbrock,106,9500,7.711165461205589
genetic_algorithm,rosenbrock,106,9600,7.711165461205589
genetic_algorithm,rosenbrock,106,9700,7.664732024419723
genetic_algorithm,rosenbrock,106,9800,7.651371511670502
genetic_algorithm,rosenbrock,106,9900,7.647204319472555
genetic_algorithm,rosenbrock,106,10000,7.647197857442725
genetic_algorithm,rosenbrock,106,10100,7.604724763201574
genetic_algorithm,rosenbrock,106,10200,7.604724763201574
genetic_algorithm,rosenbrock,106,10300,7.603081229416595
genetic_algorithm,rosenbrock,106,10400,7.5922693876282
genetic_algorithm,rosenbrock,106,10500,7.579833916405471
genetic_algorithm,rosenbrock,106,10600,7.579825955046905
genetic_algorithm,rosenbrock,106,10700,7.578840667840654
genetic_algorithm,rosenbrock,106,10800,7.5689052549030515
genetic_algorithm,rosenbrock,106,10900,7.567996944115824
genetic_algorithm,rosenbrock,106,11000,7.567996944115824
genetic_algorithm,rosenbrock,106,11100,7.567996944115824
genetic_algorithm,rosenbrock,106,11200,7.562649211991641
genetic_algorithm,rosenbrock,106,11300,7.559552602539591
genetic_algorithm,rosenbrock,106,11400,7.559466581627765
genetic_algorithm,rosenbrock,106,11500,7.5495095097562395
genetic_algorithm,rosenbrock,106,11600,7.545781377736657
genetic_algorithm,rosenbrock,106,11700,7.545697468546089
genetic_algorithm,rosenbrock,106,11800,7.525070356299604
genetic_algorithm,rosenbrock,106,11900,7.525069714392464
genetic_algorithm,rosenbrock,106,12000,7.525069714392464
genetic_algorithm,rosenbrock,106,12100,7.52506958374878
genetic_algorithm,rosenbrock,106,12200,7.524036268554454
genetic_algorithm,rosenbrock,106,12300,7.522661732198492
genetic_algorithm,rosenbrock,106,12400,7.5092008672762205
genetic_algorithm,rosenbrock,106,12500,7.507318969057925
genetic_algorithm,rosenbrock,106,12600,7.504988622382616
genetic_algorithm,rosenbrock,106,12700,7.504899206366536
genetic_algorithm,rosenbrock,106,12800,7.503199907179312
genetic_algorithm,rosenbrock,106,12900,7.50319424976713
genetic_algorithm,rosenbrock,106,13000,7.486541855519451
genetic_algorithm,rosenbrock,106,13100,7.486541855519451
genetic_algorithm,rosenbrock,106,13200,7.485067547657693
genetic_algorithm,rosenbrock,106,13300,7.485067526094796
genetic_algorithm,rosenbrock,106,13400,7.482950693157198
genetic_algorithm,rosenbrock,106,13500,7.4805360249282415
genetic_algorithm,rosenbrock,106,13600,7.480528786199125
genetic_algorithm,rosenbrock,106,13700,7.480528786199125
genetic_algorithm,rosenbrock,106,13800,7.480437076726624
genetic_algorithm,rosenbrock,106,13900,7.480386019253729
genetic_algorithm,rosenbrock,106,14000,7.48038601913988
genetic_algorithm,rosenbrock,106,14100,7.48038601913988
genetic_algorithm,rosenbrock,106,14200,7.480093777676329
genetic_algorithm,rosenbrock,106,14300,7.480093777676329
genetic_algorithm,rosenbrock,106,14400,7.480093777676329
genetic_algorithm,rosenbrock,106,14500,7.459756244945156
genetic_algorithm,rosenbrock,106,14600,7.459756244945156
genetic_algorithm,rosenbrock,106,14700,7.45971977034945
genetic_algorithm,rosenbrock,106,14800,7.441562170289346
genetic_algorithm,rosenbrock,106,14900,7.440531294763692
genetic_algorithm,rosenbrock,106,15000,7.4401339340872035
genetic_algorithm,rosenbrock,106,15100,7.4400851698775226
genetic_algorithm,rosenbrock,106,15200,7.43949554573281
genetic_algorithm,rosenbrock,106,15300,7.43949554573281
genetic_algorithm,rosenbrock,106,15400,7.433119498802605
genetic_algorithm,rosenbrock,106,15500,7.433087766710167
genetic_algorithm,rosenbrock,106,15600,7.43286552674212
genetic_algorithm,rosenbrock,106,15700,7.430447161636559
genetic_algorithm,rosenbrock,106,15800,7.413441181911115
genetic_algorithm,rosenbrock,106,15900,7.413441181911115
genetic_algorithm,rosenbrock,106,16000,7.413441181911115
genetic_algorithm,rosenbrock,106,16100,7.408731359476739
genetic_algorithm,rosenbrock,106,16200,7.408731359476739
genetic_algorithm,rosenbrock,106,16300,7.408098858739151
genetic_algorithm,rosenbrock,106,16400,7.4051850727939375
genetic_algorithm,rosenbrock,106,16500,7.4051850727939375
genetic_algorithm,rosenbrock,106,16600,7.404593460244902
genetic_algorithm,rosenbrock,106,16700,7.403707327310755
genetic_algorithm,rosenbrock,106,16800,7.403707327310755
genetic_algorithm,rosenbrock,106,16900,7.39924148621373
genetic_algorithm,rosenbrock,106,17000,7.3992401557786165
genetic_algorithm,rosenbrock,106,17100,7.3992401557786165
genetic_algorithm,rosenbrock,106,17200,7.398974406561761
genetic_algorithm,rosenbrock,106,17300,7.397023424337623
genetic_algorithm,rosenbrock,106,17400,7.397023424337623
genetic_algorithm,rosenbrock,106,17500,7.397023424337623
genetic_algorithm,rosenbrock,106,17600,7.396988866263578
genetic_algorithm,rosenbrock,106,17700,7.396988866263578
genetic_algorithm,rosenbrock,106,17800,7.395900363144133
genetic_algorithm,rosenbrock,106,17900,7.395900363144133
genetic_algorithm,rosenbrock,106,18000,7.394946766525753
genetic_algorithm,rosenbrock,106,18100,7.394866611243998
genetic_algorithm,rosenbrock,106,18200,7.3941088551974
genetic_algorithm,rosenbrock,106,18300,7.394043519185242
genetic_algorithm,rosenbrock,106,18400,7.393698422720588
genetic_algorithm,rosenbrock,106,18500,7.393563811239803
genetic_algorithm,rosenbrock,106,18600,7.393530944796645
genetic_algorithm,rosenbrock,106,18700,7.392757038693326
genetic_algorithm,rosenbrock,106,18800,7.392680705486982
genetic_algorithm,rosenbrock,106,18900,7.392680705486982
genetic_algorithm,rosenbrock,106,19000,7.392680705486982
genetic_algorithm,rosenbrock,106,19100,7.392680627272266
genetic_algorithm,rosenbrock,106,19200,7.392680627272266
genetic_algorithm,rosenbrock,106,19300,7.392567565566562
genetic_algorithm,rosenbrock,106,19400,7.3593412075236975
genetic_algorithm,rosenbrock,106,19500,7.358918860363287
genetic_algorithm,rosenbrock,106,19600,7.35888665024519
genetic_algorithm,rosenbrock,106,19700,7.35888665024519
genetic_algorithm,rosenbrock,106,19800,7.35888665024519
genetic_algorithm,rosenbrock,106,19900,7.358654317242542
genetic_algorithm,rosenbrock,106,20000,7.350980678520118
genetic_algorithm,rosenbrock,107,100,98471.0524369955
genetic_algorithm,rosenbrock,107,200,70245.36893996384
genetic_algorithm,rosenbrock,107,300,37885.42263059929
genetic_algorithm,rosenbrock,107,400,28680.31418329894
genetic_algorithm,rosenbrock,107,500,13619.13642101875
genetic_algorithm,rosenbrock,107,600,10404.885888879264
genetic_algorithm,rosenbrock,107,700,4222.130246827339
genetic_algorithm,rosenbrock,107,800,2983.1666742881644
genetic_algorithm,rosenbrock,107,900,2700.6031311705974
genetic_algorithm,rosenbrock,107,1000,2146.367045649688
genetic_algorithm,rosenbrock,107,1100,1643.4752221936824
genetic_algorithm,rosenbrock,107,1200,1012.4618853805887
genetic_algorithm,rosenbrock,107,1300,570.6728878043125
genetic_algorithm,rosenbrock,107,1400,392.90675636260613
genetic_algorithm,rosenbrock,107,1500,349.62404652118136
genetic_algorithm,rosenbrock,107,1600,246.54535551927984
genetic_algorithm,rosenbrock,107,1700,214.2512440719966
genetic_algorithm,rosenbrock,107,1800,122.4587076141205
genetic_algorithm,rosenbrock,107,1900,122.3043473984111
genetic_algorithm,rosenbrock,107,2000,121.2368005469081
genetic_algorithm,rosenbrock,107,2100,81.11699807346088
genetic_algorithm,rosenbrock,107,2200,78.00082124010609
genetic_algorithm,rosenbrock,107,2300,66.13275691230214
genetic_algorithm,rosenbrock,107,2400,53.056666263381366
genetic_algorithm,rosenbrock,107,2500,44.285991887981865
genetic_algorithm,rosenbrock,107,2600,30.39443898155342
genetic_algorithm,rosenbrock,107,2700,28.25229884931007
genetic_algorithm,rosenbrock,107,2800,22.911094016101877
genetic_algorithm,rosenbrock,107,2900,21.85157461165197
genetic_algorithm,rosenbrock,107,3000,19.23218607215734
genetic_algorithm,rosenbrock,107,3100,18.63495775565243
genetic_algorithm,rosenbrock,107,3200,18.014682539687264
genetic_algorithm,rosenbrock,107,3300,11.670988463186942
genetic_algorithm,rosenbrock,107,3400,11.423581742656463
genetic_algorithm,rosenbrock,107,3500,11.20893668864916
genetic_algorithm,rosenbrock,107,3600,10.974787173970919
genetic_algorithm,rosenbrock,107,3700,9.89753894440927
genetic_algorithm,rosenbrock,107,3800,9.704703057699323
genetic_algorithm,rosenbrock,107,3900,9.69554610600133
genetic_algorithm,rosenbrock,107,4000,9.426188301810793
genetic_algorithm,rosenbrock,107,4100,9.357398735295336
genetic_algorithm,rosenbrock,107,4200,9.216271331168397
genetic_algorithm,rosenbrock,107,4300,9.170621847024599
genetic_algorithm,rosenbrock,107,4400,9.144204234471566
genetic_algorithm,rosenbrock,107,4500,9.056694412746712
genetic_algorithm,rosenbrock,107,4600,8.999185842941031
genetic_algorithm,rosenbrock,107,4700,8.888969904709382
genetic_algorithm,rosenbrock,107,4800,8.87901645110191
genetic_algorithm,rosenbrock,107,4900,8.878691971545557
genetic_algorithm,rosenbrock,107,5000,8.856689843464912
genetic_algorithm,rosenbrock,107,5100,8.855880454770341
genetic_algorithm,rosenbrock,107,5200,8.834553063641797
genetic_algorithm,rosenbrock,107,5300,8.834553063641797
genetic_algorithm,rosenbrock,107,5400,8.732582760083135
genetic_algorithm,rosenbrock,107,5500,8.732582760083135
genetic_algorithm,rosenbrock,107,5600,8.71961289566957
genetic_algorithm,rosenbrock,107,5700,8.717140335092084
genetic_algorithm,rosenbrock,107,5800,8.589309069546333
genetic_algorithm,rosenbrock,107,5900,8.589309069546333
genetic_algorithm,rosenbrock,107,6000,8.46970429178013
genetic_algorithm,rosenbrock,107,6100,8.468041033679116
genetic_algorithm,rosenbrock,107,6200,8.449272950771556
genetic_algorithm,rosenbrock,107,6300,8.440296479328854
genetic_algorithm,rosenbrock,107,6400,8.398224505206274
genetic_algorithm,rosenbrock,107,6500,8.398224504523757
genetic_algorithm,rosenbrock,107,6600,8.38624458531186
genetic_algorithm,rosenbrock,107,6700,8.38624458531186
genetic_algorithm,rosenbrock,107,6800,8.142208337602566
genetic_algorithm,rosenbrock,107,6900,8.005160121873159
genetic_algorithm,rosenbrock,107,7000,7.9698924202883115
genetic_algorithm,rosenbrock,107,7100,7.90605241847986
genetic_algorithm,rosenbrock,107,7200,7.903141151574856
genetic_algorithm,rosenbrock,107,7300,7.901393090047879
genetic_algorithm,rosenbrock,107,7400,7.895184876073102
genetic_algorithm,rosenbrock,107,7500,7.710579158738952
genetic_algorithm,rosenbrock,107,7600,7.7105785120346955
genetic_algorithm,rosenbrock,107,7700,7.710203691904157
genetic_algorithm,rosenbrock,107,7800,7.564594584839871
genetic_algorithm,rosenbrock,107,7900,7.564594584839871
genetic_algorithm,rosenbrock,107,8000,7.564594584839871
genetic_algorithm,rosenbrock,107,8100,7.514294600255516
genetic_algorithm,rosenbrock,107,8200,7.514294600255516
genetic_algorithm,rosenbrock,107,8300,7.50474467936535
genetic_algorithm,rosenbrock,107,8400,7.48903962403858
genetic_algorithm,rosenbrock,107,8500,7.484058324825623
genetic_algorithm,rosenbrock,107,8600,7.481846032856218
genetic_algorithm,rosenbrock,107,8700,7.467898743508234
genetic_algorithm,rosenbrock,107,8800,7.467881874421201
genetic_algorithm,rosenbrock,107,8900,7.462911686483804
genetic_algorithm,rosenbrock,107,9000,7.461987548825718
genetic_algorithm,rosenbrock,107,9100,7.448717061054562
genetic_algorithm,rosenbrock,107,9200,7.439016959723778
genetic_algorithm,rosenbrock,107,9300,7.436976742330981
genetic_algorithm,rosenbrock,107,9400,7.43582256356807
genetic_algorithm,rosenbrock,107,9500,7.40988280494388
genetic_algorithm,rosenbrock,107,9600,7.409773575528167
genetic_algorithm,rosenbrock,107,9700,7.40629547854225
genetic_algorithm,rosenbrock,107,9800,7.402298386961828
genetic_algorithm,rosenbrock,107,9900,7.397201120391189
genetic_algorithm,rosenbrock,107,10000,7.397185881030714
genetic_algorithm,rosenbrock,107,10100,7.374381028855247
genetic_algorithm,rosenbrock,107,10200,7.373602828357502
genetic_algorithm,rosenbrock,107,10300,7.373005403071032
genetic_algorithm,rosenbrock,107,10400,7.373005403071032
genetic_algorithm,rosenbrock,107,10500,7.367777155902905
genetic_algorithm,rosenbrock,107,10600,7.367773061469312
genetic_algorithm,rosenbrock,107,10700,7.367120424383548
genetic_algorithm,rosenbrock,107,10800,7.3630188525674845
genetic_algorithm,rosenbrock,107,10900,7.363011597402617
genetic_algorithm,rosenbrock,107,11000,7.363011424846873
genetic_algorithm,rosenbrock,107,11100,7.354486241994943
genetic_algorithm,rosenbrock,107,11200,7.354135386768844
genetic_algorithm,rosenbrock,107,11300,7.3538838188500835
genetic_algorithm,rosenbrock,107,11400,7.353421140374623
genetic_algorithm,rosenbrock,107,11500,7.352226961320341
genetic_algorithm,rosenbrock,107,11600,7.352118141079487
genetic_algorithm,rosenbrock,107,11700,7.351800188093245
genetic_algorithm,rosenbrock,107,11800,7.337444982837029
genetic_algorithm,rosenbrock,107,11900,7.330567710410081
genetic_algorithm,rosenbrock,107,12000,7.330523904033563
genetic_algorithm,rosenbrock,107,12100,7.330523904033563
genetic_algorithm,rosenbrock,107,12200,7.33036418364765
genetic_algorithm,rosenbrock,107,12300,7.3303358254330355
genetic_algorithm,rosenbrock,107,12400,7.330091246521858
genetic_algorithm,rosenbrock,107,12500,7.329844662772384
genetic_algorithm,rosenbrock,107,12600,7.329409302311856
genetic_algorithm,rosenbrock,107,12700,7.323735330750839
genetic_algorithm,rosenbrock,107,12800,7.323735330750839
genetic_algorithm,rosenbrock,107,12900,7.323734628445081
genetic_algorithm,rosenbrock,107,13000,7.317704923911911
genetic_algorithm,rosenbrock,107,13100,7.313301343375419
genetic_algorithm,rosenbrock,107,13200,7.313301343375419
genetic_algorithm,rosenbrock,107,13300,7.313301343375419
genetic_algorithm,rosenbrock,107,13400,7.3123778315750965
genetic_algorithm,rosenbrock,107,13500,7.312016035912814
genetic_algorithm,rosenbrock,107,13600,7.311213828373112
genetic_algorithm,rosenbrock,107,13700,7.311066181784614
genetic_algorithm,rosenbrock,107,13800,7.311066181784614
genetic_algorithm,rosenbrock,107,13900,7.311066181784614
genetic_algorithm,rosenbrock,107,14000,7.310625673891669
genetic_algorithm,rosenbrock,107,14100,7.3106126835234315
genetic_algorithm,rosenbrock,107,14200,7.308579597787045
genetic_algorithm,rosenbrock,107,14300,7.305233890508009
genetic_algorithm,rosenbrock,107,14400,7.305233890508009
genetic_algorithm,rosenbrock,107,14500,7.305233890508009
genetic_algorithm,rosenbrock,107,14600,7.296210152806973
genetic_algorithm,rosenbrock,107,14700,7.295996117843581
genetic_algorithm,rosenbrock,107,14800,7.295946979506736
genetic_algorithm,rosenbrock,107,14900,7.294419822670429
genetic_algorithm,rosenbrock,107,15000,7.294093461707691
genetic_algorithm,rosenbrock,107,15100,7.29408522825624
genetic_algorithm,rosenbrock,107,15200,7.29408522825624
genetic_algorithm,rosenbrock,107,15300,7.294042689119386
genetic_algorithm,rosenbrock,107,15400,7.290707315393274
genetic_algorithm,rosenbrock,107,15500,7.290707315393274
genetic_algorithm,rosenbrock,107,15600,7.277556199068719
genetic_algorithm,rosenbrock,107,15700,7.277009269237862
genetic_algorithm,rosenbrock,107,15800,7.277009269237862
genetic_algorithm,rosenbrock,107,15900,7.276213670662356
genetic_algorithm,rosenbrock,107,16000,7.272039219727686
genetic_algorithm,rosenbrock,107,16100,7.271874479551728
genetic_algorithm,rosenbrock,107,16200,7.268953540418428
genetic_algorithm,rosenbrock,107,16300,7.268879382942486
genetic_algorithm,rosenbrock,107,16400,7.268879382942486
genetic_algorithm,rosenbrock,107,16500,7.267133437222197
genetic_algorithm,rosenbrock,107,16600,7.267131636906333
genetic_algorithm,rosenbrock,107,16700,7.267130613340101
genetic_algorithm,rosenbrock,107,16800,7.265483872304268
genetic_algorithm,rosenbrock,107,16900,7.265483872304268
genetic_algorithm,rosenbrock,107,17000,7.265483872304268
genetic_algorithm,rosenbrock,107,17100,7.265353796397842
genetic_algorithm,rosenbrock,107,17200,7.254158167580162
genetic_algorithm,rosenbrock,107,17300,7.252208253086745
genetic_algorithm,rosenbrock,107,17400,7.252208253086745
genetic_algorithm,rosenbrock,107,17500,7.252208253086745
genetic_algorithm,rosenbrock,107,17600,7.252208253086745
genetic_algorithm,rosenbrock,107,17700,7.2520502363905175
genetic_algorithm,rosenbrock,107,17800,7.2520502363905175
genetic_algorithm,rosenbrock,107,17900,7.2520502363905175
genetic_algorithm,rosenbrock,107,18000,7.2520502363905175
genetic_algorithm,rosenbrock,107,18100,7.252047993860604
genetic_algorithm,rosenbrock,107,18200,7.251718555076636
genetic_algorithm,rosenbrock,107,18300,7.247112000253269
genetic_algorithm,rosenbrock,107,18400,7.246431916059859
genetic_algorithm,rosenbrock,107,18500,7.2460607570114295
genetic_algorithm,rosenbrock,107,18600,7.245688792486927
genetic_algorithm,rosenbrock,107,18700,7.245410945862365
genetic_algorithm,rosenbrock,107,18800,7.245369670779908
genetic_algorithm,rosenbrock,107,18900,7.245362139683006
genetic_algorithm,rosenbrock,107,19000,7.245362139683006
genetic_algorithm,rosenbrock,107,19100,7.245362139683006
genetic_algorithm,rosenbrock,107,19200,7.245361681903364
genetic_algorithm,rosenbrock,107,19300,7.244923756573118
genetic_algorithm,rosenbrock,107,19400,7.243818156473346
genetic_algorithm,rosenbrock,107,19500,7.243818156473346
genetic_algorithm,rosenbrock,107,19600,7.22795046657147
genetic_algorithm,rosenbrock,107,19700,7.22795046657147
genetic_algorithm,rosenbrock,107,19800,7.227260102877553
genetic_algorithm,rosenbrock,107,19900,7.224350569083566
genetic_algorithm,rosenbrock,107,20000,7.223252665773597
genetic_algorithm,rosenbrock,108,100,38753.80085777989
genetic_algorithm,rosenbrock,108,200,23581.366952976598
genetic_algorithm,rosenbrock,108,300,12914.431690622887
genetic_algorithm,rosenbrock,108,400,9488.442995030835
genetic_algorithm,rosenbrock,108,500,4686.158164656618
genetic_algorithm,rosenbrock,108,600,2359.4206421536173
genetic_algorithm,rosenbrock,108,700,1612.7034516407111
genetic_algorithm,rosenbrock,108,800,1201.9422193464875
genetic_algorithm,rosenbrock,108,900,957.0339505070742
genetic_algorithm,rosenbrock,108,1000,675.910269907143
genetic_algorithm,rosenbrock,108,1100,422.00540098169853
genetic_algorithm,rosenbrock,108,1200,422.00540098169853
genetic_algorithm,rosenbrock,108,1300,337.87035287550054
genetic_algorithm,rosenbrock,108,1400,319.1439649357539
genetic_algorithm,rosenbrock,108,1500,298.62659338163036
genetic_algorithm,rosenbrock,108,1600,291.6829284899311
genetic_algorithm,rosenbrock,108,1700,285.0063715894271
genetic_algorithm,rosenbrock,108,1800,276.8029067751985
genetic_algorithm,rosenbrock,108,1900,257.7711742966198
genetic_algorithm,rosenbrock,108,2000,255.83839068499023
genetic_algorithm,rosenbrock,108,2100,255.83391948407376
genetic_algorithm,rosenbrock,108,2200,252.389676766071
genetic_algorithm,rosenbrock,108,2300,252.33565991935336
genetic_algorithm,rosenbrock,108,2400,249.000313979625
genetic_algorithm,rosenbrock,108,2500,248.8742617606883
genetic_algorithm,rosenbrock,108,2600,247.7689056510196
genetic_algorithm,rosenbrock,108,2700,246.50873795322855
genetic_algorithm,rosenbrock,108,2800,245.93938173997324
genetic_algorithm,rosenbrock,108,2900,245.64370408570306
genetic_algorithm,rosenbrock,108,3000,245.1855873151072
genetic_algorithm,rosenbrock,108,3100,245.1855873151072
genetic_algorithm,rosenbrock,108,3200,244.70698230167812
genetic_algorithm,rosenbrock,108,3300,243.79609384597373
genetic_algorithm,rosenbrock,108,3400,243.47373919317886
genetic_algorithm,rosenbrock,108,3500,243.37083273630566
genetic_algorithm,rosenbrock,108,3600,242.98665144636382
genetic_algorithm,rosenbrock,108,3700,242.7448243388615
genetic_algorithm,rosenbrock,108,3800,242.68140623477206
genetic_algorithm,rosenbrock,108,3900,242.5996147403192
genetic_algorithm,rosenbrock,108,4000,242.59290561660097
genetic_algorithm,rosenbrock,108,4100,242.5840075624625
genetic_algorithm,rosenbrock,108,4200,242.5259477666291
genetic_algorithm,rosenbrock,108,4300,242.43522969954304
genetic_algorithm,rosenbrock,108,4400,242.4281133040387
genetic_algorithm,rosenbrock,108,4500,242.32823242545524
genetic_algorithm,rosenbrock,108,4600,242.29526066799923
genetic_algorithm,rosenbrock,108,4700,242.21933984592246
genetic_algorithm,rosenbrock,108,4800,242.21713553858353
genetic_algorithm,rosenbrock,108,4900,242.20321428212355
genetic_algorithm,rosenbrock,108,5000,241.7507365180479
genetic_algorithm,rosenbrock,108,5100,240.3305094581767
genetic_algorithm,rosenbrock,108,5200,240.25997628923537
genetic_algorithm,rosenbrock,108,5300,240.25997628923537
genetic_algorithm,rosenbrock,108,5400,240.2387584139432
genetic_algorithm,rosenbrock,108,5500,240.2387584139432
genetic_algorithm,rosenbrock,108,5600,240.2387584139432
genetic_algorithm,rosenbrock,108,5700,239.68398985947758
genetic_algorithm,rosenbrock,108,5800,239.65644898857158
genetic_algorithm,rosenbrock,108,5900,239.65519921767498
genetic_algorithm,rosenbrock,108,6000,239.65519921767498
genetic_algorithm,rosenbrock,108,6100,239.65519921767498
genetic_algorithm,rosenbrock,108,6200,239.2740622121366
genetic_algorithm,rosenbrock,108,6300,239.11982456522983
genetic_algorithm,rosenbrock,108,6400,239.0893560889729
genetic_algorithm,rosenbrock,108,6500,238.8891706059831
genetic_algorithm,rosenbrock,108,6600,238.8891706059831
genetic_algorithm,rosenbrock,108,6700,238.8891706059831
genetic_algorithm,rosenbrock,108,6800,238.87298993007457
genetic_algorithm,rosenbrock,108,6900,238.86554259972488
genetic_algorithm,rosenbrock,108,7000,238.65961594459407
genetic_algorithm,rosenbrock,108,7100,238.65457072084516
genetic_algorithm,rosenbrock,108,7200,237.4369605871355
genetic_algorithm,rosenbrock,108,7300,237.39496724655962
genetic_algorithm,rosenbrock,108,7400,237.17873298305565
genetic_algorithm,rosenbrock,108,7500,237.13612969452612
genetic_algorithm,rosenbrock,108,7600,237.07615259478868
genetic_algorithm,rosenbrock,108,7700,237.0722524130218
genetic_algorithm,rosenbrock,108,7800,237.06095632678034
genetic_algorithm,rosenbrock,108,7900,236.91650303266178
genetic_algorithm,rosenbrock,108,8000,236.91650303266178
genetic_algorithm,rosenbrock,108,8100,236.9102447575009
genetic_algorithm,rosenbrock,108,8200,236.21876564391053
genetic_algorithm,rosenbrock,108,8300,236.1936969179063
genetic_algorithm,rosenbrock,108,8400,236.13190257231605
genetic_algorithm,rosenbrock,108,8500,234.18664265994408
genetic_algorithm,rosenbrock,108,8600,234.1325119183715
genetic_algorithm,rosenbrock,108,8700,232.18996568639122
genetic_algorithm,rosenbrock,108,8800,232.1339554836151
genetic_algorithm,rosenbrock,108,8900,232.0660356450579
genetic_algorithm,rosenbrock,108,9000,232.04619342377512
genetic_algorithm,rosenbrock,108,9100,231.8101451434968
genetic_algorithm,rosenbrock,108,9200,229.958120175644
genetic_algorithm,rosenbrock,108,9300,228.3332805108584
genetic_algorithm,rosenbrock,108,9400,227.2065369272864
genetic_algorithm,rosenbrock,108,9500,227.2065337735437
genetic_algorithm,rosenbrock,108,9600,226.9014746457205
genetic_algorithm,rosenbrock,108,9700,226.88452980611834
genetic_algorithm,rosenbrock,108,9800,226.7012833898346
genetic_algorithm,rosenbrock,108,9900,226.51958166233226
genetic_algorithm,rosenbrock,108,10000,225.79530807003493
genetic_algorithm,rosenbrock,108,10100,225.7162640731412
genetic_algorithm,rosenbrock,108,10200,225.61597113295554
genetic_algorithm,rosenbrock,108,10300,225.13711049711185
genetic_algorithm,rosenbrock,108,10400,224.82687435842556
genetic_algorithm,rosenbrock,108,10500,224.35806317031194
genetic_algorithm,rosenbrock,108,10600,224.18148596453545
genetic_algorithm,rosenbrock,108,10700,223.5525098295375
genetic_algorithm,rosenbrock,108,10800,223.53507265649827
genetic_algorithm,rosenbrock,108,10900,219.94365511414514
genetic_algorithm,rosenbrock,108,11000,215.47858189076695
genetic_algorithm,rosenbrock,108,11100,214.76546165050993
genetic_algorithm,rosenbrock,108,11200,214.5508618106741
genetic_algorithm,rosenbrock,108,11300,214.43458923639108
genetic_algorithm,rosenbrock,108,11400,208.36671379391177
genetic_algorithm,rosenbrock,108,11500,207.64196820527715
genetic_algorithm,rosenbrock,108,11600,207.64196820527715
genetic_algorithm,rosenbrock,108,11700,207.51827667215505
genetic_algorithm,rosenbrock,108,11800,207.51827667215505
genetic_algorithm,rosenbrock,108,11900,207.42884196100496
genetic_algorithm,rosenbrock,108,12000,207.42884196100496
genetic_algorithm,rosenbrock,108,12100,207.2192254418319
genetic_algorithm,rosenbrock,108,12200,207.2192254418319
genetic_algorithm,rosenbrock,108,12300,207.14801302471196
genetic_algorithm,rosenbrock,108,12400,206.5860728982149
genetic_algorithm,rosenbrock,108,12500,206.5860728982149
genetic_algorithm,rosenbrock,108,12600,206.51298313281112
genetic_algorithm,rosenbrock,108,12700,206.51298313281112
genetic_algorithm,rosenbrock,108,12800,206.45549495284118
genetic_algorithm,rosenbrock,108,12900,206.44976975375272
genetic_algorithm,rosenbrock,108,13000,206.36831201215327
genetic_algorithm,rosenbrock,108,13100,206.3671624883401
genetic_algorithm,rosenbrock,108,13200,206.3671624883401
genetic_algorithm,rosenbrock,108,13300,206.36567012069779
genetic_algorithm,rosenbrock,108,13400,206.36567012069779
genetic_algorithm,rosenbrock,108,13500,206.1967680894462
genetic_algorithm,rosenbrock,108,13600,204.21409164316057
genetic_algorithm,rosenbrock,108,13700,203.99575058520705
genetic_algorithm,rosenbrock,108,13800,203.95338924734142
genetic_algorithm,rosenbrock,108,13900,203.93437915315474
genetic_algorithm,rosenbrock,108,14000,203.88956946719827
genetic_algorithm,rosenbrock,108,14100,203.70747495895358
genetic_algorithm,rosenbrock,108,14200,203.665920388566
genetic_algorithm,rosenbrock,108,14300,203.6647693243956
genetic_algorithm,rosenbrock,108,14400,203.28576159216743
genetic_algorithm,rosenbrock,108,14500,202.9512244713032
genetic_algorithm,rosenbrock,108,14600,202.9467166239805
genetic_algorithm,rosenbrock,108,14700,202.9467161616304
genetic_algorithm,rosenbrock,108,14800,202.94056016644268
genetic_algorithm,rosenbrock,108,14900,202.94056016644268
genetic_algorithm,rosenbrock,108,15000,202.94056016644268
genetic_algorithm,rosenbrock,108,15100,202.6412175653637
genetic_algorithm,rosenbrock,108,15200,202.63857903011615
genetic_algorithm,rosenbrock,108,15300,202.63853145307792
genetic_algorithm,rosenbrock,108,15400,202.5829280542455
genetic_algorithm,rosenbrock,108,15500,200.67602392065
genetic_algorithm,rosenbrock,108,15600,200.61104548775475
genetic_algorithm,rosenbrock,108,15700,200.10064488727375
genetic_algorithm,rosenbrock,108,15800,200.07302343471042
genetic_algorithm,rosenbrock,108,15900,199.52296662792637
genetic_algorithm,rosenbrock,108,16000,199.20546167149894
genetic_algorithm,rosenbrock,108,16100,199.20249245358238
genetic_algorithm,rosenbrock,108,16200,199.20249245358238
genetic_algorithm,rosenbrock,108,16300,199.20241332233002
genetic_algorithm,rosenbrock,108,16400,198.99691042370327
genetic_algorithm,rosenbrock,108,16500,198.2784199213902
genetic_algorithm,rosenbrock,108,16600,198.25373394454348
genetic_algorithm,rosenbrock,108,16700,198.19732880091055
genetic_algorithm,rosenbrock,108,16800,196.5925870902858
genetic_algorithm,rosenbrock,108,16900,159.1148702169882
genetic_algorithm,rosenbrock,108,17000,152.02876204172748
genetic_algorithm,rosenbrock,108,17100,149.5587263801048
genetic_algorithm,rosenbrock,108,17200,149.5587263801048
genetic_algorithm,rosenbrock,108,17300,139.72295731083324
genetic_algorithm,rosenbrock,108,17400,135.64860670145603
genetic_algorithm,rosenbrock,108,17500,134.56269849724026
genetic_algorithm,rosenbrock,108,17600,133.13362931973
genetic_algorithm,rosenbrock,108,17700,125.07226644696246
genetic_algorithm,rosenbrock,108,17800,125.01547305579857
genetic_algorithm,rosenbrock,108,17900,124.48105171441374
genetic_algorithm,rosenbrock,108,18000,115.02569682319668
genetic_algorithm,rosenbrock,108,18100,115.02569682319668
genetic_algorithm,rosenbrock,108,18200,115.02569682319668
genetic_algorithm,rosenbrock,108,18300,112.28662401550042
genetic_algorithm,rosenbrock,108,18400,110.30183622397422
genetic_algorithm,rosenbrock,108,18500,109.6898353771
genetic_algorithm,rosenbrock,108,18600,109.6505149642474
genetic_algorithm,rosenbrock,108,18700,109.12935163589331
genetic_algorithm,rosenbrock,108,18800,107.60918768044019
genetic_algorithm,rosenbrock,108,18900,106.45426914855983
genetic_algorithm,rosenbrock,108,19000,106.45426914855983
genetic_algorithm,rosenbrock,108,19100,106.21981800095462
genetic_algorithm,rosenbrock,108,19200,99.80827793662498
genetic_algorithm,rosenbrock,108,19300,99.64369192282706
genetic_algorithm,rosenbrock,108,19400,99.49156488302106
genetic_algorithm,rosenbrock,108,19500,97.9940252780514
genetic_algorithm,rosenbrock,108,19600,95.11875940644387
genetic_algorithm,rosenbrock,108,19700,82.29721338355955
genetic_algorithm,rosenbrock,108,19800,82.292966967133
genetic_algorithm,rosenbrock,108,19900,81.90235318637905
genetic_algorithm,rosenbrock,108,20000,76.28502783623453
genetic_algorithm,rosenbrock,109,100,66067.10446897434
genetic_algorithm,rosenbrock,109,200,51288.557769014085
genetic_algorithm,rosenbrock,109,300,32891.393747666625
genetic_algorithm,rosenbrock,109,400,32249.622175062403
genetic_algorithm,rosenbrock,109,500,26118.09336324953
genetic_algorithm,rosenbrock,109,600,18762.57978485171
genetic_algorithm,rosenbrock,109,700,8001.649220256906
genetic_algorithm,rosenbrock,109,800,1330.2339826313585
genetic_algorithm,rosenbrock,109,900,1267.858629523074
genetic_algorithm,rosenbrock,109,1000,1108.1369751982359
genetic_algorithm,rosenbrock,109,1100,774.2469001600601
genetic_algorithm,rosenbrock,109,1200,672.5659010578166
genetic_algorithm,rosenbrock,109,1300,542.4601705541802
genetic_algorithm,rosenbrock,109,1400,500.15861353707817
genetic_algorithm,rosenbrock,109,1500,483.242854716475
genetic_algorithm,rosenbrock,109,1600,482.16890464097776
genetic_algorithm,rosenbrock,109,1700,464.4165783917657
genetic_algorithm,rosenbrock,109,1800,463.73929356632004
genetic_algorithm,rosenbrock,109,1900,394.43608933941067
genetic_algorithm,rosenbrock,109,2000,358.966648889942
genetic_algorithm,rosenbrock,109,2100,241.80035387543285
genetic_algorithm,rosenbrock,109,2200,239.87352207901273
genetic_algorithm,rosenbrock,109,2300,225.90588480916597
genetic_algorithm,rosenbrock,109,2400,70.32395323567458
genetic_algorithm,rosenbrock,109,2500,54.97722342618407
genetic_algorithm,rosenbrock,109,2600,39.9553112798715
genetic_algorithm,rosenbrock,109,2700,25.33469274897228
genetic_algorithm,rosenbrock,109,2800,25.092370303030968
genetic_algorithm,rosenbrock,109,2900,20.87046388236834
genetic_algorithm,rosenbrock,109,3000,15.88098598537267
genetic_algorithm,rosenbrock,109,3100,15.88098598537267
genetic_algorithm,rosenbrock,109,3200,15.388502216033721
genetic_algorithm,rosenbrock,109,3300,14.627021740448583
genetic_algorithm,rosenbrock,109,3400,13.697452118500546
genetic_algorithm,rosenbrock,109,3500,11.348721682340862
genetic_algorithm,rosenbrock,109,3600,10.037235525573408
genetic_algorithm,rosenbrock,109,3700,10.025178501426462
genetic_algorithm,rosenbrock,109,3800,10.024679866815758
genetic_algorithm,rosenbrock,109,3900,9.431396587136105
genetic_algorithm,rosenbrock,109,4000,9.361828648557267
genetic_algorithm,rosenbrock,109,4100,8.973459225484815
genetic_algorithm,rosenbrock,109,4200,8.973459225484815
genetic_algorithm,rosenbrock,109,4300,8.972712811026783
genetic_algorithm,rosenbrock,109,4400,8.613609639412463
genetic_algorithm,rosenbrock,109,4500,8.438106252787165
genetic_algorithm,rosenbrock,109,4600,8.438106252787165
genetic_algorithm,rosenbrock,109,4700,8.36618233972415
genetic_algorithm,rosenbrock,109,4800,8.364236178394368
genetic_algorithm,rosenbrock,109,4900,8.364236178394368
genetic_algorithm,rosenbrock,109,5000,8.346553899750594
genetic_algorithm,rosenbrock,109,5100,8.345539695844087
genetic_algorithm,rosenbrock,109,5200,8.28638676378738
genetic_algorithm,rosenbrock,109,5300,8.253312816461186
genetic_algorithm,rosenbrock,109,5400,8.25251530299727
genetic_algorithm,rosenbrock,109,5500,8.244100179020627
genetic_algorithm,rosenbrock,109,5600,8.244100179020627
genetic_algorithm,rosenbrock,109,5700,8.243482242641653
genetic_algorithm,rosenbrock,109,5800,8.204037407947478
genetic_algorithm,rosenbrock,109,5900,8.12829385288669
genetic_algorithm,rosenbrock,109,6000,8.121361415791585
genetic_algorithm,rosenbrock,109,6100,8.105969370074567
genetic_algorithm,rosenbrock,109,6200,8.105969370074567
genetic_algorithm,rosenbrock,109,6300,7.9872605546993025
genetic_algorithm,rosenbrock,109,6400,7.870777178392572
genetic_algorithm,rosenbrock,109,6500,7.852321483143272
genetic_algorithm,rosenbrock,109,6600,7.540688517207313
genetic_algorithm,rosenbrock,109,6700,7.540413160276296
genetic_algorithm,rosenbrock,109,6800,7.539191714658871
genetic_algorithm,rosenbrock,109,6900,7.5011998825476285
genetic_algorithm,rosenbrock,109,7000,7.421551250631086
genetic_algorithm,rosenbrock,109,7100,7.421484876363135
genetic_algorithm,rosenbrock,109,7200,7.396897658884765
genetic_algorithm,rosenbrock,109,7300,7.389948237371973
genetic_algorithm,rosenbrock,109,7400,7.377908547676774
genetic_algorithm,rosenbrock,109,7500,7.337687848287341
genetic_algorithm,rosenbrock,109,7600,7.318821744536627
genetic_algorithm,rosenbrock,109,7700,7.294549874607762
genetic_algorithm,rosenbrock,109,7800,7.294549874607762
genetic_algorithm,rosenbrock,109,7900,7.2562564834034085
genetic_algorithm,rosenbrock,109,8000,7.247607267254428
genetic_algorithm,rosenbrock,109,8100,7.220482654920053
genetic_algorithm,rosenbrock,109,8200,7.218650601961665
genetic_algorithm,rosenbrock,109,8300,7.2062874438828795
genetic_algorithm,rosenbrock,109,8400,7.2062874438828795
genetic_algorithm,rosenbrock,109,8500,7.205480385253543
genetic_algorithm,rosenbrock,109,8600,7.19783592971015
genetic_algorithm,rosenbrock,109,8700,7.19783592971015
genetic_algorithm,rosenbrock,109,8800,7.19783592971015
genetic_algorithm,rosenbrock,109,8900,7.197834994496678
genetic_algorithm,rosenbrock,109,9000,7.187784951878819
genetic_algorithm,rosenbrock,109,9100,7.1802983283501804
genetic_algorithm,rosenbrock,109,9200,7.179851159283942
genetic_algorithm,rosenbrock,109,9300,7.179851159283942
genetic_algorithm,rosenbrock,109,9400,7.178929909804258
genetic_algorithm,rosenbrock,109,9500,7.178346158920471
genetic_algorithm,rosenbrock,109,9600,7.177703113587985
genetic_algorithm,rosenbrock,109,9700,7.162918005231097
genetic_algorithm,rosenbrock,109,9800,7.158596756964285
genetic_algorithm,rosenbrock,109,9900,7.158305350060711
genetic_algorithm,rosenbrock,109,10000,7.158302981936867
genetic_algorithm,rosenbrock,109,10100,7.158280291550639
genetic_algorithm,rosenbrock,109,10200,7.154334724375955
genetic_algorithm,rosenbrock,109,10300,7.154334724375955
genetic_algorithm,rosenbrock,109,10400,7.1230798545688945
genetic_algorithm,rosenbrock,109,10500,7.122740619919835
genetic_algorithm,rosenbrock,109,10600,7.121328323245997
genetic_algorithm,rosenbrock,109,10700,7.118113013185394
genetic_algorithm,rosenbrock,109,10800,7.118113013185394
genetic_algorithm,rosenbrock,109,10900,7.10664489539733
genetic_algorithm,rosenbrock,109,11000,7.106414647706207
genetic_algorithm,rosenbrock,109,11100,7.1009458091769995
genetic_algorithm,rosenbrock,109,11200,7.081441747352554
genetic_algorithm,rosenbrock,109,11300,7.081117109543571
genetic_algorithm,rosenbrock,109,11400,7.080947700135916
genetic_algorithm,rosenbrock,109,11500,7.078427671365122
genetic_algorithm,rosenbrock,109,11600,7.078427284398117
genetic_algorithm,rosenbrock,109,11700,7.067200463420825
genetic_algorithm,rosenbrock,109,11800,7.067200463420825
genetic_algorithm,rosenbrock,109,11900,7.066662052325094
genetic_algorithm,rosenbrock,109,12000,7.062355705209406
genetic_algorithm,rosenbrock,109,12100,7.027606016352683
genetic_algorithm,rosenbrock,109,12200,7.026677726487181
genetic_algorithm,rosenbrock,109,12300,7.00902638521018
genetic_algorithm,rosenbrock,109,12400,7.00902638521018
genetic_algorithm,rosenbrock,109,12500,7.004238122029395
genetic_algorithm,rosenbrock,109,12600,7.004238122029395
genetic_algorithm,rosenbrock,109,12700,6.995103043266023
genetic_algorithm,rosenbrock,109,12800,6.994981936636209
genetic_algorithm,rosenbrock,109,12900,6.993352361197795
genetic_algorithm,rosenbrock,109,13000,6.993110112357758
genetic_algorithm,rosenbrock,109,13100,6.993109365757049
genetic_algorithm,rosenbrock,109,13200,6.993005115154009
genetic_algorithm,rosenbrock,109,13300,6.98946452616401
genetic_algorithm,rosenbrock,109,13400,6.982633522082278
genetic_algorithm,rosenbrock,109,13500,6.982633522082278
genetic_algorithm,rosenbrock,109,13600,6.976390093423532
genetic_algorithm,rosenbrock,109,13700,6.968215790352255
genetic_algorithm,rosenbrock,109,13800,6.964615236006517
genetic_algorithm,rosenbrock,109,13900,6.964615236006517
genetic_algorithm,rosenbrock,109,14000,6.9644499032012
genetic_algorithm,rosenbrock,109,14100,6.964295209862918
genetic_algorithm,rosenbrock,109,14200,6.964099817678692
genetic_algorithm,rosenbrock,109,14300,6.963639111463539
genetic_algorithm,rosenbrock,109,14400,6.961625781633702
genetic_algorithm,rosenbrock,109,14500,6.96162421106265
genetic_algorithm,rosenbrock,109,14600,6.961130921038825
genetic_algorithm,rosenbrock,109,14700,6.959899774012543
genetic_algorithm,rosenbrock,109,14800,6.9598995228231155
genetic_algorithm,rosenbrock,109,14900,6.959835699548684
genetic_algorithm,rosenbrock,109,15000,6.959835699548684
genetic_algorithm,rosenbrock,109,15100,6.959835699548684
genetic_algorithm,rosenbrock,109,15200,6.959835699548684
genetic_algorithm,rosenbrock,109,15300,6.959784481675505
genetic_algorithm,rosenbrock,109,15400,6.959784481675505
genetic_algorithm,rosenbrock,109,15500,6.959784481675505
genetic_algorithm,rosenbrock,109,15600,6.957271497124917
genetic_algorithm,rosenbrock,109,15700,6.957225308696589
genetic_algorithm,rosenbrock,109,15800,6.957225308696589
genetic_algorithm,rosenbrock,109,15900,6.957068529252393
genetic_algorithm,rosenbrock,109,16000,6.957068529252393
genetic_algorithm,rosenbrock,109,16100,6.95703186781998
genetic_algorithm,rosenbrock,109,16200,6.956986594319886
genetic_algorithm,rosenbrock,109,16300,6.956986594319886
genetic_algorithm,rosenbrock,109,16400,6.956986594319886
genetic_algorithm,rosenbrock,109,16500,6.955454983058876
genetic_algorithm,rosenbrock,109,16600,6.952165660648765
genetic_algorithm,rosenbrock,109,16700,6.950048850321039
genetic_algorithm,rosenbrock,109,16800,6.948684498504044
genetic_algorithm,rosenbrock,109,16900,6.948684498504044
genetic_algorithm,rosenbrock,109,17000,6.948615702462377
genetic_algorithm,rosenbrock,109,17100,6.948310086385405
genetic_algorithm,rosenbrock,109,17200,6.947742556314044
genetic_algorithm,rosenbrock,109,17300,6.947598803187897
genetic_algorithm,rosenbrock,109,17400,6.947310056149095
genetic_algorithm,rosenbrock,109,17500,6.943507134196863
genetic_algorithm,rosenbrock,109,17600,6.943430475524483
genetic_algorithm,rosenbrock,109,17700,6.9433445935123554
genetic_algorithm,rosenbrock,109,17800,6.943135900016409
genetic_algorithm,rosenbrock,109,17900,6.943135900016409
genetic_algorithm,rosenbrock,109,18000,6.943135900016409
genetic_algorithm,rosenbrock,109,18100,6.942401565118579
genetic_algorithm,rosenbrock,109,18200,6.942401565118579
genetic_algorithm,rosenbrock,109,18300,6.942401565118579
genetic_algorithm,rosenbrock,109,18400,6.941274543332809
genetic_algorithm,rosenbrock,109,18500,6.940903078945363
genetic_algorithm,rosenbrock,109,18600,6.9409029070654995
genetic_algorithm,rosenbrock,109,18700,6.94072227023557
genetic_algorithm,rosenbrock,109,18800,6.94072227023557
genetic_algorithm,rosenbrock,109,18900,6.94072227023557
genetic_algorithm,rosenbrock,109,19000,6.94072227023557
genetic_algorithm,rosenbrock,109,19100,6.94072227023557
genetic_algorithm,rosenbrock,109,19200,6.94072227023557
genetic_algorithm,rosenbrock,109,19300,6.940717723501772
genetic_algorithm,rosenbrock,109,19400,6.940717723501772
genetic_algorithm,rosenbrock,109,19500,6.940717723501772
genetic_algorithm,rosenbrock,109,19600,6.940717723501771
genetic_algorithm,rosenbrock,109,19700,6.940717723501771
genetic_algorithm,rosenbrock,109,19800,6.940717723501771
genetic_algorithm,rosenbrock,109,19900,6.940595067256366
genetic_algorithm,rosenbrock,109,20000,6.935933102646028
genetic_algorithm,rosenbrock,110,100,76045.36265226701
genetic_algorithm,rosenbrock,110,200,61240.52910162031
genetic_algorithm,rosenbrock,110,300,32981.616207730556
genetic_algorithm,rosenbrock,110,400,29485.95659204188
genetic_algorithm,rosenbrock,110,500,11824.197236466362
genetic_algorithm,rosenbrock,110,600,11549.517957354592
genetic_algorithm,rosenbrock,110,700,8002.268851317894
genetic_algorithm,rosenbrock,110,800,6472.838041902085
genetic_algorithm,rosenbrock,110,900,4904.5999363232495
genetic_algorithm,rosenbrock,110,1000,3282.929652510784
genetic_algorithm,rosenbrock,110,1100,2526.3813258046116
genetic_algorithm,rosenbrock,110,1200,1796.0595273452172
genetic_algorithm,rosenbrock,110,1300,1481.1219429755286
genetic_algorithm,rosenbrock,110,1400,665.4215143413496
genetic_algorithm,rosenbrock,110,1500,520.2808637749981
genetic_algorithm,rosenbrock,110,1600,402.6658379462135
genetic_algorithm,rosenbrock,110,1700,276.96797602205703
genetic_algorithm,rosenbrock,110,1800,263.1616260795533
genetic_algorithm,rosenbrock,110,1900,191.35745029956183
genetic_algorithm,rosenbrock,110,2000,169.00532357867246
genetic_algorithm,rosenbrock,110,2100,120.67636396482699
genetic_algorithm,rosenbrock,110,2200,91.66240453962757
genetic_algorithm,rosenbrock,110,2300,91.66240453962757
genetic_algorithm,rosenbrock,110,2400,91.14703894196693
genetic_algorithm,rosenbrock,110,2500,90.79930724429224
genetic_algorithm,rosenbrock,110,2600,84.03478239210675
genetic_algorithm,rosenbrock,110,2700,76.89640272089976
genetic_algorithm,rosenbrock,110,2800,76.39865069796463
genetic_algorithm,rosenbrock,110,2900,75.1299358626977
genetic_algorithm,rosenbrock,110,3000,74.99397017648931
genetic_algorithm,rosenbrock,110,3100,72.21330914090304
genetic_algorithm,rosenbrock,110,3200,72.19098840775983
genetic_algorithm,rosenbrock,110,3300,71.93219742648493
genetic_algorithm,rosenbrock,110,3400,71.90329955806314
genetic_algorithm,rosenbrock,110,3500,71.8237535579011
genetic_algorithm,rosenbrock,110,3600,71.80545492409719
genetic_algorithm,rosenbrock,110,3700,71.60449187634745
genetic_algorithm,rosenbrock,110,3800,70.43462276192062
genetic_algorithm,rosenbrock,110,3900,67.32954328198734
genetic_algorithm,rosenbrock,110,4000,67.17366495321473
genetic_algorithm,rosenbrock,110,4100,67.16930947133247
genetic_algorithm,rosenbrock,110,4200,67.10313143487043
genetic_algorithm,rosenbrock,110,4300,67.0822896970628
genetic_algorithm,rosenbrock,110,4400,67.06048524680868
genetic_algorithm,rosenbrock,110,4500,66.28260618587579
genetic_algorithm,rosenbrock,110,4600,64.19449566730628
genetic_algorithm,rosenbrock,110,4700,53.55943279260103
genetic_algorithm,rosenbrock,110,4800,52.861643901687366
genetic_algorithm,rosenbrock,110,4900,51.44148854583231
genetic_algorithm,rosenbrock,110,5000,51.44148854583231
genetic_algorithm,rosenbrock,110,5100,49.4184991859363
genetic_algorithm,rosenbrock,110,5200,49.0364744776956
genetic_algorithm,rosenbrock,110,5300,46.20452156074933
genetic_algorithm,rosenbrock,110,5400,46.20452156074933
genetic_algorithm,rosenbrock,110,5500,43.730040663221
genetic_algorithm,rosenbrock,110,5600,40.4891777099775
genetic_algorithm,rosenbrock,110,5700,40.46125713097288
genetic_algorithm,rosenbrock,110,5800,40.03346413802756
genetic_algorithm,rosenbrock,110,5900,39.71761886435486
genetic_algorithm,rosenbrock,110,6000,39.684403993374296
genetic_algorithm,rosenbrock,110,6100,38.82103643368815
genetic_algorithm,rosenbrock,110,6200,38.682062461840005
genetic_algorithm,rosenbrock,110,6300,38.40188289866011
genetic_algorithm,rosenbrock,110,6400,38.40185828659681
genetic_algorithm,rosenbrock,110,6500,28.71077728193527
genetic_algorithm,rosenbrock,110,6600,27.394064555230965
genetic_algorithm,rosenbrock,110,6700,25.85905594454104
genetic_algorithm,rosenbrock,110,6800,21.040688452340962
genetic_algorithm,rosenbrock,110,6900,21.040688452340962
genetic_algorithm,rosenbrock,110,7000,20.526802470919193
genetic_algorithm,rosenbrock,110,7100,20.31099180088425
genetic_algorithm,rosenbrock,110,7200,19.609019095107467
genetic_algorithm,rosenbrock,110,7300,19.605693856485967
genetic_algorithm,rosenbrock,110,7400,19.605693856485967
genetic_algorithm,rosenbrock,110,7500,19.483254577424734
genetic_algorithm,rosenbrock,110,7600,19.483254577424734
genetic_algorithm,rosenbrock,110,7700,15.841077490826741
genetic_algorithm,rosenbrock,110,7800,15.414147686099433
genetic_algorithm,rosenbrock,110,7900,15.414067384134542
genetic_algorithm,rosenbrock,110,8000,15.291648348064335
genetic_algorithm,rosenbrock,110,8100,14.63184296919843
genetic_algorithm,rosenbrock,110,8200,14.51434892472719
genetic_algorithm,rosenbrock,110,8300,13.984298913378456
genetic_algorithm,rosenbrock,110,8400,13.981094571606054
genetic_algorithm,rosenbrock,110,8500,13.981094571606054
genetic_algorithm,rosenbrock,110,8600,13.836172892685193
genetic_algorithm,rosenbrock,110,8700,13.68429069114216
genetic_algorithm,rosenbrock,110,8800,9.663866925118397
genetic_algorithm,rosenbrock,110,8900,5.936436557550762
genetic_algorithm,rosenbrock,110,9000,5.212852204579961
genetic_algorithm,rosenbrock,110,9100,5.21266679050863
genetic_algorithm,rosenbrock,110,9200,5.21266679050863
genetic_algorithm,rosenbrock,110,9300,5.200602113678828
genetic_algorithm,rosenbrock,110,9400,4.948700699732328
genetic_algorithm,rosenbrock,110,9500,4.785153634494851
genetic_algorithm,rosenbrock,110,9600,4.7604916706741385
genetic_algorithm,rosenbrock,110,9700,4.6795155874628644
genetic_algorithm,rosenbrock,110,9800,3.9623355796548907
genetic_algorithm,rosenbrock,110,9900,3.832352659073596
genetic_algorithm,rosenbrock,110,10000,3.82746026451993
genetic_algorithm,rosenbrock,110,10100,3.8243460573665766
genetic_algorithm,rosenbrock,110,10200,3.502040298039037
genetic_algorithm,rosenbrock,110,10300,3.4935195647062978
genetic_algorithm,rosenbrock,110,10400,3.3017420188119235
genetic_algorithm,rosenbrock,110,10500,3.3017420188119235
genetic_algorithm,rosenbrock,110,10600,3.288156247158807
genetic_algorithm,rosenbrock,110,10700,3.2734861577401695
genetic_algorithm,rosenbrock,110,10800,3.2693445786164776
genetic_algorithm,rosenbrock,110,10900,3.234891801106193
genetic_algorithm,rosenbrock,110,11000,3.2270085816075467
genetic_algorithm,rosenbrock,110,11100,3.2260144472439345
genetic_algorithm,rosenbrock,110,11200,3.2136098369673753
genetic_algorithm,rosenbrock,110,11300,3.205170447427765
genetic_algorithm,rosenbrock,110,11400,3.205170447427765
genetic_algorithm,rosenbrock,110,11500,3.205170447427765
genetic_algorithm,rosenbrock,110,11600,3.1351906697844676
genetic_algorithm,rosenbrock,110,11700,3.1331025293732826
genetic_algorithm,rosenbrock,110,11800,3.1231368183154524
genetic_algorithm,rosenbrock,110,11900,3.1190098491539002
genetic_algorithm,rosenbrock,110,12000,3.1189135892703934
genetic_algorithm,rosenbrock,110,12100,3.1164987580346213
genetic_algorithm,rosenbrock,110,12200,3.108998821123678
genetic_algorithm,rosenbrock,110,12300,3.0939405842071683
genetic_algorithm,rosenbrock,110,12400,3.09341822089438
genetic_algorithm,rosenbrock,110,12500,3.0584080366690447
genetic_algorithm,rosenbrock,110,12600,3.058392113549016
genetic_algorithm,rosenbrock,110,12700,3.0559471493270953
genetic_algorithm,rosenbrock,110,12800,3.0559471493270953
genetic_algorithm,rosenbrock,110,12900,3.039969499687766
genetic_algorithm,rosenbrock,110,13000,3.039617482305203
genetic_algorithm,rosenbrock,110,13100,3.039617482305203
genetic_algorithm,rosenbrock,110,13200,3.0396174823052022
genetic_algorithm,rosenbrock,110,13300,3.019861942005417
genetic_algorithm,rosenbrock,110,13400,3.019552639389239
genetic_algorithm,rosenbrock,110,13500,3.0146574138943425
genetic_algorithm,rosenbrock,110,13600,3.0142172061913666
genetic_algorithm,rosenbrock,110,13700,3.0142172061913666
genetic_algorithm,rosenbrock,110,13800,3.0142141082062937
genetic_algorithm,rosenbrock,110,13900,2.877078477799187
genetic_algorithm,rosenbrock,110,14000,2.8271105909662975
genetic_algorithm,rosenbrock,110,14100,2.826366778699345
genetic_algorithm,rosenbrock,110,14200,2.8158737161730496
genetic_algorithm,rosenbrock,110,14300,2.8124976236290116
genetic_algorithm,rosenbrock,110,14400,2.8122786656073284
genetic_algorithm,rosenbrock,110,14500,2.7916335013917832
genetic_algorithm,rosenbrock,110,14600,2.7865397028386676
genetic_algorithm,rosenbrock,110,14700,2.7818843215713493
genetic_algorithm,rosenbrock,110,14800,2.7818843215713493
genetic_algorithm,rosenbrock,110,14900,2.7818835322831723
genetic_algorithm,rosenbrock,110,15000,2.774512041637619
genetic_algorithm,rosenbrock,110,15100,2.774512041637619
genetic_algorithm,rosenbrock,110,15200,2.774512041637619
genetic_algorithm,rosenbrock,110,15300,2.7740689932402254
genetic_algorithm,rosenbrock,110,15400,2.7740484356149455
genetic_algorithm,rosenbrock,110,15500,2.7740484356149455
genetic_algorithm,rosenbrock,110,15600,2.76375596556134
genetic_algorithm,rosenbrock,110,15700,2.763637411922526
genetic_algorithm,rosenbrock,110,15800,2.7265245719966495
genetic_algorithm,rosenbrock,110,15900,2.72649527352719
genetic_algorithm,rosenbrock,110,16000,2.725526442856287
genetic_algorithm,rosenbrock,110,16100,2.72552066922481
genetic_algorithm,rosenbrock,110,16200,2.7176006170954627
genetic_algorithm,rosenbrock,110,16300,2.7176006170954627
genetic_algorithm,rosenbrock,110,16400,2.7123248669592366
genetic_algorithm,rosenbrock,110,16500,2.7120733320089343
genetic_algorithm,rosenbrock,110,16600,2.7101484509928264
genetic_algorithm,rosenbrock,110,16700,2.694792770955473
genetic_algorithm,rosenbrock,110,16800,2.691382582846347
genetic_algorithm,rosenbrock,110,16900,2.691242907395054
genetic_algorithm,rosenbrock,110,17000,2.6905533134433717
genetic_algorithm,rosenbrock,110,17100,2.682323749544406
genetic_algorithm,rosenbrock,110,17200,2.682323749544406
genetic_algorithm,rosenbrock,110,17300,2.68231062607963
genetic_algorithm,rosenbrock,110,17400,2.681408798900783
genetic_algorithm,rosenbrock,110,17500,2.6785533496523484
genetic_algorithm,rosenbrock,110,17600,2.6785533496523484
genetic_algorithm,rosenbrock,110,17700,2.6785533496523484
genetic_algorithm,rosenbrock,110,17800,2.6783683731628445
genetic_algorithm,rosenbrock,110,17900,2.6783683731628445
genetic_algorithm,rosenbrock,110,18000,2.6728386081076847
genetic_algorithm,rosenbrock,110,18100,2.6704442782902196
genetic_algorithm,rosenbrock,110,18200,2.664593540967794
genetic_algorithm,rosenbrock,110,18300,2.6285667335434777
genetic_algorithm,rosenbrock,110,18400,2.6278466408046195
genetic_algorithm,rosenbrock,110,18500,2.6278466408046195
genetic_algorithm,rosenbrock,110,18600,2.6278466408046195
genetic_algorithm,rosenbrock,110,18700,2.623616688078277
genetic_algorithm,rosenbrock,110,18800,2.623616688078277
genetic_algorithm,rosenbrock,110,18900,2.623616688078277
genetic_algorithm,rosenbrock,110,19000,2.623616688078277
genetic_algorithm,rosenbrock,110,19100,2.6212162222368587
genetic_algorithm,rosenbrock,110,19200,2.620505277186892
genetic_algorithm,rosenbrock,110,19300,2.6195386500335722
genetic_algorithm,rosenbrock,110,19400,2.6181770757542644
genetic_algorithm,rosenbrock,110,19500,2.6179005922298595
genetic_algorithm,rosenbrock,110,19600,2.6169570271479703
genetic_algorithm,rosenbrock,110,19700,2.6152463444518657
genetic_algorithm,rosenbrock,110,19800,2.615246343617632
genetic_algorithm,rosenbrock,110,19900,2.615246343467292
genetic_algorithm,rosenbrock,110,20000,2.614525896499445
genetic_algorithm,rosenbrock,111,100,70021.54506877197
genetic_algorithm,rosenbrock,111,200,36276.68215715035
genetic_algorithm,rosenbrock,111,300,33938.25708394737
genetic_algorithm,rosenbrock,111,400,21406.96680594045
genetic_algorithm,rosenbrock,111,500,14610.44001535523
genetic_algorithm,rosenbrock,111,600,8465.90361616433
genetic_algorithm,rosenbrock,111,700,5362.80479197782
genetic_algorithm,rosenbrock,111,800,2315.865290510046
genetic_algorithm,rosenbrock,111,900,1360.8821725734806
genetic_algorithm,rosenbrock,111,1000,968.0143928740287
genetic_algorithm,rosenbrock,111,1100,812.2598893741172
genetic_algorithm,rosenbrock,111,1200,497.23544615442233
genetic_algorithm,rosenbrock,111,1300,382.03696992883334
genetic_algorithm,rosenbrock,111,1400,357.964668060383
genetic_algorithm,rosenbrock,111,1500,302.654258292117
genetic_algorithm,rosenbrock,111,1600,161.15793251361865
genetic_algorithm,rosenbrock,111,1700,118.03687255314628
genetic_algorithm,rosenbrock,111,1800,106.23122327571072
genetic_algorithm,rosenbrock,111,1900,96.08888034241079
genetic_algorithm,rosenbrock,111,2000,84.31038162832012
genetic_algorithm,rosenbrock,111,2100,70.62265384324895
genetic_algorithm,rosenbrock,111,2200,66.95525587219306
genetic_algorithm,rosenbrock,111,2300,60.80727160288879
genetic_algorithm,rosenbrock,111,2400,56.44297466978058
genetic_algorithm,rosenbrock,111,2500,53.929955458043196
genetic_algorithm,rosenbrock,111,2600,47.0909253604495
genetic_algorithm,rosenbrock,111,2700,43.07246815820933
genetic_algorithm,rosenbrock,111,2800,42.3597888465939
genetic_algorithm,rosenbrock,111,2900,41.305458535873406
genetic_algorithm,rosenbrock,111,3000,36.64657241552095
genetic_algorithm,rosenbrock,111,3100,34.774551553657105
genetic_algorithm,rosenbrock,111,3200,32.78349080279126
genetic_algorithm,rosenbrock,111,3300,30.800648174535127
genetic_algorithm,rosenbrock,111,3400,30.35609696788216
genetic_algorithm,rosenbrock,111,3500,26.312755706588014
genetic_algorithm,rosenbrock,111,3600,25.57407091291946
genetic_algorithm,rosenbrock,111,3700,25.09449533805534
genetic_algorithm,rosenbrock,111,3800,17.091343618858893
genetic_algorithm,rosenbrock,111,3900,16.950133724315
genetic_algorithm,rosenbrock,111,4000,14.233735200298973
genetic_algorithm,rosenbrock,111,4100,10.176743498237974
genetic_algorithm,rosenbrock,111,4200,10.168773955036608
genetic_algorithm,rosenbrock,111,4300,10.148297158404297
genetic_algorithm,rosenbrock,111,4400,10.139112651673678
genetic_algorithm,rosenbrock,111,4500,10.137261994597589
genetic_algorithm,rosenbrock,111,4600,10.063080671163853
genetic_algorithm,rosenbrock,111,4700,9.95444815616062
genetic_algorithm,rosenbrock,111,4800,9.954310291880603
genetic_algorithm,rosenbrock,111,4900,9.715854292392715
genetic_algorithm,rosenbrock,111,5000,9.50266498054094
genetic_algorithm,rosenbrock,111,5100,9.10782062109522
genetic_algorithm,rosenbrock,111,5200,9.083623510335995
genetic_algorithm,rosenbrock,111,5300,9.083395712785487
genetic_algorithm,rosenbrock,111,5400,9.030293811393983
genetic_algorithm,rosenbrock,111,5500,8.973695154437126
genetic_algorithm,rosenbrock,111,5600,8.964049165595865
genetic_algorithm,rosenbrock,111,5700,8.899491835127696
genetic_algorithm,rosenbrock,111,5800,8.809075975319097
genetic_algorithm,rosenbrock,111,5900,8.735356181594518
genetic_algorithm,rosenbrock,111,6000,8.71383091498201
genetic_algorithm,rosenbrock,111,6100,8.697528652131652
genetic_algorithm,rosenbrock,111,6200,8.571681534642604
genetic_algorithm,rosenbrock,111,6300,8.250557543401921
genetic_algorithm,rosenbrock,111,6400,8.19770200613857
genetic_algorithm,rosenbrock,111,6500,8.158181304665213
genetic_algorithm,rosenbrock,111,6600,8.155758268373129
genetic_algorithm,rosenbrock,111,6700,8.127788067682395
genetic_algorithm,rosenbrock,111,6800,8.124541596582738
genetic_algorithm,rosenbrock,111,6900,8.124541596582738
genetic_algorithm,rosenbrock,111,7000,8.116677021291752
genetic_algorithm,rosenbrock,111,7100,8.113637684626564
genetic_algorithm,rosenbrock,111,7200,8.10669172251608
genetic_algorithm,rosenbrock,111,7300,8.06289909435735
genetic_algorithm,rosenbrock,111,7400,8.028459255645098
genetic_algorithm,rosenbrock,111,7500,7.953766716197707
genetic_algorithm,rosenbrock,111,7600,7.953655939483032
genetic_algorithm,rosenbrock,111,7700,7.951377592744535
genetic_algorithm,rosenbrock,111,7800,7.951377592744535
genetic_algorithm,rosenbrock,111,7900,7.942480840735272
genetic_algorithm,rosenbrock,111,8000,7.907718257802885
genetic_algorithm,rosenbrock,111,8100,7.907718257802885
genetic_algorithm,rosenbrock,111,8200,7.90767966596993
genetic_algorithm,rosenbrock,111,8300,7.9050176685961455
genetic_algorithm,rosenbrock,111,8400,7.9050176685961455
genetic_algorithm,rosenbrock,111,8500,7.9050176685961455
genetic_algorithm,rosenbrock,111,8600,7.9050176685961455
genetic_algorithm,rosenbrock,111,8700,7.817755270884913
genetic_algorithm,rosenbrock,111,8800,7.817755270884913
genetic_algorithm,rosenbrock,111,8900,7.817755270884913
genetic_algorithm,rosenbrock,111,9000,7.785912345645893
genetic_algorithm,rosenbrock,111,9100,7.785912345645893
genetic_algorithm,rosenbrock,111,9200,7.784011438571153
genetic_algorithm,rosenbrock,111,9300,7.783431882972352
genetic_algorithm,rosenbrock,111,9400,7.780819035413903
genetic_algorithm,rosenbrock,111,9500,7.7780666684183055
genetic_algorithm,rosenbrock,111,9600,7.777770215696752
genetic_algorithm,rosenbrock,111,9700,7.776917531160881
genetic_algorithm,rosenbrock,111,9800,7.77682144505072
genetic_algorithm,rosenbrock,111,9900,7.7730834024415305
genetic_algorithm,rosenbrock,111,10000,7.773051429382348
genetic_algorithm,rosenbrock,111,10100,7.773051429382348
genetic_algorithm,rosenbrock,111,10200,7.77127329702633
genetic_algorithm,rosenbrock,111,10300,7.771099946099315
genetic_algorithm,rosenbrock,111,10400,7.769830888425873
genetic_algorithm,rosenbrock,111,10500,7.769307345972231
genetic_algorithm,rosenbrock,111,10600,7.766087251552549
genetic_algorithm,rosenbrock,111,10700,7.753885070272987
genetic_algorithm,rosenbrock,111,10800,7.753858947538322
genetic_algorithm,rosenbrock,111,10900,7.753858947538322
genetic_algorithm,rosenbrock,111,11000,7.753858947538322
genetic_algorithm,rosenbrock,111,11100,7.753016542078616
genetic_algorithm,rosenbrock,111,11200,7.741227095268805
genetic_algorithm,rosenbrock,111,11300,7.741227095268805
genetic_algorithm,rosenbrock,111,11400,7.708608816176038
genetic_algorithm,rosenbrock,111,11500,7.707694010549501
genetic_algorithm,rosenbrock,111,11600,7.70760152415383
genetic_algorithm,rosenbrock,111,11700,7.701209098064783
genetic_algorithm,rosenbrock,111,11800,7.701009332194156
genetic_algorithm,rosenbrock,111,11900,7.701009332194156
genetic_algorithm,rosenbrock,111,12000,7.700923471265688
genetic_algorithm,rosenbrock,111,12100,7.70085730434768
genetic_algorithm,rosenbrock,111,12200,7.70085730434768
genetic_algorithm,rosenbrock,111,12300,7.696999736326456
genetic_algorithm,rosenbrock,111,12400,7.69696657908749
genetic_algorithm,rosenbrock,111,12500,7.6968098860857515
genetic_algorithm,rosenbrock,111,12600,7.664417412452235
genetic_algorithm,rosenbrock,111,12700,7.662105135895326
genetic_algorithm,rosenbrock,111,12800,7.657095048709632
genetic_algorithm,rosenbrock,111,12900,7.656870710043344
genetic_algorithm,rosenbrock,111,13000,7.656778594368676
genetic_algorithm,rosenbrock,111,13100,7.653743252064451
genetic_algorithm,rosenbrock,111,13200,7.653705482585321
genetic_algorithm,rosenbrock,111,13300,7.651044870239724
genetic_algorithm,rosenbrock,111,13400,7.645944088365441
genetic_algorithm,rosenbrock,111,13500,7.64394689755377
genetic_algorithm,rosenbrock,111,13600,7.64394689755377
genetic_algorithm,rosenbrock,111,13700,7.641730072876224
genetic_algorithm,rosenbrock,111,13800,7.639690848277389
genetic_algorithm,rosenbrock,111,13900,7.638521671097461
genetic_algorithm,rosenbrock,111,14000,7.638521671097461
genetic_algorithm,rosenbrock,111,14100,7.636796123816596
genetic_algorithm,rosenbrock,111,14200,7.636796123816596
genetic_algorithm,rosenbrock,111,14300,7.631350773800369
genetic_algorithm,rosenbrock,111,14400,7.630687594700611
genetic_algorithm,rosenbrock,111,14500,7.630687594700611
genetic_algorithm,rosenbrock,111,14600,7.629992980149528
genetic_algorithm,rosenbrock,111,14700,7.623141049198557
genetic_algorithm,rosenbrock,111,14800,7.620373431132673
genetic_algorithm,rosenbrock,111,14900,7.620373431132673
genetic_algorithm,rosenbrock,111,15000,7.620267510678504
genetic_algorithm,rosenbrock,111,15100,7.620263552127145
genetic_algorithm,rosenbrock,111,15200,7.620213563207498
genetic_algorithm,rosenbrock,111,15300,7.619963206959084
genetic_algorithm,rosenbrock,111,15400,7.619963206959084
genetic_algorithm,rosenbrock,111,15500,7.61982889302122
genetic_algorithm,rosenbrock,111,15600,7.619826055062868
genetic_algorithm,rosenbrock,111,15700,7.619826055062868
genetic_algorithm,rosenbrock,111,15800,7.619825928786022
genetic_algorithm,rosenbrock,111,15900,7.619825340305751
genetic_algorithm,rosenbrock,111,16000,7.619825310394491
genetic_algorithm,rosenbrock,111,16100,7.619471965576407
genetic_algorithm,rosenbrock,111,16200,7.619471965576407
genetic_algorithm,rosenbrock,111,16300,7.619471808124366
genetic_algorithm,rosenbrock,111,16400,7.6194456926590615
genetic_algorithm,rosenbrock,111,16500,7.6194456926590615
genetic_algorithm,rosenbrock,111,16600,7.6194456926590615
genetic_algorithm,rosenbrock,111,16700,7.618807679439133
genetic_algorithm,rosenbrock,111,16800,7.618764076860599
genetic_algorithm,rosenbrock,111,16900,7.618764076860599
genetic_algorithm,rosenbrock,111,17000,7.617230002432808
genetic_algorithm,rosenbrock,111,17100,7.616925017104173
genetic_algorithm,rosenbrock,111,17200,7.616444301979892
genetic_algorithm,rosenbrock,111,17300,7.615840667304974
genetic_algorithm,rosenbrock,111,17400,7.612755891225486
genetic_algorithm,rosenbrock,111,17500,7.612755891225486
genetic_algorithm,rosenbrock,111,17600,7.612538057199912
genetic_algorithm,rosenbrock,111,17700,7.612295132475898
genetic_algorithm,rosenbrock,111,17800,7.612295132475898
genetic_algorithm,rosenbrock,111,17900,7.612295132475898
genetic_algorithm,rosenbrock,111,18000,7.612295132475898
genetic_algorithm,rosenbrock,111,18100,7.612120683862371
genetic_algorithm,rosenbrock,111,18200,7.5978802895078195
genetic_algorithm,rosenbrock,111,18300,7.597403496562388
genetic_algorithm,rosenbrock,111,18400,7.5971922194430626
genetic_algorithm,rosenbrock,111,18500,7.5971922194430626
genetic_algorithm,rosenbrock,111,18600,7.594791896436338
genetic_algorithm,rosenbrock,111,18700,7.594789128600118
genetic_algorithm,rosenbrock,111,18800,7.594606951448556
genetic_algorithm,rosenbrock,111,18900,7.5940831993701225
genetic_algorithm,rosenbrock,111,19000,7.592182603274947
genetic_algorithm,rosenbrock,111,19100,7.592097622928507
genetic_algorithm,rosenbrock,111,19200,7.592083719763245
genetic_algorithm,rosenbrock,111,19300,7.592083719763245
genetic_algorithm,rosenbrock,111,19400,7.592074713462124
genetic_algorithm,rosenbrock,111,19500,7.592074068915628
genetic_algorithm,rosenbrock,111,19600,7.565873190843554
genetic_algorithm,rosenbrock,111,19700,7.565869611511581
genetic_algorithm,rosenbrock,111,19800,7.565869611511581
genetic_algorithm,rosenbrock,111,19900,7.565869611511581
genetic_algorithm,rosenbrock,111,20000,7.5655256808381655
genetic_algorithm,rosenbrock,112,100,66236.21038703778
genetic_algorithm,rosenbrock,112,200,37298.15866942827
genetic_algorithm,rosenbrock,112,300,34305.82434399964
genetic_algorithm,rosenbrock,112,400,18437.560065117865
genetic_algorithm,rosenbrock,112,500,9674.032887617495
genetic_algorithm,rosenbrock,112,600,2310.371026259583
genetic_algorithm,rosenbrock,112,700,2171.160735808985
genetic_algorithm,rosenbrock,112,800,785.785428666146
genetic_algorithm,rosenbrock,112,900,184.05038928205397
genetic_algorithm,rosenbrock,112,1000,88.09851553490225
genetic_algorithm,rosenbrock,112,1100,80.2627960281733
genetic_algorithm,rosenbrock,112,1200,72.54581962746005
genetic_algorithm,rosenbrock,112,1300,67.86906872602198
genetic_algorithm,rosenbrock,112,1400,48.641285842224896
genetic_algorithm,rosenbrock,112,1500,46.3499977811051
genetic_algorithm,rosenbrock,112,1600,40.54425552133786
genetic_algorithm,rosenbrock,112,1700,28.50100647566071
genetic_algorithm,rosenbrock,112,1800,26.680003578214755
genetic_algorithm,rosenbrock,112,1900,23.069745072952895
genetic_algorithm,rosenbrock,112,2000,22.87745609959663
genetic_algorithm,rosenbrock,112,2100,19.271947579007286
genetic_algorithm,rosenbrock,112,2200,16.3961224864576
genetic_algorithm,rosenbrock,112,2300,15.40970400626649
genetic_algorithm,rosenbrock,112,2400,15.402645239304238
genetic_algorithm,rosenbrock,112,2500,15.389477165138423
genetic_algorithm,rosenbrock,112,2600,13.587192237194758
genetic_algorithm,rosenbrock,112,2700,13.587192237194758
genetic_algorithm,rosenbrock,112,2800,13.321282075611313
genetic_algorithm,rosenbrock,112,2900,12.673729988213013
genetic_algorithm,rosenbrock,112,3000,12.119845597942492
genetic_algorithm,rosenbrock,112,3100,12.119845597942492
genetic_algorithm,rosenbrock,112,3200,12.107905049926492
genetic_algorithm,rosenbrock,112,3300,11.965788563767696
genetic_algorithm,rosenbrock,112,3400,11.63596430129042
genetic_algorithm,rosenbrock,112,3500,11.558232207929631
genetic_algorithm,rosenbrock,112,3600,11.558232207929631
genetic_algorithm,rosenbrock,112,3700,10.997107719208273
genetic_algorithm,rosenbrock,112,3800,10.83584689639874
genetic_algorithm,rosenbrock,112,3900,10.683988632315355
genetic_algorithm,rosenbrock,112,4000,10.683988632315355
genetic_algorithm,rosenbrock,112,4100,10.464555800782195
genetic_algorithm,rosenbrock,112,4200,10.454074663261881
genetic_algorithm,rosenbrock,112,4300,10.093059092719537
genetic_algorithm,rosenbrock,112,4400,9.930722091887986
genetic_algorithm,rosenbrock,112,4500,9.722912585314978
genetic_algorithm,rosenbrock,112,4600,9.14427954073939
genetic_algorithm,rosenbrock,112,4700,9.114763632661711
genetic_algorithm,rosenbrock,112,4800,9.10492492423008
genetic_algorithm,rosenbrock,112,4900,8.99506378739954
genetic_algorithm,rosenbrock,112,5000,8.905351736763857
genetic_algorithm,rosenbrock,112,5100,8.89166969219366
genetic_algorithm,rosenbrock,112,5200,8.857395611696857
genetic_algorithm,rosenbrock,112,5300,8.652546276226639
genetic_algorithm,rosenbrock,112,5400,8.603143984240202
genetic_algorithm,rosenbrock,112,5500,8.599973373223614
genetic_algorithm,rosenbrock,112,5600,8.576406844246222
genetic_algorithm,rosenbrock,112,5700,8.563875349008269
genetic_algorithm,rosenbrock,112,5800,8.563875349008269
genetic_algorithm,rosenbrock,112,5900,8.559912828683755
genetic_algorithm,rosenbrock,112,6000,8.559912828683755
genetic_algorithm,rosenbrock,112,6100,8.55472134155666
genetic_algorithm,rosenbrock,112,6200,8.554228003043825
genetic_algorithm,rosenbrock,112,6300,8.530080442606433
genetic_algorithm,rosenbrock,112,6400,8.530080442606433
genetic_algorithm,rosenbrock,112,6500,8.524112527539208
genetic_algorithm,rosenbrock,112,6600,8.520008246778874
genetic_algorithm,rosenbrock,112,6700,8.512576369092601
genetic_algorithm,rosenbrock,112,6800,8.495045122277668
genetic_algorithm,rosenbrock,112,6900,8.490834790876603
genetic_algorithm,rosenbrock,112,7000,8.455756528217623
genetic_algorithm,rosenbrock,112,7100,8.450332977079718
genetic_algorithm,rosenbrock,112,7200,8.450332977079718
genetic_algorithm,rosenbrock,112,7300,8.392131928096408
genetic_algorithm,rosenbrock,112,7400,8.315349835515589
genetic_algorithm,rosenbrock,112,7500,8.315349835515589
genetic_algorithm,rosenbrock,112,7600,8.315349835515589
genetic_algorithm,rosenbrock,112,7700,8.28578435818183
genetic_algorithm,rosenbrock,112,7800,8.28578354548969
genetic_algorithm,rosenbrock,112,7900,8.28578354548969
genetic_algorithm,rosenbrock,112,8000,8.18642672361066
genetic_algorithm,rosenbrock,112,8100,8.18061274711003
genetic_algorithm,rosenbrock,112,8200,8.178900651644419
genetic_algorithm,rosenbrock,112,8300,8.171550441870842
genetic_algorithm,rosenbrock,112,8400,8.171544546751681
genetic_algorithm,rosenbrock,112,8500,8.170875296924171
genetic_algorithm,rosenbrock,112,8600,8.170281378403914
genetic_algorithm,rosenbrock,112,8700,8.170281378403914
genetic_algorithm,rosenbrock,112,8800,8.170281378403914
genetic_algorithm,rosenbrock,112,8900,8.170281378403914
genetic_algorithm,rosenbrock,112,9000,8.160439078850054
genetic_algorithm,rosenbrock,112,9100,8.145159496748315
genetic_algorithm,rosenbrock,112,9200,8.074161362649159
genetic_algorithm,rosenbrock,112,9300,8.074161362649159
genetic_algorithm,rosenbrock,112,9400,8.074161362649159
genetic_algorithm,rosenbrock,112,9500,8.07292352631692
genetic_algorithm,rosenbrock,112,9600,8.066774532060826
genetic_algorithm,rosenbrock,112,9700,8.066482570869535
genetic_algorithm,rosenbrock,112,9800,8.06245822654429
genetic_algorithm,rosenbrock,112,9900,8.032048610249568
genetic_algorithm,rosenbrock,112,10000,8.032048610249568
genetic_algorithm,rosenbrock,112,10100,8.029683305170822
genetic_algorithm,rosenbrock,112,10200,8.02818418827943
genetic_algorithm,rosenbrock,112,10300,8.028184107161705
genetic_algorithm,rosenbrock,112,10400,8.026542775177418
genetic_algorithm,rosenbrock,112,10500,8.023641995557089
genetic_algorithm,rosenbrock,112,10600,8.02271097694009
genetic_algorithm,rosenbrock,112,10700,8.022480728205327
genetic_algorithm,rosenbrock,112,10800,8.02242532620847
genetic_algorithm,rosenbrock,112,10900,8.022410370644703
genetic_algorithm,rosenbrock,112,11000,8.021656802488437
genetic_algorithm,rosenbrock,112,11100,7.9982102704994364
genetic_algorithm,rosenbrock,112,11200,7.997096693738044
genetic_algorithm,rosenbrock,112,11300,7.997096693738044
genetic_algorithm,rosenbrock,112,11400,7.995046588926246
genetic_algorithm,rosenbrock,112,11500,7.994887621179243
genetic_algorithm,rosenbrock,112,11600,7.992507114850265
genetic_algorithm,rosenbrock,112,11700,7.992465481257319
genetic_algorithm,rosenbrock,112,11800,7.992127055574995
genetic_algorithm,rosenbrock,112,11900,7.9760840141848846
genetic_algorithm,rosenbrock,112,12000,7.968436363724716
genetic_algorithm,rosenbrock,112,12100,7.961124501533058
genetic_algorithm,rosenbrock,112,12200,7.9604208553451175
genetic_algorithm,rosenbrock,112,12300,7.9604208553451175
genetic_algorithm,rosenbrock,112,12400,7.959784837840743
genetic_algorithm,rosenbrock,112,12500,7.959117350440454
genetic_algorithm,rosenbrock,112,12600,7.943985425908291
genetic_algorithm,rosenbrock,112,12700,7.938103180305042
genetic_algorithm,rosenbrock,112,12800,7.938103180305042
genetic_algorithm,rosenbrock,112,12900,7.93797583103557
genetic_algorithm,rosenbrock,112,13000,7.937414875698724
genetic_algorithm,rosenbrock,112,13100,7.937028857147554
genetic_algorithm,rosenbrock,112,13200,7.937028857147554
genetic_algorithm,rosenbrock,112,13300,7.936785967957642
genetic_algorithm,rosenbrock,112,13400,7.934161335305257
genetic_algorithm,rosenbrock,112,13500,7.933952913732478
genetic_algorithm,rosenbrock,112,13600,7.933771285830572
genetic_algorithm,rosenbrock,112,13700,7.9332590865687695
genetic_algorithm,rosenbrock,112,13800,7.932802025248153
genetic_algorithm,rosenbrock,112,13900,7.93279055436189
genetic_algorithm,rosenbrock,112,14000,7.93279055436189
genetic_algorithm,rosenbrock,112,14100,7.932740891688537
genetic_algorithm,rosenbrock,112,14200,7.932740891688537
genetic_algorithm,rosenbrock,112,14300,7.932714561587097
genetic_algorithm,rosenbrock,112,14400,7.932714561587097
genetic_algorithm,rosenbrock,112,14500,7.932714561587097
genetic_algorithm,rosenbrock,112,14600,7.931995416855646
genetic_algorithm,rosenbrock,112,14700,7.931995416855646
genetic_algorithm,rosenbrock,112,14800,7.931995416855646
genetic_algorithm,rosenbrock,112,14900,7.931995416855646
genetic_algorithm,rosenbrock,112,15000,7.922511189035995
genetic_algorithm,rosenbrock,112,15100,7.917695874478683
genetic_algorithm,rosenbrock,112,15200,7.917684976196028
genetic_algorithm,rosenbrock,112,15300,7.917624932098917
genetic_algorithm,rosenbrock,112,15400,7.917624932098917
genetic_algorithm,rosenbrock,112,15500,7.912127225682677
genetic_algorithm,rosenbrock,112,15600,7.9115459098866685
genetic_algorithm,rosenbrock,112,15700,7.90882823920823
genetic_algorithm,rosenbrock,112,15800,7.907814411112957
genetic_algorithm,rosenbrock,112,15900,7.907065195552352
genetic_algorithm,rosenbrock,112,16000,7.905983510836408
genetic_algorithm,rosenbrock,112,16100,7.90531921983796
genetic_algorithm,rosenbrock,112,16200,7.90531921983796
genetic_algorithm,rosenbrock,112,16300,7.905318814150644
genetic_algorithm,rosenbrock,112,16400,7.904847062580994
genetic_algorithm,rosenbrock,112,16500,7.9011454255947005
genetic_algorithm,rosenbrock,112,16600,7.897973569303917
genetic_algorithm,rosenbrock,112,16700,7.897890399404905
genetic_algorithm,rosenbrock,112,16800,7.897581171563986
genetic_algorithm,rosenbrock,112,16900,7.897391206158719
genetic_algorithm,rosenbrock,112,17000,7.897147976721818
genetic_algorithm,rosenbrock,112,17100,7.896467996942752
genetic_algorithm,rosenbrock,112,17200,7.896371437156937
genetic_algorithm,rosenbrock,112,17300,7.895438129056927
genetic_algorithm,rosenbrock,112,17400,7.893359318704192
genetic_algorithm,rosenbrock,112,17500,7.890032906169294
genetic_algorithm,rosenbrock,112,17600,7.889761882760632
genetic_algorithm,rosenbrock,112,17700,7.88976109354122
genetic_algorithm,rosenbrock,112,17800,7.8895137427325555
genetic_algorithm,rosenbrock,112,17900,7.88814577377433
genetic_algorithm,rosenbrock,112,18000,7.88814577377433
genetic_algorithm,rosenbrock,112,18100,7.8878719935828965
genetic_algorithm,rosenbrock,112,18200,7.8868502480365565
genetic_algorithm,rosenbrock,112,18300,7.8868502480365565
genetic_algorithm,rosenbrock,112,18400,7.8868502480365565
genetic_algorithm,rosenbrock,112,18500,7.780443750199804
genetic_algorithm,rosenbrock,112,18600,7.779868393574284
genetic_algorithm,rosenbrock,112,18700,7.7646609465479015
genetic_algorithm,rosenbrock,112,18800,7.73859802054468
genetic_algorithm,rosenbrock,112,18900,7.736526082232895
genetic_algorithm,rosenbrock,112,19000,7.723073263631055
genetic_algorithm,rosenbrock,112,19100,7.7222593873771945
genetic_algorithm,rosenbrock,112,19200,7.722258008946933
genetic_algorithm,rosenbrock,112,19300,7.722258008946933
genetic_algorithm,rosenbrock,112,19400,7.722258008946933
genetic_algorithm,rosenbrock,112,19500,7.721688675202648
genetic_algorithm,rosenbrock,112,19600,7.704250195518767
genetic_algorithm,rosenbrock,112,19700,7.6736991675180395
genetic_algorithm,rosenbrock,112,19800,7.671718101954187
genetic_algorithm,rosenbrock,112,19900,7.668407533084042
genetic_algorithm,rosenbrock,112,20000,7.666728328708542
genetic_algorithm,rosenbrock,113,100,95632.1480414243
genetic_algorithm,rosenbrock,113,200,46727.69332575253
genetic_algorithm,rosenbrock,113,300,40927.54059709581
genetic_algorithm,rosenbrock,113,400,28508.635792240002
genetic_algorithm,rosenbrock,113,500,25068.56023896909
genetic_algorithm,rosenbrock,113,600,11466.578223507684
genetic_algorithm,rosenbrock,113,700,5841.439989979833
genetic_algorithm,rosenbrock,113,800,4203.504277758841
genetic_algorithm,rosenbrock,113,900,1684.357781170529
genetic_algorithm,rosenbrock,113,1000,1680.8545819312906
genetic_algorithm,rosenbrock,113,1100,992.3404411954986
genetic_algorithm,rosenbrock,113,1200,714.0655033228358
genetic_algorithm,rosenbrock,113,1300,329.7283124862565
genetic_algorithm,rosenbrock,113,1400,240.30047395245532
genetic_algorithm,rosenbrock,113,1500,147.93151359862554
genetic_algorithm,rosenbrock,113,1600,102.91412092298248
genetic_algorithm,rosenbrock,113,1700,66.82970613789158
genetic_algorithm,rosenbrock,113,1800,63.18710148226307
genetic_algorithm,rosenbrock,113,1900,59.27630365620613
genetic_algorithm,rosenbrock,113,2000,33.27956286471609
genetic_algorithm,rosenbrock,113,2100,32.37608321570941
genetic_algorithm,rosenbrock,113,2200,30.36923656409689
genetic_algorithm,rosenbrock,113,2300,18.530952409059854
genetic_algorithm,rosenbrock,113,2400,18.530952409059854
genetic_algorithm,rosenbrock,113,2500,18.223188345580333
genetic_algorithm,rosenbrock,113,2600,15.631856788029465
genetic_algorithm,rosenbrock,113,2700,10.678418797455375
genetic_algorithm,rosenbrock,113,2800,9.187052148972782
genetic_algorithm,rosenbrock,113,2900,8.479428351772412
genetic_algorithm,rosenbrock,113,3000,8.479428351772412
genetic_algorithm,rosenbrock,113,3100,8.025432574184617
genetic_algorithm,rosenbrock,113,3200,7.944385879670268
genetic_algorithm,rosenbrock,113,3300,7.944385879670268
genetic_algorithm,rosenbrock,113,3400,7.941068739814376
genetic_algorithm,rosenbrock,113,3500,7.39832697678177
genetic_algorithm,rosenbrock,113,3600,7.398326976781769
genetic_algorithm,rosenbrock,113,3700,7.398271676054657
genetic_algorithm,rosenbrock,113,3800,7.397974948929719
genetic_algorithm,rosenbrock,113,3900,7.356324575166821
genetic_algorithm,rosenbrock,113,4000,7.346850482384712
genetic_algorithm,rosenbrock,113,4100,7.3077088043175715
genetic_algorithm,rosenbrock,113,4200,7.200463192384131
genetic_algorithm,rosenbrock,113,4300,7.196952887731028
genetic_algorithm,rosenbrock,113,4400,6.73310722322628
genetic_algorithm,rosenbrock,113,4500,6.082866621507486
genetic_algorithm,rosenbrock,113,4600,5.920323610194451
genetic_algorithm,rosenbrock,113,4700,5.157866819208282
genetic_algorithm,rosenbrock,113,4800,5.076027943211894
genetic_algorithm,rosenbrock,113,4900,5.075843355088743
genetic_algorithm,rosenbrock,113,5000,4.628016772785914
genetic_algorithm,rosenbrock,113,5100,4.574062235827846
genetic_algorithm,rosenbrock,113,5200,4.530596959427512
genetic_algorithm,rosenbrock,113,5300,4.530596959427512
genetic_algorithm,rosenbrock,113,5400,4.516804675892869
genetic_algorithm,rosenbrock,113,5500,4.467993361537014
genetic_algorithm,rosenbrock,113,5600,4.467215420774982
genetic_algorithm,rosenbrock,113,5700,4.376724314049536
genetic_algorithm,rosenbrock,113,5800,4.376491303465324
genetic_algorithm,rosenbrock,113,5900,4.372256738959648
genetic_algorithm,rosenbrock,113,6000,4.23371633572078
genetic_algorithm,rosenbrock,113,6100,4.229203836614032
genetic_algorithm,rosenbrock,113,6200,4.145308129312179
genetic_algorithm,rosenbrock,113,6300,4.120501407542169
genetic_algorithm,rosenbrock,113,6400,4.117923945357019
genetic_algorithm,rosenbrock,113,6500,4.090233290681646
genetic_algorithm,rosenbrock,113,6600,4.016638778354455
genetic_algorithm,rosenbrock,113,6700,3.990259376664115
genetic_algorithm,rosenbrock,113,6800,3.9888561762982304
genetic_algorithm,rosenbrock,113,6900,3.936574972640135
genetic_algorithm,rosenbrock,113,7000,3.9193111001254928
genetic_algorithm,rosenbrock,113,7100,3.707097252384918
genetic_algorithm,rosenbrock,113,7200,3.7067475425728653
genetic_algorithm,rosenbrock,113,7300,3.561896900511584
genetic_algorithm,rosenbrock,113,7400,3.558786744863766
genetic_algorithm,rosenbrock,113,7500,3.5346671748438845
genetic_algorithm,rosenbrock,113,7600,3.5147493258400493
genetic_algorithm,rosenbrock,113,7700,3.0137772934288547
genetic_algorithm,rosenbrock,113,7800,2.9976950107892324
genetic_algorithm,rosenbrock,113,7900,2.988646372354127
genetic_algorithm,rosenbrock,113,8000,2.5590540141220957
genetic_algorithm,rosenbrock,113,8100,2.4149602492560867
genetic_algorithm,rosenbrock,113,8200,2.3672078870494713
genetic_algorithm,rosenbrock,113,8300,2.2931236838535063
genetic_algorithm,rosenbrock,113,8400,2.288154154461816
genetic_algorithm,rosenbrock,113,8500,2.092695224196213
genetic_algorithm,rosenbrock,113,8600,2.0179750075323617
genetic_algorithm,rosenbrock,113,8700,1.961667373699973
genetic_algorithm,rosenbrock,113,8800,1.8699701462025093
genetic_algorithm,rosenbrock,113,8900,1.8420656102251534
genetic_algorithm,rosenbrock,113,9000,1.8420656102251534
genetic_algorithm,rosenbrock,113,9100,1.8317306057052798
genetic_algorithm,rosenbrock,113,9200,1.8040149415852538
genetic_algorithm,rosenbrock,113,9300,1.8037179381227118
genetic_algorithm,rosenbrock,113,9400,1.8009627684265996
genetic_algorithm,rosenbrock,113,9500,1.798388099272154
genetic_algorithm,rosenbrock,113,9600,1.7978496397357662
genetic_algorithm,rosenbrock,113,9700,1.7978496397357662
genetic_algorithm,rosenbrock,113,9800,1.7615251449100084
genetic_algorithm,rosenbrock,113,9900,1.7615251449100053
genetic_algorithm,rosenbrock,113,10000,1.7579869518975197
genetic_algorithm,rosenbrock,113,10100,1.7573407988318495
genetic_algorithm,rosenbrock,113,10200,1.7448122619337663
genetic_algorithm,rosenbrock,113,10300,1.5864497738708945
genetic_algorithm,rosenbrock,113,10400,1.5801611504405273
genetic_algorithm,rosenbrock,113,10500,1.5435083802107938
genetic_algorithm,rosenbrock,113,10600,1.5435083802107938
genetic_algorithm,rosenbrock,113,10700,1.5328607309462643
genetic_algorithm,rosenbrock,113,10800,1.5149793735211106
genetic_algorithm,rosenbrock,113,10900,1.499587048154207
genetic_algorithm,rosenbrock,113,11000,1.369527043754949
genetic_algorithm,rosenbrock,113,11100,1.3667233449851222
genetic_algorithm,rosenbrock,113,11200,1.3062964386591895
genetic_algorithm,rosenbrock,113,11300,1.1371019013471277
genetic_algorithm,rosenbrock,113,11400,0.8883694253703893
genetic_algorithm,rosenbrock,113,11500,0.7839659371846325
genetic_algorithm,rosenbrock,113,11600,0.7380405194641708
genetic_algorithm,rosenbrock,113,11700,0.7362660402774047
genetic_algorithm,rosenbrock,113,11800,0.7061102636351034
genetic_algorithm,rosenbrock,113,11900,0.690571660290588
genetic_algorithm,rosenbrock,113,12000,0.6571078083068225
genetic_algorithm,rosenbrock,113,12100,0.6324095891775792
genetic_algorithm,rosenbrock,113,12200,0.6308382649162924
genetic_algorithm,rosenbrock,113,12300,0.5611226982534021
genetic_algorithm,rosenbrock,113,12400,0.5611226982534021
genetic_algorithm,rosenbrock,113,12500,0.5611226982534021
genetic_algorithm,rosenbrock,113,12600,0.5525169080647359
genetic_algorithm,rosenbrock,113,12700,0.5378439560882975
genetic_algorithm,rosenbrock,113,12800,0.5374960553416755
genetic_algorithm,rosenbrock,113,12900,0.521865692376659
genetic_algorithm,rosenbrock,113,13000,0.46344744811669875
genetic_algorithm,rosenbrock,113,13100,0.4610228032333375
genetic_algorithm,rosenbrock,113,13200,0.4610228032333375
genetic_algorithm,rosenbrock,113,13300,0.46102280323333733
genetic_algorithm,rosenbrock,113,13400,0.4573746190910881
genetic_algorithm,rosenbrock,113,13500,0.4215910544117884
genetic_algorithm,rosenbrock,113,13600,0.42159103318946745
genetic_algorithm,rosenbrock,113,13700,0.4118925558578058
genetic_algorithm,rosenbrock,113,13800,0.38826580365220914
genetic_algorithm,rosenbrock,113,13900,0.36193197400103894
genetic_algorithm,rosenbrock,113,14000,0.3581647326209743
genetic_algorithm,rosenbrock,113,14100,0.35764052359612175
genetic_algorithm,rosenbrock,113,14200,0.3178983611777908
genetic_algorithm,rosenbrock,113,14300,0.3157317077120444
genetic_algorithm,rosenbrock,113,14400,0.3063649087767302
genetic_algorithm,rosenbrock,113,14500,0.3038344646809459
genetic_algorithm,rosenbrock,113,14600,0.3027682056944749
genetic_algorithm,rosenbrock,113,14700,0.3027682056944749
genetic_algorithm,rosenbrock,113,14800,0.2995228398377839
genetic_algorithm,rosenbrock,113,14900,0.28244108547678914
genetic_algorithm,rosenbrock,113,15000,0.2819716731355847
genetic_algorithm,rosenbrock,113,15100,0.2814816658986238
genetic_algorithm,rosenbrock,113,15200,0.27952333338039936
genetic_algorithm,rosenbrock,113,15300,0.2795233325107736
genetic_algorithm,rosenbrock,113,15400,0.27946500291970294
genetic_algorithm,rosenbrock,113,15500,0.26284427012999567
genetic_algorithm,rosenbrock,113,15600,0.2609433250319228
genetic_algorithm,rosenbrock,113,15700,0.2592730712079992
genetic_algorithm,rosenbrock,113,15800,0.2587671291832475
genetic_algorithm,rosenbrock,113,15900,0.2587671291832475
genetic_algorithm,rosenbrock,113,16000,0.2407490388828311
genetic_algorithm,rosenbrock,113,16100,0.24074903888283092
genetic_algorithm,rosenbrock,113,16200,0.2399958555280454
genetic_algorithm,rosenbrock,113,16300,0.22667886380868352
genetic_algorithm,rosenbrock,113,16400,0.22167403202014282
genetic_algorithm,rosenbrock,113,16500,0.21021981345164273
genetic_algorithm,rosenbrock,113,16600,0.20126175593444964
genetic_algorithm,rosenbrock,113,16700,0.20126175593444964
genetic_algorithm,rosenbrock,113,16800,0.20126175593444964
genetic_algorithm,rosenbrock,113,16900,0.20126175593444964
genetic_algorithm,rosenbrock,113,17000,0.20126175593444964
genetic_algorithm,rosenbrock,113,17100,0.1960011088059987
genetic_algorithm,rosenbrock,113,17200,0.1955171715549754
genetic_algorithm,rosenbrock,113,17300,0.1940722511028136
genetic_algorithm,rosenbrock,113,17400,0.1868834829218074
genetic_algorithm,rosenbrock,113,17500,0.1848510820685674
genetic_algorithm,rosenbrock,113,17600,0.13977842188884748
genetic_algorithm,rosenbrock,113,17700,0.13855844801854916
genetic_algorithm,rosenbrock,113,17800,0.13685555517777234
genetic_algorithm,rosenbrock,113,17900,0.1361117596332855
genetic_algorithm,rosenbrock,113,18000,0.1361117596332855
genetic_algorithm,rosenbrock,113,18100,0.13597857347383246
genetic_algorithm,rosenbrock,113,18200,0.13596499279593408
genetic_algorithm,rosenbrock,113,18300,0.1359604597266941
genetic_algorithm,rosenbrock,113,18400,0.133168221637644
genetic_algorithm,rosenbrock,113,18500,0.13312587435173692
genetic_algorithm,rosenbrock,113,18600,0.13272598849984082
genetic_algorithm,rosenbrock,113,18700,0.13272598849984082
genetic_algorithm,rosenbrock,113,18800,0.13272595560484332
genetic_algorithm,rosenbrock,113,18900,0.13117473085396927
genetic_algorithm,rosenbrock,113,19000,0.13117473085396927
genetic_algorithm,rosenbrock,113,19100,0.12196999752073673
genetic_algorithm,rosenbrock,113,19200,0.11795014959577607
genetic_algorithm,rosenbrock,113,19300,0.11111485135233588
genetic_algorithm,rosenbrock,113,19400,0.1106247535364911
genetic_algorithm,rosenbrock,113,19500,0.11032106054581856
genetic_algorithm,rosenbrock,113,19600,0.10904414107018703
genetic_algorithm,rosenbrock,113,19700,0.10857528961846255
genetic_algorithm,rosenbrock,113,19800,0.10842455012920231
genetic_algorithm,rosenbrock,113,19900,0.10842112694626778
genetic_algorithm,rosenbrock,113,20000,0.10842112694626778
genetic_algorithm,rosenbrock,114,100,42467.22820891548
genetic_algorithm,rosenbrock,114,200,42467.22820891548
genetic_algorithm,rosenbrock,114,300,22056.89900767485
genetic_algorithm,rosenbrock,114,400,21144.37083911982
genetic_algorithm,rosenbrock,114,500,13056.594140083645
genetic_algorithm,rosenbrock,114,600,8803.679913393904
genetic_algorithm,rosenbrock,114,700,5109.638393606948
genetic_algorithm,rosenbrock,114,800,4147.736789959556
genetic_algorithm,rosenbrock,114,900,2772.258586510841
genetic_algorithm,rosenbrock,114,1000,2078.0822265332467
genetic_algorithm,rosenbrock,114,1100,1371.6379171867623
genetic_algorithm,rosenbrock,114,1200,583.2124291331772
genetic_algorithm,rosenbrock,114,1300,506.91518250109493
genetic_algorithm,rosenbrock,114,1400,312.4372841955637
genetic_algorithm,rosenbrock,114,1500,251.62363189295434
genetic_algorithm,rosenbrock,114,1600,178.81829585225424
genetic_algorithm,rosenbrock,114,1700,140.70802311458704
genetic_algorithm,rosenbrock,114,1800,100.5720330171152
genetic_algorithm,rosenbrock,114,1900,74.2104100880494
genetic_algorithm,rosenbrock,114,2000,54.70586454544939
genetic_algorithm,rosenbrock,114,2100,19.04816316709675
genetic_algorithm,rosenbrock,114,2200,18.35810809434609
genetic_algorithm,rosenbrock,114,2300,18.277235538786105
genetic_algorithm,rosenbrock,114,2400,15.129000155546517
genetic_algorithm,rosenbrock,114,2500,15.066784938973594
genetic_algorithm,rosenbrock,114,2600,10.260865367111327
genetic_algorithm,rosenbrock,114,2700,10.052818756876103
genetic_algorithm,rosenbrock,114,2800,8.889650191747249
genetic_algorithm,rosenbrock,114,2900,8.763808547193536
genetic_algorithm,rosenbrock,114,3000,7.304293194986192
genetic_algorithm,rosenbrock,114,3100,7.276193497732187
genetic_algorithm,rosenbrock,114,3200,6.716385004875747
genetic_algorithm,rosenbrock,114,3300,6.716385004875747
genetic_algorithm,rosenbrock,114,3400,6.518700913394724
genetic_algorithm,rosenbrock,114,3500,5.919228569283257
genetic_algorithm,rosenbrock,114,3600,5.824587132464838
genetic_algorithm,rosenbrock,114,3700,5.823399063867496
genetic_algorithm,rosenbrock,114,3800,5.820708779198283
genetic_algorithm,rosenbrock,114,3900,5.81427621965876
genetic_algorithm,rosenbrock,114,4000,5.712032278051926
genetic_algorithm,rosenbrock,114,4100,5.706204688711707
genetic_algorithm,rosenbrock,114,4200,5.700021910958751
genetic_algorithm,rosenbrock,114,4300,5.6864453626352205
genetic_algorithm,rosenbrock,114,4400,5.587910807776768
genetic_algorithm,rosenbrock,114,4500,5.525993436785777
genetic_algorithm,rosenbrock,114,4600,5.518446882718136
genetic_algorithm,rosenbrock,114,4700,5.500771258712335
genetic_algorithm,rosenbrock,114,4800,5.479968283478666
genetic_algorithm,rosenbrock,114,4900,5.476839525127011
genetic_algorithm,rosenbrock,114,5000,5.463701885710627
genetic_algorithm,rosenbrock,114,5100,5.294512153442307
genetic_algorithm,rosenbrock,114,5200,5.294512153442307
genetic_algorithm,rosenbrock,114,5300,5.285844852591126
genetic_algorithm,rosenbrock,114,5400,5.285723523527979
genetic_algorithm,rosenbrock,114,5500,5.278158240229776
genetic_algorithm,rosenbrock,114,5600,5.278158240229776
genetic_algorithm,rosenbrock,114,5700,5.278134657085216
genetic_algorithm,rosenbrock,114,5800,5.258153432943119
genetic_algorithm,rosenbrock,114,5900,5.257547323679062
genetic_algorithm,rosenbrock,114,6000,5.257547323679062
genetic_algorithm,rosenbrock,114,6100,5.171795538099346
genetic_algorithm,rosenbrock,114,6200,5.1669938466827
genetic_algorithm,rosenbrock,114,6300,5.164494420285644
genetic_algorithm,rosenbrock,114,6400,5.138790579231195
genetic_algorithm,rosenbrock,114,6500,5.13807081772541
genetic_algorithm,rosenbrock,114,6600,5.108069084536562
genetic_algorithm,rosenbrock,114,6700,5.043191349763745
genetic_algorithm,rosenbrock,114,6800,5.023749551719803
genetic_algorithm,rosenbrock,114,6900,5.019246948864514
genetic_algorithm,rosenbrock,114,7000,5.010933968592522
genetic_algorithm,rosenbrock,114,7100,5.0097291668495565
genetic_algorithm,rosenbrock,114,7200,5.0097220045945
genetic_algorithm,rosenbrock,114,7300,5.008210941779927
genetic_algorithm,rosenbrock,114,7400,5.007483673944365
genetic_algorithm,rosenbrock,114,7500,4.98092468862781
genetic_algorithm,rosenbrock,114,7600,4.98092468862781
genetic_algorithm,rosenbrock,114,7700,4.98092468862781
genetic_algorithm,rosenbrock,114,7800,4.974678250921574
genetic_algorithm,rosenbrock,114,7900,4.974185914851765
genetic_algorithm,rosenbrock,114,8000,4.974185914851765
genetic_algorithm,rosenbrock,114,8100,4.974185914851765
genetic_algorithm,rosenbrock,114,8200,4.969055842565478
genetic_algorithm,rosenbrock,114,8300,4.969055842565478
genetic_algorithm,rosenbrock,114,8400,4.969055842565478
genetic_algorithm,rosenbrock,114,8500,4.969055842565478
genetic_algorithm,rosenbrock,114,8600,4.969055842565478
genetic_algorithm,rosenbrock,114,8700,4.969055842565478
genetic_algorithm,rosenbrock,114,8800,4.967914913253067
genetic_algorithm,rosenbrock,114,8900,4.94867883699217
genetic_algorithm,rosenbrock,114,9000,4.947949234374548
genetic_algorithm,rosenbrock,114,9100,4.947949234374548
genetic_algorithm,rosenbrock,114,9200,4.928044796606148
genetic_algorithm,rosenbrock,114,9300,4.88865801236429
genetic_algorithm,rosenbrock,114,9400,4.88796360847547
genetic_algorithm,rosenbrock,114,9500,4.88796360847547
genetic_algorithm,rosenbrock,114,9600,4.885425735418282
genetic_algorithm,rosenbrock,114,9700,4.883345260018707
genetic_algorithm,rosenbrock,114,9800,4.883345260018707
genetic_algorithm,rosenbrock,114,9900,4.883345260018707
genetic_algorithm,rosenbrock,114,10000,4.8440215350051945
genetic_algorithm,rosenbrock,114,10100,4.8440215350051945
genetic_algorithm,rosenbrock,114,10200,4.818547820745649
genetic_algorithm,rosenbrock,114,10300,4.818547820745649
genetic_algorithm,rosenbrock,114,10400,4.8156219706183725
genetic_algorithm,rosenbrock,114,10500,4.800381395244041
genetic_algorithm,rosenbrock,114,10600,4.799991098941961
genetic_algorithm,rosenbrock,114,10700,4.795945963630683
genetic_algorithm,rosenbrock,114,10800,4.789409956350386
genetic_algorithm,rosenbrock,114,10900,4.785850457303686
genetic_algorithm,rosenbrock,114,11000,4.780695567170825
genetic_algorithm,rosenbrock,114,11100,4.778266255850708
genetic_algorithm,rosenbrock,114,11200,4.778165482488337
genetic_algorithm,rosenbrock,114,11300,4.777938589242248
genetic_algorithm,rosenbrock,114,11400,4.777938589242248
genetic_algorithm,rosenbrock,114,11500,4.777018991710545
genetic_algorithm,rosenbrock,114,11600,4.777018991710545
genetic_algorithm,rosenbrock,114,11700,4.777018991710545
genetic_algorithm,rosenbrock,114,11800,4.777018991710545
genetic_algorithm,rosenbrock,114,11900,4.777018991710545
genetic_algorithm,rosenbrock,114,12000,4.776183588287023
genetic_algorithm,rosenbrock,114,12100,4.775726495521093
genetic_algorithm,rosenbrock,114,12200,4.76878626315754
genetic_algorithm,rosenbrock,114,12300,4.768627112787415
genetic_algorithm,rosenbrock,114,12400,4.768627112787415
genetic_algorithm,rosenbrock,114,12500,4.768569025664618
genetic_algorithm,rosenbrock,114,12600,4.764965227960241
genetic_algorithm,rosenbrock,114,12700,4.764743164905535
genetic_algorithm,rosenbrock,114,12800,4.76422245210002
genetic_algorithm,rosenbrock,114,12900,4.763710457103347
genetic_algorithm,rosenbrock,114,13000,4.763118600414595
genetic_algorithm,rosenbrock,114,13100,4.762073533375178
genetic_algorithm,rosenbrock,114,13200,4.761946473370081
genetic_algorithm,rosenbrock,114,13300,4.761946473370081
genetic_algorithm,rosenbrock,114,13400,4.761946473370081
genetic_algorithm,rosenbrock,114,13500,4.761945890827356
genetic_algorithm,rosenbrock,114,13600,4.757270099759969
genetic_algorithm,rosenbrock,114,13700,4.757270099759969
genetic_algorithm,rosenbrock,114,13800,4.755330728913518
genetic_algorithm,rosenbrock,114,13900,4.754896630637386
genetic_algorithm,rosenbrock,114,14000,4.754896630637386
genetic_algorithm,rosenbrock,114,14100,4.7548241382661445
genetic_algorithm,rosenbrock,114,14200,4.7528448626021085
genetic_algorithm,rosenbrock,114,14300,4.7528448626021085
genetic_algorithm,rosenbrock,114,14400,4.7528448626021085
genetic_algorithm,rosenbrock,114,14500,4.75284402163717
genetic_algorithm,rosenbrock,114,14600,4.747052493270705
genetic_algorithm,rosenbrock,114,14700,4.747052493270705
genetic_algorithm,rosenbrock,114,14800,4.747030174318594
genetic_algorithm,rosenbrock,114,14900,4.746753089070593
genetic_algorithm,rosenbrock,114,15000,4.746753089070593
genetic_algorithm,rosenbrock,114,15100,4.746753089070593
genetic_algorithm,rosenbrock,114,15200,4.746753089070593
genetic_algorithm,rosenbrock,114,15300,4.746753089070593
genetic_algorithm,rosenbrock,114,15400,4.742635018609727
genetic_algorithm,rosenbrock,114,15500,4.742630921178099
genetic_algorithm,rosenbrock,114,15600,4.742569588491089
genetic_algorithm,rosenbrock,114,15700,4.741415003363552
genetic_algorithm,rosenbrock,114,15800,4.741281610522293
genetic_algorithm,rosenbrock,114,15900,4.73781992115712
genetic_algorithm,rosenbrock,114,16000,4.73781992115712
genetic_algorithm,rosenbrock,114,16100,4.73781992115712
genetic_algorithm,rosenbrock,114,16200,4.73616257649128
genetic_algorithm,rosenbrock,114,16300,4.735965252294019
genetic_algorithm,rosenbrock,114,16400,4.735807779263579
genetic_algorithm,rosenbrock,114,16500,4.723572843289189
genetic_algorithm,rosenbrock,114,16600,4.720994189611255
genetic_algorithm,rosenbrock,114,16700,4.720630798315006
genetic_algorithm,rosenbrock,114,16800,4.719997616708499
genetic_algorithm,rosenbrock,114,16900,4.719997616708499
genetic_algorithm,rosenbrock,114,17000,4.719997616708499
genetic_algorithm,rosenbrock,114,17100,4.719997616708499
genetic_algorithm,rosenbrock,114,17200,4.71790753194685
genetic_algorithm,rosenbrock,114,17300,4.717898076132789
genetic_algorithm,rosenbrock,114,17400,4.712493302832018
genetic_algorithm,rosenbrock,114,17500,4.712491631443502
genetic_algorithm,rosenbrock,114,17600,4.712491631443502
genetic_algorithm,rosenbrock,114,17700,4.712490768958396
genetic_algorithm,rosenbrock,114,17800,4.710850380333019
genetic_algorithm,rosenbrock,114,17900,4.710751358890867
genetic_algorithm,rosenbrock,114,18000,4.7076590686089546
genetic_algorithm,rosenbrock,114,18100,4.707458161666084
genetic_algorithm,rosenbrock,114,18200,4.707186592388194
genetic_algorithm,rosenbrock,114,18300,4.704128254760866
genetic_algorithm,rosenbrock,114,18400,4.704128254760866
genetic_algorithm,rosenbrock,114,18500,4.704128254760866
genetic_algorithm,rosenbrock,114,18600,4.703076250682544
genetic_algorithm,rosenbrock,114,18700,4.702656553380408
genetic_algorithm,rosenbrock,114,18800,4.702623016164554
genetic_algorithm,rosenbrock,114,18900,4.702623016164554
genetic_algorithm,rosenbrock,114,19000,4.702623016164554
genetic_algorithm,rosenbrock,114,19100,4.700892701171216
genetic_algorithm,rosenbrock,114,19200,4.698989938130236
genetic_algorithm,rosenbrock,114,19300,4.698504987000673
genetic_algorithm,rosenbrock,114,19400,4.698504987000673
genetic_algorithm,rosenbrock,114,19500,4.695320437300429
genetic_algorithm,rosenbrock,114,19600,4.695320437300429
genetic_algorithm,rosenbrock,114,19700,4.695295496161488
genetic_algorithm,rosenbrock,114,19800,4.695279673257999
genetic_algorithm,rosenbrock,114,19900,4.695279673257999
genetic_algorithm,rosenbrock,114,20000,4.6952789711153935
genetic_algorithm,rosenbrock,115,100,102247.61110882224
genetic_algorithm,rosenbrock,115,200,52661.0845114442
genetic_algorithm,rosenbrock,115,300,36084.110486813246
genetic_algorithm,rosenbrock,115,400,29489.31416977376
genetic_algorithm,rosenbrock,115,500,16878.522350325176
genetic_algorithm,rosenbrock,115,600,11497.977264926436
genetic_algorithm,rosenbrock,115,700,8242.101538198089
genetic_algorithm,rosenbrock,115,800,6300.192794148209
genetic_algorithm,rosenbrock,115,900,2430.8193885140668
genetic_algorithm,rosenbrock,115,1000,1386.839884658267
genetic_algorithm,rosenbrock,115,1100,789.748712300625
genetic_algorithm,rosenbrock,115,1200,365.65934618037124
genetic_algorithm,rosenbrock,115,1300,294.89637893953125
genetic_algorithm,rosenbrock,115,1400,259.5822288582522
genetic_algorithm,rosenbrock,115,1500,159.55852439954776
genetic_algorithm,rosenbrock,115,1600,159.47203455401794
genetic_algorithm,rosenbrock,115,1700,131.89515451651485
genetic_algorithm,rosenbrock,115,1800,114.40444636645914
genetic_algorithm,rosenbrock,115,1900,98.43822763779882
genetic_algorithm,rosenbrock,115,2000,87.50578964835123
genetic_algorithm,rosenbrock,115,2100,74.30364132280923
genetic_algorithm,rosenbrock,115,2200,54.673970028691976
genetic_algorithm,rosenbrock,115,2300,53.98462125311375
genetic_algorithm,rosenbrock,115,2400,42.05139791977996
genetic_algorithm,rosenbrock,115,2500,40.00466675605655
genetic_algorithm,rosenbrock,115,2600,32.54343337399308
genetic_algorithm,rosenbrock,115,2700,31.441938779465254
genetic_algorithm,rosenbrock,115,2800,20.366864858386645
genetic_algorithm,rosenbrock,115,2900,15.606569626307804
genetic_algorithm,rosenbrock,115,3000,15.56931629671426
genetic_algorithm,rosenbrock,115,3100,15.56931629671426
genetic_algorithm,rosenbrock,115,3200,15.21688854656804
genetic_algorithm,rosenbrock,115,3300,14.095136346026756
genetic_algorithm,rosenbrock,115,3400,13.00979531046093
genetic_algorithm,rosenbrock,115,3500,12.761087993764207
genetic_algorithm,rosenbrock,115,3600,11.197259786972454
genetic_algorithm,rosenbrock,115,3700,11.15501215598524
genetic_algorithm,rosenbrock,115,3800,10.985423694876571
genetic_algorithm,rosenbrock,115,3900,10.385504648869809
genetic_algorithm,rosenbrock,115,4000,10.37918669856229
genetic_algorithm,rosenbrock,115,4100,9.918030267049279
genetic_algorithm,rosenbrock,115,4200,9.754056557900975
genetic_algorithm,rosenbrock,115,4300,9.590384836764006
genetic_algorithm,rosenbrock,115,4400,8.977236439302972
genetic_algorithm,rosenbrock,115,4500,8.97470479616713
genetic_algorithm,rosenbrock,115,4600,8.974419723690692
genetic_algorithm,rosenbrock,115,4700,8.966176424506957
genetic_algorithm,rosenbrock,115,4800,8.948102533721958
genetic_algorithm,rosenbrock,115,4900,8.948102533721958
genetic_algorithm,rosenbrock,115,5000,8.947758165492322
genetic_algorithm,rosenbrock,115,5100,8.76079036336829
genetic_algorithm,rosenbrock,115,5200,8.50791968490429
genetic_algorithm,rosenbrock,115,5300,8.50529944070437
genetic_algorithm,rosenbrock,115,5400,8.471267635816897
genetic_algorithm,rosenbrock,115,5500,8.459796412975564
genetic_algorithm,rosenbrock,115,5600,8.332309799587286
genetic_algorithm,rosenbrock,115,5700,8.332309799587286
genetic_algorithm,rosenbrock,115,5800,8.321188586627734
genetic_algorithm,rosenbrock,115,5900,8.320376404529632
genetic_algorithm,rosenbrock,115,6000,8.307666083213157
genetic_algorithm,rosenbrock,115,6100,8.277572356396673
genetic_algorithm,rosenbrock,115,6200,8.277572356396673
genetic_algorithm,rosenbrock,115,6300,8.231855776923274
genetic_algorithm,rosenbrock,115,6400,8.217047269191706
genetic_algorithm,rosenbrock,115,6500,8.196939966369307
genetic_algorithm,rosenbrock,115,6600,8.196875643277398
genetic_algorithm,rosenbrock,115,6700,8.183531891735136
genetic_algorithm,rosenbrock,115,6800,8.17356785312904
genetic_algorithm,rosenbrock,115,6900,8.161787974909316
genetic_algorithm,rosenbrock,115,7000,8.151235921449326
genetic_algorithm,rosenbrock,115,7100,8.144823892465608
genetic_algorithm,rosenbrock,115,7200,8.144823892465608
genetic_algorithm,rosenbrock,115,7300,8.13672488797049
genetic_algorithm,rosenbrock,115,7400,8.107034961654737
genetic_algorithm,rosenbrock,115,7500,8.103523398037467
genetic_algorithm,rosenbrock,115,7600,8.102313765026661
genetic_algorithm,rosenbrock,115,7700,8.101254281281825
genetic_algorithm,rosenbrock,115,7800,8.089641276651516
genetic_algorithm,rosenbrock,115,7900,8.075651227126103
genetic_algorithm,rosenbrock,115,8000,8.075529686026318
genetic_algorithm,rosenbrock,115,8100,8.06305766109369
genetic_algorithm,rosenbrock,115,8200,8.062971832905646
genetic_algorithm,rosenbrock,115,8300,8.060038789906253
genetic_algorithm,rosenbrock,115,8400,8.03074684487239
genetic_algorithm,rosenbrock,115,8500,8.03074684487239
genetic_algorithm,rosenbrock,115,8600,8.030605550673952
genetic_algorithm,rosenbrock,115,8700,8.030605550673952
genetic_algorithm,rosenbrock,115,8800,8.030583537641771
genetic_algorithm,rosenbrock,115,8900,7.958197564590932
genetic_algorithm,rosenbrock,115,9000,7.650959754503688
genetic_algorithm,rosenbrock,115,9100,7.62952714571283
genetic_algorithm,rosenbrock,115,9200,7.62858588776307
genetic_algorithm,rosenbrock,115,9300,7.625342679313796
genetic_algorithm,rosenbrock,115,9400,7.625342679313796
genetic_algorithm,rosenbrock,115,9500,7.553864237317603
genetic_algorithm,rosenbrock,115,9600,7.553864237317603
genetic_algorithm,rosenbrock,115,9700,7.553864237317603
genetic_algorithm,rosenbrock,115,9800,7.5142418062600544
genetic_algorithm,rosenbrock,115,9900,7.513924936198567
genetic_algorithm,rosenbrock,115,10000,7.513497643175812
genetic_algorithm,rosenbrock,115,10100,7.500091584414068
genetic_algorithm,rosenbrock,115,10200,7.490014782745576
genetic_algorithm,rosenbrock,115,10300,7.48863426688513
genetic_algorithm,rosenbrock,115,10400,7.467800598375477
genetic_algorithm,rosenbrock,115,10500,7.387683107023771
genetic_algorithm,rosenbrock,115,10600,7.376562385486546
genetic_algorithm,rosenbrock,115,10700,7.376562385486546
genetic_algorithm,rosenbrock,115,10800,7.370905427259256
genetic_algorithm,rosenbrock,115,10900,7.370905427259256
genetic_algorithm,rosenbrock,115,11000,7.329728638822439
genetic_algorithm,rosenbrock,115,11100,7.325547883390926
genetic_algorithm,rosenbrock,115,11200,7.325092866242452
genetic_algorithm,rosenbrock,115,11300,7.3194687653125
genetic_algorithm,rosenbrock,115,11400,7.317124908777247
genetic_algorithm,rosenbrock,115,11500,7.317124908777247
genetic_algorithm,rosenbrock,115,11600,7.317124908777247
genetic_algorithm,rosenbrock,115,11700,7.317124908777247
genetic_algorithm,rosenbrock,115,11800,7.317124908777247
genetic_algorithm,rosenbrock,115,11900,7.317124908777247
genetic_algorithm,rosenbrock,115,12000,7.314254538218492
genetic_algorithm,rosenbrock,115,12100,7.313670414786207
genetic_algorithm,rosenbrock,115,12200,7.311218719293656
genetic_algorithm,rosenbrock,115,12300,7.311218719293656
genetic_algorithm,rosenbrock,115,12400,7.311218719293656
genetic_algorithm,rosenbrock,115,12500,7.299709662544105
genetic_algorithm,rosenbrock,115,12600,7.285292289476233
genetic_algorithm,rosenbrock,115,12700,7.275539930748071
genetic_algorithm,rosenbrock,115,12800,7.274795643439885
genetic_algorithm,rosenbrock,115,12900,7.269975272156006
genetic_algorithm,rosenbrock,115,13000,7.269279360365825
genetic_algorithm,rosenbrock,115,13100,7.269279360365825
genetic_algorithm,rosenbrock,115,13200,7.2691826491721665
genetic_algorithm,rosenbrock,115,13300,7.268951993816287
genetic_algorithm,rosenbrock,115,13400,7.267479075239773
genetic_algorithm,rosenbrock,115,13500,7.266026048162704
genetic_algorithm,rosenbrock,115,13600,7.266026048162704
genetic_algorithm,rosenbrock,115,13700,7.26601145811504
genetic_algorithm,rosenbrock,115,13800,7.26601145811504
genetic_algorithm,rosenbrock,115,13900,7.26601145811504
genetic_algorithm,rosenbrock,115,14000,7.26601145811504
genetic_algorithm,rosenbrock,115,14100,7.26601145811504
genetic_algorithm,rosenbrock,115,14200,7.265953553433208
genetic_algorithm,rosenbrock,115,14300,7.265734724133389
genetic_algorithm,rosenbrock,115,14400,7.252029950534668
genetic_algorithm,rosenbrock,115,14500,7.252029950534668
genetic_algorithm,rosenbrock,115,14600,7.252029950534668
genetic_algorithm,rosenbrock,115,14700,7.249739207189462
genetic_algorithm,rosenbrock,115,14800,7.249739207189462
genetic_algorithm,rosenbrock,115,14900,7.249739207189462
genetic_algorithm,rosenbrock,115,15000,7.249739207189462
genetic_algorithm,rosenbrock,115,15100,7.248913426792337
genetic_algorithm,rosenbrock,115,15200,7.248403285528652
genetic_algorithm,rosenbrock,115,15300,7.248403285528652
genetic_algorithm,rosenbrock,115,15400,7.248236361670413
genetic_algorithm,rosenbrock,115,15500,7.248140717707047
genetic_algorithm,rosenbrock,115,15600,7.24813446995762
genetic_algorithm,rosenbrock,115,15700,7.247299926754661
genetic_algorithm,rosenbrock,115,15800,7.245959211341369
genetic_algorithm,rosenbrock,115,15900,7.245959211341369
genetic_algorithm,rosenbrock,115,16000,7.23434361909713
genetic_algorithm,rosenbrock,115,16100,7.228856113182983
genetic_algorithm,rosenbrock,115,16200,7.228834579457043
genetic_algorithm,rosenbrock,115,16300,7.228834579457043
genetic_algorithm,rosenbrock,115,16400,7.226610892771306
genetic_algorithm,rosenbrock,115,16500,7.226610059804067
genetic_algorithm,rosenbrock,115,16600,7.225594776078574
genetic_algorithm,rosenbrock,115,16700,7.225568469045671
genetic_algorithm,rosenbrock,115,16800,7.224811349678275
genetic_algorithm,rosenbrock,115,16900,7.224778631992977
genetic_algorithm,rosenbrock,115,17000,7.224778631992977
genetic_algorithm,rosenbrock,115,17100,7.224169418829912
genetic_algorithm,rosenbrock,115,17200,7.22414667780756
genetic_algorithm,rosenbrock,115,17300,7.221693882582645
genetic_algorithm,rosenbrock,115,17400,7.221683320087158
genetic_algorithm,rosenbrock,115,17500,7.2199914332832815
genetic_algorithm,rosenbrock,115,17600,7.2199914332832815
genetic_algorithm,rosenbrock,115,17700,7.2163360563094
genetic_algorithm,rosenbrock,115,17800,7.216291476932187
genetic_algorithm,rosenbrock,115,17900,7.215041826928334
genetic_algorithm,rosenbrock,115,18000,7.2150343063084685
genetic_algorithm,rosenbrock,115,18100,7.20027534901498
genetic_algorithm,rosenbrock,115,18200,7.194505807707931
genetic_algorithm,rosenbrock,115,18300,7.194505807707931
genetic_algorithm,rosenbrock,115,18400,7.193348851459957
genetic_algorithm,rosenbrock,115,18500,7.192441970767985
genetic_algorithm,rosenbrock,115,18600,7.192441970767985
genetic_algorithm,rosenbrock,115,18700,7.191254685752585
genetic_algorithm,rosenbrock,115,18800,7.1904571603558844
genetic_algorithm,rosenbrock,115,18900,7.16610003486011
genetic_algorithm,rosenbrock,115,19000,7.164039557147996
genetic_algorithm,rosenbrock,115,19100,7.161397177756981
genetic_algorithm,rosenbrock,115,19200,7.161288398349711
genetic_algorithm,rosenbrock,115,19300,7.161288398349711
genetic_algorithm,rosenbrock,115,19400,7.161288398349711
genetic_algorithm,rosenbrock,115,19500,7.161288398349711
genetic_algorithm,rosenbrock,115,19600,7.153988424737114
genetic_algorithm,rosenbrock,115,19700,7.152468656609767
genetic_algorithm,rosenbrock,115,19800,7.152468656609767
genetic_algorithm,rosenbrock,115,19900,7.149003295009514
genetic_algorithm,rosenbrock,115,20000,7.148965271212001
genetic_algorithm,rosenbrock,116,100,43357.747972733996
genetic_algorithm,rosenbrock,116,200,34125.357939443595
genetic_algorithm,rosenbrock,116,300,21639.511934045553
genetic_algorithm,rosenbrock,116,400,15513.335923227543
genetic_algorithm,rosenbrock,116,500,9532.69727214288
genetic_algorithm,rosenbrock,116,600,7872.237637361804
genetic_algorithm,rosenbrock,116,700,3790.73515573678
genetic_algorithm,rosenbrock,116,800,3014.67588648089
genetic_algorithm,rosenbrock,116,900,1667.810261254206
genetic_algorithm,rosenbrock,116,1000,1465.100813676767
genetic_algorithm,rosenbrock,116,1100,365.1921590412219
genetic_algorithm,rosenbrock,116,1200,266.09842627767705
genetic_algorithm,rosenbrock,116,1300,251.37423215557794
genetic_algorithm,rosenbrock,116,1400,247.91513865861134
genetic_algorithm,rosenbrock,116,1500,223.8671334331519
genetic_algorithm,rosenbrock,116,1600,206.53697181728842
genetic_algorithm,rosenbrock,116,1700,198.10696876352452
genetic_algorithm,rosenbrock,116,1800,187.18634612149248
genetic_algorithm,rosenbrock,116,1900,174.62172920765892
genetic_algorithm,rosenbrock,116,2000,149.54844096105302
genetic_algorithm,rosenbrock,116,2100,147.98272465645942
genetic_algorithm,rosenbrock,116,2200,140.19277663786008
genetic_algorithm,rosenbrock,116,2300,137.11695763398882
genetic_algorithm,rosenbrock,116,2400,137.11695763398882
genetic_algorithm,rosenbrock,116,2500,135.6454368068206
genetic_algorithm,rosenbrock,116,2600,132.2386465556556
genetic_algorithm,rosenbrock,116,2700,126.46335743159554
genetic_algorithm,rosenbrock,116,2800,125.51364623816652
genetic_algorithm,rosenbrock,116,2900,115.16315867714566
genetic_algorithm,rosenbrock,116,3000,114.15594166711078
genetic_algorithm,rosenbrock,116,3100,109.54890048947797
genetic_algorithm,rosenbrock,116,3200,98.8521508806307
genetic_algorithm,rosenbrock,116,3300,90.86735184803699
genetic_algorithm,rosenbrock,116,3400,90.11578360020877
genetic_algorithm,rosenbrock,116,3500,90.11578360020877
genetic_algorithm,rosenbrock,116,3600,89.93634845875167
genetic_algorithm,rosenbrock,116,3700,89.44304806582227
genetic_algorithm,rosenbrock,116,3800,87.28060761783128
genetic_algorithm,rosenbrock,116,3900,85.22416153481174
genetic_algorithm,rosenbrock,116,4000,83.42943361466787
genetic_algorithm,rosenbrock,116,4100,83.20969337846702
genetic_algorithm,rosenbrock,116,4200,82.65678796478814
genetic_algorithm,rosenbrock,116,4300,82.65678796478814
genetic_algorithm,rosenbrock,116,4400,82.6505653980282
genetic_algorithm,rosenbrock,116,4500,82.00920200494038
genetic_algorithm,rosenbrock,116,4600,81.04883997606251
genetic_algorithm,rosenbrock,116,4700,81.04883997606251
genetic_algorithm,rosenbrock,116,4800,81.04883997606251
genetic_algorithm,rosenbrock,116,4900,75.27438707956777
genetic_algorithm,rosenbrock,116,5000,75.2606323318446
genetic_algorithm,rosenbrock,116,5100,70.72370314155472
genetic_algorithm,rosenbrock,116,5200,65.14141528230182
genetic_algorithm,rosenbrock,116,5300,52.71228174363159
genetic_algorithm,rosenbrock,116,5400,52.1345137988226
genetic_algorithm,rosenbrock,116,5500,52.1345137988226
genetic_algorithm,rosenbrock,116,5600,47.71891571392796
genetic_algorithm,rosenbrock,116,5700,47.707779073848684
genetic_algorithm,rosenbrock,116,5800,47.707779073848684
genetic_algorithm,rosenbrock,116,5900,47.47047256218511
genetic_algorithm,rosenbrock,116,6000,47.464810487376134
genetic_algorithm,rosenbrock,116,6100,47.46481048737613
genetic_algorithm,rosenbrock,116,6200,46.944184396017015
genetic_algorithm,rosenbrock,116,6300,43.392717388810546
genetic_algorithm,rosenbrock,116,6400,38.19355768298019
genetic_algorithm,rosenbrock,116,6500,37.86196445471145
genetic_algorithm,rosenbrock,116,6600,30.30333518785236
genetic_algorithm,rosenbrock,116,6700,29.79925378050642
genetic_algorithm,rosenbrock,116,6800,29.075007870438625
genetic_algorithm,rosenbrock,116,6900,28.733217009890247
genetic_algorithm,rosenbrock,116,7000,23.226280628467308
genetic_algorithm,rosenbrock,116,7100,22.485984348935514
genetic_algorithm,rosenbrock,116,7200,22.480457618990695
genetic_algorithm,rosenbrock,116,7300,22.480457618990695
genetic_algorithm,rosenbrock,116,7400,22.402063152897504
genetic_algorithm,rosenbrock,116,7500,21.792686688147686
genetic_algorithm,rosenbrock,116,7600,20.053654664492285
genetic_algorithm,rosenbrock,116,7700,18.338011375563823
genetic_algorithm,rosenbrock,116,7800,18.239674041250726
genetic_algorithm,rosenbrock,116,7900,17.225812188485083
genetic_algorithm,rosenbrock,116,8000,16.309968823476
genetic_algorithm,rosenbrock,116,8100,16.309968823475998
genetic_algorithm,rosenbrock,116,8200,16.300036279995023
genetic_algorithm,rosenbrock,116,8300,16.032701418217144
genetic_algorithm,rosenbrock,116,8400,16.032361857489104
genetic_algorithm,rosenbrock,116,8500,15.14329462290447
genetic_algorithm,rosenbrock,116,8600,14.674540470658052
genetic_algorithm,rosenbrock,116,8700,14.64662179327167
genetic_algorithm,rosenbrock,116,8800,14.56183369161363
genetic_algorithm,rosenbrock,116,8900,14.182672743116571
genetic_algorithm,rosenbrock,116,9000,14.148025112857553
genetic_algorithm,rosenbrock,116,9100,13.423298227626052
genetic_algorithm,rosenbrock,116,9200,13.01876839340616
genetic_algorithm,rosenbrock,116,9300,12.71438318039221
genetic_algorithm,rosenbrock,116,9400,12.593336117240021
genetic_algorithm,rosenbrock,116,9500,12.593336117240021
genetic_algorithm,rosenbrock,116,9600,12.593336117240021
genetic_algorithm,rosenbrock,116,9700,12.593336117240021
genetic_algorithm,rosenbrock,116,9800,12.260128504245545
genetic_algorithm,rosenbrock,116,9900,12.245536942702596
genetic_algorithm,rosenbrock,116,10000,11.348586312161649
genetic_algorithm,rosenbrock,116,10100,11.348586312161649
genetic_algorithm,rosenbrock,116,10200,11.34837008171686
genetic_algorithm,rosenbrock,116,10300,11.305250857162282
genetic_algorithm,rosenbrock,116,10400,11.025247034486343
genetic_algorithm,rosenbrock,116,10500,11.025247034486343
genetic_algorithm,rosenbrock,116,10600,10.961837252021951
genetic_algorithm,rosenbrock,116,10700,10.960246461296997
genetic_algorithm,rosenbrock,116,10800,10.960246461296997
genetic_algorithm,rosenbrock,116,10900,10.950417599574381
genetic_algorithm,rosenbrock,116,11000,10.950417599574381
genetic_algorithm,rosenbrock,116,11100,10.950417599574381
genetic_algorithm,rosenbrock,116,11200,10.886943168878926
genetic_algorithm,rosenbrock,116,11300,10.869934212490351
genetic_algorithm,rosenbrock,116,11400,10.847700530280456
genetic_algorithm,rosenbrock,116,11500,10.822506417009478
genetic_algorithm,rosenbrock,116,11600,10.821832094297765
genetic_algorithm,rosenbrock,116,11700,10.666573326545269
genetic_algorithm,rosenbrock,116,11800,10.108689692671822
genetic_algorithm,rosenbrock,116,11900,10.073219267690074
genetic_algorithm,rosenbrock,116,12000,10.041760332446966
genetic_algorithm,rosenbrock,116,12100,7.3213422701742505
genetic_algorithm,rosenbrock,116,12200,6.282046496762959
genetic_algorithm,rosenbrock,116,12300,6.281185075567452
genetic_algorithm,rosenbrock,116,12400,6.140753735224253
genetic_algorithm,rosenbrock,116,12500,6.124504589438642
genetic_algorithm,rosenbrock,116,12600,6.114227507460679
genetic_algorithm,rosenbrock,116,12700,6.100929967201535
genetic_algorithm,rosenbrock,116,12800,5.912641498444718
genetic_algorithm,rosenbrock,116,12900,5.659839664316905
genetic_algorithm,rosenbrock,116,13000,5.655726908097447
genetic_algorithm,rosenbrock,116,13100,5.655663711979923
genetic_algorithm,rosenbrock,116,13200,5.651397519673052
genetic_algorithm,rosenbrock,116,13300,5.65081252373222
genetic_algorithm,rosenbrock,116,13400,5.629492446622297
genetic_algorithm,rosenbrock,116,13500,5.624116525643041
genetic_algorithm,rosenbrock,116,13600,5.623525946106357
genetic_algorithm,rosenbrock,116,13700,5.611770622219074
genetic_algorithm,rosenbrock,116,13800,5.610243461377871
genetic_algorithm,rosenbrock,116,13900,5.609507256141221
genetic_algorithm,rosenbrock,116,14000,5.606122263366912
genetic_algorithm,rosenbrock,116,14100,5.337012741528751
genetic_algorithm,rosenbrock,116,14200,5.33692731180046
genetic_algorithm,rosenbrock,116,14300,5.3369215975569
genetic_algorithm,rosenbrock,116,14400,5.3369215975569
genetic_algorithm,rosenbrock,116,14500,5.24885869455928
genetic_algorithm,rosenbrock,116,14600,5.248858694559279
genetic_algorithm,rosenbrock,116,14700,5.248858694559279
genetic_algorithm,rosenbrock,116,14800,5.239037807059476
genetic_algorithm,rosenbrock,116,14900,5.239037807059476
genetic_algorithm,rosenbrock,116,15000,5.239037807059476
genetic_algorithm,rosenbrock,116,15100,5.23900330151496
genetic_algorithm,rosenbrock,116,15200,5.211487929988223
genetic_algorithm,rosenbrock,116,15300,5.211487929988223
genetic_algorithm,rosenbrock,116,15400,5.211487929988223
genetic_algorithm,rosenbrock,116,15500,5.1946427084930145
genetic_algorithm,rosenbrock,116,15600,5.130751432513652
genetic_algorithm,rosenbrock,116,15700,5.115498019474028
genetic_algorithm,rosenbrock,116,15800,4.942897905949053
genetic_algorithm,rosenbrock,116,15900,4.932404622191702
genetic_algorithm,rosenbrock,116,16000,4.931694082299947
genetic_algorithm,rosenbrock,116,16100,4.931693737327589
genetic_algorithm,rosenbrock,116,16200,4.931693737327589
genetic_algorithm,rosenbrock,116,16300,4.931693737327589
genetic_algorithm,rosenbrock,116,16400,4.931693737327589
genetic_algorithm,rosenbrock,116,16500,4.902286145526074
genetic_algorithm,rosenbrock,116,16600,4.898498135923963
genetic_algorithm,rosenbrock,116,16700,4.898498135923963
genetic_algorithm,rosenbrock,116,16800,4.861658649374933
genetic_algorithm,rosenbrock,116,16900,4.7986031670252425
genetic_algorithm,rosenbrock,116,17000,4.7986031670252425
genetic_algorithm,rosenbrock,116,17100,4.7986031670252425
genetic_algorithm,rosenbrock,116,17200,4.7986031670252425
genetic_algorithm,rosenbrock,116,17300,4.7475709746684975
genetic_algorithm,rosenbrock,116,17400,4.7343424686074345
genetic_algorithm,rosenbrock,116,17500,4.733779236680557
genetic_algorithm,rosenbrock,116,17600,4.731541204281064
genetic_algorithm,rosenbrock,116,17700,4.721730359918393
genetic_algorithm,rosenbrock,116,17800,4.717535284699274
genetic_algorithm,rosenbrock,116,17900,4.709922372810929
genetic_algorithm,rosenbrock,116,18000,4.70973469049519
genetic_algorithm,rosenbrock,116,18100,4.704988933594276
genetic_algorithm,rosenbrock,116,18200,4.702471153396516
genetic_algorithm,rosenbrock,116,18300,4.67986454341356
genetic_algorithm,rosenbrock,116,18400,4.67986454341356
genetic_algorithm,rosenbrock,116,18500,4.6795090347056565
genetic_algorithm,rosenbrock,116,18600,4.678009122364137
genetic_algorithm,rosenbrock,116,18700,4.676976220520618
genetic_algorithm,rosenbrock,116,18800,4.543429476885063
genetic_algorithm,rosenbrock,116,18900,4.540664876369755
genetic_algorithm,rosenbrock,116,19000,4.4927064375377235
genetic_algorithm,rosenbrock,116,19100,4.4927064375377235
genetic_algorithm,rosenbrock,116,19200,4.491543585690387
genetic_algorithm,rosenbrock,116,19300,4.491543585690387
genetic_algorithm,rosenbrock,116,19400,4.481473327673731
genetic_algorithm,rosenbrock,116,19500,4.480361689526843
genetic_algorithm,rosenbrock,116,19600,4.471521168193733
genetic_algorithm,rosenbrock,116,19700,4.466595418031221
genetic_algorithm,rosenbrock,116,19800,4.466541766131416
genetic_algorithm,rosenbrock,116,19900,4.466021307653157
genetic_algorithm,rosenbrock,116,20000,4.45605031479008
genetic_algorithm,rosenbrock,117,100,46153.43764522771
genetic_algorithm,rosenbrock,117,200,35888.125312978606
genetic_algorithm,rosenbrock,117,300,25929.6553724701
genetic_algorithm,rosenbrock,117,400,15787.109604685666
genetic_algorithm,rosenbrock,117,500,12289.825640407722
genetic_algorithm,rosenbrock,117,600,10112.59953972383
genetic_algorithm,rosenbrock,117,700,9460.345500020974
genetic_algorithm,rosenbrock,117,800,6944.248013064915
genetic_algorithm,rosenbrock,117,900,4742.817537740539
genetic_algorithm,rosenbrock,117,1000,4057.453993550684
genetic_algorithm,rosenbrock,117,1100,3825.9270224685965
genetic_algorithm,rosenbrock,117,1200,3200.2893080883505
genetic_algorithm,rosenbrock,117,1300,3106.954662344533
genetic_algorithm,rosenbrock,117,1400,2715.164353124337
genetic_algorithm,rosenbrock,117,1500,2298.0951006012842
genetic_algorithm,rosenbrock,117,1600,1413.575987467535
genetic_algorithm,rosenbrock,117,1700,890.8967096955321
genetic_algorithm,rosenbrock,117,1800,815.3729861584127
genetic_algorithm,rosenbrock,117,1900,671.8867134168092
genetic_algorithm,rosenbrock,117,2000,519.3980862658431
genetic_algorithm,rosenbrock,117,2100,372.0349808616646
genetic_algorithm,rosenbrock,117,2200,328.1551322354414
genetic_algorithm,rosenbrock,117,2300,225.32534758354996
genetic_algorithm,rosenbrock,117,2400,207.66011937013025
genetic_algorithm,rosenbrock,117,2500,138.15246439011747
genetic_algorithm,rosenbrock,117,2600,129.9280848594949
genetic_algorithm,rosenbrock,117,2700,127.16109234129414
genetic_algorithm,rosenbrock,117,2800,119.50514145232134
genetic_algorithm,rosenbrock,117,2900,98.77577339372039
genetic_algorithm,rosenbrock,117,3000,83.94297374733863
genetic_algorithm,rosenbrock,117,3100,79.70104411539197
genetic_algorithm,rosenbrock,117,3200,76.18012171422653
genetic_algorithm,rosenbrock,117,3300,75.70851206690158
genetic_algorithm,rosenbrock,117,3400,72.13976230152304
genetic_algorithm,rosenbrock,117,3500,55.605193873382525
genetic_algorithm,rosenbrock,117,3600,51.935968641256174
genetic_algorithm,rosenbrock,117,3700,51.28609195060204
genetic_algorithm,rosenbrock,117,3800,50.11020932409611
genetic_algorithm,rosenbrock,117,3900,50.07920731438295
genetic_algorithm,rosenbrock,117,4000,43.625960305114525
genetic_algorithm,rosenbrock,117,4100,42.725826635405234
genetic_algorithm,rosenbrock,117,4200,42.24448334465061
genetic_algorithm,rosenbrock,117,4300,34.42048175055527
genetic_algorithm,rosenbrock,117,4400,33.41499874582938
genetic_algorithm,rosenbrock,117,4500,33.3550984311935
genetic_algorithm,rosenbrock,117,4600,32.9907515932715
genetic_algorithm,rosenbrock,117,4700,31.62276553909799
genetic_algorithm,rosenbrock,117,4800,31.607387230813497
genetic_algorithm,rosenbrock,117,4900,31.159139139475567
genetic_algorithm,rosenbrock,117,5000,31.159139139475567
genetic_algorithm,rosenbrock,117,5100,30.48889008553884
genetic_algorithm,rosenbrock,117,5200,30.48031714222269
genetic_algorithm,rosenbrock,117,5300,28.971620587691593
genetic_algorithm,rosenbrock,117,5400,28.956435859639384
genetic_algorithm,rosenbrock,117,5500,26.616761619290305
genetic_algorithm,rosenbrock,117,5600,23.933514842282015
genetic_algorithm,rosenbrock,117,5700,19.66150076158383
genetic_algorithm,rosenbrock,117,5800,19.428197837573023
genetic_algorithm,rosenbrock,117,5900,19.203241764450272
genetic_algorithm,rosenbrock,117,6000,19.17425804144306
genetic_algorithm,rosenbrock,117,6100,18.70473600024438
genetic_algorithm,rosenbrock,117,6200,18.692775149130053
genetic_algorithm,rosenbrock,117,6300,18.50790797444073
genetic_algorithm,rosenbrock,117,6400,17.60735838645897
genetic_algorithm,rosenbrock,117,6500,17.270158785523783
genetic_algorithm,rosenbrock,117,6600,16.905550443362667
genetic_algorithm,rosenbrock,117,6700,16.89064992667738
genetic_algorithm,rosenbrock,117,6800,14.939537284481116
genetic_algorithm,rosenbrock,117,6900,14.939537284481116
genetic_algorithm,rosenbrock,117,7000,14.020180302355953
genetic_algorithm,rosenbrock,117,7100,13.884936540408887
genetic_algorithm,rosenbrock,117,7200,13.883621815617643
genetic_algorithm,rosenbrock,117,7300,13.83006160932138
genetic_algorithm,rosenbrock,117,7400,13.005964109468142
genetic_algorithm,rosenbrock,117,7500,11.761013890920848
genetic_algorithm,rosenbrock,117,7600,11.732204105367094
genetic_algorithm,rosenbrock,117,7700,10.337354516880367
genetic_algorithm,rosenbrock,117,7800,9.916851274213256
genetic_algorithm,rosenbrock,117,7900,9.786207553955993
genetic_algorithm,rosenbrock,117,8000,6.551545480686465
genetic_algorithm,rosenbrock,117,8100,6.490845452349748
genetic_algorithm,rosenbrock,117,8200,6.34606740244662
genetic_algorithm,rosenbrock,117,8300,6.176227062146245
genetic_algorithm,rosenbrock,117,8400,6.078272355374277
genetic_algorithm,rosenbrock,117,8500,5.6660285353426385
genetic_algorithm,rosenbrock,117,8600,5.348140738055517
genetic_algorithm,rosenbrock,117,8700,4.7354600622679355
genetic_algorithm,rosenbrock,117,8800,4.729619448747614
genetic_algorithm,rosenbrock,117,8900,3.9948780945241045
genetic_algorithm,rosenbrock,117,9000,3.9024495136515274
genetic_algorithm,rosenbrock,117,9100,3.9007320619270494
genetic_algorithm,rosenbrock,117,9200,3.625937845535262
genetic_algorithm,rosenbrock,117,9300,3.625937845535262
genetic_algorithm,rosenbrock,117,9400,3.392645807415655
genetic_algorithm,rosenbrock,117,9500,3.392645807415652
genetic_algorithm,rosenbrock,117,9600,3.392645807415652
genetic_algorithm,rosenbrock,117,9700,3.392645807415652
genetic_algorithm,rosenbrock,117,9800,2.566446520153383
genetic_algorithm,rosenbrock,117,9900,2.2210663592446056
genetic_algorithm,rosenbrock,117,10000,2.2210663592446056
genetic_algorithm,rosenbrock,117,10100,2.2210663592446056
genetic_algorithm,rosenbrock,117,10200,1.9369059519042455
genetic_algorithm,rosenbrock,117,10300,1.796027961329433
genetic_algorithm,rosenbrock,117,10400,1.796027961329433
genetic_algorithm,rosenbrock,117,10500,1.796027961329433
genetic_algorithm,rosenbrock,117,10600,1.7424804374226333
genetic_algorithm,rosenbrock,117,10700,1.7424804374226333
genetic_algorithm,rosenbrock,117,10800,1.7424804374226333
genetic_algorithm,rosenbrock,117,10900,1.7179149300945762
genetic_algorithm,rosenbrock,117,11000,1.6772080254883655
genetic_algorithm,rosenbrock,117,11100,1.098446805268869
genetic_algorithm,rosenbrock,117,11200,1.098446805268869
genetic_algorithm,rosenbrock,117,11300,1.098446805268869
genetic_algorithm,rosenbrock,117,11400,1.076404486986656
genetic_algorithm,rosenbrock,117,11500,1.0727882853388784
genetic_algorithm,rosenbrock,117,11600,0.9770493843192873
genetic_algorithm,rosenbrock,117,11700,0.9485833422724603
genetic_algorithm,rosenbrock,117,11800,0.940100821875838
genetic_algorithm,rosenbrock,117,11900,0.940100821875838
genetic_algorithm,rosenbrock,117,12000,0.9087947075995934
genetic_algorithm,rosenbrock,117,12100,0.9087947075995934
genetic_algorithm,rosenbrock,117,12200,0.9087947075995934
genetic_algorithm,rosenbrock,117,12300,0.9002225238999518
genetic_algorithm,rosenbrock,117,12400,0.8629784205648062
genetic_algorithm,rosenbrock,117,12500,0.8389311580713752
genetic_algorithm,rosenbrock,117,12600,0.8299638007814649
genetic_algorithm,rosenbrock,117,12700,0.8265990708383663
genetic_algorithm,rosenbrock,117,12800,0.816645106394624
genetic_algorithm,rosenbrock,117,12900,0.8086537009505947
genetic_algorithm,rosenbrock,117,13000,0.7529807946725867
genetic_algorithm,rosenbrock,117,13100,0.7329855478674201
genetic_algorithm,rosenbrock,117,13200,0.6872657681777155
genetic_algorithm,rosenbrock,117,13300,0.6696986999475684
genetic_algorithm,rosenbrock,117,13400,0.6676975020790953
genetic_algorithm,rosenbrock,117,13500,0.6675787326687758
genetic_algorithm,rosenbrock,117,13600,0.6394772869900429
genetic_algorithm,rosenbrock,117,13700,0.639392189841256
genetic_algorithm,rosenbrock,117,13800,0.6308980850224378
genetic_algorithm,rosenbrock,117,13900,0.6308980850224378
genetic_algorithm,rosenbrock,117,14000,0.6308980850224378
genetic_algorithm,rosenbrock,117,14100,0.6267230203209565
genetic_algorithm,rosenbrock,117,14200,0.6025849217378273
genetic_algorithm,rosenbrock,117,14300,0.5996055404727789
genetic_algorithm,rosenbrock,117,14400,0.5931501794422775
genetic_algorithm,rosenbrock,117,14500,0.5814084753697096
genetic_algorithm,rosenbrock,117,14600,0.5799290371129806
genetic_algorithm,rosenbrock,117,14700,0.5795288113698123
genetic_algorithm,rosenbrock,117,14800,0.5790063231238975
genetic_algorithm,rosenbrock,117,14900,0.5713740967398598
genetic_algorithm,rosenbrock,117,15000,0.5713578744657084
genetic_algorithm,rosenbrock,117,15100,0.5712449433640165
genetic_algorithm,rosenbrock,117,15200,0.5712449433640165
genetic_algorithm,rosenbrock,117,15300,0.5711176095185211
genetic_algorithm,rosenbrock,117,15400,0.5706944308209944
genetic_algorithm,rosenbrock,117,15500,0.5706932222992263
genetic_algorithm,rosenbrock,117,15600,0.5706932222992263
genetic_algorithm,rosenbrock,117,15700,0.5706098644055924
genetic_algorithm,rosenbrock,117,15800,0.5705792288091824
genetic_algorithm,rosenbrock,117,15900,0.5581342447177651
genetic_algorithm,rosenbrock,117,16000,0.5578474265171934
genetic_algorithm,rosenbrock,117,16100,0.5578469750091242
genetic_algorithm,rosenbrock,117,16200,0.557371372517331
genetic_algorithm,rosenbrock,117,16300,0.5026501557395173
genetic_algorithm,rosenbrock,117,16400,0.49510789474172623
genetic_algorithm,rosenbrock,117,16500,0.4891984675566602
genetic_algorithm,rosenbrock,117,16600,0.4891984675566602
genetic_algorithm,rosenbrock,117,16700,0.4887147532578432
genetic_algorithm,rosenbrock,117,16800,0.4849803036731018
genetic_algorithm,rosenbrock,117,16900,0.4849803036731018
genetic_algorithm,rosenbrock,117,17000,0.4849803036731018
genetic_algorithm,rosenbrock,117,17100,0.48496515793929684
genetic_algorithm,rosenbrock,117,17200,0.4806387629665403
genetic_algorithm,rosenbrock,117,17300,0.4663559170663055
genetic_algorithm,rosenbrock,117,17400,0.46446503802656036
genetic_algorithm,rosenbrock,117,17500,0.4571612450628443
genetic_algorithm,rosenbrock,117,17600,0.4554760492387676
genetic_algorithm,rosenbrock,117,17700,0.45455036440545116
genetic_algorithm,rosenbrock,117,17800,0.44525220631811724
genetic_algorithm,rosenbrock,117,17900,0.44525220631811724
genetic_algorithm,rosenbrock,117,18000,0.44501319007992374
genetic_algorithm,rosenbrock,117,18100,0.4447856904228491
genetic_algorithm,rosenbrock,117,18200,0.44414666667232605
genetic_algorithm,rosenbrock,117,18300,0.4435284943704452
genetic_algorithm,rosenbrock,117,18400,0.44025164386382554
genetic_algorithm,rosenbrock,117,18500,0.4352467138601258
genetic_algorithm,rosenbrock,117,18600,0.4349677748643138
genetic_algorithm,rosenbrock,117,18700,0.4349677748643138
genetic_algorithm,rosenbrock,117,18800,0.4349677748643138
genetic_algorithm,rosenbrock,117,18900,0.4349677748643138
genetic_algorithm,rosenbrock,117,19000,0.4343857009595604
genetic_algorithm,rosenbrock,117,19100,0.419983042426628
genetic_algorithm,rosenbrock,117,19200,0.4199557316683018
genetic_algorithm,rosenbrock,117,19300,0.41821260450426456
genetic_algorithm,rosenbrock,117,19400,0.41818343998307084
genetic_algorithm,rosenbrock,117,19500,0.4094370031899794
genetic_algorithm,rosenbrock,117,19600,0.4094370031899794
genetic_algorithm,rosenbrock,117,19700,0.3837786768738964
genetic_algorithm,rosenbrock,117,19800,0.38377865060298055
genetic_algorithm,rosenbrock,117,19900,0.38373898729577727
genetic_algorithm,rosenbrock,117,20000,0.38246132711407876
genetic_algorithm,rosenbrock,118,100,82925.19851358252
genetic_algorithm,rosenbrock,118,200,55157.11181126663
genetic_algorithm,rosenbrock,118,300,20628.496779216563
genetic_algorithm,rosenbrock,118,400,8759.324231997076
genetic_algorithm,rosenbrock,118,500,6546.421101370198
genetic_algorithm,rosenbrock,118,600,4740.261911416115
genetic_algorithm,rosenbrock,118,700,2965.259395080244
genetic_algorithm,rosenbrock,118,800,1639.2788704808067
genetic_algorithm,rosenbrock,118,900,1077.9044625561717
genetic_algorithm,rosenbrock,118,1000,772.0821636034234
genetic_algorithm,rosenbrock,118,1100,610.1100812770561
genetic_algorithm,rosenbrock,118,1200,436.51191066086864
genetic_algorithm,rosenbrock,118,1300,357.3128544289274
genetic_algorithm,rosenbrock,118,1400,267.7324770974416
genetic_algorithm,rosenbrock,118,1500,237.7623487104606
genetic_algorithm,rosenbrock,118,1600,217.28101480801388
genetic_algorithm,rosenbrock,118,1700,180.61304271024528
genetic_algorithm,rosenbrock,118,1800,127.64035509189428
genetic_algorithm,rosenbrock,118,1900,127.47457164340942
genetic_algorithm,rosenbrock,118,2000,98.63171918996953
genetic_algorithm,rosenbrock,118,2100,92.34903252481188
genetic_algorithm,rosenbrock,118,2200,62.54680151403602
genetic_algorithm,rosenbrock,118,2300,52.33770313625098
genetic_algorithm,rosenbrock,118,2400,44.36678201924573
genetic_algorithm,rosenbrock,118,2500,44.05548587377286
genetic_algorithm,rosenbrock,118,2600,42.62231347180653
genetic_algorithm,rosenbrock,118,2700,33.588050421647424
genetic_algorithm,rosenbrock,118,2800,32.89854560601223
genetic_algorithm,rosenbrock,118,2900,30.289336374177786
genetic_algorithm,rosenbrock,118,3000,29.449289619254348
genetic_algorithm,rosenbrock,118,3100,17.402160034140167
genetic_algorithm,rosenbrock,118,3200,17.323983378047625
genetic_algorithm,rosenbrock,118,3300,11.595584002397983
genetic_algorithm,rosenbrock,118,3400,11.283266644805874
genetic_algorithm,rosenbrock,118,3500,8.83541963242531
genetic_algorithm,rosenbrock,118,3600,7.10028069707362
genetic_algorithm,rosenbrock,118,3700,7.096872150644503
genetic_algorithm,rosenbrock,118,3800,7.088992828642492
genetic_algorithm,rosenbrock,118,3900,6.978138688966344
genetic_algorithm,rosenbrock,118,4000,6.928536547077466
genetic_algorithm,rosenbrock,118,4100,6.7152851638252455
genetic_algorithm,rosenbrock,118,4200,6.2269280789703565
genetic_algorithm,rosenbrock,118,4300,3.9689224152715075
genetic_algorithm,rosenbrock,118,4400,3.942593744964656
genetic_algorithm,rosenbrock,118,4500,3.912245808576035
genetic_algorithm,rosenbrock,118,4600,3.851740710980857
genetic_algorithm,rosenbrock,118,4700,1.904538772190047
genetic_algorithm,rosenbrock,118,4800,1.7257368786061638
genetic_algorithm,rosenbrock,118,4900,1.7117523411822184
genetic_algorithm,rosenbrock,118,5000,1.6871151032807203
genetic_algorithm,rosenbrock,118,5100,1.428048050871323
genetic_algorithm,rosenbrock,118,5200,1.4258736288456637
genetic_algorithm,rosenbrock,118,5300,1.3856733479924268
genetic_algorithm,rosenbrock,118,5400,1.1456485518185122
genetic_algorithm,rosenbrock,118,5500,1.137609600745904
genetic_algorithm,rosenbrock,118,5600,0.9754050382829451
genetic_algorithm,rosenbrock,118,5700,0.9667834879156232
genetic_algorithm,rosenbrock,118,5800,0.86851863542763
genetic_algorithm,rosenbrock,118,5900,0.8641555880026675
genetic_algorithm,rosenbrock,118,6000,0.8516172989008366
genetic_algorithm,rosenbrock,118,6100,0.841740253493823
genetic_algorithm,rosenbrock,118,6200,0.841740253493823
genetic_algorithm,rosenbrock,118,6300,0.841740253493823
genetic_algorithm,rosenbrock,118,6400,0.841740253493823
genetic_algorithm,rosenbrock,118,6500,0.8416343898889718
genetic_algorithm,rosenbrock,118,6600,0.8229545532980959
genetic_algorithm,rosenbrock,118,6700,0.7589351067856879
genetic_algorithm,rosenbrock,118,6800,0.7534037861683509
genetic_algorithm,rosenbrock,118,6900,0.7102873436390178
genetic_algorithm,rosenbrock,118,7000,0.7020522517156337
genetic_algorithm,rosenbrock,118,7100,0.6986405073076731
genetic_algorithm,rosenbrock,118,7200,0.5981647647665149
genetic_algorithm,rosenbrock,118,7300,0.5817164039357017
genetic_algorithm,rosenbrock,118,7400,0.5779732988309654
genetic_algorithm,rosenbrock,118,7500,0.5740288007974498
genetic_algorithm,rosenbrock,118,7600,0.5435335758533657
genetic_algorithm,rosenbrock,118,7700,0.5435335758533657
genetic_algorithm,rosenbrock,118,7800,0.5359523984388008
genetic_algorithm,rosenbrock,118,7900,0.514548476418107
genetic_algorithm,rosenbrock,118,8000,0.5145483583237869
genetic_algorithm,rosenbrock,118,8100,0.5081550152891798
genetic_algorithm,rosenbrock,118,8200,0.5081550152891798
genetic_algorithm,rosenbrock,118,8300,0.5081550152891798
genetic_algorithm,rosenbrock,118,8400,0.5081550152891798
genetic_algorithm,rosenbrock,118,8500,0.5043449523706123
genetic_algorithm,rosenbrock,118,8600,0.48418845766705165
genetic_algorithm,rosenbrock,118,8700,0.4841692861750895
genetic_algorithm,rosenbrock,118,8800,0.4840970756550068
genetic_algorithm,rosenbrock,118,8900,0.48386746096355526
genetic_algorithm,rosenbrock,118,9000,0.482600630505987
genetic_algorithm,rosenbrock,118,9100,0.482600630505987
genetic_algorithm,rosenbrock,118,9200,0.48074904330659823
genetic_algorithm,rosenbrock,118,9300,0.48074904330659823
genetic_algorithm,rosenbrock,118,9400,0.48074904330659823
genetic_algorithm,rosenbrock,118,9500,0.4801241773655851
genetic_algorithm,rosenbrock,118,9600,0.4800176362732301
genetic_algorithm,rosenbrock,118,9700,0.4740050888211634
genetic_algorithm,rosenbrock,118,9800,0.471893296611331
genetic_algorithm,rosenbrock,118,9900,0.4705178360534354
genetic_algorithm,rosenbrock,118,10000,0.4705178360534354
genetic_algorithm,rosenbrock,118,10100,0.4705178360534352
genetic_algorithm,rosenbrock,118,10200,0.4705178360534352
genetic_algorithm,rosenbrock,118,10300,0.46884032457658814
genetic_algorithm,rosenbrock,118,10400,0.4687489978835433
genetic_algorithm,rosenbrock,118,10500,0.4681037971722289
genetic_algorithm,rosenbrock,118,10600,0.46801226074170643
genetic_algorithm,rosenbrock,118,10700,0.46801226074170643
genetic_algorithm,rosenbrock,118,10800,0.4672567665880776
genetic_algorithm,rosenbrock,118,10900,0.4672567665880776
genetic_algorithm,rosenbrock,118,11000,0.4653343517563878
genetic_algorithm,rosenbrock,118,11100,0.45016367320550593
genetic_algorithm,rosenbrock,118,11200,0.423752411294988
genetic_algorithm,rosenbrock,118,11300,0.41330548916907117
genetic_algorithm,rosenbrock,118,11400,0.4117314213232347
genetic_algorithm,rosenbrock,118,11500,0.41172801511925206
genetic_algorithm,rosenbrock,118,11600,0.41172801511925206
genetic_algorithm,rosenbrock,118,11700,0.41153565885638677
genetic_algorithm,rosenbrock,118,11800,0.4105693607726217
genetic_algorithm,rosenbrock,118,11900,0.41013875381607623
genetic_algorithm,rosenbrock,118,12000,0.40829880176285216
genetic_algorithm,rosenbrock,118,12100,0.40829880176285216
genetic_algorithm,rosenbrock,118,12200,0.4073110436933135
genetic_algorithm,rosenbrock,118,12300,0.4073110436933135
genetic_algorithm,rosenbrock,118,12400,0.4073110436933135
genetic_algorithm,rosenbrock,118,12500,0.4067145164427549
genetic_algorithm,rosenbrock,118,12600,0.4067145164427549
genetic_algorithm,rosenbrock,118,12700,0.4004322391293753
genetic_algorithm,rosenbrock,118,12800,0.4004322391293753
genetic_algorithm,rosenbrock,118,12900,0.4004322391293753
genetic_algorithm,rosenbrock,118,13000,0.39753433701305346
genetic_algorithm,rosenbrock,118,13100,0.395657518374137
genetic_algorithm,rosenbrock,118,13200,0.3955957145731003
genetic_algorithm,rosenbrock,118,13300,0.3955957145731003
genetic_algorithm,rosenbrock,118,13400,0.39550956493473166
genetic_algorithm,rosenbrock,118,13500,0.3955004314277569
genetic_algorithm,rosenbrock,118,13600,0.3955004314277569
genetic_algorithm,rosenbrock,118,13700,0.39549875911229704
genetic_algorithm,rosenbrock,118,13800,0.3954465423451675
genetic_algorithm,rosenbrock,118,13900,0.3950172903404659
genetic_algorithm,rosenbrock,118,14000,0.39496234291976107
genetic_algorithm,rosenbrock,118,14100,0.39496228042246484
genetic_algorithm,rosenbrock,118,14200,0.3939758108505722
genetic_algorithm,rosenbrock,118,14300,0.39386990164297264
genetic_algorithm,rosenbrock,118,14400,0.3938657319951916
genetic_algorithm,rosenbrock,118,14500,0.3932516138620612
genetic_algorithm,rosenbrock,118,14600,0.39324126736218074
genetic_algorithm,rosenbrock,118,14700,0.39324126736218074
genetic_algorithm,rosenbrock,118,14800,0.39320810797069916
genetic_algorithm,rosenbrock,118,14900,0.39320810797069916
genetic_algorithm,rosenbrock,118,15000,0.39219008533332966
genetic_algorithm,rosenbrock,118,15100,0.3915728704426556
genetic_algorithm,rosenbrock,118,15200,0.3915728704426556
genetic_algorithm,rosenbrock,118,15300,0.391517758385083
genetic_algorithm,rosenbrock,118,15400,0.39117238167010626
genetic_algorithm,rosenbrock,118,15500,0.3902763443066225
genetic_algorithm,rosenbrock,118,15600,0.3902763443066225
genetic_algorithm,rosenbrock,118,15700,0.3902182101178904
genetic_algorithm,rosenbrock,118,15800,0.3901937767240296
genetic_algorithm,rosenbrock,118,15900,0.3900255712844138
genetic_algorithm,rosenbrock,118,16000,0.39002290771810255
genetic_algorithm,rosenbrock,118,16100,0.3900134692072652
genetic_algorithm,rosenbrock,118,16200,0.38998954427566007
genetic_algorithm,rosenbrock,118,16300,0.3899692345901529
genetic_algorithm,rosenbrock,118,16400,0.3899692345901529
genetic_algorithm,rosenbrock,118,16500,0.3898883132719434
genetic_algorithm,rosenbrock,118,16600,0.3898883132719434
genetic_algorithm,rosenbrock,118,16700,0.3891978268367353
genetic_algorithm,rosenbrock,118,16800,0.3891978268367353
genetic_algorithm,rosenbrock,118,16900,0.3891978268367353
genetic_algorithm,rosenbrock,118,17000,0.3891978268367353
genetic_algorithm,rosenbrock,118,17100,0.3891978268367353
genetic_algorithm,rosenbrock,118,17200,0.3891978268367353
genetic_algorithm,rosenbrock,118,17300,0.3891978268367353
genetic_algorithm,rosenbrock,118,17400,0.3873035357753202
genetic_algorithm,rosenbrock,118,17500,0.3871309705886462
genetic_algorithm,rosenbrock,118,17600,0.386975664280926
genetic_algorithm,rosenbrock,118,17700,0.386975664280926
genetic_algorithm,rosenbrock,118,17800,0.386975664280926
genetic_algorithm,rosenbrock,118,17900,0.38650562742555195
genetic_algorithm,rosenbrock,118,18000,0.3853399953802674
genetic_algorithm,rosenbrock,118,18100,0.3853399953802673
genetic_algorithm,rosenbrock,118,18200,0.38495315244560036
genetic_algorithm,rosenbrock,118,18300,0.3848748992234585
genetic_algorithm,rosenbrock,118,18400,0.3846575414483083
genetic_algorithm,rosenbrock,118,18500,0.3846575414483083
genetic_algorithm,rosenbrock,118,18600,0.38453465167726275
genetic_algorithm,rosenbrock,118,18700,0.38453465167726275
genetic_algorithm,rosenbrock,118,18800,0.38453465167726275
genetic_algorithm,rosenbrock,118,18900,0.38453465167726275
genetic_algorithm,rosenbrock,118,19000,0.38453465167726275
genetic_algorithm,rosenbrock,118,19100,0.38453465167726275
genetic_algorithm,rosenbrock,118,19200,0.38453465167726275
genetic_algorithm,rosenbrock,118,19300,0.38404195188643986
genetic_algorithm,rosenbrock,118,19400,0.38404195188643986
genetic_algorithm,rosenbrock,118,19500,0.38404195188643986
genetic_algorithm,rosenbrock,118,19600,0.38404195188643986
genetic_algorithm,rosenbrock,118,19700,0.3827224120437806
genetic_algorithm,rosenbrock,118,19800,0.3827224120437806
genetic_algorithm,rosenbrock,118,19900,0.3825225293963659
genetic_algorithm,rosenbrock,118,20000,0.3825225293963659
genetic_algorithm,rosenbrock,119,100,99077.2792278398
genetic_algorithm,rosenbrock,119,200,64523.45602564451
genetic_algorithm,rosenbrock,119,300,41183.13645647049
genetic_algorithm,rosenbrock,119,400,36238.12165018494
genetic_algorithm,rosenbrock,119,500,25229.93712775057
genetic_algorithm,rosenbrock,119,600,11370.384812269715
genetic_algorithm,rosenbrock,119,700,8185.66628775871
genetic_algorithm,rosenbrock,119,800,6752.392110253975
genetic_algorithm,rosenbrock,119,900,5609.438200172159
genetic_algorithm,rosenbrock,119,1000,3814.4730596799254
genetic_algorithm,rosenbrock,119,1100,3290.6899466356444
genetic_algorithm,rosenbrock,119,1200,2114.6932440792366
genetic_algorithm,rosenbrock,119,1300,1409.5984211255395
genetic_algorithm,rosenbrock,119,1400,732.3098578865993
genetic_algorithm,rosenbrock,119,1500,686.1371187576752
genetic_algorithm,rosenbrock,119,1600,472.52751370478853
genetic_algorithm,rosenbrock,119,1700,390.3863999810914
genetic_algorithm,rosenbrock,119,1800,310.90375926177995
genetic_algorithm,rosenbrock,119,1900,293.44496130997516
genetic_algorithm,rosenbrock,119,2000,285.3667763771609
genetic_algorithm,rosenbrock,119,2100,277.5885065026599
genetic_algorithm,rosenbrock,119,2200,249.97703187734038
genetic_algorithm,rosenbrock,119,2300,249.22760936227382
genetic_algorithm,rosenbrock,119,2400,249.21807668537738
genetic_algorithm,rosenbrock,119,2500,249.21107918706912
genetic_algorithm,rosenbrock,119,2600,247.77822002116685
genetic_algorithm,rosenbrock,119,2700,242.78956219367868
genetic_algorithm,rosenbrock,119,2800,239.71289300078124
genetic_algorithm,rosenbrock,119,2900,239.60517651404518
genetic_algorithm,rosenbrock,119,3000,235.90843841623416
genetic_algorithm,rosenbrock,119,3100,235.25593250747556
genetic_algorithm,rosenbrock,119,3200,234.03830185035912
genetic_algorithm,rosenbrock,119,3300,234.01295216058244
genetic_algorithm,rosenbrock,119,3400,233.89031057247263
genetic_algorithm,rosenbrock,119,3500,233.43739844909112
genetic_algorithm,rosenbrock,119,3600,233.37821974627832
genetic_algorithm,rosenbrock,119,3700,232.97918185979788
genetic_algorithm,rosenbrock,119,3800,231.70827277206013
genetic_algorithm,rosenbrock,119,3900,231.240563284452
genetic_algorithm,rosenbrock,119,4000,230.8927139325392
genetic_algorithm,rosenbrock,119,4100,230.8926299591079
genetic_algorithm,rosenbrock,119,4200,230.80119293621965
genetic_algorithm,rosenbrock,119,4300,230.79586873026057
genetic_algorithm,rosenbrock,119,4400,230.79586873026057
genetic_algorithm,rosenbrock,119,4500,230.7958687302605
genetic_algorithm,rosenbrock,119,4600,230.79349073568744
genetic_algorithm,rosenbrock,119,4700,230.5020168179117
genetic_algorithm,rosenbrock,119,4800,230.23251817069746
genetic_algorithm,rosenbrock,119,4900,230.17533977311373
genetic_algorithm,rosenbrock,119,5000,229.93528961557442
genetic_algorithm,rosenbrock,119,5100,229.9334212988718
genetic_algorithm,rosenbrock,119,5200,229.9334212988718
genetic_algorithm,rosenbrock,119,5300,229.93137779624809
genetic_algorithm,rosenbrock,119,5400,229.92780772620233
genetic_algorithm,rosenbrock,119,5500,229.92039018339318
genetic_algorithm,rosenbrock,119,5600,229.92039018339318
genetic_algorithm,rosenbrock,119,5700,229.10719620386928
genetic_algorithm,rosenbrock,119,5800,229.0881470304089
genetic_algorithm,rosenbrock,119,5900,228.4895499640371
genetic_algorithm,rosenbrock,119,6000,228.48749544732436
genetic_algorithm,rosenbrock,119,6100,228.48749544732436
genetic_algorithm,rosenbrock,119,6200,222.52189677132753
genetic_algorithm,rosenbrock,119,6300,222.30900499696864
genetic_algorithm,rosenbrock,119,6400,222.30723974391748
genetic_algorithm,rosenbrock,119,6500,220.53146712972256
genetic_algorithm,rosenbrock,119,6600,219.50261721856614
genetic_algorithm,rosenbrock,119,6700,219.50261721856614
genetic_algorithm,rosenbrock,119,6800,217.81761631284752
genetic_algorithm,rosenbrock,119,6900,217.81761631284752
genetic_algorithm,rosenbrock,119,7000,211.60166071857657
genetic_algorithm,rosenbrock,119,7100,211.6016461308768
genetic_algorithm,rosenbrock,119,7200,210.97727357918959
genetic_algorithm,rosenbrock,119,7300,207.9875958439477
genetic_algorithm,rosenbrock,119,7400,207.9873527854688
genetic_algorithm,rosenbrock,119,7500,207.9873527854688
genetic_algorithm,rosenbrock,119,7600,207.9587575931614
genetic_algorithm,rosenbrock,119,7700,207.9427097567771
genetic_algorithm,rosenbrock,119,7800,204.8430086330978
genetic_algorithm,rosenbrock,119,7900,204.8430086330978
genetic_algorithm,rosenbrock,119,8000,204.55622487042353
genetic_algorithm,rosenbrock,119,8100,204.55622487042353
genetic_algorithm,rosenbrock,119,8200,204.49700244099256
genetic_algorithm,rosenbrock,119,8300,199.13573133744853
genetic_algorithm,rosenbrock,119,8400,197.8504343974191
genetic_algorithm,rosenbrock,119,8500,197.74087452399255
genetic_algorithm,rosenbrock,119,8600,197.63069680179373
genetic_algorithm,rosenbrock,119,8700,197.28600198675633
genetic_algorithm,rosenbrock,119,8800,195.19926812002893
genetic_algorithm,rosenbrock,119,8900,195.18535133599278
genetic_algorithm,rosenbrock,119,9000,195.1554928833778
genetic_algorithm,rosenbrock,119,9100,195.0991616275552
genetic_algorithm,rosenbrock,119,9200,195.0991616275552
genetic_algorithm,rosenbrock,119,9300,195.08501478000858
genetic_algorithm,rosenbrock,119,9400,195.07759790601418
genetic_algorithm,rosenbrock,119,9500,195.04988958993923
genetic_algorithm,rosenbrock,119,9600,195.04648564329983
genetic_algorithm,rosenbrock,119,9700,195.04294946698124
genetic_algorithm,rosenbrock,119,9800,195.02980730622886
genetic_algorithm,rosenbrock,119,9900,194.99519137159922
genetic_algorithm,rosenbrock,119,10000,194.96483102335634
genetic_algorithm,rosenbrock,119,10100,194.959122585892
genetic_algorithm,rosenbrock,119,10200,194.90559057650162
genetic_algorithm,rosenbrock,119,10300,194.80442537132623
genetic_algorithm,rosenbrock,119,10400,194.12725482720674
genetic_algorithm,rosenbrock,119,10500,194.12469113077813
genetic_algorithm,rosenbrock,119,10600,194.0873075910537
genetic_algorithm,rosenbrock,119,10700,194.07749060919116
genetic_algorithm,rosenbrock,119,10800,193.79617230423634
genetic_algorithm,rosenbrock,119,10900,193.79466819231743
genetic_algorithm,rosenbrock,119,11000,192.8862002494678
genetic_algorithm,rosenbrock,119,11100,192.8862002494678
genetic_algorithm,rosenbrock,119,11200,192.8862002494678
genetic_algorithm,rosenbrock,119,11300,191.37010589590662
genetic_algorithm,rosenbrock,119,11400,191.36900590776992
genetic_algorithm,rosenbrock,119,11500,191.34281343128046
genetic_algorithm,rosenbrock,119,11600,191.2508488446766
genetic_algorithm,rosenbrock,119,11700,191.24267075910905
genetic_algorithm,rosenbrock,119,11800,191.24267075910905
genetic_algorithm,rosenbrock,119,11900,190.85486435799746
genetic_algorithm,rosenbrock,119,12000,188.24228002200744
genetic_algorithm,rosenbrock,119,12100,184.48359779843017
genetic_algorithm,rosenbrock,119,12200,184.48359779843017
genetic_algorithm,rosenbrock,119,12300,183.6951727498349
genetic_algorithm,rosenbrock,119,12400,177.0575594570989
genetic_algorithm,rosenbrock,119,12500,176.51944718011842
genetic_algorithm,rosenbrock,119,12600,176.42230355465304
genetic_algorithm,rosenbrock,119,12700,176.20278220170897
genetic_algorithm,rosenbrock,119,12800,176.0819796844372
genetic_algorithm,rosenbrock,119,12900,175.62628130339135
genetic_algorithm,rosenbrock,119,13000,175.06833881589571
genetic_algorithm,rosenbrock,119,13100,175.06833881589571
genetic_algorithm,rosenbrock,119,13200,174.89118147460727
genetic_algorithm,rosenbrock,119,13300,174.89026704417697
genetic_algorithm,rosenbrock,119,13400,172.38895490456636
genetic_algorithm,rosenbrock,119,13500,170.90229152245254
genetic_algorithm,rosenbrock,119,13600,170.89590100769146
genetic_algorithm,rosenbrock,119,13700,170.34011012613394
genetic_algorithm,rosenbrock,119,13800,170.32026888985683
genetic_algorithm,rosenbrock,119,13900,170.1839720509102
genetic_algorithm,rosenbrock,119,14000,170.1678981290783
genetic_algorithm,rosenbrock,119,14100,170.1461943758265
genetic_algorithm,rosenbrock,119,14200,170.12652125260084
genetic_algorithm,rosenbrock,119,14300,170.12351335890386
genetic_algorithm,rosenbrock,119,14400,170.12351335890386
genetic_algorithm,rosenbrock,119,14500,170.12351335890386
genetic_algorithm,rosenbrock,119,14600,169.84257739913764
genetic_algorithm,rosenbrock,119,14700,169.8423040710379
genetic_algorithm,rosenbrock,119,14800,169.74770482629668
genetic_algorithm,rosenbrock,119,14900,169.29742879170888
genetic_algorithm,rosenbrock,119,15000,166.34515690790437
genetic_algorithm,rosenbrock,119,15100,166.34515690790437
genetic_algorithm,rosenbrock,119,15200,166.20858806744582
genetic_algorithm,rosenbrock,119,15300,166.20858806744582
genetic_algorithm,rosenbrock,119,15400,166.06989622715253
genetic_algorithm,rosenbrock,119,15500,166.0667875543885
genetic_algorithm,rosenbrock,119,15600,165.96974487967537
genetic_algorithm,rosenbrock,119,15700,165.96974487967537
genetic_algorithm,rosenbrock,119,15800,165.89772015481302
genetic_algorithm,rosenbrock,119,15900,165.79018297686315
genetic_algorithm,rosenbrock,119,16000,165.76602425065752
genetic_algorithm,rosenbrock,119,16100,165.69400884898175
genetic_algorithm,rosenbrock,119,16200,165.43243664214475
genetic_algorithm,rosenbrock,119,16300,165.43243664214475
genetic_algorithm,rosenbrock,119,16400,165.35597157287225
genetic_algorithm,rosenbrock,119,16500,164.82348144771964
genetic_algorithm,rosenbrock,119,16600,164.71080172653612
genetic_algorithm,rosenbrock,119,16700,164.55139925422193
genetic_algorithm,rosenbrock,119,16800,164.5512433998898
genetic_algorithm,rosenbrock,119,16900,164.5468814034019
genetic_algorithm,rosenbrock,119,17000,162.62204752914664
genetic_algorithm,rosenbrock,119,17100,162.6211691754991
genetic_algorithm,rosenbrock,119,17200,145.16772665209592
genetic_algorithm,rosenbrock,119,17300,144.6723786475432
genetic_algorithm,rosenbrock,119,17400,141.70006692667013
genetic_algorithm,rosenbrock,119,17500,141.64767252207227
genetic_algorithm,rosenbrock,119,17600,93.50222969012064
genetic_algorithm,rosenbrock,119,17700,90.64956259207128
genetic_algorithm,rosenbrock,119,17800,73.24845365127497
genetic_algorithm,rosenbrock,119,17900,69.75031534161586
genetic_algorithm,rosenbrock,119,18000,59.030115358204085
genetic_algorithm,rosenbrock,119,18100,46.25847625039511
genetic_algorithm,rosenbrock,119,18200,45.35779147374738
genetic_algorithm,rosenbrock,119,18300,44.981680382034
genetic_algorithm,rosenbrock,119,18400,39.61275828427635
genetic_algorithm,rosenbrock,119,18500,38.482229652240754
genetic_algorithm,rosenbrock,119,18600,37.968279494823996
genetic_algorithm,rosenbrock,119,18700,31.516119584328553
genetic_algorithm,rosenbrock,119,18800,31.152866836302906
genetic_algorithm,rosenbrock,119,18900,31.12809810737012
genetic_algorithm,rosenbrock,119,19000,31.12809810737012
genetic_algorithm,rosenbrock,119,19100,31.121188518855917
genetic_algorithm,rosenbrock,119,19200,30.757962578982344
genetic_algorithm,rosenbrock,119,19300,30.757322504295086
genetic_algorithm,rosenbrock,119,19400,28.73443424338992
genetic_algorithm,rosenbrock,119,19500,26.862150353933167
genetic_algorithm,rosenbrock,119,19600,26.245728854238216
genetic_algorithm,rosenbrock,119,19700,25.45840683192472
genetic_algorithm,rosenbrock,119,19800,24.22123376824574
genetic_algorithm,rosenbrock,119,19900,23.187740712380617
genetic_algorithm,rosenbrock,119,20000,22.675464921739866
