algorithm,benchmark,seed,evaluations,best_value
hill_climbing,rastrigin,100,100,99.77625461604343
hill_climbing,rastrigin,100,200,99.77625461604343
hill_climbing,rastrigin,100,300,99.77625461604343
hill_climbing,rastrigin,100,400,98.23785875159182
hill_climbing,rastrigin,100,500,91.70855730553197
hill_climbing,rastrigin,100,600,91.70855730553197
hill_climbing,rastrigin,100,700,91.70855730553197
hill_climbing,rastrigin,100,800,89.48628966165987
hill_climbing,rastrigin,100,900,89.48628966165987
hill_climbing,rastrigin,100,1000,89.48628966165987
hill_climbing,rastrigin,100,1100,89.48628966165987
hill_climbing,rastrigin,100,1200,89.48628966165987
hill_climbing,rastrigin,100,1300,89.48628966165987
hill_climbing,rastrigin,100,1400,89.48628966165987
hill_climbing,rastrigin,100,1500,89.48628966165987
hill_climbing,rastrigin,100,1600,89.48628966165987
hill_climbing,rastrigin,100,1700,89.48628966165987
hill_climbing,rastrigin,100,1800,89.48628966165987
hill_climbing,rastrigin,100,1900,89.48628966165987
hill_climbing,rastrigin,100,2000,89.36572157879635
hill_climbing,rastrigin,100,2100,89.36572157879635
hill_climbing,rastrigin,100,2200,89.36572157879635
hill_climbing,rastrigin,100,2300,89.36572157879635
hill_climbing,rastrigin,100,2400,89.36572157879635
hill_climbing,rastrigin,100,2500,89.36572157879635
hill_climbing,rastrigin,100,2600,89.36572157879635
hill_climbing,rastrigin,100,2700,89.36572157879635
hill_climbing,rastrigin,100,2800,89.36572157879635
hill_climbing,rastrigin,100,2900,89.36572157879635
hill_climbing,rastrigin,100,3000,89.36572157879635
hill_climbing,rastrigin,100,3100,89.36572157879635
hill_climbing,rastrigin,100,3200,89.36572157879635
hill_climbing,rastrigin,100,3300,89.36572157879635
hill_climbing,rastrigin,100,3400,82.54716900748866
hill_climbing,rastrigin,100,3500,82.54716900748866
hill_climbing,rastrigin,100,3600,82.54716900748866
hill_climbing,rastrigin,100,3700,82.54716900748866
hill_climbing,rastrigin,100,3800,82.54716900748866
hill_climbing,rastrigin,100,3900,82.54716900748866
hill_climbing,rastrigin,100,4000,82.54716900748866
hill_climbing,rastrigin,100,4100,82.54716900748866
hill_climbing,rastrigin,100,4200,82.54716900748866
hill_climbing,rastrigin,100,4300,82.54716900748866
hill_climbing,rastrigin,100,4400,82.54716900748866
hill_climbing,rastrigin,100,4500,82.54716900748866
hill_climbing,rastrigin,100,4600,82.54716900748866
hill_climbing,rastrigin,100,4700,82.54716900748866
hill_climbing,rastrigin,100,4800,82.54716900748866
hill_climbing,rastrigin,100,4900,82.54716900748866
hill_climbing,rastrigin,100,5000,82.54716900748866
hill_climbing,rastrigin,100,5100,82.54716900748866
hill_climbing,rastrigin,100,5200,82.54716900748866
hill_climbing,rastrigin,100,5300,82.54716900748866
hill_climbing,rastrigin,100,5400,82.54716900748866
hill_climbing,rastrigin,100,5500,82.54716900748866
hill_climbing,rastrigin,100,5600,82.54716900748866
hill_climbing,rastrigin,100,5700,82.54716900748866
hill_climbing,rastrigin,100,5800,82.54716900748866
hill_climbing,rastrigin,100,5900,82.54716900748866
hill_climbing,rastrigin,100,6000,82.54716900748866
hill_climbing,rastrigin,100,6100,82.54716900748866
hill_climbing,rastrigin,100,6200,82.54716900748866
hill_climbing,rastrigin,100,6300,82.54716900748866
hill_climbing,rastrigin,100,6400,82.54716900748866
hill_climbing,rastrigin,100,6500,82.54716900748866
hill_climbing,rastrigin,100,6600,82.54716900748866
hill_climbing,rastrigin,100,6700,82.54716900748866
hill_climbing,rastrigin,100,6800,82.54716900748866
hill_climbing,rastrigin,100,6900,82.54716900748866
hill_climbing,rastrigin,100,7000,82.54716900748866
hill_climbing,rastrigin,100,7100,82.54716900748866
hill_climbing,rastrigin,100,7200,82.54716900748866
hill_climbing,rastrigin,100,7300,82.54716900748866
hill_climbing,rastrigin,100,7400,82.54716900748866
hill_climbing,rastrigin,100,7500,82.54716900748866
hill_climbing,rastrigin,100,7600,82.54716900748866
hill_climbing,rastrigin,100,7700,82.54716900748866
hill_climbing,rastrigin,100,7800,82.54716900748866
hill_climbing,rastrigin,100,7900,82.54716900748866
hill_climbing,rastrigin,100,8000,82.54716900748866
hill_climbing,rastrigin,100,8100,82.54716900748866
hill_climbing,rastrigin,100,8200,82.54716900748866
hill_climbing,rastrigin,100,8300,82.54716900748866
hill_climbing,rastrigin,100,8400,82.54716900748866
hill_climbing,rastrigin,100,8500,82.54716900748866
hill_climbing,rastrigin,100,8600,82.54716900748866
hill_climbing,rastrigin,100,8700,82.54716900748866
hill_climbing,rastrigin,100,8800,82.54716900748866
hill_climbing,rastrigin,100,8900,82.54716900748866
hill_climbing,rastrigin,100,9000,82.54716900748866
hill_climbing,rastrigin,100,9100,82.54716900748866
hill_climbing,rastrigin,100,9200,82.54716900748866
hill_climbing,rastrigin,100,9300,82.54716900748866
hill_climbing,rastrigin,100,9400,82.54716900748866
hill_climbing,rastrigin,100,9500,82.54716900748866
hill_climbing,rastrigin,100,9600,82.54716900748866
hill_climbing,rastrigin,100,9700,82.54716900748866
hill_climbing,rastrigin,100,9800,82.54716900748866
hill_climbing,rastrigin,100,9900,82.54716900748866
hill_climbing,rastrigin,100,10000,82.54716900748866
hill_climbing,rastrigin,100,10100,82.54716900748866
hill_climbing,rastrigin,100,10200,82.54716900748866
hill_climbing,rastrigin,100,10300,82.54716900748866
hill_climbing,rastrigin,100,10400,82.54716900748866
hill_climbing,rastrigin,100,10500,82.54716900748866
hill_climbing,rastrigin,100,10600,82.54716900748866
hill_climbing,rastrigin,100,10700,82.54716900748866
hill_climbing,rastrigin,100,10800,82.54716900748866
hill_climbing,rastrigin,100,10900,82.54716900748866
hill_climbing,rastrigin,100,11000,82.54716900748866
hill_climbing,rastrigin,100,11100,82.54716900748866
hill_climbing,rastrigin,100,11200,82.54716900748866
hill_climbing,rastrigin,100,11300,82.54716900748866
hill_climbing,rastrigin,100,11400,82.54716900748866
hill_climbing,rastrigin,100,11500,82.54716900748866
hill_climbing,rastrigin,100,11600,82.54716900748866
hill_climbing,rastrigin,100,11700,82.54716900748866
hill_climbing,rastrigin,100,11800,82.54716900748866
hill_climbing,rastrigin,100,11900,82.54716900748866
hill_climbing,rastrigin,100,12000,82.54716900748866
hill_climbing,rastrigin,100,12100,82.54716900748866
hill_climbing,rastrigin,100,12200,82.54716900748866
hill_climbing,rastrigin,100,12300,82.54716900748866
hill_climbing,rastrigin,100,12400,82.54716900748866
hill_climbing,rastrigin,100,12500,82.54716900748866
hill_climbing,rastrigin,100,12600,82.54716900748866
hill_climbing,rastrigin,100,12700,82.54716900748866
hill_climbing,rastrigin,100,12800,82.54716900748866
hill_climbing,rastrigin,100,12900,82.54716900748866
hill_climbing,rastrigin,100,13000,82.54716900748866
hill_climbing,rastrigin,100,13100,82.54716900748866
hill_climbing,rastrigin,100,13200,82.54716900748866
hill_climbing,rastrigin,100,13300,82.54716900748866
hill_climbing,rastrigin,100,13400,82.54716900748866
hill_climbing,rastrigin,100,13500,82.54716900748866
hill_climbing,rastrigin,100,13600,82.54716900748866
hill_climbing,rastrigin,100,13700,82.54716900748866
hill_climbing,rastrigin,100,13800,82.54716900748866
hill_climbing,rastrigin,100,13900,82.54716900748866
hill_climbing,rastrigin,100,14000,82.54716900748866
hill_climbing,rastrigin,100,14100,82.54716900748866
hill_climbing,rastrigin,100,14200,82.54716900748866
hill_climbing,rastrigin,100,14300,82.54716900748866
hill_climbing,rastrigin,100,14400,82.54716900748866
hill_climbing,rastrigin,100,14500,82.54716900748866
hill_climbing,rastrigin,100,14600,82.54716900748866
hill_climbing,rastrigin,100,14700,82.54716900748866
hill_climbing,rastrigin,100,14800,82.54716900748866
hill_climbing,rastrigin,100,14900,82.54716900748866
hill_climbing,rastrigin,100,15000,82.54716900748866
hill_climbing,rastrigin,100,15100,82.54716900748866
hill_climbing,rastrigin,100,15200,82.54716900748866
hill_climbing,rastrigin,100,15300,82.54716900748866
hill_climbing,rastrigin,100,15400,82.54716900748866
hill_climbing,rastrigin,100,15500,82.54716900748866
hill_climbing,rastrigin,100,15600,82.54716900748866
hill_climbing,rastrigin,100,15700,82.54716900748866
hill_climbing,rastrigin,100,15800,82.54716900748866
hill_climbing,rastrigin,100,15900,80.93423465981797
hill_climbing,rastrigin,100,16000,80.93423465981797
hill_climbing,rastrigin,100,16100,80.93423465981797
hill_climbing,rastrigin,100,16200,80.93423465981797
hill_climbing,rastrigin,100,16300,80.93423465981797
hill_climbing,rastrigin,100,16400,80.93423465981797
hill_climbing,rastrigin,100,16500,80.93423465981797
hill_climbing,rastrigin,100,16600,80.93423465981797
hill_climbing,rastrigin,100,16700,80.93423465981797
hill_climbing,rastrigin,100,16800,80.93423465981797
hill_climbing,rastrigin,100,16900,80.93423465981797
hill_climbing,rastrigin,100,17000,80.93423465981797
hill_climbing,rastrigin,100,17100,80.93423465981797
hill_climbing,rastrigin,100,17200,80.93423465981797
hill_climbing,rastrigin,100,17300,80.93423465981797
hill_climbing,rastrigin,100,17400,80.93423465981797
hill_climbing,rastrigin,100,17500,80.93423465981797
hill_climbing,rastrigin,100,17600,80.93423465981797
hill_climbing,rastrigin,100,17700,80.93423465981797
hill_climbing,rastrigin,100,17800,80.93423465981797
hill_climbing,rastrigin,100,17900,80.93423465981797
hill_climbing,rastrigin,100,18000,80.93423465981797
hill_climbing,rastrigin,100,18100,80.93423465981797
hill_climbing,rastrigin,100,18200,80.93423465981797
hill_climbing,rastrigin,100,18300,80.93423465981797
hill_climbing,rastrigin,100,18400,76.5436424052657
hill_climbing,rastrigin,100,18500,76.5436424052657
hill_climbing,rastrigin,100,18600,76.5436424052657
hill_climbing,rastrigin,100,18700,76.5436424052657
hill_climbing,rastrigin,100,18800,76.5436424052657
hill_climbing,rastrigin,100,18900,76.5436424052657
hill_climbing,rastrigin,100,19000,76.5436424052657
hill_climbing,rastrigin,100,19100,76.5436424052657
hill_climbing,rastrigin,100,19200,76.5436424052657
hill_climbing,rastrigin,100,19300,76.5436424052657
hill_climbing,rastrigin,100,19400,76.5436424052657
hill_climbing,rastrigin,100,19500,76.5436424052657
hill_climbing,rastrigin,100,19600,76.5436424052657
hill_climbing,rastrigin,100,19700,76.5436424052657
hill_climbing,rastrigin,100,19800,76.5436424052657
hill_climbing,rastrigin,100,19900,76.5436424052657
hill_climbing,rastrigin,100,20000,76.5436424052657
hill_climbing,rastrigin,101,100,109.22709115565588
hill_climbing,rastrigin,101,200,103.10275212129706
hill_climbing,rastrigin,101,300,86.22884856669076
hill_climbing,rastrigin,101,400,86.22884856669076
hill_climbing,rastrigin,101,500,86.22884856669076
hill_climbing,rastrigin,101,600,83.59766062008464
hill_climbing,rastrigin,101,700,83.59766062008464
hill_climbing,rastrigin,101,800,83.59766062008464
hill_climbing,rastrigin,101,900,83.59766062008464
hill_climbing,rastrigin,101,1000,83.59766062008464
hill_climbing,rastrigin,101,1100,83.59766062008464
hill_climbing,rastrigin,101,1200,83.59766062008464
hill_climbing,rastrigin,101,1300,83.59766062008464
hill_climbing,rastrigin,101,1400,83.59766062008464
hill_climbing,rastrigin,101,1500,83.59766062008464
hill_climbing,rastrigin,101,1600,83.59766062008464
hill_climbing,rastrigin,101,1700,83.59766062008464
hill_climbing,rastrigin,101,1800,83.59766062008464
hill_climbing,rastrigin,101,1900,83.59766062008464
hill_climbing,rastrigin,101,2000,83.59766062008464
hill_climbing,rastrigin,101,2100,83.59766062008464
hill_climbing,rastrigin,101,2200,83.59766062008464
hill_climbing,rastrigin,101,2300,83.59766062008464
hill_climbing,rastrigin,101,2400,83.59766062008464
hill_climbing,rastrigin,101,2500,83.59766062008464
hill_climbing,rastrigin,101,2600,83.59766062008464
hill_climbing,rastrigin,101,2700,83.59766062008464
hill_climbing,rastrigin,101,2800,83.59766062008464
hill_climbing,rastrigin,101,2900,83.59766062008464
hill_climbing,rastrigin,101,3000,83.59766062008464
hill_climbing,rastrigin,101,3100,83.59766062008464
hill_climbing,rastrigin,101,3200,83.59766062008464
hill_climbing,rastrigin,101,3300,83.59766062008464
hill_climbing,rastrigin,101,3400,83.59766062008464
hill_climbing,rastrigin,101,3500,83.59766062008464
hill_climbing,rastrigin,101,3600,83.59766062008464
hill_climbing,rastrigin,101,3700,83.59766062008464
hill_climbing,rastrigin,101,3800,83.59766062008464
hill_climbing,rastrigin,101,3900,83.59766062008464
hill_climbing,rastrigin,101,4000,83.59766062008464
hill_climbing,rastrigin,101,4100,83.59766062008464
hill_climbing,rastrigin,101,4200,83.59766062008464
hill_climbing,rastrigin,101,4300,83.59766062008464
hill_climbing,rastrigin,101,4400,83.59766062008464
hill_climbing,rastrigin,101,4500,83.59766062008464
hill_climbing,rastrigin,101,4600,83.59766062008464
hill_climbing,rastrigin,101,4700,83.59766062008464
hill_climbing,rastrigin,101,4800,83.59766062008464
hill_climbing,rastrigin,101,4900,83.59766062008464
hill_climbing,rastrigin,101,5000,83.59766062008464
hill_climbing,rastrigin,101,5100,83.59766062008464
hill_climbing,rastrigin,101,5200,83.59766062008464
hill_climbing,rastrigin,101,5300,83.59766062008464
hill_climbing,rastrigin,101,5400,83.59766062008464
hill_climbing,rastrigin,101,5500,83.59766062008464
hill_climbing,rastrigin,101,5600,83.59766062008464
hill_climbing,rastrigin,101,5700,83.59766062008464
hill_climbing,rastrigin,101,5800,83.59766062008464
hill_climbing,rastrigin,101,5900,83.59766062008464
hill_climbing,rastrigin,101,6000,83.59766062008464
hill_climbing,rastrigin,101,6100,83.59766062008464
hill_climbing,rastrigin,101,6200,83.59766062008464
hill_climbing,rastrigin,101,6300,83.59766062008464
hill_climbing,rastrigin,101,6400,83.59766062008464
hill_climbing,rastrigin,101,6500,83.59766062008464
hill_climbing,rastrigin,101,6600,83.59766062008464
hill_climbing,rastrigin,101,6700,83.59766062008464
hill_climbing,rastrigin,101,6800,83.59766062008464
hill_climbing,rastrigin,101,6900,83.59766062008464
hill_climbing,rastrigin,101,7000,83.59766062008464
hill_climbing,rastrigin,101,7100,83.59766062008464
hill_climbing,rastrigin,101,7200,83.59766062008464
hill_climbing,rastrigin,101,7300,83.59766062008464
hill_climbing,rastrigin,101,7400,83.59766062008464
hill_climbing,rastrigin,101,7500,83.59766062008464
hill_climbing,rastrigin,101,7600,83.59766062008464
hill_climbing,rastrigin,101,7700,83.59766062008464
hill_climbing,rastrigin,101,7800,83.59766062008464
hill_climbing,rastrigin,101,7900,83.59766062008464
hill_climbing,rastrigin,101,8000,83.59766062008464
hill_climbing,rastrigin,101,8100,83.59766062008464
hill_climbing,rastrigin,101,8200,83.59766062008464
hill_climbing,rastrigin,101,8300,83.59766062008464
hill_climbing,rastrigin,101,8400,83.59766062008464
hill_climbing,rastrigin,101,8500,83.59766062008464
hill_climbing,rastrigin,101,8600,83.59766062008464
hill_climbing,rastrigin,101,8700,83.59766062008464
hill_climbing,rastrigin,101,8800,83.59766062008464
hill_climbing,rastrigin,101,8900,83.59766062008464
hill_climbing,rastrigin,101,9000,83.59766062008464
hill_climbing,rastrigin,101,9100,83.59766062008464
hill_climbing,rastrigin,101,9200,83.59766062008464
hill_climbing,rastrigin,101,9300,83.59766062008464
hill_climbing,rastrigin,101,9400,83.59766062008464
hill_climbing,rastrigin,101,9500,83.59766062008464
hill_climbing,rastrigin,101,9600,83.59766062008464
hill_climbing,rastrigin,101,9700,83.59766062008464
hill_climbing,rastrigin,101,9800,83.59766062008464
hill_climbing,rastrigin,101,9900,83.59766062008464
hill_climbing,rastrigin,101,10000,83.59766062008464
hill_climbing,rastrigin,101,10100,83.59766062008464
hill_climbing,rastrigin,101,10200,83.59766062008464
hill_climbing,rastrigin,101,10300,83.59766062008464
hill_climbing,rastrigin,101,10400,83.59766062008464
hill_climbing,rastrigin,101,10500,83.59766062008464
hill_climbing,rastrigin,101,10600,83.59766062008464
hill_climbing,rastrigin,101,10700,83.59766062008464
hill_climbing,rastrigin,101,10800,83.59766062008464
hill_climbing,rastrigin,101,10900,83.59766062008464
hill_climbing,rastrigin,101,11000,83.59766062008464
hill_climbing,rastrigin,101,11100,83.59766062008464
hill_climbing,rastrigin,101,11200,83.59766062008464
hill_climbing,rastrigin,101,11300,83.59766062008464
hill_climbing,rastrigin,101,11400,83.59766062008464
hill_climbing,rastrigin,101,11500,83.59766062008464
hill_climbing,rastrigin,101,11600,83.59766062008464
hill_climbing,rastrigin,101,11700,83.59766062008464
hill_climbing,rastrigin,101,11800,83.59766062008464
hill_climbing,rastrigin,101,11900,83.59766062008464
hill_climbing,rastrigin,101,12000,83.59766062008464
hill_climbing,rastrigin,101,12100,83.59766062008464
hill_climbing,rastrigin,101,12200,83.59766062008464
hill_climbing,rastrigin,101,12300,83.59766062008464
hill_climbing,rastrigin,101,12400,83.59766062008464
hill_climbing,rastrigin,101,12500,83.59766062008464
hill_climbing,rastrigin,101,12600,83.59766062008464
hill_climbing,rastrigin,101,12700,83.59766062008464
hill_climbing,rastrigin,101,12800,83.59766062008464
hill_climbing,rastrigin,101,12900,83.59766062008464
hill_climbing,rastrigin,101,13000,83.59766062008464
hill_climbing,rastrigin,101,13100,83.59766062008464
hill_climbing,rastrigin,101,13200,69.85664435277747
hill_climbing,rastrigin,101,13300,69.85664435277747
hill_climbing,rastrigin,101,13400,69.85664435277747
hill_climbing,rastrigin,101,13500,69.85664435277747
hill_climbing,rastrigin,101,13600,69.85664435277747
hill_climbing,rastrigin,101,13700,69.85664435277747
hill_climbing,rastrigin,101,13800,69.85664435277747
hill_climbing,rastrigin,101,13900,69.85664435277747
hill_climbing,rastrigin,101,14000,69.85664435277747
hill_climbing,rastrigin,101,14100,69.85664435277747
hill_climbing,rastrigin,101,14200,69.85664435277747
hill_climbing,rastrigin,101,14300,69.85664435277747
hill_climbing,rastrigin,101,14400,69.85664435277747
hill_climbing,rastrigin,101,14500,69.85664435277747
hill_climbing,rastrigin,101,14600,69.85664435277747
hill_climbing,rastrigin,101,14700,69.85664435277747
hill_climbing,rastrigin,101,14800,69.85664435277747
hill_climbing,rastrigin,101,14900,69.85664435277747
hill_climbing,rastrigin,101,15000,69.85664435277747
hill_climbing,rastrigin,101,15100,69.85664435277747
hill_climbing,rastrigin,101,15200,69.85664435277747
hill_climbing,rastrigin,101,15300,69.85664435277747
hill_climbing,rastrigin,101,15400,69.85664435277747
hill_climbing,rastrigin,101,15500,69.85664435277747
hill_climbing,rastrigin,101,15600,69.85664435277747
hill_climbing,rastrigin,101,15700,69.85664435277747
hill_climbing,rastrigin,101,15800,69.85664435277747
hill_climbing,rastrigin,101,15900,69.85664435277747
hill_climbing,rastrigin,101,16000,69.85664435277747
hill_climbing,rastrigin,101,16100,69.85664435277747
hill_climbing,rastrigin,101,16200,69.85664435277747
hill_climbing,rastrigin,101,16300,69.85664435277747
hill_climbing,rastrigin,101,16400,69.85664435277747
hill_climbing,rastrigin,101,16500,69.85664435277747
hill_climbing,rastrigin,101,16600,69.85664435277747
hill_climbing,rastrigin,101,16700,69.85664435277747
hill_climbing,rastrigin,101,16800,69.85664435277747
hill_climbing,rastrigin,101,16900,69.85664435277747
hill_climbing,rastrigin,101,17000,69.85664435277747
hill_climbing,rastrigin,101,17100,69.85664435277747
hill_climbing,rastrigin,101,17200,69.85664435277747
hill_climbing,rastrigin,101,17300,69.85664435277747
hill_climbing,rastrigin,101,17400,69.85664435277747
hill_climbing,rastrigin,101,17500,69.85664435277747
hill_climbing,rastrigin,101,17600,69.85664435277747
hill_climbing,rastrigin,101,17700,69.85664435277747
hill_climbing,rastrigin,101,17800,69.85664435277747
hill_climbing,rastrigin,101,17900,68.92336183741509
hill_climbing,rastrigin,101,18000,68.92336183741509
hill_climbing,rastrigin,101,18100,68.92336183741509
hill_climbing,rastrigin,101,18200,68.92336183741509
hill_climbing,rastrigin,101,18300,68.92336183741509
hill_climbing,rastrigin,101,18400,68.92336183741509
hill_climbing,rastrigin,101,18500,68.92336183741509
hill_climbing,rastrigin,101,18600,68.92336183741509
hill_climbing,rastrigin,101,18700,68.92336183741509
hill_climbing,rastrigin,101,18800,68.92336183741509
hill_climbing,rastrigin,101,18900,68.92336183741509
hill_climbing,rastrigin,101,19000,68.92336183741509
hill_climbing,rastrigin,101,19100,68.92336183741509
hill_climbing,rastrigin,101,19200,68.92336183741509
hill_climbing,rastrigin,101,19300,68.92336183741509
hill_climbing,rastrigin,101,19400,68.92336183741509
hill_climbing,rastrigin,101,19500,68.92336183741509
hill_climbing,rastrigin,101,19600,68.92336183741509
hill_climbing,rastrigin,101,19700,68.92336183741509
hill_climbing,rastrigin,101,19800,68.92336183741509
hill_climbing,rastrigin,101,19900,68.92336183741509
hill_climbing,rastrigin,101,20000,68.92336183741509
hill_climbing,rastrigin,102,100,103.60382004386703
hill_climbing,rastrigin,102,200,74.56404374642516
hill_climbing,rastrigin,102,300,74.56404374642516
hill_climbing,rastrigin,102,400,74.56404374642516
hill_climbing,rastrigin,102,500,74.56404374642516
hill_climbing,rastrigin,102,600,74.56404374642516
hill_climbing,rastrigin,102,700,74.56404374642516
hill_climbing,rastrigin,102,800,74.56404374642516
hill_climbing,rastrigin,102,900,74.56404374642516
hill_climbing,rastrigin,102,1000,74.56404374642516
hill_climbing,rastrigin,102,1100,74.56404374642516
hill_climbing,rastrigin,102,1200,74.56404374642516
hill_climbing,rastrigin,102,1300,74.56404374642516
hill_climbing,rastrigin,102,1400,74.56404374642516
hill_climbing,rastrigin,102,1500,74.56404374642516
hill_climbing,rastrigin,102,1600,74.56404374642516
hill_climbing,rastrigin,102,1700,74.56404374642516
hill_climbing,rastrigin,102,1800,74.56404374642516
hill_climbing,rastrigin,102,1900,74.56404374642516
hill_climbing,rastrigin,102,2000,74.56404374642516
hill_climbing,rastrigin,102,2100,74.56404374642516
hill_climbing,rastrigin,102,2200,74.56404374642516
hill_climbing,rastrigin,102,2300,74.56404374642516
hill_climbing,rastrigin,102,2400,74.56404374642516
hill_climbing,rastrigin,102,2500,74.56404374642516
hill_climbing,rastrigin,102,2600,74.56404374642516
hill_climbing,rastrigin,102,2700,74.56404374642516
hill_climbing,rastrigin,102,2800,74.56404374642516
hill_climbing,rastrigin,102,2900,74.56404374642516
hill_climbing,rastrigin,102,3000,74.56404374642516
hill_climbing,rastrigin,102,3100,74.56404374642516
hill_climbing,rastrigin,102,3200,74.56404374642516
hill_climbing,rastrigin,102,3300,74.56404374642516
hill_climbing,rastrigin,102,3400,74.56404374642516
hill_climbing,rastrigin,102,3500,74.56404374642516
hill_climbing,rastrigin,102,3600,66.25679436622099
hill_climbing,rastrigin,102,3700,66.25679436622099
hill_climbing,rastrigin,102,3800,66.25679436622099
hill_climbing,rastrigin,102,3900,66.25679436622099
hill_climbing,rastrigin,102,4000,66.25679436622099
hill_climbing,rastrigin,102,4100,66.25679436622099
hill_climbing,rastrigin,102,4200,66.25679436622099
hill_climbing,rastrigin,102,4300,66.25679436622099
hill_climbing,rastrigin,102,4400,66.25679436622099
hill_climbing,rastrigin,102,4500,66.25679436622099
hill_climbing,rastrigin,102,4600,66.25679436622099
hill_climbing,rastrigin,102,4700,66.25679436622099
hill_climbing,rastrigin,102,4800,66.25679436622099
hill_climbing,rastrigin,102,4900,66.25679436622099
hill_climbing,rastrigin,102,5000,66.25679436622099
hill_climbing,rastrigin,102,5100,66.25679436622099
hill_climbing,rastrigin,102,5200,66.25679436622099
hill_climbing,rastrigin,102,5300,66.25679436622099
hill_climbing,rastrigin,102,5400,66.25679436622099
hill_climbing,rastrigin,102,5500,66.25679436622099
hill_climbing,rastrigin,102,5600,66.25679436622099
hill_climbing,rastrigin,102,5700,66.25679436622099
hill_climbing,rastrigin,102,5800,66.25679436622099
hill_climbing,rastrigin,102,5900,66.25679436622099
hill_climbing,rastrigin,102,6000,66.25679436622099
hill_climbing,rastrigin,102,6100,66.25679436622099
hill_climbing,rastrigin,102,6200,63.30780473031399
hill_climbing,rastrigin,102,6300,63.30780473031399
hill_climbing,rastrigin,102,6400,63.30780473031399
hill_climbing,rastrigin,102,6500,63.30780473031399
hill_climbing,rastrigin,102,6600,63.30780473031399
hill_climbing,rastrigin,102,6700,63.30780473031399
hill_climbing,rastrigin,102,6800,63.30780473031399
hill_climbing,rastrigin,102,6900,63.30780473031399
hill_climbing,rastrigin,102,7000,63.30780473031399
hill_climbing,rastrigin,102,7100,63.30780473031399
hill_climbing,rastrigin,102,7200,63.30780473031399
hill_climbing,rastrigin,102,7300,63.30780473031399
hill_climbing,rastrigin,102,7400,63.30780473031399
hill_climbing,rastrigin,102,7500,63.30780473031399
hill_climbing,rastrigin,102,7600,63.30780473031399
hill_climbing,rastrigin,102,7700,63.30780473031399
hill_climbing,rastrigin,102,7800,63.30780473031399
hill_climbing,rastrigin,102,7900,63.30780473031399
hill_climbing,rastrigin,102,8000,63.30780473031399
hill_climbing,rastrigin,102,8100,63.30780473031399
hill_climbing,rastrigin,102,8200,63.30780473031399
hill_climbing,rastrigin,102,8300,63.30780473031399
hill_climbing,rastrigin,102,8400,63.30780473031399
hill_climbing,rastrigin,102,8500,63.30780473031399
hill_climbing,rastrigin,102,8600,63.30780473031399
hill_climbing,rastrigin,102,8700,63.30780473031399
hill_climbing,rastrigin,102,8800,63.30780473031399
hill_climbing,rastrigin,102,8900,63.30780473031399
hill_climbing,rastrigin,102,9000,63.30780473031399
hill_climbing,rastrigin,102,9100,63.30780473031399
hill_climbing,rastrigin,102,9200,63.30780473031399
hill_climbing,rastrigin,102,9300,63.30780473031399
hill_climbing,rastrigin,102,9400,63.30780473031399
hill_climbing,rastrigin,102,9500,63.30780473031399
hill_climbing,rastrigin,102,9600,63.30780473031399
hill_climbing,rastrigin,102,9700,63.30780473031399
hill_climbing,rastrigin,102,9800,63.30780473031399
hill_climbing,rastrigin,102,9900,63.30780473031399
hill_climbing,rastrigin,102,10000,63.30780473031399
hill_climbing,rastrigin,102,10100,63.30780473031399
hill_climbing,rastrigin,102,10200,63.30780473031399
hill_climbing,rastrigin,102,10300,63.30780473031399
hill_climbing,rastrigin,102,10400,63.30780473031399
hill_climbing,rastrigin,102,10500,63.30780473031399
hill_climbing,rastrigin,102,10600,63.30780473031399
hill_climbing,rastrigin,102,10700,63.30780473031399
hill_climbing,rastrigin,102,10800,63.30780473031399
hill_climbing,rastrigin,102,10900,63.30780473031399
hill_climbing,rastrigin,102,11000,63.30780473031399
hill_climbing,rastrigin,102,11100,63.30780473031399
hill_climbing,rastrigin,102,11200,63.30780473031399
hill_climbing,rastrigin,102,11300,63.30780473031399
hill_climbing,rastrigin,102,11400,63.30780473031399
hill_climbing,rastrigin,102,11500,63.30780473031399
hill_climbing,rastrigin,102,11600,63.30780473031399
hill_climbing,rastrigin,102,11700,63.30780473031399
hill_climbing,rastrigin,102,11800,63.30780473031399
hill_climbing,rastrigin,102,11900,63.30780473031399
hill_climbing,rastrigin,102,12000,63.30780473031399
hill_climbing,rastrigin,102,12100,63.30780473031399
hill_climbing,rastrigin,102,12200,63.30780473031399
hill_climbing,rastrigin,102,12300,63.30780473031399
hill_climbing,rastrigin,102,12400,63.30780473031399
hill_climbing,rastrigin,102,12500,63.30780473031399
hill_climbing,rastrigin,102,12600,63.30780473031399
hill_climbing,rastrigin,102,12700,63.30780473031399
hill_climbing,rastrigin,102,12800,63.30780473031399
hill_climbing,rastrigin,102,12900,63.30780473031399
hill_climbing,rastrigin,102,13000,63.30780473031399
hill_climbing,rastrigin,102,13100,63.30780473031399
hill_climbing,rastrigin,102,13200,63.30780473031399
hill_climbing,rastrigin,102,13300,63.30780473031399
hill_climbing,rastrigin,102,13400,63.30780473031399
hill_climbing,rastrigin,102,13500,63.30780473031399
hill_climbing,rastrigin,102,13600,63.30780473031399
hill_climbing,rastrigin,102,13700,63.30780473031399
hill_climbing,rastrigin,102,13800,63.30780473031399
hill_climbing,rastrigin,102,13900,63.30780473031399
hill_climbing,rastrigin,102,14000,63.30780473031399
hill_climbing,rastrigin,102,14100,63.30780473031399
hill_climbing,rastrigin,102,14200,63.30780473031399
hill_climbing,rastrigin,102,14300,63.30780473031399
hill_climbing,rastrigin,102,14400,63.30780473031399
hill_climbing,rastrigin,102,14500,63.30780473031399
hill_climbing,rastrigin,102,14600,63.30780473031399
hill_climbing,rastrigin,102,14700,63.30780473031399
hill_climbing,rastrigin,102,14800,63.30780473031399
hill_climbing,rastrigin,102,14900,63.30780473031399
hill_climbing,rastrigin,102,15000,63.30780473031399
hill_climbing,rastrigin,102,15100,63.30780473031399
hill_climbing,rastrigin,102,15200,63.30780473031399
hill_climbing,rastrigin,102,15300,63.30780473031399
hill_climbing,rastrigin,102,15400,63.30780473031399
hill_climbing,rastrigin,102,15500,63.30780473031399
hill_climbing,rastrigin,102,15600,63.30780473031399
hill_climbing,rastrigin,102,15700,63.30780473031399
hill_climbing,rastrigin,102,15800,63.30780473031399
hill_climbing,rastrigin,102,15900,63.30780473031399
hill_climbing,rastrigin,102,16000,63.30780473031399
hill_climbing,rastrigin,102,16100,63.30780473031399
hill_climbing,rastrigin,102,16200,63.30780473031399
hill_climbing,rastrigin,102,16300,63.30780473031399
hill_climbing,rastrigin,102,16400,63.30780473031399
hill_climbing,rastrigin,102,16500,63.30780473031399
hill_climbing,rastrigin,102,16600,63.30780473031399
hill_climbing,rastrigin,102,16700,63.30780473031399
hill_climbing,rastrigin,102,16800,63.30780473031399
hill_climbing,rastrigin,102,16900,63.30780473031399
hill_climbing,rastrigin,102,17000,63.30780473031399
hill_climbing,rastrigin,102,17100,63.30780473031399
hill_climbing,rastrigin,102,17200,63.30780473031399
hill_climbing,rastrigin,102,17300,63.30780473031399
hill_climbing,rastrigin,102,17400,63.30780473031399
hill_climbing,rastrigin,102,17500,63.30780473031399
hill_climbing,rastrigin,102,17600,63.30780473031399
hill_climbing,rastrigin,102,17700,63.30780473031399
hill_climbing,rastrigin,102,17800,63.30780473031399
hill_climbing,rastrigin,102,17900,63.30780473031399
hill_climbing,rastrigin,102,18000,63.30780473031399
hill_climbing,rastrigin,102,18100,63.30780473031399
hill_climbing,rastrigin,102,18200,63.30780473031399
hill_climbing,rastrigin,102,18300,63.30780473031399
hill_climbing,rastrigin,102,18400,63.30780473031399
hill_climbing,rastrigin,102,18500,63.30780473031399
hill_climbing,rastrigin,102,18600,63.30780473031399
hill_climbing,rastrigin,102,18700,63.30780473031399
hill_climbing,rastrigin,102,18800,63.30780473031399
hill_climbing,rastrigin,102,18900,63.30780473031399
hill_climbing,rastrigin,102,19000,63.30780473031399
hill_climbing,rastrigin,102,19100,63.30780473031399
hill_climbing,rastrigin,102,19200,63.30780473031399
hill_climbing,rastrigin,102,19300,63.30780473031399
hill_climbing,rastrigin,102,19400,63.30780473031399
hill_climbing,rastrigin,102,19500,63.30780473031399
hill_climbing,rastrigin,102,19600,63.30780473031399
hill_climbing,rastrigin,102,19700,63.30780473031399
hill_climbing,rastrigin,102,19800,63.30780473031399
hill_climbing,rastrigin,102,19900,63.30780473031399
hill_climbing,rastrigin,102,20000,63.30780473031399
hill_climbing,rastrigin,103,100,97.03229534120052
hill_climbing,rastrigin,103,200,97.03229534120052
hill_climbing,rastrigin,103,300,97.03229534120052
hill_climbing,rastrigin,103,400,97.03229534120052
hill_climbing,rastrigin,103,500,93.81224010500401
hill_climbing,rastrigin,103,600,80.64377717743253
hill_climbing,rastrigin,103,700,80.64377717743253
hill_climbing,rastrigin,103,800,80.64377717743253
hill_climbing,rastrigin,103,900,80.64377717743253
hill_climbing,rastrigin,103,1000,80.64377717743253
hill_climbing,rastrigin,103,1100,80.64377717743253
hill_climbing,rastrigin,103,1200,80.64377717743253
hill_climbing,rastrigin,103,1300,80.64377717743253
hill_climbing,rastrigin,103,1400,80.64377717743253
hill_climbing,rastrigin,103,1500,80.64377717743253
hill_climbing,rastrigin,103,1600,80.64377717743253
hill_climbing,rastrigin,103,1700,80.64377717743253
hill_climbing,rastrigin,103,1800,80.64377717743253
hill_climbing,rastrigin,103,1900,80.64377717743253
hill_climbing,rastrigin,103,2000,80.64377717743253
hill_climbing,rastrigin,103,2100,80.64377717743253
hill_climbing,rastrigin,103,2200,80.64377717743253
hill_climbing,rastrigin,103,2300,80.64377717743253
hill_climbing,rastrigin,103,2400,80.64377717743253
hill_climbing,rastrigin,103,2500,80.64377717743253
hill_climbing,rastrigin,103,2600,80.64377717743253
hill_climbing,rastrigin,103,2700,80.64377717743253
hill_climbing,rastrigin,103,2800,80.64377717743253
hill_climbing,rastrigin,103,2900,80.64377717743253
hill_climbing,rastrigin,103,3000,80.64377717743253
hill_climbing,rastrigin,103,3100,80.64377717743253
hill_climbing,rastrigin,103,3200,80.64377717743253
hill_climbing,rastrigin,103,3300,80.64377717743253
hill_climbing,rastrigin,103,3400,80.64377717743253
hill_climbing,rastrigin,103,3500,80.64377717743253
hill_climbing,rastrigin,103,3600,80.64377717743253
hill_climbing,rastrigin,103,3700,80.64377717743253
hill_climbing,rastrigin,103,3800,80.64377717743253
hill_climbing,rastrigin,103,3900,80.64377717743253
hill_climbing,rastrigin,103,4000,80.64377717743253
hill_climbing,rastrigin,103,4100,80.64377717743253
hill_climbing,rastrigin,103,4200,80.64377717743253
hill_climbing,rastrigin,103,4300,80.64377717743253
hill_climbing,rastrigin,103,4400,80.64377717743253
hill_climbing,rastrigin,103,4500,80.64377717743253
hill_climbing,rastrigin,103,4600,80.64377717743253
hill_climbing,rastrigin,103,4700,80.64377717743253
hill_climbing,rastrigin,103,4800,80.64377717743253
hill_climbing,rastrigin,103,4900,80.64377717743253
hill_climbing,rastrigin,103,5000,80.64377717743253
hill_climbing,rastrigin,103,5100,80.64377717743253
hill_climbing,rastrigin,103,5200,80.64377717743253
hill_climbing,rastrigin,103,5300,80.64377717743253
hill_climbing,rastrigin,103,5400,80.64377717743253
hill_climbing,rastrigin,103,5500,80.64377717743253
hill_climbing,rastrigin,103,5600,80.64377717743253
hill_climbing,rastrigin,103,5700,80.64377717743253
hill_climbing,rastrigin,103,5800,80.64377717743253
hill_climbing,rastrigin,103,5900,80.64377717743253
hill_climbing,rastrigin,103,6000,80.64377717743253
hill_climbing,rastrigin,103,6100,80.64377717743253
hill_climbing,rastrigin,103,6200,80.64377717743253
hill_climbing,rastrigin,103,6300,80.64377717743253
hill_climbing,rastrigin,103,6400,80.64377717743253
hill_climbing,rastrigin,103,6500,80.64377717743253
hill_climbing,rastrigin,103,6600,80.64377717743253
hill_climbing,rastrigin,103,6700,80.64377717743253
hill_climbing,rastrigin,103,6800,80.64377717743253
hill_climbing,rastrigin,103,6900,80.64377717743253
hill_climbing,rastrigin,103,7000,80.64377717743253
hill_climbing,rastrigin,103,7100,80.64377717743253
hill_climbing,rastrigin,103,7200,80.64377717743253
hill_climbing,rastrigin,103,7300,80.64377717743253
hill_climbing,rastrigin,103,7400,80.64377717743253
hill_climbing,rastrigin,103,7500,80.64377717743253
hill_climbing,rastrigin,103,7600,80.64377717743253
hill_climbing,rastrigin,103,7700,80.64377717743253
hill_climbing,rastrigin,103,7800,80.64377717743253
hill_climbing,rastrigin,103,7900,80.64377717743253
hill_climbing,rastrigin,103,8000,80.64377717743253
hill_climbing,rastrigin,103,8100,80.64377717743253
hill_climbing,rastrigin,103,8200,80.64377717743253
hill_climbing,rastrigin,103,8300,80.64377717743253
hill_climbing,rastrigin,103,8400,80.64377717743253
hill_climbing,rastrigin,103,8500,80.64377717743253
hill_climbing,rastrigin,103,8600,80.64377717743253
hill_climbing,rastrigin,103,8700,80.64377717743253
hill_climbing,rastrigin,103,8800,80.64377717743253
hill_climbing,rastrigin,103,8900,80.64377717743253
hill_climbing,rastrigin,103,9000,80.64377717743253
hill_climbing,rastrigin,103,9100,80.64377717743253
hill_climbing,rastrigin,103,9200,80.64377717743253
hill_climbing,rastrigin,103,9300,80.64377717743253
hill_climbing,rastrigin,103,9400,80.64377717743253
hill_climbing,rastrigin,103,9500,80.64377717743253
hill_climbing,rastrigin,103,9600,80.64377717743253
hill_climbing,rastrigin,103,9700,80.64377717743253
hill_climbing,rastrigin,103,9800,80.64377717743253
hill_climbing,rastrigin,103,9900,80.64377717743253
hill_climbing,rastrigin,103,10000,80.64377717743253
hill_climbing,rastrigin,103,10100,80.64377717743253
hill_climbing,rastrigin,103,10200,80.64377717743253
hill_climbing,rastrigin,103,10300,80.64377717743253
hill_climbing,rastrigin,103,10400,80.64377717743253
hill_climbing,rastrigin,103,10500,78.97327155650171
hill_climbing,rastrigin,103,10600,78.97327155650171
hill_climbing,rastrigin,103,10700,78.97327155650171
hill_climbing,rastrigin,103,10800,78.97327155650171
hill_climbing,rastrigin,103,10900,78.97327155650171
hill_climbing,rastrigin,103,11000,78.54146572397768
hill_climbing,rastrigin,103,11100,78.54146572397768
hill_climbing,rastrigin,103,11200,78.54146572397768
hill_climbing,rastrigin,103,11300,78.54146572397768
hill_climbing,rastrigin,103,11400,66.33938420609152
hill_climbing,rastrigin,103,11500,66.33938420609152
hill_climbing,rastrigin,103,11600,66.33938420609152
hill_climbing,rastrigin,103,11700,66.33938420609152
hill_climbing,rastrigin,103,11800,66.33938420609152
hill_climbing,rastrigin,103,11900,66.33938420609152
hill_climbing,rastrigin,103,12000,66.33938420609152
hill_climbing,rastrigin,103,12100,66.33938420609152
hill_climbing,rastrigin,103,12200,66.33938420609152
hill_climbing,rastrigin,103,12300,66.33938420609152
hill_climbing,rastrigin,103,12400,66.33938420609152
hill_climbing,rastrigin,103,12500,66.33938420609152
hill_climbing,rastrigin,103,12600,66.33938420609152
hill_climbing,rastrigin,103,12700,66.33938420609152
hill_climbing,rastrigin,103,12800,66.33938420609152
hill_climbing,rastrigin,103,12900,66.33938420609152
hill_climbing,rastrigin,103,13000,66.33938420609152
hill_climbing,rastrigin,103,13100,66.33938420609152
hill_climbing,rastrigin,103,13200,66.33938420609152
hill_climbing,rastrigin,103,13300,66.33938420609152
hill_climbing,rastrigin,103,13400,66.33938420609152
hill_climbing,rastrigin,103,13500,66.33938420609152
hill_climbing,rastrigin,103,13600,66.33938420609152
hill_climbing,rastrigin,103,13700,66.33938420609152
hill_climbing,rastrigin,103,13800,66.33938420609152
hill_climbing,rastrigin,103,13900,66.33938420609152
hill_climbing,rastrigin,103,14000,66.33938420609152
hill_climbing,rastrigin,103,14100,66.33938420609152
hill_climbing,rastrigin,103,14200,66.33938420609152
hill_climbing,rastrigin,103,14300,66.33938420609152
hill_climbing,rastrigin,103,14400,66.33938420609152
hill_climbing,rastrigin,103,14500,66.33938420609152
hill_climbing,rastrigin,103,14600,66.33938420609152
hill_climbing,rastrigin,103,14700,66.33938420609152
hill_climbing,rastrigin,103,14800,66.33938420609152
hill_climbing,rastrigin,103,14900,66.33938420609152
hill_climbing,rastrigin,103,15000,66.33938420609152
hill_climbing,rastrigin,103,15100,66.33938420609152
hill_climbing,rastrigin,103,15200,66.33938420609152
hill_climbing,rastrigin,103,15300,66.33938420609152
hill_climbing,rastrigin,103,15400,66.33938420609152
hill_climbing,rastrigin,103,15500,66.33938420609152
hill_climbing,rastrigin,103,15600,66.33938420609152
hill_climbing,rastrigin,103,15700,66.33938420609152
hill_climbing,rastrigin,103,15800,66.33938420609152
hill_climbing,rastrigin,103,15900,66.33938420609152
hill_climbing,rastrigin,103,16000,66.33938420609152
hill_climbing,rastrigin,103,16100,66.33938420609152
hill_climbing,rastrigin,103,16200,66.33938420609152
hill_climbing,rastrigin,103,16300,66.33938420609152
hill_climbing,rastrigin,103,16400,66.33938420609152
hill_climbing,rastrigin,103,16500,66.33938420609152
hill_climbing,rastrigin,103,16600,66.33938420609152
hill_climbing,rastrigin,103,16700,66.33938420609152
hill_climbing,rastrigin,103,16800,66.33938420609152
hill_climbing,rastrigin,103,16900,66.33938420609152
hill_climbing,rastrigin,103,17000,66.33938420609152
hill_climbing,rastrigin,103,17100,66.33938420609152
hill_climbing,rastrigin,103,17200,66.33938420609152
hill_climbing,rastrigin,103,17300,66.33938420609152
hill_climbing,rastrigin,103,17400,66.33938420609152
hill_climbing,rastrigin,103,17500,66.33938420609152
hill_climbing,rastrigin,103,17600,66.33938420609152
hill_climbing,rastrigin,103,17700,66.33938420609152
hill_climbing,rastrigin,103,17800,66.33938420609152
hill_climbing,rastrigin,103,17900,66.33938420609152
hill_climbing,rastrigin,103,18000,66.33938420609152
hill_climbing,rastrigin,103,18100,66.33938420609152
hill_climbing,rastrigin,103,18200,66.33938420609152
hill_climbing,rastrigin,103,18300,66.33938420609152
hill_climbing,rastrigin,103,18400,66.33938420609152
hill_climbing,rastrigin,103,18500,66.33938420609152
hill_climbing,rastrigin,103,18600,66.33938420609152
hill_climbing,rastrigin,103,18700,66.33938420609152
hill_climbing,rastrigin,103,18800,66.33938420609152
hill_climbing,rastrigin,103,18900,66.33938420609152
hill_climbing,rastrigin,103,19000,66.33938420609152
hill_climbing,rastrigin,103,19100,66.33938420609152
hill_climbing,rastrigin,103,19200,66.33938420609152
hill_climbing,rastrigin,103,19300,66.33938420609152
hill_climbing,rastrigin,103,19400,66.33938420609152
hill_climbing,rastrigin,103,19500,66.33938420609152
hill_climbing,rastrigin,103,19600,66.33938420609152
hill_climbing,rastrigin,103,19700,66.33938420609152
hill_climbing,rastrigin,103,19800,66.33938420609152
hill_climbing,rastrigin,103,19900,66.33938420609152
hill_climbing,rastrigin,103,20000,66.33938420609152
hill_climbing,rastrigin,104,100,106.14473128309027
hill_climbing,rastrigin,104,200,106.14473128309027
hill_climbing,rastrigin,104,300,106.14473128309027
hill_climbing,rastrigin,104,400,106.14473128309027
hill_climbing,rastrigin,104,500,106.14473128309027
hill_climbing,rastrigin,104,600,106.14473128309027
hill_climbing,rastrigin,104,700,106.14473128309027
hill_climbing,rastrigin,104,800,106.14473128309027
hill_climbing,rastrigin,104,900,106.14473128309027
hill_climbing,rastrigin,104,1000,79.21462565583626
hill_climbing,rastrigin,104,1100,79.21462565583626
hill_climbing,rastrigin,104,1200,79.21462565583626
hill_climbing,rastrigin,104,1300,79.21462565583626
hill_climbing,rastrigin,104,1400,79.21462565583626
hill_climbing,rastrigin,104,1500,79.21462565583626
hill_climbing,rastrigin,104,1600,79.21462565583626
hill_climbing,rastrigin,104,1700,79.21462565583626
hill_climbing,rastrigin,104,1800,79.21462565583626
hill_climbing,rastrigin,104,1900,79.21462565583626
hill_climbing,rastrigin,104,2000,79.21462565583626
hill_climbing,rastrigin,104,2100,79.21462565583626
hill_climbing,rastrigin,104,2200,79.21462565583626
hill_climbing,rastrigin,104,2300,79.21462565583626
hill_climbing,rastrigin,104,2400,79.21462565583626
hill_climbing,rastrigin,104,2500,79.21462565583626
hill_climbing,rastrigin,104,2600,79.21462565583626
hill_climbing,rastrigin,104,2700,79.21462565583626
hill_climbing,rastrigin,104,2800,79.21462565583626
hill_climbing,rastrigin,104,2900,60.89805632767977
hill_climbing,rastrigin,104,3000,60.89805632767977
hill_climbing,rastrigin,104,3100,60.89805632767977
hill_climbing,rastrigin,104,3200,60.89805632767977
hill_climbing,rastrigin,104,3300,60.89805632767977
hill_climbing,rastrigin,104,3400,60.89805632767977
hill_climbing,rastrigin,104,3500,60.89805632767977
hill_climbing,rastrigin,104,3600,60.89805632767977
hill_climbing,rastrigin,104,3700,60.89805632767977
hill_climbing,rastrigin,104,3800,60.89805632767977
hill_climbing,rastrigin,104,3900,60.89805632767977
hill_climbing,rastrigin,104,4000,60.89805632767977
hill_climbing,rastrigin,104,4100,60.89805632767977
hill_climbing,rastrigin,104,4200,60.89805632767977
hill_climbing,rastrigin,104,4300,60.89805632767977
hill_climbing,rastrigin,104,4400,60.89805632767977
hill_climbing,rastrigin,104,4500,60.89805632767977
hill_climbing,rastrigin,104,4600,60.89805632767977
hill_climbing,rastrigin,104,4700,60.89805632767977
hill_climbing,rastrigin,104,4800,60.89805632767977
hill_climbing,rastrigin,104,4900,60.89805632767977
hill_climbing,rastrigin,104,5000,60.89805632767977
hill_climbing,rastrigin,104,5100,60.89805632767977
hill_climbing,rastrigin,104,5200,60.89805632767977
hill_climbing,rastrigin,104,5300,60.89805632767977
hill_climbing,rastrigin,104,5400,60.89805632767977
hill_climbing,rastrigin,104,5500,60.89805632767977
hill_climbing,rastrigin,104,5600,60.89805632767977
hill_climbing,rastrigin,104,5700,60.89805632767977
hill_climbing,rastrigin,104,5800,60.89805632767977
hill_climbing,rastrigin,104,5900,60.89805632767977
hill_climbing,rastrigin,104,6000,60.89805632767977
hill_climbing,rastrigin,104,6100,60.89805632767977
hill_climbing,rastrigin,104,6200,60.89805632767977
hill_climbing,rastrigin,104,6300,60.89805632767977
hill_climbing,rastrigin,104,6400,60.89805632767977
hill_climbing,rastrigin,104,6500,60.89805632767977
hill_climbing,rastrigin,104,6600,60.89805632767977
hill_climbing,rastrigin,104,6700,60.89805632767977
hill_climbing,rastrigin,104,6800,60.89805632767977
hill_climbing,rastrigin,104,6900,60.89805632767977
hill_climbing,rastrigin,104,7000,60.89805632767977
hill_climbing,rastrigin,104,7100,60.89805632767977
hill_climbing,rastrigin,104,7200,60.89805632767977
hill_climbing,rastrigin,104,7300,60.89805632767977
hill_climbing,rastrigin,104,7400,60.89805632767977
hill_climbing,rastrigin,104,7500,60.89805632767977
hill_climbing,rastrigin,104,7600,60.89805632767977
hill_climbing,rastrigin,104,7700,60.89805632767977
hill_climbing,rastrigin,104,7800,60.89805632767977
hill_climbing,rastrigin,104,7900,60.89805632767977
hill_climbing,rastrigin,104,8000,60.89805632767977
hill_climbing,rastrigin,104,8100,60.89805632767977
hill_climbing,rastrigin,104,8200,60.89805632767977
hill_climbing,rastrigin,104,8300,60.89805632767977
hill_climbing,rastrigin,104,8400,60.89805632767977
hill_climbing,rastrigin,104,8500,60.89805632767977
hill_climbing,rastrigin,104,8600,60.89805632767977
hill_climbing,rastrigin,104,8700,60.89805632767977
hill_climbing,rastrigin,104,8800,60.89805632767977
hill_climbing,rastrigin,104,8900,60.89805632767977
hill_climbing,rastrigin,104,9000,60.89805632767977
hill_climbing,rastrigin,104,9100,60.89805632767977
hill_climbing,rastrigin,104,9200,60.89805632767977
hill_climbing,rastrigin,104,9300,60.89805632767977
hill_climbing,rastrigin,104,9400,60.89805632767977
hill_climbing,rastrigin,104,9500,60.89805632767977
hill_climbing,rastrigin,104,9600,60.89805632767977
hill_climbing,rastrigin,104,9700,60.89805632767977
hill_climbing,rastrigin,104,9800,60.89805632767977
hill_climbing,rastrigin,104,9900,60.89805632767977
hill_climbing,rastrigin,104,10000,60.89805632767977
hill_climbing,rastrigin,104,10100,60.89805632767977
hill_climbing,rastrigin,104,10200,60.89805632767977
hill_climbing,rastrigin,104,10300,60.89805632767977
hill_climbing,rastrigin,104,10400,60.89805632767977
hill_climbing,rastrigin,104,10500,60.89805632767977
hill_climbing,rastrigin,104,10600,60.89805632767977
hill_climbing,rastrigin,104,10700,60.89805632767977
hill_climbing,rastrigin,104,10800,60.89805632767977
hill_climbing,rastrigin,104,10900,60.89805632767977
hill_climbing,rastrigin,104,11000,60.89805632767977
hill_climbing,rastrigin,104,11100,60.89805632767977
hill_climbing,rastrigin,104,11200,60.89805632767977
hill_climbing,rastrigin,104,11300,60.89805632767977
hill_climbing,rastrigin,104,11400,60.89805632767977
hill_climbing,rastrigin,104,11500,60.89805632767977
hill_climbing,rastrigin,104,11600,60.89805632767977
hill_climbing,rastrigin,104,11700,60.89805632767977
hill_climbing,rastrigin,104,11800,60.89805632767977
hill_climbing,rastrigin,104,11900,60.89805632767977
hill_climbing,rastrigin,104,12000,60.89805632767977
hill_climbing,rastrigin,104,12100,60.89805632767977
hill_climbing,rastrigin,104,12200,60.89805632767977
hill_climbing,rastrigin,104,12300,60.89805632767977
hill_climbing,rastrigin,104,12400,60.89805632767977
hill_climbing,rastrigin,104,12500,60.89805632767977
hill_climbing,rastrigin,104,12600,60.89805632767977
hill_climbing,rastrigin,104,12700,60.89805632767977
hill_climbing,rastrigin,104,12800,60.89805632767977
hill_climbing,rastrigin,104,12900,60.89805632767977
hill_climbing,rastrigin,104,13000,60.89805632767977
hill_climbing,rastrigin,104,13100,60.89805632767977
hill_climbing,rastrigin,104,13200,60.89805632767977
hill_climbing,rastrigin,104,13300,60.89805632767977
hill_climbing,rastrigin,104,13400,60.89805632767977
hill_climbing,rastrigin,104,13500,60.89805632767977
hill_climbing,rastrigin,104,13600,60.89805632767977
hill_climbing,rastrigin,104,13700,60.89805632767977
hill_climbing,rastrigin,104,13800,60.89805632767977
hill_climbing,rastrigin,104,13900,60.89805632767977
hill_climbing,rastrigin,104,14000,60.89805632767977
hill_climbing,rastrigin,104,14100,60.89805632767977
hill_climbing,rastrigin,104,14200,60.89805632767977
hill_climbing,rastrigin,104,14300,60.89805632767977
hill_climbing,rastrigin,104,14400,60.89805632767977
hill_climbing,rastrigin,104,14500,60.89805632767977
hill_climbing,rastrigin,104,14600,60.89805632767977
hill_climbing,rastrigin,104,14700,60.89805632767977
hill_climbing,rastrigin,104,14800,60.89805632767977
hill_climbing,rastrigin,104,14900,60.89805632767977
hill_climbing,rastrigin,104,15000,60.89805632767977
hill_climbing,rastrigin,104,15100,60.89805632767977
hill_climbing,rastrigin,104,15200,60.89805632767977
hill_climbing,rastrigin,104,15300,60.89805632767977
hill_climbing,rastrigin,104,15400,60.89805632767977
hill_climbing,rastrigin,104,15500,60.89805632767977
hill_climbing,rastrigin,104,15600,60.89805632767977
hill_climbing,rastrigin,104,15700,60.89805632767977
hill_climbing,rastrigin,104,15800,60.89805632767977
hill_climbing,rastrigin,104,15900,60.89805632767977
hill_climbing,rastrigin,104,16000,60.89805632767977
hill_climbing,rastrigin,104,16100,60.89805632767977
hill_climbing,rastrigin,104,16200,60.89805632767977
hill_climbing,rastrigin,104,16300,60.89805632767977
hill_climbing,rastrigin,104,16400,60.89805632767977
hill_climbing,rastrigin,104,16500,60.89805632767977
hill_climbing,rastrigin,104,16600,60.89805632767977
hill_climbing,rastrigin,104,16700,60.89805632767977
hill_climbing,rastrigin,104,16800,60.89805632767977
hill_climbing,rastrigin,104,16900,60.89805632767977
hill_climbing,rastrigin,104,17000,60.89805632767977
hill_climbing,rastrigin,104,17100,60.89805632767977
hill_climbing,rastrigin,104,17200,60.89805632767977
hill_climbing,rastrigin,104,17300,60.89805632767977
hill_climbing,rastrigin,104,17400,60.89805632767977
hill_climbing,rastrigin,104,17500,60.89805632767977
hill_climbing,rastrigin,104,17600,60.89805632767977
hill_climbing,rastrigin,104,17700,60.89805632767977
hill_climbing,rastrigin,104,17800,60.89805632767977
hill_climbing,rastrigin,104,17900,60.89805632767977
hill_climbing,rastrigin,104,18000,60.89805632767977
hill_climbing,rastrigin,104,18100,60.89805632767977
hill_climbing,rastrigin,104,18200,60.89805632767977
hill_climbing,rastrigin,104,18300,60.89805632767977
hill_climbing,rastrigin,104,18400,60.89805632767977
hill_climbing,rastrigin,104,18500,60.89805632767977
hill_climbing,rastrigin,104,18600,60.89805632767977
hill_climbing,rastrigin,104,18700,60.89805632767977
hill_climbing,rastrigin,104,18800,60.89805632767977
hill_climbing,rastrigin,104,18900,60.89805632767977
hill_climbing,rastrigin,104,19000,60.89805632767977
hill_climbing,rastrigin,104,19100,60.89805632767977
hill_climbing,rastrigin,104,19200,60.89805632767977
hill_climbing,rastrigin,104,19300,60.89805632767977
hill_climbing,rastrigin,104,19400,60.89805632767977
hill_climbing,rastrigin,104,19500,60.89805632767977
hill_climbing,rastrigin,104,19600,60.89805632767977
hill_climbing,rastrigin,104,19700,60.89805632767977
hill_climbing,rastrigin,104,19800,60.89805632767977
hill_climbing,rastrigin,104,19900,60.89805632767977
hill_climbing,rastrigin,104,20000,60.89805632767977
hill_climbing,rastrigin,105,100,129.99427435073628
hill_climbing,rastrigin,105,200,103.46961704835188
hill_climbing,rastrigin,105,300,101.142472111152
hill_climbing,rastrigin,105,400,101.142472111152
hill_climbing,rastrigin,105,500,101.142472111152
hill_climbing,rastrigin,105,600,101.142472111152
hill_climbing,rastrigin,105,700,100.57375843580668
hill_climbing,rastrigin,105,800,78.8396128793695
hill_climbing,rastrigin,105,900,78.8396128793695
hill_climbing,rastrigin,105,1000,78.8396128793695
hill_climbing,rastrigin,105,1100,78.8396128793695
hill_climbing,rastrigin,105,1200,78.8396128793695
hill_climbing,rastrigin,105,1300,78.8396128793695
hill_climbing,rastrigin,105,1400,78.8396128793695
hill_climbing,rastrigin,105,1500,78.8396128793695
hill_climbing,rastrigin,105,1600,78.8396128793695
hill_climbing,rastrigin,105,1700,78.8396128793695
hill_climbing,rastrigin,105,1800,78.8396128793695
hill_climbing,rastrigin,105,1900,78.8396128793695
hill_climbing,rastrigin,105,2000,78.8396128793695
hill_climbing,rastrigin,105,2100,78.8396128793695
hill_climbing,rastrigin,105,2200,78.8396128793695
hill_climbing,rastrigin,105,2300,78.8396128793695
hill_climbing,rastrigin,105,2400,78.8396128793695
hill_climbing,rastrigin,105,2500,78.8396128793695
hill_climbing,rastrigin,105,2600,78.8396128793695
hill_climbing,rastrigin,105,2700,78.8396128793695
hill_climbing,rastrigin,105,2800,78.8396128793695
hill_climbing,rastrigin,105,2900,78.8396128793695
hill_climbing,rastrigin,105,3000,78.8396128793695
hill_climbing,rastrigin,105,3100,78.8396128793695
hill_climbing,rastrigin,105,3200,78.8396128793695
hill_climbing,rastrigin,105,3300,78.8396128793695
hill_climbing,rastrigin,105,3400,78.8396128793695
hill_climbing,rastrigin,105,3500,78.8396128793695
hill_climbing,rastrigin,105,3600,78.8396128793695
hill_climbing,rastrigin,105,3700,78.8396128793695
hill_climbing,rastrigin,105,3800,78.8396128793695
hill_climbing,rastrigin,105,3900,78.8396128793695
hill_climbing,rastrigin,105,4000,78.8396128793695
hill_climbing,rastrigin,105,4100,78.8396128793695
hill_climbing,rastrigin,105,4200,78.8396128793695
hill_climbing,rastrigin,105,4300,78.8396128793695
hill_climbing,rastrigin,105,4400,78.8396128793695
hill_climbing,rastrigin,105,4500,78.8396128793695
hill_climbing,rastrigin,105,4600,78.8396128793695
hill_climbing,rastrigin,105,4700,78.8396128793695
hill_climbing,rastrigin,105,4800,78.8396128793695
hill_climbing,rastrigin,105,4900,78.8396128793695
hill_climbing,rastrigin,105,5000,78.8396128793695
hill_climbing,rastrigin,105,5100,78.8396128793695
hill_climbing,rastrigin,105,5200,78.8396128793695
hill_climbing,rastrigin,105,5300,78.8396128793695
hill_climbing,rastrigin,105,5400,78.8396128793695
hill_climbing,rastrigin,105,5500,78.8396128793695
hill_climbing,rastrigin,105,5600,78.8396128793695
hill_climbing,rastrigin,105,5700,78.8396128793695
hill_climbing,rastrigin,105,5800,78.8396128793695
hill_climbing,rastrigin,105,5900,78.8396128793695
hill_climbing,rastrigin,105,6000,78.8396128793695
hill_climbing,rastrigin,105,6100,78.8396128793695
hill_climbing,rastrigin,105,6200,78.8396128793695
hill_climbing,rastrigin,105,6300,78.8396128793695
hill_climbing,rastrigin,105,6400,78.8396128793695
hill_climbing,rastrigin,105,6500,78.8396128793695
hill_climbing,rastrigin,105,6600,78.8396128793695
hill_climbing,rastrigin,105,6700,78.8396128793695
hill_climbing,rastrigin,105,6800,78.8396128793695
hill_climbing,rastrigin,105,6900,78.8396128793695
hill_climbing,rastrigin,105,7000,78.8396128793695
hill_climbing,rastrigin,105,7100,78.8396128793695
hill_climbing,rastrigin,105,7200,78.8396128793695
hill_climbing,rastrigin,105,7300,78.8396128793695
hill_climbing,rastrigin,105,7400,78.8396128793695
hill_climbing,rastrigin,105,7500,78.8396128793695
hill_climbing,rastrigin,105,7600,78.8396128793695
hill_climbing,rastrigin,105,7700,78.8396128793695
hill_climbing,rastrigin,105,7800,78.8396128793695
hill_climbing,rastrigin,105,7900,78.8396128793695
hill_climbing,rastrigin,105,8000,78.8396128793695
hill_climbing,rastrigin,105,8100,78.8396128793695
hill_climbing,rastrigin,105,8200,78.8396128793695
hill_climbing,rastrigin,105,8300,78.8396128793695
hill_climbing,rastrigin,105,8400,78.8396128793695
hill_climbing,rastrigin,105,8500,78.8396128793695
hill_climbing,rastrigin,105,8600,78.8396128793695
hill_climbing,rastrigin,105,8700,78.8396128793695
hill_climbing,rastrigin,105,8800,78.8396128793695
hill_climbing,rastrigin,105,8900,78.8396128793695
hill_climbing,rastrigin,105,9000,78.8396128793695
hill_climbing,rastrigin,105,9100,78.8396128793695
hill_climbing,rastrigin,105,9200,78.8396128793695
hill_climbing,rastrigin,105,9300,78.8396128793695
hill_climbing,rastrigin,105,9400,78.8396128793695
hill_climbing,rastrigin,105,9500,78.8396128793695
hill_climbing,rastrigin,105,9600,78.8396128793695
hill_climbing,rastrigin,105,9700,78.8396128793695
hill_climbing,rastrigin,105,9800,78.8396128793695
hill_climbing,rastrigin,105,9900,78.8396128793695
hill_climbing,rastrigin,105,10000,78.8396128793695
hill_climbing,rastrigin,105,10100,78.8396128793695
hill_climbing,rastrigin,105,10200,78.8396128793695
hill_climbing,rastrigin,105,10300,78.8396128793695
hill_climbing,rastrigin,105,10400,78.8396128793695
hill_climbing,rastrigin,105,10500,78.8396128793695
hill_climbing,rastrigin,105,10600,78.8396128793695
hill_climbing,rastrigin,105,10700,78.8396128793695
hill_climbing,rastrigin,105,10800,78.8396128793695
hill_climbing,rastrigin,105,10900,78.8396128793695
hill_climbing,rastrigin,105,11000,78.8396128793695
hill_climbing,rastrigin,105,11100,78.8396128793695
hill_climbing,rastrigin,105,11200,78.8396128793695
hill_climbing,rastrigin,105,11300,78.8396128793695
hill_climbing,rastrigin,105,11400,78.8396128793695
hill_climbing,rastrigin,105,11500,78.8396128793695
hill_climbing,rastrigin,105,11600,78.8396128793695
hill_climbing,rastrigin,105,11700,78.8396128793695
hill_climbing,rastrigin,105,11800,78.8396128793695
hill_climbing,rastrigin,105,11900,78.8396128793695
hill_climbing,rastrigin,105,12000,78.8396128793695
hill_climbing,rastrigin,105,12100,78.8396128793695
hill_climbing,rastrigin,105,12200,78.8396128793695
hill_climbing,rastrigin,105,12300,78.8396128793695
hill_climbing,rastrigin,105,12400,78.8396128793695
hill_climbing,rastrigin,105,12500,78.8396128793695
hill_climbing,rastrigin,105,12600,78.8396128793695
hill_climbing,rastrigin,105,12700,78.8396128793695
hill_climbing,rastrigin,105,12800,78.8396128793695
hill_climbing,rastrigin,105,12900,78.8396128793695
hill_climbing,rastrigin,105,13000,78.8396128793695
hill_climbing,rastrigin,105,13100,78.8396128793695
hill_climbing,rastrigin,105,13200,78.8396128793695
hill_climbing,rastrigin,105,13300,78.8396128793695
hill_climbing,rastrigin,105,13400,78.8396128793695
hill_climbing,rastrigin,105,13500,75.74602125680892
hill_climbing,rastrigin,105,13600,75.74602125680892
hill_climbing,rastrigin,105,13700,75.74602125680892
hill_climbing,rastrigin,105,13800,75.74602125680892
hill_climbing,rastrigin,105,13900,75.74602125680892
hill_climbing,rastrigin,105,14000,75.74602125680892
hill_climbing,rastrigin,105,14100,75.74602125680892
hill_climbing,rastrigin,105,14200,75.74602125680892
hill_climbing,rastrigin,105,14300,75.74602125680892
hill_climbing,rastrigin,105,14400,75.74602125680892
hill_climbing,rastrigin,105,14500,75.74602125680892
hill_climbing,rastrigin,105,14600,75.74602125680892
hill_climbing,rastrigin,105,14700,75.74602125680892
hill_climbing,rastrigin,105,14800,75.74602125680892
hill_climbing,rastrigin,105,14900,75.74602125680892
hill_climbing,rastrigin,105,15000,75.74602125680892
hill_climbing,rastrigin,105,15100,75.74602125680892
hill_climbing,rastrigin,105,15200,75.74602125680892
hill_climbing,rastrigin,105,15300,75.74602125680892
hill_climbing,rastrigin,105,15400,75.74602125680892
hill_climbing,rastrigin,105,15500,75.74602125680892
hill_climbing,rastrigin,105,15600,75.74602125680892
hill_climbing,rastrigin,105,15700,75.74602125680892
hill_climbing,rastrigin,105,15800,75.74602125680892
hill_climbing,rastrigin,105,15900,75.74602125680892
hill_climbing,rastrigin,105,16000,75.74602125680892
hill_climbing,rastrigin,105,16100,75.74602125680892
hill_climbing,rastrigin,105,16200,75.74602125680892
hill_climbing,rastrigin,105,16300,75.74602125680892
hill_climbing,rastrigin,105,16400,75.74602125680892
hill_climbing,rastrigin,105,16500,75.74602125680892
hill_climbing,rastrigin,105,16600,75.74602125680892
hill_climbing,rastrigin,105,16700,75.74602125680892
hill_climbing,rastrigin,105,16800,75.74602125680892
hill_climbing,rastrigin,105,16900,75.74602125680892
hill_climbing,rastrigin,105,17000,75.74602125680892
hill_climbing,rastrigin,105,17100,75.74602125680892
hill_climbing,rastrigin,105,17200,75.74602125680892
hill_climbing,rastrigin,105,17300,75.74602125680892
hill_climbing,rastrigin,105,17400,75.74602125680892
hill_climbing,rastrigin,105,17500,75.74602125680892
hill_climbing,rastrigin,105,17600,75.74602125680892
hill_climbing,rastrigin,105,17700,75.74602125680892
hill_climbing,rastrigin,105,17800,75.74602125680892
hill_climbing,rastrigin,105,17900,75.74602125680892
hill_climbing,rastrigin,105,18000,75.74602125680892
hill_climbing,rastrigin,105,18100,75.74602125680892
hill_climbing,rastrigin,105,18200,75.74602125680892
hill_climbing,rastrigin,105,18300,75.74602125680892
hill_climbing,rastrigin,105,18400,75.74602125680892
hill_climbing,rastrigin,105,18500,75.74602125680892
hill_climbing,rastrigin,105,18600,75.74602125680892
hill_climbing,rastrigin,105,18700,75.74602125680892
hill_climbing,rastrigin,105,18800,71.91099463374593
hill_climbing,rastrigin,105,18900,71.91099463374593
hill_climbing,rastrigin,105,19000,71.91099463374593
hill_climbing,rastrigin,105,19100,71.91099463374593
hill_climbing,rastrigin,105,19200,71.91099463374593
hill_climbing,rastrigin,105,19300,71.91099463374593
hill_climbing,rastrigin,105,19400,71.91099463374593
hill_climbing,rastrigin,105,19500,71.91099463374593
hill_climbing,rastrigin,105,19600,71.91099463374593
hill_climbing,rastrigin,105,19700,71.91099463374593
hill_climbing,rastrigin,105,19800,71.91099463374593
hill_climbing,rastrigin,105,19900,71.91099463374593
hill_climbing,rastrigin,105,20000,71.91099463374593
hill_climbing,rastrigin,106,100,78.47662254520381
hill_climbing,rastrigin,106,200,78.47662254520381
hill_climbing,rastrigin,106,300,76.69427168890405
hill_climbing,rastrigin,106,400,76.69427168890405
hill_climbing,rastrigin,106,500,76.69427168890405
hill_climbing,rastrigin,106,600,76.69427168890405
hill_climbing,rastrigin,106,700,76.69427168890405
hill_climbing,rastrigin,106,800,76.69427168890405
hill_climbing,rastrigin,106,900,76.69427168890405
hill_climbing,rastrigin,106,1000,76.69427168890405
hill_climbing,rastrigin,106,1100,76.69427168890405
hill_climbing,rastrigin,106,1200,76.69427168890405
hill_climbing,rastrigin,106,1300,76.69427168890405
hill_climbing,rastrigin,106,1400,76.69427168890405
hill_climbing,rastrigin,106,1500,76.69427168890405
hill_climbing,rastrigin,106,1600,76.69427168890405
hill_climbing,rastrigin,106,1700,76.69427168890405
hill_climbing,rastrigin,106,1800,76.69427168890405
hill_climbing,rastrigin,106,1900,76.69427168890405
hill_climbing,rastrigin,106,2000,76.69427168890405
hill_climbing,rastrigin,106,2100,76.69427168890405
hill_climbing,rastrigin,106,2200,76.69427168890405
hill_climbing,rastrigin,106,2300,76.69427168890405
hill_climbing,rastrigin,106,2400,76.69427168890405
hill_climbing,rastrigin,106,2500,76.69427168890405
hill_climbing,rastrigin,106,2600,76.69427168890405
hill_climbing,rastrigin,106,2700,76.69427168890405
hill_climbing,rastrigin,106,2800,76.69427168890405
hill_climbing,rastrigin,106,2900,76.69427168890405
hill_climbing,rastrigin,106,3000,76.69427168890405
hill_climbing,rastrigin,106,3100,76.69427168890405
hill_climbing,rastrigin,106,3200,76.69427168890405
hill_climbing,rastrigin,106,3300,76.69427168890405
hill_climbing,rastrigin,106,3400,76.69427168890405
hill_climbing,rastrigin,106,3500,76.69427168890405
hill_climbing,rastrigin,106,3600,76.69427168890405
hill_climbing,rastrigin,106,3700,76.69427168890405
hill_climbing,rastrigin,106,3800,76.69427168890405
hill_climbing,rastrigin,106,3900,76.69427168890405
hill_climbing,rastrigin,106,4000,76.69427168890405
hill_climbing,rastrigin,106,4100,76.69427168890405
hill_climbing,rastrigin,106,4200,76.69427168890405
hill_climbing,rastrigin,106,4300,76.69427168890405
hill_climbing,rastrigin,106,4400,76.69427168890405
hill_climbing,rastrigin,106,4500,76.69427168890405
hill_climbing,rastrigin,106,4600,76.69427168890405
hill_climbing,rastrigin,106,4700,76.69427168890405
hill_climbing,rastrigin,106,4800,70.3666445551419
hill_climbing,rastrigin,106,4900,70.3666445551419
hill_climbing,rastrigin,106,5000,70.3666445551419
hill_climbing,rastrigin,106,5100,70.3666445551419
hill_climbing,rastrigin,106,5200,70.3666445551419
hill_climbing,rastrigin,106,5300,70.3666445551419
hill_climbing,rastrigin,106,5400,70.3666445551419
hill_climbing,rastrigin,106,5500,70.3666445551419
hill_climbing,rastrigin,106,5600,70.3666445551419
hill_climbing,rastrigin,106,5700,70.3666445551419
hill_climbing,rastrigin,106,5800,70.3666445551419
hill_climbing,rastrigin,106,5900,70.3666445551419
hill_climbing,rastrigin,106,6000,70.3666445551419
hill_climbing,rastrigin,106,6100,70.3666445551419
hill_climbing,rastrigin,106,6200,70.3666445551419
hill_climbing,rastrigin,106,6300,70.3666445551419
hill_climbing,rastrigin,106,6400,70.3666445551419
hill_climbing,rastrigin,106,6500,70.3666445551419
hill_climbing,rastrigin,106,6600,70.3666445551419
hill_climbing,rastrigin,106,6700,70.3666445551419
hill_climbing,rastrigin,106,6800,70.3666445551419
hill_climbing,rastrigin,106,6900,70.3666445551419
hill_climbing,rastrigin,106,7000,70.3666445551419
hill_climbing,rastrigin,106,7100,70.3666445551419
hill_climbing,rastrigin,106,7200,70.3666445551419
hill_climbing,rastrigin,106,7300,70.3666445551419
hill_climbing,rastrigin,106,7400,70.3666445551419
hill_climbing,rastrigin,106,7500,70.3666445551419
hill_climbing,rastrigin,106,7600,70.3666445551419
hill_climbing,rastrigin,106,7700,70.3666445551419
hill_climbing,rastrigin,106,7800,70.3666445551419
hill_climbing,rastrigin,106,7900,70.3666445551419
hill_climbing,rastrigin,106,8000,70.3666445551419
hill_climbing,rastrigin,106,8100,70.3666445551419
hill_climbing,rastrigin,106,8200,70.3666445551419
hill_climbing,rastrigin,106,8300,70.3666445551419
hill_climbing,rastrigin,106,8400,70.3666445551419
hill_climbing,rastrigin,106,8500,70.3666445551419
hill_climbing,rastrigin,106,8600,70.3666445551419
hill_climbing,rastrigin,106,8700,70.3666445551419
hill_climbing,rastrigin,106,8800,70.3666445551419
hill_climbing,rastrigin,106,8900,70.3666445551419
hill_climbing,rastrigin,106,9000,70.3666445551419
hill_climbing,rastrigin,106,9100,70.3666445551419
hill_climbing,rastrigin,106,9200,70.3666445551419
hill_climbing,rastrigin,106,9300,70.3666445551419
hill_climbing,rastrigin,106,9400,70.3666445551419
hill_climbing,rastrigin,106,9500,70.3666445551419
hill_climbing,rastrigin,106,9600,70.3666445551419
hill_climbing,rastrigin,106,9700,70.3666445551419
hill_climbing,rastrigin,106,9800,70.3666445551419
hill_climbing,rastrigin,106,9900,70.3666445551419
hill_climbing,rastrigin,106,10000,70.3666445551419
hill_climbing,rastrigin,106,10100,70.3666445551419
hill_climbing,rastrigin,106,10200,70.3666445551419
hill_climbing,rastrigin,106,10300,70.3666445551419
hill_climbing,rastrigin,106,10400,70.3666445551419
hill_climbing,rastrigin,106,10500,70.3666445551419
hill_climbing,rastrigin,106,10600,70.3666445551419
hill_climbing,rastrigin,106,10700,70.3666445551419
hill_climbing,rastrigin,106,10800,70.3666445551419
hill_climbing,rastrigin,106,10900,70.3666445551419
hill_climbing,rastrigin,106,11000,70.3666445551419
hill_climbing,rastrigin,106,11100,70.3666445551419
hill_climbing,rastrigin,106,11200,70.3666445551419
hill_climbing,rastrigin,106,11300,70.3666445551419
hill_climbing,rastrigin,106,11400,70.3666445551419
hill_climbing,rastrigin,106,11500,70.3666445551419
hill_climbing,rastrigin,106,11600,70.3666445551419
hill_climbing,rastrigin,106,11700,70.3666445551419
hill_climbing,rastrigin,106,11800,70.3666445551419
hill_climbing,rastrigin,106,11900,70.3666445551419
hill_climbing,rastrigin,106,12000,70.3666445551419
hill_climbing,rastrigin,106,12100,70.3666445551419
hill_climbing,rastrigin,106,12200,70.3666445551419
hill_climbing,rastrigin,106,12300,70.3666445551419
hill_climbing,rastrigin,106,12400,70.3666445551419
hill_climbing,rastrigin,106,12500,70.3666445551419
hill_climbing,rastrigin,106,12600,70.3666445551419
hill_climbing,rastrigin,106,12700,70.3666445551419
hill_climbing,rastrigin,106,12800,70.3666445551419
hill_climbing,rastrigin,106,12900,70.3666445551419
hill_climbing,rastrigin,106,13000,70.3666445551419
hill_climbing,rastrigin,106,13100,70.3666445551419
hill_climbing,rastrigin,106,13200,70.3666445551419
hill_climbing,rastrigin,106,13300,70.3666445551419
hill_climbing,rastrigin,106,13400,70.3666445551419
hill_climbing,rastrigin,106,13500,70.3666445551419
hill_climbing,rastrigin,106,13600,70.3666445551419
hill_climbing,rastrigin,106,13700,70.3666445551419
hill_climbing,rastrigin,106,13800,70.3666445551419
hill_climbing,rastrigin,106,13900,70.3666445551419
hill_climbing,rastrigin,106,14000,70.3666445551419
hill_climbing,rastrigin,106,14100,70.3666445551419
hill_climbing,rastrigin,106,14200,70.3666445551419
hill_climbing,rastrigin,106,14300,70.3666445551419
hill_climbing,rastrigin,106,14400,70.3666445551419
hill_climbing,rastrigin,106,14500,70.3666445551419
hill_climbing,rastrigin,106,14600,70.3666445551419
hill_climbing,rastrigin,106,14700,70.3666445551419
hill_climbing,rastrigin,106,14800,70.3666445551419
hill_climbing,rastrigin,106,14900,70.3666445551419
hill_climbing,rastrigin,106,15000,70.3666445551419
hill_climbing,rastrigin,106,15100,70.3666445551419
hill_climbing,rastrigin,106,15200,70.3666445551419
hill_climbing,rastrigin,106,15300,70.3666445551419
hill_climbing,rastrigin,106,15400,70.3666445551419
hill_climbing,rastrigin,106,15500,70.3666445551419
hill_climbing,rastrigin,106,15600,70.3666445551419
hill_climbing,rastrigin,106,15700,70.3666445551419
hill_climbing,rastrigin,106,15800,70.3666445551419
hill_climbing,rastrigin,106,15900,70.3666445551419
hill_climbing,rastrigin,106,16000,70.3666445551419
hill_climbing,rastrigin,106,16100,70.3666445551419
hill_climbing,rastrigin,106,16200,70.3666445551419
hill_climbing,rastrigin,106,16300,70.3666445551419
hill_climbing,rastrigin,106,16400,70.3666445551419
hill_climbing,rastrigin,106,16500,70.3666445551419
hill_climbing,rastrigin,106,16600,70.3666445551419
hill_climbing,rastrigin,106,16700,70.3666445551419
hill_climbing,rastrigin,106,16800,70.3666445551419
hill_climbing,rastrigin,106,16900,70.3666445551419
hill_climbing,rastrigin,106,17000,70.3666445551419
hill_climbing,rastrigin,106,17100,70.3666445551419
hill_climbing,rastrigin,106,17200,70.3666445551419
hill_climbing,rastrigin,106,17300,70.3666445551419
hill_climbing,rastrigin,106,17400,70.3666445551419
hill_climbing,rastrigin,106,17500,70.3666445551419
hill_climbing,rastrigin,106,17600,70.3666445551419
hill_climbing,rastrigin,106,17700,70.3666445551419
hill_climbing,rastrigin,106,17800,70.3666445551419
hill_climbing,rastrigin,106,17900,70.3666445551419
hill_climbing,rastrigin,106,18000,70.3666445551419
hill_climbing,rastrigin,106,18100,70.3666445551419
hill_climbing,rastrigin,106,18200,70.3666445551419
hill_climbing,rastrigin,106,18300,70.3666445551419
hill_climbing,rastrigin,106,18400,70.3666445551419
hill_climbing,rastrigin,106,18500,70.3666445551419
hill_climbing,rastrigin,106,18600,70.3666445551419
hill_climbing,rastrigin,106,18700,70.3666445551419
hill_climbing,rastrigin,106,18800,70.3666445551419
hill_climbing,rastrigin,106,18900,70.3666445551419
hill_climbing,rastrigin,106,19000,70.3666445551419
hill_climbing,rastrigin,106,19100,70.3666445551419
hill_climbing,rastrigin,106,19200,70.3666445551419
hill_climbing,rastrigin,106,19300,70.3666445551419
hill_climbing,rastrigin,106,19400,70.3666445551419
hill_climbing,rastrigin,106,19500,70.3666445551419
hill_climbing,rastrigin,106,19600,70.3666445551419
hill_climbing,rastrigin,106,19700,70.3666445551419
hill_climbing,rastrigin,106,19800,70.3666445551419
hill_climbing,rastrigin,106,19900,70.3666445551419
hill_climbing,rastrigin,106,20000,70.3666445551419
hill_climbing,rastrigin,107,100,131.78730596087945
hill_climbing,rastrigin,107,200,97.77643690903976
hill_climbing,rastrigin,107,300,97.77643690903976
hill_climbing,rastrigin,107,400,97.77643690903976
hill_climbing,rastrigin,107,500,87.11118526869984
hill_climbing,rastrigin,107,600,87.11118526869984
hill_climbing,rastrigin,107,700,87.11118526869984
hill_climbing,rastrigin,107,800,87.11118526869984
hill_climbing,rastrigin,107,900,87.11118526869984
hill_climbing,rastrigin,107,1000,87.11118526869984
hill_climbing,rastrigin,107,1100,87.11118526869984
hill_climbing,rastrigin,107,1200,87.11118526869984
hill_climbing,rastrigin,107,1300,73.34818625768736
hill_climbing,rastrigin,107,1400,73.34818625768736
hill_climbing,rastrigin,107,1500,73.34818625768736
hill_climbing,rastrigin,107,1600,73.34818625768736
hill_climbing,rastrigin,107,1700,73.34818625768736
hill_climbing,rastrigin,107,1800,73.34818625768736
hill_climbing,rastrigin,107,1900,73.34818625768736
hill_climbing,rastrigin,107,2000,73.34818625768736
hill_climbing,rastrigin,107,2100,73.34818625768736
hill_climbing,rastrigin,107,2200,73.34818625768736
hill_climbing,rastrigin,107,2300,73.34818625768736
hill_climbing,rastrigin,107,2400,73.34818625768736
hill_climbing,rastrigin,107,2500,73.34818625768736
hill_climbing,rastrigin,107,2600,73.34818625768736
hill_climbing,rastrigin,107,2700,73.34818625768736
hill_climbing,rastrigin,107,2800,73.34818625768736
hill_climbing,rastrigin,107,2900,73.34818625768736
hill_climbing,rastrigin,107,3000,73.34818625768736
hill_climbing,rastrigin,107,3100,73.34818625768736
hill_climbing,rastrigin,107,3200,73.34818625768736
hill_climbing,rastrigin,107,3300,73.34818625768736
hill_climbing,rastrigin,107,3400,73.34818625768736
hill_climbing,rastrigin,107,3500,73.34818625768736
hill_climbing,rastrigin,107,3600,73.34818625768736
hill_climbing,rastrigin,107,3700,73.34818625768736
hill_climbing,rastrigin,107,3800,73.34818625768736
hill_climbing,rastrigin,107,3900,73.34818625768736
hill_climbing,rastrigin,107,4000,73.34818625768736
hill_climbing,rastrigin,107,4100,73.34818625768736
hill_climbing,rastrigin,107,4200,73.34818625768736
hill_climbing,rastrigin,107,4300,73.34818625768736
hill_climbing,rastrigin,107,4400,73.34818625768736
hill_climbing,rastrigin,107,4500,73.34818625768736
hill_climbing,rastrigin,107,4600,73.34818625768736
hill_climbing,rastrigin,107,4700,73.34818625768736
hill_climbing,rastrigin,107,4800,73.34818625768736
hill_climbing,rastrigin,107,4900,73.34818625768736
hill_climbing,rastrigin,107,5000,73.34818625768736
hill_climbing,rastrigin,107,5100,73.34818625768736
hill_climbing,rastrigin,107,5200,73.34818625768736
hill_climbing,rastrigin,107,5300,73.34818625768736
hill_climbing,rastrigin,107,5400,73.34818625768736
hill_climbing,rastrigin,107,5500,73.34818625768736
hill_climbing,rastrigin,107,5600,73.34818625768736
hill_climbing,rastrigin,107,5700,73.34818625768736
hill_climbing,rastrigin,107,5800,73.34818625768736
hill_climbing,rastrigin,107,5900,73.34818625768736
hill_climbing,rastrigin,107,6000,73.34818625768736
hill_climbing,rastrigin,107,6100,73.34818625768736
hill_climbing,rastrigin,107,6200,73.34818625768736
hill_climbing,rastrigin,107,6300,73.34818625768736
hill_climbing,rastrigin,107,6400,73.34818625768736
hill_climbing,rastrigin,107,6500,73.34818625768736
hill_climbing,rastrigin,107,6600,73.34818625768736
hill_climbing,rastrigin,107,6700,73.34818625768736
hill_climbing,rastrigin,107,6800,73.34818625768736
hill_climbing,rastrigin,107,6900,73.34818625768736
hill_climbing,rastrigin,107,7000,73.34818625768736
hill_climbing,rastrigin,107,7100,73.34818625768736
hill_climbing,rastrigin,107,7200,73.34818625768736
hill_climbing,rastrigin,107,7300,73.34818625768736
hill_climbing,rastrigin,107,7400,73.34818625768736
hill_climbing,rastrigin,107,7500,73.34818625768736
hill_climbing,rastrigin,107,7600,73.34818625768736
hill_climbing,rastrigin,107,7700,73.34818625768736
hill_climbing,rastrigin,107,7800,73.34818625768736
hill_climbing,rastrigin,107,7900,73.34818625768736
hill_climbing,rastrigin,107,8000,73.34818625768736
hill_climbing,rastrigin,107,8100,73.34818625768736
hill_climbing,rastrigin,107,8200,73.34818625768736
hill_climbing,rastrigin,107,8300,73.34818625768736
hill_climbing,rastrigin,107,8400,73.34818625768736
hill_climbing,rastrigin,107,8500,73.34818625768736
hill_climbing,rastrigin,107,8600,73.34818625768736
hill_climbing,rastrigin,107,8700,73.34818625768736
hill_climbing,rastrigin,107,8800,73.34818625768736
hill_climbing,rastrigin,107,8900,73.34818625768736
hill_climbing,rastrigin,107,9000,73.34818625768736
hill_climbing,rastrigin,107,9100,73.34818625768736
hill_climbing,rastrigin,107,9200,73.34818625768736
hill_climbing,rastrigin,107,9300,73.34818625768736
hill_climbing,rastrigin,107,9400,73.34818625768736
hill_climbing,rastrigin,107,9500,73.34818625768736
hill_climbing,rastrigin,107,9600,73.34818625768736
hill_climbing,rastrigin,107,9700,73.34818625768736
hill_climbing,rastrigin,107,9800,73.34818625768736
hill_climbing,rastrigin,107,9900,73.34818625768736
hill_climbing,rastrigin,107,10000,73.34818625768736
hill_climbing,rastrigin,107,10100,73.34818625768736
hill_climbing,rastrigin,107,10200,73.34818625768736
hill_climbing,rastrigin,107,10300,73.34818625768736
hill_climbing,rastrigin,107,10400,73.34818625768736
hill_climbing,rastrigin,107,10500,73.34818625768736
hill_climbing,rastrigin,107,10600,73.34818625768736
hill_climbing,rastrigin,107,10700,73.34818625768736
hill_climbing,rastrigin,107,10800,73.34818625768736
hill_climbing,rastrigin,107,10900,73.34818625768736
hill_climbing,rastrigin,107,11000,73.34818625768736
hill_climbing,rastrigin,107,11100,73.34818625768736
hill_climbing,rastrigin,107,11200,73.34818625768736
hill_climbing,rastrigin,107,11300,73.34818625768736
hill_climbing,rastrigin,107,11400,73.34818625768736
hill_climbing,rastrigin,107,11500,73.34818625768736
hill_climbing,rastrigin,107,11600,73.34818625768736
hill_climbing,rastrigin,107,11700,73.34818625768736
hill_climbing,rastrigin,107,11800,73.34818625768736
hill_climbing,rastrigin,107,11900,73.34818625768736
hill_climbing,rastrigin,107,12000,73.34818625768736
hill_climbing,rastrigin,107,12100,73.34818625768736
hill_climbing,rastrigin,107,12200,73.34818625768736
hill_climbing,rastrigin,107,12300,73.34818625768736
hill_climbing,rastrigin,107,12400,73.34818625768736
hill_climbing,rastrigin,107,12500,73.34818625768736
hill_climbing,rastrigin,107,12600,73.34818625768736
hill_climbing,rastrigin,107,12700,73.34818625768736
hill_climbing,rastrigin,107,12800,73.34818625768736
hill_climbing,rastrigin,107,12900,73.34818625768736
hill_climbing,rastrigin,107,13000,73.34818625768736
hill_climbing,rastrigin,107,13100,73.34818625768736
hill_climbing,rastrigin,107,13200,73.34818625768736
hill_climbing,rastrigin,107,13300,73.34818625768736
hill_climbing,rastrigin,107,13400,73.34818625768736
hill_climbing,rastrigin,107,13500,73.34818625768736
hill_climbing,rastrigin,107,13600,73.34818625768736
hill_climbing,rastrigin,107,13700,73.34818625768736
hill_climbing,rastrigin,107,13800,73.34818625768736
hill_climbing,rastrigin,107,13900,73.34818625768736
hill_climbing,rastrigin,107,14000,73.34818625768736
hill_climbing,rastrigin,107,14100,73.34818625768736
hill_climbing,rastrigin,107,14200,73.34818625768736
hill_climbing,rastrigin,107,14300,73.34818625768736
hill_climbing,rastrigin,107,14400,73.34818625768736
hill_climbing,rastrigin,107,14500,73.34818625768736
hill_climbing,rastrigin,107,14600,73.34818625768736
hill_climbing,rastrigin,107,14700,73.34818625768736
hill_climbing,rastrigin,107,14800,73.34818625768736
hill_climbing,rastrigin,107,14900,73.34818625768736
hill_climbing,rastrigin,107,15000,73.34818625768736
hill_climbing,rastrigin,107,15100,73.34818625768736
hill_climbing,rastrigin,107,15200,73.34818625768736
hill_climbing,rastrigin,107,15300,73.34818625768736
hill_climbing,rastrigin,107,15400,73.34818625768736
hill_climbing,rastrigin,107,15500,73.34818625768736
hill_climbing,rastrigin,107,15600,73.34818625768736
hill_climbing,rastrigin,107,15700,73.34818625768736
hill_climbing,rastrigin,107,15800,73.34818625768736
hill_climbing,rastrigin,107,15900,73.34818625768736
hill_climbing,rastrigin,107,16000,73.34818625768736
hill_climbing,rastrigin,107,16100,73.34818625768736
hill_climbing,rastrigin,107,16200,73.34818625768736
hill_climbing,rastrigin,107,16300,73.34818625768736
hill_climbing,rastrigin,107,16400,73.34818625768736
hill_climbing,rastrigin,107,16500,73.34818625768736
hill_climbing,rastrigin,107,16600,73.34818625768736
hill_climbing,rastrigin,107,16700,73.34818625768736
hill_climbing,rastrigin,107,16800,73.34818625768736
hill_climbing,rastrigin,107,16900,73.34818625768736
hill_climbing,rastrigin,107,17000,73.34818625768736
hill_climbing,rastrigin,107,17100,73.34818625768736
hill_climbing,rastrigin,107,17200,73.34818625768736
hill_climbing,rastrigin,107,17300,73.34818625768736
hill_climbing,rastrigin,107,17400,73.34818625768736
hill_climbing,rastrigin,107,17500,73.34818625768736
hill_climbing,rastrigin,107,17600,73.34818625768736
hill_climbing,rastrigin,107,17700,73.34818625768736
hill_climbing,rastrigin,107,17800,73.34818625768736
hill_climbing,rastrigin,107,17900,73.34818625768736
hill_climbing,rastrigin,107,18000,73.34818625768736
hill_climbing,rastrigin,107,18100,73.34818625768736
hill_climbing,rastrigin,107,18200,73.34818625768736
hill_climbing,rastrigin,107,18300,73.34818625768736
hill_climbing,rastrigin,107,18400,73.34818625768736
hill_climbing,rastrigin,107,18500,73.34818625768736
hill_climbing,rastrigin,107,18600,73.34818625768736
hill_climbing,rastrigin,107,18700,73.34818625768736
hill_climbing,rastrigin,107,18800,73.34818625768736
hill_climbing,rastrigin,107,18900,73.34818625768736
hill_climbing,rastrigin,107,19000,73.34818625768736
hill_climbing,rastrigin,107,19100,73.34818625768736
hill_climbing,rastrigin,107,19200,73.34818625768736
hill_climbing,rastrigin,107,19300,73.34818625768736
hill_climbing,rastrigin,107,19400,73.34818625768736
hill_climbing,rastrigin,107,19500,73.34818625768736
hill_climbing,rastrigin,107,19600,73.34818625768736
hill_climbing,rastrigin,107,19700,73.34818625768736
hill_climbing,rastrigin,107,19800,73.34818625768736
hill_climbing,rastrigin,107,19900,73.34818625768736
hill_climbing,rastrigin,107,20000,73.34818625768736
hill_climbing,rastrigin,108,100,115.0394641972241
hill_climbing,rastrigin,108,200,112.18337819289415
hill_climbing,rastrigin,108,300,112.18337819289415
hill_climbing,rastrigin,108,400,107.12120202651687
hill_climbing,rastrigin,108,500,107.12120202651687
hill_climbing,rastrigin,108,600,107.12120202651687
hill_climbing,rastrigin,108,700,92.11859967847528
hill_climbing,rastrigin,108,800,92.11859967847528
hill_climbing,rastrigin,108,900,92.11859967847528
hill_climbing,rastrigin,108,1000,92.11859967847528
hill_climbing,rastrigin,108,1100,92.11859967847528
hill_climbing,rastrigin,108,1200,92.11859967847528
hill_climbing,rastrigin,108,1300,92.11859967847528
hill_climbing,rastrigin,108,1400,92.11859967847528
hill_climbing,rastrigin,108,1500,92.11859967847528
hill_climbing,rastrigin,108,1600,92.11859967847528
hill_climbing,rastrigin,108,1700,92.11859967847528
hill_climbing,rastrigin,108,1800,92.11859967847528
hill_climbing,rastrigin,108,1900,92.11859967847528
hill_climbing,rastrigin,108,2000,92.11859967847528
hill_climbing,rastrigin,108,2100,92.11859967847528
hill_climbing,rastrigin,108,2200,92.11859967847528
hill_climbing,rastrigin,108,2300,92.11859967847528
hill_climbing,rastrigin,108,2400,92.11859967847528
hill_climbing,rastrigin,108,2500,92.11859967847528
hill_climbing,rastrigin,108,2600,92.11859967847528
hill_climbing,rastrigin,108,2700,75.79731816246488
hill_climbing,rastrigin,108,2800,75.79731816246488
hill_climbing,rastrigin,108,2900,75.79731816246488
hill_climbing,rastrigin,108,3000,75.79731816246488
hill_climbing,rastrigin,108,3100,75.79731816246488
hill_climbing,rastrigin,108,3200,75.79731816246488
hill_climbing,rastrigin,108,3300,75.79731816246488
hill_climbing,rastrigin,108,3400,75.79731816246488
hill_climbing,rastrigin,108,3500,75.79731816246488
hill_climbing,rastrigin,108,3600,75.79731816246488
hill_climbing,rastrigin,108,3700,75.79731816246488
hill_climbing,rastrigin,108,3800,75.79731816246488
hill_climbing,rastrigin,108,3900,75.79731816246488
hill_climbing,rastrigin,108,4000,75.79731816246488
hill_climbing,rastrigin,108,4100,75.79731816246488
hill_climbing,rastrigin,108,4200,75.79731816246488
hill_climbing,rastrigin,108,4300,75.79731816246488
hill_climbing,rastrigin,108,4400,75.79731816246488
hill_climbing,rastrigin,108,4500,75.79731816246488
hill_climbing,rastrigin,108,4600,75.79731816246488
hill_climbing,rastrigin,108,4700,75.79731816246488
hill_climbing,rastrigin,108,4800,75.79731816246488
hill_climbing,rastrigin,108,4900,75.79731816246488
hill_climbing,rastrigin,108,5000,75.79731816246488
hill_climbing,rastrigin,108,5100,75.79731816246488
hill_climbing,rastrigin,108,5200,75.79731816246488
hill_climbing,rastrigin,108,5300,75.79731816246488
hill_climbing,rastrigin,108,5400,75.79731816246488
hill_climbing,rastrigin,108,5500,75.79731816246488
hill_climbing,rastrigin,108,5600,75.79731816246488
hill_climbing,rastrigin,108,5700,75.79731816246488
hill_climbing,rastrigin,108,5800,75.79731816246488
hill_climbing,rastrigin,108,5900,75.79731816246488
hill_climbing,rastrigin,108,6000,75.79731816246488
hill_climbing,rastrigin,108,6100,75.79731816246488
hill_climbing,rastrigin,108,6200,75.79731816246488
hill_climbing,rastrigin,108,6300,75.79731816246488
hill_climbing,rastrigin,108,6400,75.79731816246488
hill_climbing,rastrigin,108,6500,75.79731816246488
hill_climbing,rastrigin,108,6600,75.79731816246488
hill_climbing,rastrigin,108,6700,72.04203323880452
hill_climbing,rastrigin,108,6800,72.04203323880452
hill_climbing,rastrigin,108,6900,72.04203323880452
hill_climbing,rastrigin,108,7000,72.04203323880452
hill_climbing,rastrigin,108,7100,72.04203323880452
hill_climbing,rastrigin,108,7200,72.04203323880452
hill_climbing,rastrigin,108,7300,72.04203323880452
hill_climbing,rastrigin,108,7400,72.04203323880452
hill_climbing,rastrigin,108,7500,72.04203323880452
hill_climbing,rastrigin,108,7600,72.04203323880452
hill_climbing,rastrigin,108,7700,72.04203323880452
hill_climbing,rastrigin,108,7800,72.04203323880452
hill_climbing,rastrigin,108,7900,72.04203323880452
hill_climbing,rastrigin,108,8000,72.04203323880452
hill_climbing,rastrigin,108,8100,72.04203323880452
hill_climbing,rastrigin,108,8200,72.04203323880452
hill_climbing,rastrigin,108,8300,72.04203323880452
hill_climbing,rastrigin,108,8400,72.04203323880452
hill_climbing,rastrigin,108,8500,72.04203323880452
hill_climbing,rastrigin,108,8600,72.04203323880452
hill_climbing,rastrigin,108,8700,72.04203323880452
hill_climbing,rastrigin,108,8800,72.04203323880452
hill_climbing,rastrigin,108,8900,72.04203323880452
hill_climbing,rastrigin,108,9000,72.04203323880452
hill_climbing,rastrigin,108,9100,72.04203323880452
hill_climbing,rastrigin,108,9200,72.04203323880452
hill_climbing,rastrigin,108,9300,72.04203323880452
hill_climbing,rastrigin,108,9400,72.04203323880452
hill_climbing,rastrigin,108,9500,72.04203323880452
hill_climbing,rastrigin,108,9600,72.04203323880452
hill_climbing,rastrigin,108,9700,72.04203323880452
hill_climbing,rastrigin,108,9800,72.04203323880452
hill_climbing,rastrigin,108,9900,72.04203323880452
hill_climbing,rastrigin,108,10000,72.04203323880452
hill_climbing,rastrigin,108,10100,72.04203323880452
hill_climbing,rastrigin,108,10200,72.04203323880452
hill_climbing,rastrigin,108,10300,72.04203323880452
hill_climbing,rastrigin,108,10400,72.04203323880452
hill_climbing,rastrigin,108,10500,72.04203323880452
hill_climbing,rastrigin,108,10600,72.04203323880452
hill_climbing,rastrigin,108,10700,72.04203323880452
hill_climbing,rastrigin,108,10800,72.04203323880452
hill_climbing,rastrigin,108,10900,72.04203323880452
hill_climbing,rastrigin,108,11000,72.04203323880452
hill_climbing,rastrigin,108,11100,72.04203323880452
hill_climbing,rastrigin,108,11200,72.04203323880452
hill_climbing,rastrigin,108,11300,72.04203323880452
hill_climbing,rastrigin,108,11400,72.04203323880452
hill_climbing,rastrigin,108,11500,72.04203323880452
hill_climbing,rastrigin,108,11600,72.04203323880452
hill_climbing,rastrigin,108,11700,72.04203323880452
hill_climbing,rastrigin,108,11800,72.04203323880452
hill_climbing,rastrigin,108,11900,72.04203323880452
hill_climbing,rastrigin,108,12000,72.04203323880452
hill_climbing,rastrigin,108,12100,72.04203323880452
hill_climbing,rastrigin,108,12200,72.04203323880452
hill_climbing,rastrigin,108,12300,72.04203323880452
hill_climbing,rastrigin,108,12400,72.04203323880452
hill_climbing,rastrigin,108,12500,72.04203323880452
hill_climbing,rastrigin,108,12600,72.04203323880452
hill_climbing,rastrigin,108,12700,72.04203323880452
hill_climbing,rastrigin,108,12800,72.04203323880452
hill_climbing,rastrigin,108,12900,72.04203323880452
hill_climbing,rastrigin,108,13000,72.04203323880452
hill_climbing,rastrigin,108,13100,72.04203323880452
hill_climbing,rastrigin,108,13200,72.04203323880452
hill_climbing,rastrigin,108,13300,72.04203323880452
hill_climbing,rastrigin,108,13400,72.04203323880452
hill_climbing,rastrigin,108,13500,72.04203323880452
hill_climbing,rastrigin,108,13600,72.04203323880452
hill_climbing,rastrigin,108,13700,72.04203323880452
hill_climbing,rastrigin,108,13800,72.04203323880452
hill_climbing,rastrigin,108,13900,72.04203323880452
hill_climbing,rastrigin,108,14000,72.04203323880452
hill_climbing,rastrigin,108,14100,72.04203323880452
hill_climbing,rastrigin,108,14200,72.04203323880452
hill_climbing,rastrigin,108,14300,72.04203323880452
hill_climbing,rastrigin,108,14400,72.04203323880452
hill_climbing,rastrigin,108,14500,72.04203323880452
hill_climbing,rastrigin,108,14600,72.04203323880452
hill_climbing,rastrigin,108,14700,72.04203323880452
hill_climbing,rastrigin,108,14800,72.04203323880452
hill_climbing,rastrigin,108,14900,72.04203323880452
hill_climbing,rastrigin,108,15000,72.04203323880452
hill_climbing,rastrigin,108,15100,72.04203323880452
hill_climbing,rastrigin,108,15200,72.04203323880452
hill_climbing,rastrigin,108,15300,72.04203323880452
hill_climbing,rastrigin,108,15400,72.04203323880452
hill_climbing,rastrigin,108,15500,72.04203323880452
hill_climbing,rastrigin,108,15600,72.04203323880452
hill_climbing,rastrigin,108,15700,72.04203323880452
hill_climbing,rastrigin,108,15800,72.04203323880452
hill_climbing,rastrigin,108,15900,72.04203323880452
hill_climbing,rastrigin,108,16000,72.04203323880452
hill_climbing,rastrigin,108,16100,72.04203323880452
hill_climbing,rastrigin,108,16200,72.04203323880452
hill_climbing,rastrigin,108,16300,72.04203323880452
hill_climbing,rastrigin,108,16400,72.04203323880452
hill_climbing,rastrigin,108,16500,72.04203323880452
hill_climbing,rastrigin,108,16600,72.04203323880452
hill_climbing,rastrigin,108,16700,72.04203323880452
hill_climbing,rastrigin,108,16800,72.04203323880452
hill_climbing,rastrigin,108,16900,72.04203323880452
hill_climbing,rastrigin,108,17000,72.04203323880452
hill_climbing,rastrigin,108,17100,72.04203323880452
hill_climbing,rastrigin,108,17200,72.04203323880452
hill_climbing,rastrigin,108,17300,72.04203323880452
hill_climbing,rastrigin,108,17400,72.04203323880452
hill_climbing,rastrigin,108,17500,72.04203323880452
hill_climbing,rastrigin,108,17600,72.04203323880452
hill_climbing,rastrigin,108,17700,72.04203323880452
hill_climbing,rastrigin,108,17800,72.04203323880452
hill_climbing,rastrigin,108,17900,72.04203323880452
hill_climbing,rastrigin,108,18000,72.04203323880452
hill_climbing,rastrigin,108,18100,72.04203323880452
hill_climbing,rastrigin,108,18200,72.04203323880452
hill_climbing,rastrigin,108,18300,72.04203323880452
hill_climbing,rastrigin,108,18400,72.04203323880452
hill_climbing,rastrigin,108,18500,72.04203323880452
hill_climbing,rastrigin,108,18600,72.04203323880452
hill_climbing,rastrigin,108,18700,72.04203323880452
hill_climbing,rastrigin,108,18800,72.04203323880452
hill_climbing,rastrigin,108,18900,72.04203323880452
hill_climbing,rastrigin,108,19000,72.04203323880452
hill_climbing,rastrigin,108,19100,72.04203323880452
hill_climbing,rastrigin,108,19200,72.04203323880452
hill_climbing,rastrigin,108,19300,72.04203323880452
hill_climbing,rastrigin,108,19400,72.04203323880452
hill_climbing,rastrigin,108,19500,72.04203323880452
hill_climbing,rastrigin,108,19600,72.04203323880452
hill_climbing,rastrigin,108,19700,72.04203323880452
hill_climbing,rastrigin,108,19800,72.04203323880452
hill_climbing,rastrigin,108,19900,72.04203323880452
hill_climbing,rastrigin,108,20000,72.04203323880452
hill_climbing,rastrigin,109,100,137.1023194342917
hill_climbing,rastrigin,109,200,128.71408158108494
hill_climbing,rastrigin,109,300,78.50675659779998
hill_climbing,rastrigin,109,400,78.50675659779998
hill_climbing,rastrigin,109,500,78.50675659779998
hill_climbing,rastrigin,109,600,78.50675659779998
hill_climbing,rastrigin,109,700,78.50675659779998
hill_climbing,rastrigin,109,800,78.50675659779998
hill_climbing,rastrigin,109,900,78.50675659779998
hill_climbing,rastrigin,109,1000,78.50675659779998
hill_climbing,rastrigin,109,1100,78.50675659779998
hill_climbing,rastrigin,109,1200,78.50675659779998
hill_climbing,rastrigin,109,1300,78.50675659779998
hill_climbing,rastrigin,109,1400,78.50675659779998
hill_climbing,rastrigin,109,1500,78.50675659779998
hill_climbing,rastrigin,109,1600,78.50675659779998
hill_climbing,rastrigin,109,1700,78.50675659779998
hill_climbing,rastrigin,109,1800,78.50675659779998
hill_climbing,rastrigin,109,1900,78.50675659779998
hill_climbing,rastrigin,109,2000,78.50675659779998
hill_climbing,rastrigin,109,2100,78.50675659779998
hill_climbing,rastrigin,109,2200,78.50675659779998
hill_climbing,rastrigin,109,2300,78.50675659779998
hill_climbing,rastrigin,109,2400,78.50675659779998
hill_climbing,rastrigin,109,2500,78.50675659779998
hill_climbing,rastrigin,109,2600,78.50675659779998
hill_climbing,rastrigin,109,2700,74.89293021277243
hill_climbing,rastrigin,109,2800,74.89293021277243
hill_climbing,rastrigin,109,2900,74.89293021277243
hill_climbing,rastrigin,109,3000,74.89293021277243
hill_climbing,rastrigin,109,3100,74.89293021277243
hill_climbing,rastrigin,109,3200,74.89293021277243
hill_climbing,rastrigin,109,3300,74.89293021277243
hill_climbing,rastrigin,109,3400,74.89293021277243
hill_climbing,rastrigin,109,3500,74.89293021277243
hill_climbing,rastrigin,109,3600,74.89293021277243
hill_climbing,rastrigin,109,3700,74.89293021277243
hill_climbing,rastrigin,109,3800,74.89293021277243
hill_climbing,rastrigin,109,3900,74.89293021277243
hill_climbing,rastrigin,109,4000,74.89293021277243
hill_climbing,rastrigin,109,4100,74.89293021277243
hill_climbing,rastrigin,109,4200,74.89293021277243
hill_climbing,rastrigin,109,4300,74.89293021277243
hill_climbing,rastrigin,109,4400,74.89293021277243
hill_climbing,rastrigin,109,4500,74.89293021277243
hill_climbing,rastrigin,109,4600,74.89293021277243
hill_climbing,rastrigin,109,4700,74.89293021277243
hill_climbing,rastrigin,109,4800,74.89293021277243
hill_climbing,rastrigin,109,4900,74.89293021277243
hill_climbing,rastrigin,109,5000,74.89293021277243
hill_climbing,rastrigin,109,5100,74.89293021277243
hill_climbing,rastrigin,109,5200,74.89293021277243
hill_climbing,rastrigin,109,5300,74.89293021277243
hill_climbing,rastrigin,109,5400,74.89293021277243
hill_climbing,rastrigin,109,5500,74.89293021277243
hill_climbing,rastrigin,109,5600,74.89293021277243
hill_climbing,rastrigin,109,5700,74.89293021277243
hill_climbing,rastrigin,109,5800,74.89293021277243
hill_climbing,rastrigin,109,5900,74.89293021277243
hill_climbing,rastrigin,109,6000,74.89293021277243
hill_climbing,rastrigin,109,6100,74.89293021277243
hill_climbing,rastrigin,109,6200,74.89293021277243
hill_climbing,rastrigin,109,6300,74.89293021277243
hill_climbing,rastrigin,109,6400,74.89293021277243
hill_climbing,rastrigin,109,6500,74.89293021277243
hill_climbing,rastrigin,109,6600,74.89293021277243
hill_climbing,rastrigin,109,6700,74.89293021277243
hill_climbing,rastrigin,109,6800,74.89293021277243
hill_climbing,rastrigin,109,6900,74.89293021277243
hill_climbing,rastrigin,109,7000,74.89293021277243
hill_climbing,rastrigin,109,7100,74.89293021277243
hill_climbing,rastrigin,109,7200,74.89293021277243
hill_climbing,rastrigin,109,7300,74.89293021277243
hill_climbing,rastrigin,109,7400,74.89293021277243
hill_climbing,rastrigin,109,7500,74.89293021277243
hill_climbing,rastrigin,109,7600,74.89293021277243
hill_climbing,rastrigin,109,7700,74.89293021277243
hill_climbing,rastrigin,109,7800,74.89293021277243
hill_climbing,rastrigin,109,7900,74.89293021277243
hill_climbing,rastrigin,109,8000,74.89293021277243
hill_climbing,rastrigin,109,8100,74.89293021277243
hill_climbing,rastrigin,109,8200,74.89293021277243
hill_climbing,rastrigin,109,8300,74.89293021277243
hill_climbing,rastrigin,109,8400,74.89293021277243
hill_climbing,rastrigin,109,8500,74.89293021277243
hill_climbing,rastrigin,109,8600,74.89293021277243
hill_climbing,rastrigin,109,8700,74.89293021277243
hill_climbing,rastrigin,109,8800,74.89293021277243
hill_climbing,rastrigin,109,8900,74.89293021277243
hill_climbing,rastrigin,109,9000,74.89293021277243
hill_climbing,rastrigin,109,9100,74.89293021277243
hill_climbing,rastrigin,109,9200,74.89293021277243
hill_climbing,rastrigin,109,9300,74.89293021277243
hill_climbing,rastrigin,109,9400,74.89293021277243
hill_climbing,rastrigin,109,9500,74.89293021277243
hill_climbing,rastrigin,109,9600,74.89293021277243
hill_climbing,rastrigin,109,9700,74.89293021277243
hill_climbing,rastrigin,109,9800,74.89293021277243
hill_climbing,rastrigin,109,9900,74.89293021277243
hill_climbing,rastrigin,109,10000,74.89293021277243
hill_climbing,rastrigin,109,10100,74.89293021277243
hill_climbing,rastrigin,109,10200,74.89293021277243
hill_climbing,rastrigin,109,10300,74.89293021277243
hill_climbing,rastrigin,109,10400,74.89293021277243
hill_climbing,rastrigin,109,10500,74.89293021277243
hill_climbing,rastrigin,109,10600,74.89293021277243
hill_climbing,rastrigin,109,10700,74.89293021277243
hill_climbing,rastrigin,109,10800,74.89293021277243
hill_climbing,rastrigin,109,10900,74.89293021277243
hill_climbing,rastrigin,109,11000,74.89293021277243
hill_climbing,rastrigin,109,11100,74.89293021277243
hill_climbing,rastrigin,109,11200,74.89293021277243
hill_climbing,rastrigin,109,11300,74.89293021277243
hill_climbing,rastrigin,109,11400,74.89293021277243
hill_climbing,rastrigin,109,11500,74.89293021277243
hill_climbing,rastrigin,109,11600,74.89293021277243
hill_climbing,rastrigin,109,11700,74.89293021277243
hill_climbing,rastrigin,109,11800,74.89293021277243
hill_climbing,rastrigin,109,11900,74.89293021277243
hill_climbing,rastrigin,109,12000,74.89293021277243
hill_climbing,rastrigin,109,12100,74.89293021277243
hill_climbing,rastrigin,109,12200,74.89293021277243
hill_climbing,rastrigin,109,12300,74.89293021277243
hill_climbing,rastrigin,109,12400,74.89293021277243
hill_climbing,rastrigin,109,12500,74.89293021277243
hill_climbing,rastrigin,109,12600,74.89293021277243
hill_climbing,rastrigin,109,12700,74.89293021277243
hill_climbing,rastrigin,109,12800,74.89293021277243
hill_climbing,rastrigin,109,12900,74.89293021277243
hill_climbing,rastrigin,109,13000,62.38165075473001
hill_climbing,rastrigin,109,13100,62.38165075473001
hill_climbing,rastrigin,109,13200,62.38165075473001
hill_climbing,rastrigin,109,13300,62.38165075473001
hill_climbing,rastrigin,109,13400,62.38165075473001
hill_climbing,rastrigin,109,13500,62.38165075473001
hill_climbing,rastrigin,109,13600,62.38165075473001
hill_climbing,rastrigin,109,13700,62.38165075473001
hill_climbing,rastrigin,109,13800,62.38165075473001
hill_climbing,rastrigin,109,13900,62.38165075473001
hill_climbing,rastrigin,109,14000,62.38165075473001
hill_climbing,rastrigin,109,14100,62.38165075473001
hill_climbing,rastrigin,109,14200,62.38165075473001
hill_climbing,rastrigin,109,14300,62.38165075473001
hill_climbing,rastrigin,109,14400,62.38165075473001
hill_climbing,rastrigin,109,14500,62.38165075473001
hill_climbing,rastrigin,109,14600,62.38165075473001
hill_climbing,rastrigin,109,14700,62.38165075473001
hill_climbing,rastrigin,109,14800,62.38165075473001
hill_climbing,rastrigin,109,14900,62.38165075473001
hill_climbing,rastrigin,109,15000,62.38165075473001
hill_climbing,rastrigin,109,15100,62.38165075473001
hill_climbing,rastrigin,109,15200,62.38165075473001
hill_climbing,rastrigin,109,15300,62.38165075473001
hill_climbing,rastrigin,109,15400,62.38165075473001
hill_climbing,rastrigin,109,15500,62.38165075473001
hill_climbing,rastrigin,109,15600,62.38165075473001
hill_climbing,rastrigin,109,15700,62.38165075473001
hill_climbing,rastrigin,109,15800,62.38165075473001
hill_climbing,rastrigin,109,15900,62.38165075473001
hill_climbing,rastrigin,109,16000,62.38165075473001
hill_climbing,rastrigin,109,16100,62.38165075473001
hill_climbing,rastrigin,109,16200,62.38165075473001
hill_climbing,rastrigin,109,16300,62.38165075473001
hill_climbing,rastrigin,109,16400,62.38165075473001
hill_climbing,rastrigin,109,16500,62.38165075473001
hill_climbing,rastrigin,109,16600,62.38165075473001
hill_climbing,rastrigin,109,16700,62.38165075473001
hill_climbing,rastrigin,109,16800,62.38165075473001
hill_climbing,rastrigin,109,16900,62.38165075473001
hill_climbing,rastrigin,109,17000,62.38165075473001
hill_climbing,rastrigin,109,17100,62.38165075473001
hill_climbing,rastrigin,109,17200,62.38165075473001
hill_climbing,rastrigin,109,17300,62.38165075473001
hill_climbing,rastrigin,109,17400,62.38165075473001
hill_climbing,rastrigin,109,17500,62.38165075473001
hill_climbing,rastrigin,109,17600,62.38165075473001
hill_climbing,rastrigin,109,17700,62.38165075473001
hill_climbing,rastrigin,109,17800,62.38165075473001
hill_climbing,rastrigin,109,17900,62.38165075473001
hill_climbing,rastrigin,109,18000,62.38165075473001
hill_climbing,rastrigin,109,18100,62.38165075473001
hill_climbing,rastrigin,109,18200,62.38165075473001
hill_climbing,rastrigin,109,18300,62.38165075473001
hill_climbing,rastrigin,109,18400,62.38165075473001
hill_climbing,rastrigin,109,18500,62.38165075473001
hill_climbing,rastrigin,109,18600,62.38165075473001
hill_climbing,rastrigin,109,18700,62.38165075473001
hill_climbing,rastrigin,109,18800,62.38165075473001
hill_climbing,rastrigin,109,18900,62.38165075473001
hill_climbing,rastrigin,109,19000,62.38165075473001
hill_climbing,rastrigin,109,19100,62.38165075473001
hill_climbing,rastrigin,109,19200,62.38165075473001
hill_climbing,rastrigin,109,19300,62.38165075473001
hill_climbing,rastrigin,109,19400,62.38165075473001
hill_climbing,rastrigin,109,19500,62.38165075473001
hill_climbing,rastrigin,109,19600,62.38165075473001
hill_climbing,rastrigin,109,19700,62.38165075473001
hill_climbing,rastrigin,109,19800,62.38165075473001
hill_climbing,rastrigin,109,19900,62.38165075473001
hill_climbing,rastrigin,109,20000,62.38165075473001
hill_climbing,rastrigin,110,100,103.55685912643764
hill_climbing,rastrigin,110,200,103.55685912643764
hill_climbing,rastrigin,110,300,103.55685912643764
hill_climbing,rastrigin,110,400,103.55685912643764
hill_climbing,rastrigin,110,500,103.55685912643764
hill_climbing,rastrigin,110,600,103.55685912643764
hill_climbing,rastrigin,110,700,103.55685912643764
hill_climbing,rastrigin,110,800,103.55685912643764
hill_climbing,rastrigin,110,900,103.55685912643764
hill_climbing,rastrigin,110,1000,83.72932554917689
hill_climbing,rastrigin,110,1100,83.72932554917689
hill_climbing,rastrigin,110,1200,83.72932554917689
hill_climbing,rastrigin,110,1300,83.72932554917689
hill_climbing,rastrigin,110,1400,83.72932554917689
hill_climbing,rastrigin,110,1500,83.72932554917689
hill_climbing,rastrigin,110,1600,83.72932554917689
hill_climbing,rastrigin,110,1700,83.72932554917689
hill_climbing,rastrigin,110,1800,83.72932554917689
hill_climbing,rastrigin,110,1900,83.72932554917689
hill_climbing,rastrigin,110,2000,83.72932554917689
hill_climbing,rastrigin,110,2100,83.72932554917689
hill_climbing,rastrigin,110,2200,83.72932554917689
hill_climbing,rastrigin,110,2300,83.72932554917689
hill_climbing,rastrigin,110,2400,83.72932554917689
hill_climbing,rastrigin,110,2500,83.72932554917689
hill_climbing,rastrigin,110,2600,83.72932554917689
hill_climbing,rastrigin,110,2700,83.72932554917689
hill_climbing,rastrigin,110,2800,83.72932554917689
hill_climbing,rastrigin,110,2900,83.72932554917689
hill_climbing,rastrigin,110,3000,83.72932554917689
hill_climbing,rastrigin,110,3100,83.72932554917689
hill_climbing,rastrigin,110,3200,83.72932554917689
hill_climbing,rastrigin,110,3300,83.72932554917689
hill_climbing,rastrigin,110,3400,83.72932554917689
hill_climbing,rastrigin,110,3500,83.72932554917689
hill_climbing,rastrigin,110,3600,83.72932554917689
hill_climbing,rastrigin,110,3700,83.72932554917689
hill_climbing,rastrigin,110,3800,83.72932554917689
hill_climbing,rastrigin,110,3900,83.72932554917689
hill_climbing,rastrigin,110,4000,83.72932554917689
hill_climbing,rastrigin,110,4100,83.72932554917689
hill_climbing,rastrigin,110,4200,83.72932554917689
hill_climbing,rastrigin,110,4300,83.72932554917689
hill_climbing,rastrigin,110,4400,83.72932554917689
hill_climbing,rastrigin,110,4500,83.72932554917689
hill_climbing,rastrigin,110,4600,83.10483499479517
hill_climbing,rastrigin,110,4700,83.10483499479517
hill_climbing,rastrigin,110,4800,83.10483499479517
hill_climbing,rastrigin,110,4900,83.10483499479517
hill_climbing,rastrigin,110,5000,65.58517368208435
hill_climbing,rastrigin,110,5100,65.58517368208435
hill_climbing,rastrigin,110,5200,65.58517368208435
hill_climbing,rastrigin,110,5300,65.58517368208435
hill_climbing,rastrigin,110,5400,65.58517368208435
hill_climbing,rastrigin,110,5500,65.58517368208435
hill_climbing,rastrigin,110,5600,65.58517368208435
hill_climbing,rastrigin,110,5700,65.58517368208435
hill_climbing,rastrigin,110,5800,65.58517368208435
hill_climbing,rastrigin,110,5900,65.58517368208435
hill_climbing,rastrigin,110,6000,65.58517368208435
hill_climbing,rastrigin,110,6100,65.58517368208435
hill_climbing,rastrigin,110,6200,65.58517368208435
hill_climbing,rastrigin,110,6300,65.58517368208435
hill_climbing,rastrigin,110,6400,65.58517368208435
hill_climbing,rastrigin,110,6500,65.58517368208435
hill_climbing,rastrigin,110,6600,65.58517368208435
hill_climbing,rastrigin,110,6700,65.58517368208435
hill_climbing,rastrigin,110,6800,65.58517368208435
hill_climbing,rastrigin,110,6900,65.58517368208435
hill_climbing,rastrigin,110,7000,65.58517368208435
hill_climbing,rastrigin,110,7100,65.58517368208435
hill_climbing,rastrigin,110,7200,65.58517368208435
hill_climbing,rastrigin,110,7300,65.58517368208435
hill_climbing,rastrigin,110,7400,65.58517368208435
hill_climbing,rastrigin,110,7500,65.58517368208435
hill_climbing,rastrigin,110,7600,65.58517368208435
hill_climbing,rastrigin,110,7700,65.58517368208435
hill_climbing,rastrigin,110,7800,65.58517368208435
hill_climbing,rastrigin,110,7900,65.58517368208435
hill_climbing,rastrigin,110,8000,65.58517368208435
hill_climbing,rastrigin,110,8100,65.58517368208435
hill_climbing,rastrigin,110,8200,65.58517368208435
hill_climbing,rastrigin,110,8300,65.58517368208435
hill_climbing,rastrigin,110,8400,65.58517368208435
hill_climbing,rastrigin,110,8500,65.58517368208435
hill_climbing,rastrigin,110,8600,65.58517368208435
hill_climbing,rastrigin,110,8700,65.58517368208435
hill_climbing,rastrigin,110,8800,65.58517368208435
hill_climbing,rastrigin,110,8900,65.58517368208435
hill_climbing,rastrigin,110,9000,65.58517368208435
hill_climbing,rastrigin,110,9100,65.58517368208435
hill_climbing,rastrigin,110,9200,65.58517368208435
hill_climbing,rastrigin,110,9300,65.58517368208435
hill_climbing,rastrigin,110,9400,65.58517368208435
hill_climbing,rastrigin,110,9500,65.58517368208435
hill_climbing,rastrigin,110,9600,65.58517368208435
hill_climbing,rastrigin,110,9700,65.58517368208435
hill_climbing,rastrigin,110,9800,65.58517368208435
hill_climbing,rastrigin,110,9900,65.58517368208435
hill_climbing,rastrigin,110,10000,65.58517368208435
hill_climbing,rastrigin,110,10100,65.58517368208435
hill_climbing,rastrigin,110,10200,65.58517368208435
hill_climbing,rastrigin,110,10300,65.58517368208435
hill_climbing,rastrigin,110,10400,65.58517368208435
hill_climbing,rastrigin,110,10500,65.58517368208435
hill_climbing,rastrigin,110,10600,65.58517368208435
hill_climbing,rastrigin,110,10700,65.58517368208435
hill_climbing,rastrigin,110,10800,65.58517368208435
hill_climbing,rastrigin,110,10900,65.58517368208435
hill_climbing,rastrigin,110,11000,65.58517368208435
hill_climbing,rastrigin,110,11100,65.58517368208435
hill_climbing,rastrigin,110,11200,65.58517368208435
hill_climbing,rastrigin,110,11300,65.58517368208435
hill_climbing,rastrigin,110,11400,65.58517368208435
hill_climbing,rastrigin,110,11500,65.58517368208435
hill_climbing,rastrigin,110,11600,65.58517368208435
hill_climbing,rastrigin,110,11700,65.58517368208435
hill_climbing,rastrigin,110,11800,65.58517368208435
hill_climbing,rastrigin,110,11900,65.58517368208435
hill_climbing,rastrigin,110,12000,65.58517368208435
hill_climbing,rastrigin,110,12100,57.50795315407868
hill_climbing,rastrigin,110,12200,57.50795315407868
hill_climbing,rastrigin,110,12300,57.50795315407868
hill_climbing,rastrigin,110,12400,57.50795315407868
hill_climbing,rastrigin,110,12500,57.50795315407868
hill_climbing,rastrigin,110,12600,57.50795315407868
hill_climbing,rastrigin,110,12700,57.50795315407868
hill_climbing,rastrigin,110,12800,57.50795315407868
hill_climbing,rastrigin,110,12900,57.50795315407868
hill_climbing,rastrigin,110,13000,57.50795315407868
hill_climbing,rastrigin,110,13100,57.50795315407868
hill_climbing,rastrigin,110,13200,57.50795315407868
hill_climbing,rastrigin,110,13300,57.50795315407868
hill_climbing,rastrigin,110,13400,57.50795315407868
hill_climbing,rastrigin,110,13500,57.50795315407868
hill_climbing,rastrigin,110,13600,57.50795315407868
hill_climbing,rastrigin,110,13700,57.50795315407868
hill_climbing,rastrigin,110,13800,57.50795315407868
hill_climbing,rastrigin,110,13900,57.50795315407868
hill_climbing,rastrigin,110,14000,57.50795315407868
hill_climbing,rastrigin,110,14100,57.50795315407868
hill_climbing,rastrigin,110,14200,57.50795315407868
hill_climbing,rastrigin,110,14300,57.50795315407868
hill_climbing,rastrigin,110,14400,57.50795315407868
hill_climbing,rastrigin,110,14500,57.50795315407868
hill_climbing,rastrigin,110,14600,57.50795315407868
hill_climbing,rastrigin,110,14700,57.50795315407868
hill_climbing,rastrigin,110,14800,57.50795315407868
hill_climbing,rastrigin,110,14900,57.50795315407868
hill_climbing,rastrigin,110,15000,57.50795315407868
hill_climbing,rastrigin,110,15100,57.50795315407868
hill_climbing,rastrigin,110,15200,57.50795315407868
hill_climbing,rastrigin,110,15300,57.50795315407868
hill_climbing,rastrigin,110,15400,57.50795315407868
hill_climbing,rastrigin,110,15500,57.50795315407868
hill_climbing,rastrigin,110,15600,57.50795315407868
hill_climbing,rastrigin,110,15700,57.50795315407868
hill_climbing,rastrigin,110,15800,57.50795315407868
hill_climbing,rastrigin,110,15900,57.50795315407868
hill_climbing,rastrigin,110,16000,57.50795315407868
hill_climbing,rastrigin,110,16100,57.50795315407868
hill_climbing,rastrigin,110,16200,57.50795315407868
hill_climbing,rastrigin,110,16300,57.50795315407868
hill_climbing,rastrigin,110,16400,57.50795315407868
hill_climbing,rastrigin,110,16500,57.50795315407868
hill_climbing,rastrigin,110,16600,57.50795315407868
hill_climbing,rastrigin,110,16700,57.50795315407868
hill_climbing,rastrigin,110,16800,57.50795315407868
hill_climbing,rastrigin,110,16900,57.50795315407868
hill_climbing,rastrigin,110,17000,57.50795315407868
hill_climbing,rastrigin,110,17100,57.50795315407868
hill_climbing,rastrigin,110,17200,57.50795315407868
hill_climbing,rastrigin,110,17300,57.50795315407868
hill_climbing,rastrigin,110,17400,57.50795315407868
hill_climbing,rastrigin,110,17500,57.50795315407868
hill_climbing,rastrigin,110,17600,57.50795315407868
hill_climbing,rastrigin,110,17700,57.50795315407868
hill_climbing,rastrigin,110,17800,57.50795315407868
hill_climbing,rastrigin,110,17900,57.50795315407868
hill_climbing,rastrigin,110,18000,57.50795315407868
hill_climbing,rastrigin,110,18100,57.50795315407868
hill_climbing,rastrigin,110,18200,57.50795315407868
hill_climbing,rastrigin,110,18300,57.50795315407868
hill_climbing,rastrigin,110,18400,57.50795315407868
hill_climbing,rastrigin,110,18500,57.50795315407868
hill_climbing,rastrigin,110,18600,57.50795315407868
hill_climbing,rastrigin,110,18700,57.50795315407868
hill_climbing,rastrigin,110,18800,57.50795315407868
hill_climbing,rastrigin,110,18900,57.50795315407868
hill_climbing,rastrigin,110,19000,57.50795315407868
hill_climbing,rastrigin,110,19100,57.50795315407868
hill_climbing,rastrigin,110,19200,57.50795315407868
hill_climbing,rastrigin,110,19300,57.50795315407868
hill_climbing,rastrigin,110,19400,57.50795315407868
hill_climbing,rastrigin,110,19500,57.50795315407868
hill_climbing,rastrigin,110,19600,57.50795315407868
hill_climbing,rastrigin,110,19700,57.50795315407868
hill_climbing,rastrigin,110,19800,57.50795315407868
hill_climbing,rastrigin,110,19900,57.50795315407868
hill_climbing,rastrigin,110,20000,57.50795315407868
hill_climbing,rastrigin,111,100,120.73608435754821
hill_climbing,rastrigin,111,200,84.9535682982296
hill_climbing,rastrigin,111,300,84.9535682982296
hill_climbing,rastrigin,111,400,72.32592954852194
hill_climbing,rastrigin,111,500,72.32592954852194
hill_climbing,rastrigin,111,600,72.32592954852194
hill_climbing,rastrigin,111,700,72.32592954852194
hill_climbing,rastrigin,111,800,54.58655071426876
hill_climbing,rastrigin,111,900,54.58655071426876
hill_climbing,rastrigin,111,1000,54.58655071426876
hill_climbing,rastrigin,111,1100,54.58655071426876
hill_climbing,rastrigin,111,1200,54.58655071426876
hill_climbing,rastrigin,111,1300,54.58655071426876
hill_climbing,rastrigin,111,1400,54.58655071426876
hill_climbing,rastrigin,111,1500,54.58655071426876
hill_climbing,rastrigin,111,1600,54.58655071426876
hill_climbing,rastrigin,111,1700,54.58655071426876
hill_climbing,rastrigin,111,1800,54.58655071426876
hill_climbing,rastrigin,111,1900,54.58655071426876
hill_climbing,rastrigin,111,2000,54.58655071426876
hill_climbing,rastrigin,111,2100,54.58655071426876
hill_climbing,rastrigin,111,2200,54.58655071426876
hill_climbing,rastrigin,111,2300,54.58655071426876
hill_climbing,rastrigin,111,2400,54.58655071426876
hill_climbing,rastrigin,111,2500,54.58655071426876
hill_climbing,rastrigin,111,2600,54.58655071426876
hill_climbing,rastrigin,111,2700,54.58655071426876
hill_climbing,rastrigin,111,2800,54.58655071426876
hill_climbing,rastrigin,111,2900,54.58655071426876
hill_climbing,rastrigin,111,3000,54.58655071426876
hill_climbing,rastrigin,111,3100,54.58655071426876
hill_climbing,rastrigin,111,3200,54.58655071426876
hill_climbing,rastrigin,111,3300,54.58655071426876
hill_climbing,rastrigin,111,3400,54.58655071426876
hill_climbing,rastrigin,111,3500,54.58655071426876
hill_climbing,rastrigin,111,3600,54.58655071426876
hill_climbing,rastrigin,111,3700,54.58655071426876
hill_climbing,rastrigin,111,3800,54.58655071426876
hill_climbing,rastrigin,111,3900,54.58655071426876
hill_climbing,rastrigin,111,4000,54.58655071426876
hill_climbing,rastrigin,111,4100,54.58655071426876
hill_climbing,rastrigin,111,4200,54.58655071426876
hill_climbing,rastrigin,111,4300,54.58655071426876
hill_climbing,rastrigin,111,4400,54.58655071426876
hill_climbing,rastrigin,111,4500,54.58655071426876
hill_climbing,rastrigin,111,4600,54.58655071426876
hill_climbing,rastrigin,111,4700,54.58655071426876
hill_climbing,rastrigin,111,4800,54.58655071426876
hill_climbing,rastrigin,111,4900,54.58655071426876
hill_climbing,rastrigin,111,5000,54.58655071426876
hill_climbing,rastrigin,111,5100,54.58655071426876
hill_climbing,rastrigin,111,5200,54.58655071426876
hill_climbing,rastrigin,111,5300,54.58655071426876
hill_climbing,rastrigin,111,5400,54.58655071426876
hill_climbing,rastrigin,111,5500,54.58655071426876
hill_climbing,rastrigin,111,5600,54.58655071426876
hill_climbing,rastrigin,111,5700,54.58655071426876
hill_climbing,rastrigin,111,5800,54.58655071426876
hill_climbing,rastrigin,111,5900,54.58655071426876
hill_climbing,rastrigin,111,6000,54.58655071426876
hill_climbing,rastrigin,111,6100,54.58655071426876
hill_climbing,rastrigin,111,6200,54.58655071426876
hill_climbing,rastrigin,111,6300,54.58655071426876
hill_climbing,rastrigin,111,6400,54.58655071426876
hill_climbing,rastrigin,111,6500,54.58655071426876
hill_climbing,rastrigin,111,6600,54.58655071426876
hill_climbing,rastrigin,111,6700,54.58655071426876
hill_climbing,rastrigin,111,6800,54.58655071426876
hill_climbing,rastrigin,111,6900,54.58655071426876
hill_climbing,rastrigin,111,7000,54.58655071426876
hill_climbing,rastrigin,111,7100,54.58655071426876
hill_climbing,rastrigin,111,7200,54.58655071426876
hill_climbing,rastrigin,111,7300,54.58655071426876
hill_climbing,rastrigin,111,7400,54.58655071426876
hill_climbing,rastrigin,111,7500,54.58655071426876
hill_climbing,rastrigin,111,7600,54.58655071426876
hill_climbing,rastrigin,111,7700,54.58655071426876
hill_climbing,rastrigin,111,7800,54.58655071426876
hill_climbing,rastrigin,111,7900,54.58655071426876
hill_climbing,rastrigin,111,8000,54.58655071426876
hill_climbing,rastrigin,111,8100,54.58655071426876
hill_climbing,rastrigin,111,8200,54.58655071426876
hill_climbing,rastrigin,111,8300,54.58655071426876
hill_climbing,rastrigin,111,8400,54.58655071426876
hill_climbing,rastrigin,111,8500,54.58655071426876
hill_climbing,rastrigin,111,8600,54.58655071426876
hill_climbing,rastrigin,111,8700,54.58655071426876
hill_climbing,rastrigin,111,8800,54.58655071426876
hill_climbing,rastrigin,111,8900,54.58655071426876
hill_climbing,rastrigin,111,9000,54.58655071426876
hill_climbing,rastrigin,111,9100,54.58655071426876
hill_climbing,rastrigin,111,9200,54.58655071426876
hill_climbing,rastrigin,111,9300,54.58655071426876
hill_climbing,rastrigin,111,9400,54.58655071426876
hill_climbing,rastrigin,111,9500,54.58655071426876
hill_climbing,rastrigin,111,9600,54.58655071426876
hill_climbing,rastrigin,111,9700,54.58655071426876
hill_climbing,rastrigin,111,9800,54.58655071426876
hill_climbing,rastrigin,111,9900,54.58655071426876
hill_climbing,rastrigin,111,10000,54.58655071426876
hill_climbing,rastrigin,111,10100,54.58655071426876
hill_climbing,rastrigin,111,10200,54.58655071426876
hill_climbing,rastrigin,111,10300,54.58655071426876
hill_climbing,rastrigin,111,10400,54.58655071426876
hill_climbing,rastrigin,111,10500,54.58655071426876
hill_climbing,rastrigin,111,10600,54.58655071426876
hill_climbing,rastrigin,111,10700,54.58655071426876
hill_climbing,rastrigin,111,10800,54.58655071426876
hill_climbing,rastrigin,111,10900,54.58655071426876
hill_climbing,rastrigin,111,11000,54.58655071426876
hill_climbing,rastrigin,111,11100,54.58655071426876
hill_climbing,rastrigin,111,11200,54.58655071426876
hill_climbing,rastrigin,111,11300,54.58655071426876
hill_climbing,rastrigin,111,11400,54.58655071426876
hill_climbing,rastrigin,111,11500,54.58655071426876
hill_climbing,rastrigin,111,11600,54.58655071426876
hill_climbing,rastrigin,111,11700,54.58655071426876
hill_climbing,rastrigin,111,11800,54.58655071426876
hill_climbing,rastrigin,111,11900,54.58655071426876
hill_climbing,rastrigin,111,12000,54.58655071426876
hill_climbing,rastrigin,111,12100,54.58655071426876
hill_climbing,rastrigin,111,12200,54.58655071426876
hill_climbing,rastrigin,111,12300,54.58655071426876
hill_climbing,rastrigin,111,12400,54.58655071426876
hill_climbing,rastrigin,111,12500,54.58655071426876
hill_climbing,rastrigin,111,12600,54.58655071426876
hill_climbing,rastrigin,111,12700,54.58655071426876
hill_climbing,rastrigin,111,12800,54.58655071426876
hill_climbing,rastrigin,111,12900,54.58655071426876
hill_climbing,rastrigin,111,13000,54.58655071426876
hill_climbing,rastrigin,111,13100,54.58655071426876
hill_climbing,rastrigin,111,13200,54.58655071426876
hill_climbing,rastrigin,111,13300,54.58655071426876
hill_climbing,rastrigin,111,13400,54.58655071426876
hill_climbing,rastrigin,111,13500,54.58655071426876
hill_climbing,rastrigin,111,13600,54.58655071426876
hill_climbing,rastrigin,111,13700,54.58655071426876
hill_climbing,rastrigin,111,13800,54.58655071426876
hill_climbing,rastrigin,111,13900,54.58655071426876
hill_climbing,rastrigin,111,14000,54.58655071426876
hill_climbing,rastrigin,111,14100,54.58655071426876
hill_climbing,rastrigin,111,14200,54.58655071426876
hill_climbing,rastrigin,111,14300,54.58655071426876
hill_climbing,rastrigin,111,14400,54.58655071426876
hill_climbing,rastrigin,111,14500,54.58655071426876
hill_climbing,rastrigin,111,14600,54.58655071426876
hill_climbing,rastrigin,111,14700,54.58655071426876
hill_climbing,rastrigin,111,14800,54.58655071426876
hill_climbing,rastrigin,111,14900,54.58655071426876
hill_climbing,rastrigin,111,15000,54.58655071426876
hill_climbing,rastrigin,111,15100,54.58655071426876
hill_climbing,rastrigin,111,15200,54.58655071426876
hill_climbing,rastrigin,111,15300,54.58655071426876
hill_climbing,rastrigin,111,15400,54.58655071426876
hill_climbing,rastrigin,111,15500,54.58655071426876
hill_climbing,rastrigin,111,15600,54.58655071426876
hill_climbing,rastrigin,111,15700,54.58655071426876
hill_climbing,rastrigin,111,15800,54.58655071426876
hill_climbing,rastrigin,111,15900,54.58655071426876
hill_climbing,rastrigin,111,16000,54.58655071426876
hill_climbing,rastrigin,111,16100,54.58655071426876
hill_climbing,rastrigin,111,16200,54.58655071426876
hill_climbing,rastrigin,111,16300,54.58655071426876
hill_climbing,rastrigin,111,16400,54.58655071426876
hill_climbing,rastrigin,111,16500,54.58655071426876
hill_climbing,rastrigin,111,16600,54.58655071426876
hill_climbing,rastrigin,111,16700,54.58655071426876
hill_climbing,rastrigin,111,16800,54.58655071426876
hill_climbing,rastrigin,111,16900,54.58655071426876
hill_climbing,rastrigin,111,17000,54.58655071426876
hill_climbing,rastrigin,111,17100,54.58655071426876
hill_climbing,rastrigin,111,17200,54.58655071426876
hill_climbing,rastrigin,111,17300,54.58655071426876
hill_climbing,rastrigin,111,17400,54.58655071426876
hill_climbing,rastrigin,111,17500,54.58655071426876
hill_climbing,rastrigin,111,17600,54.58655071426876
hill_climbing,rastrigin,111,17700,54.58655071426876
hill_climbing,rastrigin,111,17800,54.58655071426876
hill_climbing,rastrigin,111,17900,54.58655071426876
hill_climbing,rastrigin,111,18000,54.58655071426876
hill_climbing,rastrigin,111,18100,54.58655071426876
hill_climbing,rastrigin,111,18200,54.58655071426876
hill_climbing,rastrigin,111,18300,54.58655071426876
hill_climbing,rastrigin,111,18400,54.58655071426876
hill_climbing,rastrigin,111,18500,54.58655071426876
hill_climbing,rastrigin,111,18600,54.58655071426876
hill_climbing,rastrigin,111,18700,54.58655071426876
hill_climbing,rastrigin,111,18800,54.58655071426876
hill_climbing,rastrigin,111,18900,54.58655071426876
hill_climbing,rastrigin,111,19000,54.58655071426876
hill_climbing,rastrigin,111,19100,54.58655071426876
hill_climbing,rastrigin,111,19200,54.58655071426876
hill_climbing,rastrigin,111,19300,54.58655071426876
hill_climbing,rastrigin,111,19400,54.58655071426876
hill_climbing,rastrigin,111,19500,54.58655071426876
hill_climbing,rastrigin,111,19600,54.58655071426876
hill_climbing,rastrigin,111,19700,54.58655071426876
hill_climbing,rastrigin,111,19800,54.58655071426876
hill_climbing,rastrigin,111,19900,54.58655071426876
hill_climbing,rastrigin,111,20000,54.58655071426876
hill_climbing,rastrigin,112,100,130.9951197150543
hill_climbing,rastrigin,112,200,130.9951197150543
hill_climbing,rastrigin,112,300,127.17564979961121
hill_climbing,rastrigin,112,400,100.20073191876052
hill_climbing,rastrigin,112,500,100.20073191876052
hill_climbing,rastrigin,112,600,100.20073191876052
hill_climbing,rastrigin,112,700,100.20073191876052
hill_climbing,rastrigin,112,800,93.48787131687783
hill_climbing,rastrigin,112,900,86.02371403324216
hill_climbing,rastrigin,112,1000,86.02371403324216
hill_climbing,rastrigin,112,1100,86.02371403324216
hill_climbing,rastrigin,112,1200,86.02371403324216
hill_climbing,rastrigin,112,1300,86.02371403324216
hill_climbing,rastrigin,112,1400,86.02371403324216
hill_climbing,rastrigin,112,1500,86.02371403324216
hill_climbing,rastrigin,112,1600,86.02371403324216
hill_climbing,rastrigin,112,1700,86.02371403324216
hill_climbing,rastrigin,112,1800,86.02371403324216
hill_climbing,rastrigin,112,1900,84.69773073321582
hill_climbing,rastrigin,112,2000,84.69773073321582
hill_climbing,rastrigin,112,2100,84.69773073321582
hill_climbing,rastrigin,112,2200,84.69773073321582
hill_climbing,rastrigin,112,2300,84.69773073321582
hill_climbing,rastrigin,112,2400,84.69773073321582
hill_climbing,rastrigin,112,2500,75.60168378074552
hill_climbing,rastrigin,112,2600,69.64644821335513
hill_climbing,rastrigin,112,2700,69.64644821335513
hill_climbing,rastrigin,112,2800,69.64644821335513
hill_climbing,rastrigin,112,2900,69.64644821335513
hill_climbing,rastrigin,112,3000,69.64644821335513
hill_climbing,rastrigin,112,3100,69.64644821335513
hill_climbing,rastrigin,112,3200,69.64644821335513
hill_climbing,rastrigin,112,3300,69.64644821335513
hill_climbing,rastrigin,112,3400,69.64644821335513
hill_climbing,rastrigin,112,3500,69.64644821335513
hill_climbing,rastrigin,112,3600,69.64644821335513
hill_climbing,rastrigin,112,3700,69.64644821335513
hill_climbing,rastrigin,112,3800,69.64644821335513
hill_climbing,rastrigin,112,3900,69.64644821335513
hill_climbing,rastrigin,112,4000,69.64644821335513
hill_climbing,rastrigin,112,4100,69.64644821335513
hill_climbing,rastrigin,112,4200,69.64644821335513
hill_climbing,rastrigin,112,4300,69.64644821335513
hill_climbing,rastrigin,112,4400,69.64644821335513
hill_climbing,rastrigin,112,4500,69.64644821335513
hill_climbing,rastrigin,112,4600,69.64644821335513
hill_climbing,rastrigin,112,4700,69.64644821335513
hill_climbing,rastrigin,112,4800,69.64644821335513
hill_climbing,rastrigin,112,4900,69.64644821335513
hill_climbing,rastrigin,112,5000,69.64644821335513
hill_climbing,rastrigin,112,5100,69.64644821335513
hill_climbing,rastrigin,112,5200,69.64644821335513
hill_climbing,rastrigin,112,5300,69.64644821335513
hill_climbing,rastrigin,112,5400,69.64644821335513
hill_climbing,rastrigin,112,5500,69.64644821335513
hill_climbing,rastrigin,112,5600,69.64644821335513
hill_climbing,rastrigin,112,5700,69.64644821335513
hill_climbing,rastrigin,112,5800,69.64644821335513
hill_climbing,rastrigin,112,5900,69.64644821335513
hill_climbing,rastrigin,112,6000,69.64644821335513
hill_climbing,rastrigin,112,6100,69.64644821335513
hill_climbing,rastrigin,112,6200,69.64644821335513
hill_climbing,rastrigin,112,6300,69.64644821335513
hill_climbing,rastrigin,112,6400,69.64644821335513
hill_climbing,rastrigin,112,6500,69.64644821335513
hill_climbing,rastrigin,112,6600,69.64644821335513
hill_climbing,rastrigin,112,6700,69.64644821335513
hill_climbing,rastrigin,112,6800,69.64644821335513
hill_climbing,rastrigin,112,6900,69.64644821335513
hill_climbing,rastrigin,112,7000,69.64644821335513
hill_climbing,rastrigin,112,7100,69.64644821335513
hill_climbing,rastrigin,112,7200,69.64644821335513
hill_climbing,rastrigin,112,7300,69.64644821335513
hill_climbing,rastrigin,112,7400,69.64644821335513
hill_climbing,rastrigin,112,7500,69.64644821335513
hill_climbing,rastrigin,112,7600,69.64644821335513
hill_climbing,rastrigin,112,7700,69.64644821335513
hill_climbing,rastrigin,112,7800,69.64644821335513
hill_climbing,rastrigin,112,7900,69.64644821335513
hill_climbing,rastrigin,112,8000,69.64644821335513
hill_climbing,rastrigin,112,8100,69.64644821335513
hill_climbing,rastrigin,112,8200,69.64644821335513
hill_climbing,rastrigin,112,8300,69.64644821335513
hill_climbing,rastrigin,112,8400,69.64644821335513
hill_climbing,rastrigin,112,8500,69.64644821335513
hill_climbing,rastrigin,112,8600,69.64644821335513
hill_climbing,rastrigin,112,8700,69.64644821335513
hill_climbing,rastrigin,112,8800,69.64644821335513
hill_climbing,rastrigin,112,8900,69.64644821335513
hill_climbing,rastrigin,112,9000,69.64644821335513
hill_climbing,rastrigin,112,9100,69.64644821335513
hill_climbing,rastrigin,112,9200,69.64644821335513
hill_climbing,rastrigin,112,9300,69.64644821335513
hill_climbing,rastrigin,112,9400,69.64644821335513
hill_climbing,rastrigin,112,9500,69.64644821335513
hill_climbing,rastrigin,112,9600,69.64644821335513
hill_climbing,rastrigin,112,9700,69.64644821335513
hill_climbing,rastrigin,112,9800,69.64644821335513
hill_climbing,rastrigin,112,9900,69.64644821335513
hill_climbing,rastrigin,112,10000,69.64644821335513
hill_climbing,rastrigin,112,10100,69.64644821335513
hill_climbing,rastrigin,112,10200,69.64644821335513
hill_climbing,rastrigin,112,10300,69.64644821335513
hill_climbing,rastrigin,112,10400,69.64644821335513
hill_climbing,rastrigin,112,10500,69.64644821335513
hill_climbing,rastrigin,112,10600,69.64644821335513
hill_climbing,rastrigin,112,10700,69.64644821335513
hill_climbing,rastrigin,112,10800,69.64644821335513
hill_climbing,rastrigin,112,10900,69.64644821335513
hill_climbing,rastrigin,112,11000,69.64644821335513
hill_climbing,rastrigin,112,11100,69.64644821335513
hill_climbing,rastrigin,112,11200,69.64644821335513
hill_climbing,rastrigin,112,11300,69.64644821335513
hill_climbing,rastrigin,112,11400,69.64644821335513
hill_climbing,rastrigin,112,11500,69.64644821335513
hill_climbing,rastrigin,112,11600,69.64644821335513
hill_climbing,rastrigin,112,11700,69.64644821335513
hill_climbing,rastrigin,112,11800,69.64644821335513
hill_climbing,rastrigin,112,11900,69.64644821335513
hill_climbing,rastrigin,112,12000,69.64644821335513
hill_climbing,rastrigin,112,12100,69.64644821335513
hill_climbing,rastrigin,112,12200,69.64644821335513
hill_climbing,rastrigin,112,12300,69.64644821335513
hill_climbing,rastrigin,112,12400,69.64644821335513
hill_climbing,rastrigin,112,12500,69.64644821335513
hill_climbing,rastrigin,112,12600,69.64644821335513
hill_climbing,rastrigin,112,12700,69.64644821335513
hill_climbing,rastrigin,112,12800,69.64644821335513
hill_climbing,rastrigin,112,12900,69.64644821335513
hill_climbing,rastrigin,112,13000,69.64644821335513
hill_climbing,rastrigin,112,13100,69.64644821335513
hill_climbing,rastrigin,112,13200,69.64644821335513
hill_climbing,rastrigin,112,13300,69.64644821335513
hill_climbing,rastrigin,112,13400,69.64644821335513
hill_climbing,rastrigin,112,13500,69.64644821335513
hill_climbing,rastrigin,112,13600,69.64644821335513
hill_climbing,rastrigin,112,13700,69.64644821335513
hill_climbing,rastrigin,112,13800,69.64644821335513
hill_climbing,rastrigin,112,13900,69.64644821335513
hill_climbing,rastrigin,112,14000,69.64644821335513
hill_climbing,rastrigin,112,14100,69.64644821335513
hill_climbing,rastrigin,112,14200,69.64644821335513
hill_climbing,rastrigin,112,14300,69.64644821335513
hill_climbing,rastrigin,112,14400,69.64644821335513
hill_climbing,rastrigin,112,14500,69.64644821335513
hill_climbing,rastrigin,112,14600,69.64644821335513
hill_climbing,rastrigin,112,14700,69.64644821335513
hill_climbing,rastrigin,112,14800,69.64644821335513
hill_climbing,rastrigin,112,14900,69.64644821335513
hill_climbing,rastrigin,112,15000,69.64644821335513
hill_climbing,rastrigin,112,15100,69.64644821335513
hill_climbing,rastrigin,112,15200,69.64644821335513
hill_climbing,rastrigin,112,15300,69.64644821335513
hill_climbing,rastrigin,112,15400,69.64644821335513
hill_climbing,rastrigin,112,15500,69.64644821335513
hill_climbing,rastrigin,112,15600,69.64644821335513
hill_climbing,rastrigin,112,15700,69.64644821335513
hill_climbing,rastrigin,112,15800,69.64644821335513
hill_climbing,rastrigin,112,15900,69.64644821335513
hill_climbing,rastrigin,112,16000,69.64644821335513
hill_climbing,rastrigin,112,16100,69.64644821335513
hill_climbing,rastrigin,112,16200,69.64644821335513
hill_climbing,rastrigin,112,16300,69.64644821335513
hill_climbing,rastrigin,112,16400,69.64644821335513
hill_climbing,rastrigin,112,16500,69.64644821335513
hill_climbing,rastrigin,112,16600,69.64644821335513
hill_climbing,rastrigin,112,16700,69.64644821335513
hill_climbing,rastrigin,112,16800,69.64644821335513
hill_climbing,rastrigin,112,16900,69.64644821335513
hill_climbing,rastrigin,112,17000,69.64644821335513
hill_climbing,rastrigin,112,17100,69.64644821335513
hill_climbing,rastrigin,112,17200,69.64644821335513
hill_climbing,rastrigin,112,17300,69.64644821335513
hill_climbing,rastrigin,112,17400,69.64644821335513
hill_climbing,rastrigin,112,17500,69.64644821335513
hill_climbing,rastrigin,112,17600,69.64644821335513
hill_climbing,rastrigin,112,17700,69.64644821335513
hill_climbing,rastrigin,112,17800,69.64644821335513
hill_climbing,rastrigin,112,17900,69.64644821335513
hill_climbing,rastrigin,112,18000,69.64644821335513
hill_climbing,rastrigin,112,18100,69.64644821335513
hill_climbing,rastrigin,112,18200,69.64644821335513
hill_climbing,rastrigin,112,18300,69.64644821335513
hill_climbing,rastrigin,112,18400,69.64644821335513
hill_climbing,rastrigin,112,18500,69.64644821335513
hill_climbing,rastrigin,112,18600,69.64644821335513
hill_climbing,rastrigin,112,18700,69.64644821335513
hill_climbing,rastrigin,112,18800,69.64644821335513
hill_climbing,rastrigin,112,18900,69.64644821335513
hill_climbing,rastrigin,112,19000,69.64644821335513
hill_climbing,rastrigin,112,19100,69.64644821335513
hill_climbing,rastrigin,112,19200,69.64644821335513
hill_climbing,rastrigin,112,19300,69.64644821335513
hill_climbing,rastrigin,112,19400,69.64644821335513
hill_climbing,rastrigin,112,19500,69.64644821335513
hill_climbing,rastrigin,112,19600,69.64644821335513
hill_climbing,rastrigin,112,19700,69.64644821335513
hill_climbing,rastrigin,112,19800,69.64644821335513
hill_climbing,rastrigin,112,19900,69.64644821335513
hill_climbing,rastrigin,112,20000,69.64644821335513
hill_climbing,rastrigin,113,100,113.49138039588371
hill_climbing,rastrigin,113,200,100.05206121112063
hill_climbing,rastrigin,113,300,100.05206121112063
hill_climbing,rastrigin,113,400,100.05206121112063
hill_climbing,rastrigin,113,500,95.42282625746661
hill_climbing,rastrigin,113,600,95.42282625746661
hill_climbing,rastrigin,113,700,84.18337146890984
hill_climbing,rastrigin,113,800,84.18337146890984
hill_climbing,rastrigin,113,900,84.18337146890984
hill_climbing,rastrigin,113,1000,84.18337146890984
hill_climbing,rastrigin,113,1100,84.18337146890984
hill_climbing,rastrigin,113,1200,84.18337146890984
hill_climbing,rastrigin,113,1300,84.18337146890984
hill_climbing,rastrigin,113,1400,84.18337146890984
hill_climbing,rastrigin,113,1500,84.18337146890984
hill_climbing,rastrigin,113,1600,84.18337146890984
hill_climbing,rastrigin,113,1700,84.18337146890984
hill_climbing,rastrigin,113,1800,84.18337146890984
hill_climbing,rastrigin,113,1900,84.18337146890984
hill_climbing,rastrigin,113,2000,84.18337146890984
hill_climbing,rastrigin,113,2100,84.18337146890984
hill_climbing,rastrigin,113,2200,84.18337146890984
hill_climbing,rastrigin,113,2300,84.18337146890984
hill_climbing,rastrigin,113,2400,84.18337146890984
hill_climbing,rastrigin,113,2500,84.18337146890984
hill_climbing,rastrigin,113,2600,84.18337146890984
hill_climbing,rastrigin,113,2700,84.18337146890984
hill_climbing,rastrigin,113,2800,84.18337146890984
hill_climbing,rastrigin,113,2900,84.18337146890984
hill_climbing,rastrigin,113,3000,84.18337146890984
hill_climbing,rastrigin,113,3100,84.18337146890984
hill_climbing,rastrigin,113,3200,84.18337146890984
hill_climbing,rastrigin,113,3300,84.18337146890984
hill_climbing,rastrigin,113,3400,84.18337146890984
hill_climbing,rastrigin,113,3500,84.18337146890984
hill_climbing,rastrigin,113,3600,84.18337146890984
hill_climbing,rastrigin,113,3700,84.18337146890984
hill_climbing,rastrigin,113,3800,84.18337146890984
hill_climbing,rastrigin,113,3900,73.23926256569018
hill_climbing,rastrigin,113,4000,73.23926256569018
hill_climbing,rastrigin,113,4100,73.23926256569018
hill_climbing,rastrigin,113,4200,73.23926256569018
hill_climbing,rastrigin,113,4300,73.23926256569018
hill_climbing,rastrigin,113,4400,73.23926256569018
hill_climbing,rastrigin,113,4500,73.23926256569018
hill_climbing,rastrigin,113,4600,73.23926256569018
hill_climbing,rastrigin,113,4700,73.23926256569018
hill_climbing,rastrigin,113,4800,73.23926256569018
hill_climbing,rastrigin,113,4900,73.23926256569018
hill_climbing,rastrigin,113,5000,73.23926256569018
hill_climbing,rastrigin,113,5100,73.23926256569018
hill_climbing,rastrigin,113,5200,73.23926256569018
hill_climbing,rastrigin,113,5300,73.23926256569018
hill_climbing,rastrigin,113,5400,73.23926256569018
hill_climbing,rastrigin,113,5500,73.23926256569018
hill_climbing,rastrigin,113,5600,73.23926256569018
hill_climbing,rastrigin,113,5700,73.23926256569018
hill_climbing,rastrigin,113,5800,73.23926256569018
hill_climbing,rastrigin,113,5900,73.23926256569018
hill_climbing,rastrigin,113,6000,73.23926256569018
hill_climbing,rastrigin,113,6100,73.23926256569018
hill_climbing,rastrigin,113,6200,73.23926256569018
hill_climbing,rastrigin,113,6300,73.23926256569018
hill_climbing,rastrigin,113,6400,73.23926256569018
hill_climbing,rastrigin,113,6500,73.23926256569018
hill_climbing,rastrigin,113,6600,73.23926256569018
hill_climbing,rastrigin,113,6700,73.23926256569018
hill_climbing,rastrigin,113,6800,73.23926256569018
hill_climbing,rastrigin,113,6900,73.23926256569018
hill_climbing,rastrigin,113,7000,73.23926256569018
hill_climbing,rastrigin,113,7100,73.23926256569018
hill_climbing,rastrigin,113,7200,73.23926256569018
hill_climbing,rastrigin,113,7300,73.23926256569018
hill_climbing,rastrigin,113,7400,73.23926256569018
hill_climbing,rastrigin,113,7500,73.23926256569018
hill_climbing,rastrigin,113,7600,73.23926256569018
hill_climbing,rastrigin,113,7700,73.23926256569018
hill_climbing,rastrigin,113,7800,73.23926256569018
hill_climbing,rastrigin,113,7900,57.76949662291524
hill_climbing,rastrigin,113,8000,57.76949662291524
hill_climbing,rastrigin,113,8100,57.76949662291524
hill_climbing,rastrigin,113,8200,57.76949662291524
hill_climbing,rastrigin,113,8300,57.76949662291524
hill_climbing,rastrigin,113,8400,57.76949662291524
hill_climbing,rastrigin,113,8500,57.76949662291524
hill_climbing,rastrigin,113,8600,57.76949662291524
hill_climbing,rastrigin,113,8700,57.76949662291524
hill_climbing,rastrigin,113,8800,57.76949662291524
hill_climbing,rastrigin,113,8900,57.76949662291524
hill_climbing,rastrigin,113,9000,57.76949662291524
hill_climbing,rastrigin,113,9100,57.76949662291524
hill_climbing,rastrigin,113,9200,57.76949662291524
hill_climbing,rastrigin,113,9300,57.76949662291524
hill_climbing,rastrigin,113,9400,57.76949662291524
hill_climbing,rastrigin,113,9500,57.76949662291524
hill_climbing,rastrigin,113,9600,57.76949662291524
hill_climbing,rastrigin,113,9700,57.76949662291524
hill_climbing,rastrigin,113,9800,57.76949662291524
hill_climbing,rastrigin,113,9900,57.76949662291524
hill_climbing,rastrigin,113,10000,57.76949662291524
hill_climbing,rastrigin,113,10100,57.76949662291524
hill_climbing,rastrigin,113,10200,57.76949662291524
hill_climbing,rastrigin,113,10300,57.76949662291524
hill_climbing,rastrigin,113,10400,57.76949662291524
hill_climbing,rastrigin,113,10500,57.76949662291524
hill_climbing,rastrigin,113,10600,57.76949662291524
hill_climbing,rastrigin,113,10700,57.76949662291524
hill_climbing,rastrigin,113,10800,57.76949662291524
hill_climbing,rastrigin,113,10900,57.76949662291524
hill_climbing,rastrigin,113,11000,57.76949662291524
hill_climbing,rastrigin,113,11100,57.76949662291524
hill_climbing,rastrigin,113,11200,57.76949662291524
hill_climbing,rastrigin,113,11300,57.76949662291524
hill_climbing,rastrigin,113,11400,57.76949662291524
hill_climbing,rastrigin,113,11500,57.76949662291524
hill_climbing,rastrigin,113,11600,57.76949662291524
hill_climbing,rastrigin,113,11700,57.76949662291524
hill_climbing,rastrigin,113,11800,57.76949662291524
hill_climbing,rastrigin,113,11900,57.76949662291524
hill_climbing,rastrigin,113,12000,57.76949662291524
hill_climbing,rastrigin,113,12100,57.76949662291524
hill_climbing,rastrigin,113,12200,57.76949662291524
hill_climbing,rastrigin,113,12300,57.76949662291524
hill_climbing,rastrigin,113,12400,57.76949662291524
hill_climbing,rastrigin,113,12500,57.76949662291524
hill_climbing,rastrigin,113,12600,57.76949662291524
hill_climbing,rastrigin,113,12700,57.76949662291524
hill_climbing,rastrigin,113,12800,57.76949662291524
hill_climbing,rastrigin,113,12900,57.76949662291524
hill_climbing,rastrigin,113,13000,57.76949662291524
hill_climbing,rastrigin,113,13100,57.76949662291524
hill_climbing,rastrigin,113,13200,57.76949662291524
hill_climbing,rastrigin,113,13300,57.76949662291524
hill_climbing,rastrigin,113,13400,57.76949662291524
hill_climbing,rastrigin,113,13500,57.76949662291524
hill_climbing,rastrigin,113,13600,57.76949662291524
hill_climbing,rastrigin,113,13700,57.76949662291524
hill_climbing,rastrigin,113,13800,57.76949662291524
hill_climbing,rastrigin,113,13900,57.76949662291524
hill_climbing,rastrigin,113,14000,57.76949662291524
hill_climbing,rastrigin,113,14100,57.76949662291524
hill_climbing,rastrigin,113,14200,57.76949662291524
hill_climbing,rastrigin,113,14300,57.76949662291524
hill_climbing,rastrigin,113,14400,57.76949662291524
hill_climbing,rastrigin,113,14500,57.76949662291524
hill_climbing,rastrigin,113,14600,57.76949662291524
hill_climbing,rastrigin,113,14700,57.76949662291524
hill_climbing,rastrigin,113,14800,57.76949662291524
hill_climbing,rastrigin,113,14900,57.76949662291524
hill_climbing,rastrigin,113,15000,57.76949662291524
hill_climbing,rastrigin,113,15100,57.76949662291524
hill_climbing,rastrigin,113,15200,57.76949662291524
hill_climbing,rastrigin,113,15300,57.76949662291524
hill_climbing,rastrigin,113,15400,57.76949662291524
hill_climbing,rastrigin,113,15500,57.76949662291524
hill_climbing,rastrigin,113,15600,57.76949662291524
hill_climbing,rastrigin,113,15700,57.76949662291524
hill_climbing,rastrigin,113,15800,57.76949662291524
hill_climbing,rastrigin,113,15900,57.76949662291524
hill_climbing,rastrigin,113,16000,57.76949662291524
hill_climbing,rastrigin,113,16100,57.76949662291524
hill_climbing,rastrigin,113,16200,57.76949662291524
hill_climbing,rastrigin,113,16300,57.76949662291524
hill_climbing,rastrigin,113,16400,57.76949662291524
hill_climbing,rastrigin,113,16500,57.76949662291524
hill_climbing,rastrigin,113,16600,57.76949662291524
hill_climbing,rastrigin,113,16700,57.76949662291524
hill_climbing,rastrigin,113,16800,57.76949662291524
hill_climbing,rastrigin,113,16900,57.76949662291524
hill_climbing,rastrigin,113,17000,57.76949662291524
hill_climbing,rastrigin,113,17100,57.76949662291524
hill_climbing,rastrigin,113,17200,57.76949662291524
hill_climbing,rastrigin,113,17300,57.76949662291524
hill_climbing,rastrigin,113,17400,57.76949662291524
hill_climbing,rastrigin,113,17500,57.76949662291524
hill_climbing,rastrigin,113,17600,57.76949662291524
hill_climbing,rastrigin,113,17700,57.76949662291524
hill_climbing,rastrigin,113,17800,57.76949662291524
hill_climbing,rastrigin,113,17900,57.76949662291524
hill_climbing,rastrigin,113,18000,57.76949662291524
hill_climbing,rastrigin,113,18100,57.76949662291524
hill_climbing,rastrigin,113,18200,57.76949662291524
hill_climbing,rastrigin,113,18300,57.76949662291524
hill_climbing,rastrigin,113,18400,57.76949662291524
hill_climbing,rastrigin,113,18500,57.76949662291524
hill_climbing,rastrigin,113,18600,57.76949662291524
hill_climbing,rastrigin,113,18700,57.76949662291524
hill_climbing,rastrigin,113,18800,57.76949662291524
hill_climbing,rastrigin,113,18900,57.76949662291524
hill_climbing,rastrigin,113,19000,57.76949662291524
hill_climbing,rastrigin,113,19100,57.76949662291524
hill_climbing,rastrigin,113,19200,57.76949662291524
hill_climbing,rastrigin,113,19300,57.76949662291524
hill_climbing,rastrigin,113,19400,57.76949662291524
hill_climbing,rastrigin,113,19500,57.76949662291524
hill_climbing,rastrigin,113,19600,57.76949662291524
hill_climbing,rastrigin,113,19700,57.76949662291524
hill_climbing,rastrigin,113,19800,57.76949662291524
hill_climbing,rastrigin,113,19900,57.76949662291524
hill_climbing,rastrigin,113,20000,57.76949662291524
hill_climbing,rastrigin,114,100,113.82281349268293
hill_climbing,rastrigin,114,200,111.35809903949686
hill_climbing,rastrigin,114,300,111.35809903949686
hill_climbing,rastrigin,114,400,90.54192698664075
hill_climbing,rastrigin,114,500,90.54192698664075
hill_climbing,rastrigin,114,600,90.54192698664075
hill_climbing,rastrigin,114,700,90.54192698664075
hill_climbing,rastrigin,114,800,90.54192698664075
hill_climbing,rastrigin,114,900,90.54192698664075
hill_climbing,rastrigin,114,1000,90.54192698664075
hill_climbing,rastrigin,114,1100,90.54192698664075
hill_climbing,rastrigin,114,1200,90.54192698664075
hill_climbing,rastrigin,114,1300,90.54192698664075
hill_climbing,rastrigin,114,1400,90.54192698664075
hill_climbing,rastrigin,114,1500,90.54192698664075
hill_climbing,rastrigin,114,1600,90.54192698664075
hill_climbing,rastrigin,114,1700,90.54192698664075
hill_climbing,rastrigin,114,1800,90.54192698664075
hill_climbing,rastrigin,114,1900,90.54192698664075
hill_climbing,rastrigin,114,2000,90.54192698664075
hill_climbing,rastrigin,114,2100,90.54192698664075
hill_climbing,rastrigin,114,2200,90.54192698664075
hill_climbing,rastrigin,114,2300,90.54192698664075
hill_climbing,rastrigin,114,2400,90.54192698664075
hill_climbing,rastrigin,114,2500,90.54192698664075
hill_climbing,rastrigin,114,2600,90.54192698664075
hill_climbing,rastrigin,114,2700,90.54192698664075
hill_climbing,rastrigin,114,2800,90.54192698664075
hill_climbing,rastrigin,114,2900,90.54192698664075
hill_climbing,rastrigin,114,3000,77.97830367874906
hill_climbing,rastrigin,114,3100,77.97830367874906
hill_climbing,rastrigin,114,3200,77.97830367874906
hill_climbing,rastrigin,114,3300,77.97830367874906
hill_climbing,rastrigin,114,3400,77.97830367874906
hill_climbing,rastrigin,114,3500,77.97830367874906
hill_climbing,rastrigin,114,3600,77.97830367874906
hill_climbing,rastrigin,114,3700,77.97830367874906
hill_climbing,rastrigin,114,3800,77.97830367874906
hill_climbing,rastrigin,114,3900,77.97830367874906
hill_climbing,rastrigin,114,4000,77.97830367874906
hill_climbing,rastrigin,114,4100,77.97830367874906
hill_climbing,rastrigin,114,4200,77.97830367874906
hill_climbing,rastrigin,114,4300,77.97830367874906
hill_climbing,rastrigin,114,4400,77.97830367874906
hill_climbing,rastrigin,114,4500,77.97830367874906
hill_climbing,rastrigin,114,4600,72.16713317447764
hill_climbing,rastrigin,114,4700,72.16713317447764
hill_climbing,rastrigin,114,4800,72.16713317447764
hill_climbing,rastrigin,114,4900,72.16713317447764
hill_climbing,rastrigin,114,5000,72.16713317447764
hill_climbing,rastrigin,114,5100,72.16713317447764
hill_climbing,rastrigin,114,5200,72.16713317447764
hill_climbing,rastrigin,114,5300,72.16713317447764
hill_climbing,rastrigin,114,5400,72.16713317447764
hill_climbing,rastrigin,114,5500,72.16713317447764
hill_climbing,rastrigin,114,5600,72.16713317447764
hill_climbing,rastrigin,114,5700,72.16713317447764
hill_climbing,rastrigin,114,5800,72.16713317447764
hill_climbing,rastrigin,114,5900,72.16713317447764
hill_climbing,rastrigin,114,6000,72.16713317447764
hill_climbing,rastrigin,114,6100,72.16713317447764
hill_climbing,rastrigin,114,6200,72.16713317447764
hill_climbing,rastrigin,114,6300,72.16713317447764
hill_climbing,rastrigin,114,6400,72.16713317447764
hill_climbing,rastrigin,114,6500,72.16713317447764
hill_climbing,rastrigin,114,6600,72.16713317447764
hill_climbing,rastrigin,114,6700,72.16713317447764
hill_climbing,rastrigin,114,6800,72.16713317447764
hill_climbing,rastrigin,114,6900,72.16713317447764
hill_climbing,rastrigin,114,7000,72.16713317447764
hill_climbing,rastrigin,114,7100,72.16713317447764
hill_climbing,rastrigin,114,7200,72.16713317447764
hill_climbing,rastrigin,114,7300,72.16713317447764
hill_climbing,rastrigin,114,7400,72.16713317447764
hill_climbing,rastrigin,114,7500,72.16713317447764
hill_climbing,rastrigin,114,7600,72.16713317447764
hill_climbing,rastrigin,114,7700,72.16713317447764
hill_climbing,rastrigin,114,7800,72.16713317447764
hill_climbing,rastrigin,114,7900,72.16713317447764
hill_climbing,rastrigin,114,8000,72.16713317447764
hill_climbing,rastrigin,114,8100,72.16713317447764
hill_climbing,rastrigin,114,8200,65.73896522609027
hill_climbing,rastrigin,114,8300,65.73896522609027
hill_climbing,rastrigin,114,8400,65.73896522609027
hill_climbing,rastrigin,114,8500,65.73896522609027
hill_climbing,rastrigin,114,8600,65.73896522609027
hill_climbing,rastrigin,114,8700,65.73896522609027
hill_climbing,rastrigin,114,8800,65.73896522609027
hill_climbing,rastrigin,114,8900,65.73896522609027
hill_climbing,rastrigin,114,9000,65.73896522609027
hill_climbing,rastrigin,114,9100,65.73896522609027
hill_climbing,rastrigin,114,9200,65.73896522609027
hill_climbing,rastrigin,114,9300,65.73896522609027
hill_climbing,rastrigin,114,9400,65.73896522609027
hill_climbing,rastrigin,114,9500,65.73896522609027
hill_climbing,rastrigin,114,9600,65.73896522609027
hill_climbing,rastrigin,114,9700,65.73896522609027
hill_climbing,rastrigin,114,9800,65.73896522609027
hill_climbing,rastrigin,114,9900,65.73896522609027
hill_climbing,rastrigin,114,10000,65.73896522609027
hill_climbing,rastrigin,114,10100,65.73896522609027
hill_climbing,rastrigin,114,10200,65.73896522609027
hill_climbing,rastrigin,114,10300,65.73896522609027
hill_climbing,rastrigin,114,10400,65.73896522609027
hill_climbing,rastrigin,114,10500,65.73896522609027
hill_climbing,rastrigin,114,10600,65.73896522609027
hill_climbing,rastrigin,114,10700,65.73896522609027
hill_climbing,rastrigin,114,10800,65.73896522609027
hill_climbing,rastrigin,114,10900,65.73896522609027
hill_climbing,rastrigin,114,11000,65.73896522609027
hill_climbing,rastrigin,114,11100,65.73896522609027
hill_climbing,rastrigin,114,11200,65.73896522609027
hill_climbing,rastrigin,114,11300,65.73896522609027
hill_climbing,rastrigin,114,11400,65.73896522609027
hill_climbing,rastrigin,114,11500,65.73896522609027
hill_climbing,rastrigin,114,11600,65.73896522609027
hill_climbing,rastrigin,114,11700,65.73896522609027
hill_climbing,rastrigin,114,11800,64.65652087355792
hill_climbing,rastrigin,114,11900,64.65652087355792
hill_climbing,rastrigin,114,12000,64.65652087355792
hill_climbing,rastrigin,114,12100,64.65652087355792
hill_climbing,rastrigin,114,12200,64.65652087355792
hill_climbing,rastrigin,114,12300,64.65652087355792
hill_climbing,rastrigin,114,12400,64.65652087355792
hill_climbing,rastrigin,114,12500,64.65652087355792
hill_climbing,rastrigin,114,12600,64.65652087355792
hill_climbing,rastrigin,114,12700,64.65652087355792
hill_climbing,rastrigin,114,12800,64.65652087355792
hill_climbing,rastrigin,114,12900,64.65652087355792
hill_climbing,rastrigin,114,13000,64.65652087355792
hill_climbing,rastrigin,114,13100,64.65652087355792
hill_climbing,rastrigin,114,13200,64.65652087355792
hill_climbing,rastrigin,114,13300,64.65652087355792
hill_climbing,rastrigin,114,13400,64.65652087355792
hill_climbing,rastrigin,114,13500,64.65652087355792
hill_climbing,rastrigin,114,13600,64.65652087355792
hill_climbing,rastrigin,114,13700,64.65652087355792
hill_climbing,rastrigin,114,13800,64.65652087355792
hill_climbing,rastrigin,114,13900,64.65652087355792
hill_climbing,rastrigin,114,14000,64.65652087355792
hill_climbing,rastrigin,114,14100,64.65652087355792
hill_climbing,rastrigin,114,14200,64.65652087355792
hill_climbing,rastrigin,114,14300,64.65652087355792
hill_climbing,rastrigin,114,14400,64.65652087355792
hill_climbing,rastrigin,114,14500,64.65652087355792
hill_climbing,rastrigin,114,14600,64.65652087355792
hill_climbing,rastrigin,114,14700,64.65652087355792
hill_climbing,rastrigin,114,14800,64.65652087355792
hill_climbing,rastrigin,114,14900,64.65652087355792
hill_climbing,rastrigin,114,15000,64.65652087355792
hill_climbing,rastrigin,114,15100,64.65652087355792
hill_climbing,rastrigin,114,15200,64.65652087355792
hill_climbing,rastrigin,114,15300,64.65652087355792
hill_climbing,rastrigin,114,15400,64.65652087355792
hill_climbing,rastrigin,114,15500,64.65652087355792
hill_climbing,rastrigin,114,15600,64.65652087355792
hill_climbing,rastrigin,114,15700,64.65652087355792
hill_climbing,rastrigin,114,15800,64.65652087355792
hill_climbing,rastrigin,114,15900,64.65652087355792
hill_climbing,rastrigin,114,16000,64.65652087355792
hill_climbing,rastrigin,114,16100,64.65652087355792
hill_climbing,rastrigin,114,16200,64.65652087355792
hill_climbing,rastrigin,114,16300,64.65652087355792
hill_climbing,rastrigin,114,16400,64.65652087355792
hill_climbing,rastrigin,114,16500,64.65652087355792
hill_climbing,rastrigin,114,16600,64.65652087355792
hill_climbing,rastrigin,114,16700,64.65652087355792
hill_climbing,rastrigin,114,16800,64.65652087355792
hill_climbing,rastrigin,114,16900,64.65652087355792
hill_climbing,rastrigin,114,17000,64.65652087355792
hill_climbing,rastrigin,114,17100,64.65652087355792
hill_climbing,rastrigin,114,17200,64.65652087355792
hill_climbing,rastrigin,114,17300,64.65652087355792
hill_climbing,rastrigin,114,17400,64.65652087355792
hill_climbing,rastrigin,114,17500,64.65652087355792
hill_climbing,rastrigin,114,17600,64.65652087355792
hill_climbing,rastrigin,114,17700,64.65652087355792
hill_climbing,rastrigin,114,17800,64.65652087355792
hill_climbing,rastrigin,114,17900,64.65652087355792
hill_climbing,rastrigin,114,18000,64.65652087355792
hill_climbing,rastrigin,114,18100,64.65652087355792
hill_climbing,rastrigin,114,18200,64.65652087355792
hill_climbing,rastrigin,114,18300,64.65652087355792
hill_climbing,rastrigin,114,18400,64.65652087355792
hill_climbing,rastrigin,114,18500,64.65652087355792
hill_climbing,rastrigin,114,18600,64.65652087355792
hill_climbing,rastrigin,114,18700,64.65652087355792
hill_climbing,rastrigin,114,18800,64.65652087355792
hill_climbing,rastrigin,114,18900,64.65652087355792
hill_climbing,rastrigin,114,19000,64.65652087355792
hill_climbing,rastrigin,114,19100,64.65652087355792
hill_climbing,rastrigin,114,19200,64.65652087355792
hill_climbing,rastrigin,114,19300,64.65652087355792
hill_climbing,rastrigin,114,19400,64.65652087355792
hill_climbing,rastrigin,114,19500,64.65652087355792
hill_climbing,rastrigin,114,19600,64.65652087355792
hill_climbing,rastrigin,114,19700,64.65652087355792
hill_climbing,rastrigin,114,19800,64.65652087355792
hill_climbing,rastrigin,114,19900,64.65652087355792
hill_climbing,rastrigin,114,20000,64.65652087355792
hill_climbing,rastrigin,115,100,121.08388235769237
hill_climbing,rastrigin,115,200,98.15423181583851
hill_climbing,rastrigin,115,300,98.15423181583851
hill_climbing,rastrigin,115,400,98.15423181583851
hill_climbing,rastrigin,115,500,98.15423181583851
hill_climbing,rastrigin,115,600,98.15423181583851
hill_climbing,rastrigin,115,700,98.15423181583851
hill_climbing,rastrigin,115,800,98.15423181583851
hill_climbing,rastrigin,115,900,98.15423181583851
hill_climbing,rastrigin,115,1000,98.15423181583851
hill_climbing,rastrigin,115,1100,98.15423181583851
hill_climbing,rastrigin,115,1200,98.15423181583851
hill_climbing,rastrigin,115,1300,98.15423181583851
hill_climbing,rastrigin,115,1400,98.15423181583851
hill_climbing,rastrigin,115,1500,98.15423181583851
hill_climbing,rastrigin,115,1600,98.15423181583851
hill_climbing,rastrigin,115,1700,98.15423181583851
hill_climbing,rastrigin,115,1800,90.28280676362728
hill_climbing,rastrigin,115,1900,90.28280676362728
hill_climbing,rastrigin,115,2000,90.28280676362728
hill_climbing,rastrigin,115,2100,90.28280676362728
hill_climbing,rastrigin,115,2200,90.28280676362728
hill_climbing,rastrigin,115,2300,90.28280676362728
hill_climbing,rastrigin,115,2400,90.28280676362728
hill_climbing,rastrigin,115,2500,90.28280676362728
hill_climbing,rastrigin,115,2600,74.24396658703826
hill_climbing,rastrigin,115,2700,74.24396658703826
hill_climbing,rastrigin,115,2800,74.24396658703826
hill_climbing,rastrigin,115,2900,74.24396658703826
hill_climbing,rastrigin,115,3000,74.24396658703826
hill_climbing,rastrigin,115,3100,74.24396658703826
hill_climbing,rastrigin,115,3200,74.24396658703826
hill_climbing,rastrigin,115,3300,74.24396658703826
hill_climbing,rastrigin,115,3400,74.24396658703826
hill_climbing,rastrigin,115,3500,74.24396658703826
hill_climbing,rastrigin,115,3600,74.24396658703826
hill_climbing,rastrigin,115,3700,74.24396658703826
hill_climbing,rastrigin,115,3800,74.24396658703826
hill_climbing,rastrigin,115,3900,74.24396658703826
hill_climbing,rastrigin,115,4000,74.24396658703826
hill_climbing,rastrigin,115,4100,74.24396658703826
hill_climbing,rastrigin,115,4200,74.24396658703826
hill_climbing,rastrigin,115,4300,74.24396658703826
hill_climbing,rastrigin,115,4400,74.24396658703826
hill_climbing,rastrigin,115,4500,74.24396658703826
hill_climbing,rastrigin,115,4600,74.24396658703826
hill_climbing,rastrigin,115,4700,74.24396658703826
hill_climbing,rastrigin,115,4800,74.24396658703826
hill_climbing,rastrigin,115,4900,74.24396658703826
hill_climbing,rastrigin,115,5000,74.24396658703826
hill_climbing,rastrigin,115,5100,74.24396658703826
hill_climbing,rastrigin,115,5200,74.24396658703826
hill_climbing,rastrigin,115,5300,74.24396658703826
hill_climbing,rastrigin,115,5400,74.24396658703826
hill_climbing,rastrigin,115,5500,74.24396658703826
hill_climbing,rastrigin,115,5600,74.24396658703826
hill_climbing,rastrigin,115,5700,74.24396658703826
hill_climbing,rastrigin,115,5800,74.24396658703826
hill_climbing,rastrigin,115,5900,74.24396658703826
hill_climbing,rastrigin,115,6000,74.24396658703826
hill_climbing,rastrigin,115,6100,74.24396658703826
hill_climbing,rastrigin,115,6200,74.24396658703826
hill_climbing,rastrigin,115,6300,74.24396658703826
hill_climbing,rastrigin,115,6400,74.24396658703826
hill_climbing,rastrigin,115,6500,74.24396658703826
hill_climbing,rastrigin,115,6600,74.24396658703826
hill_climbing,rastrigin,115,6700,74.24396658703826
hill_climbing,rastrigin,115,6800,74.24396658703826
hill_climbing,rastrigin,115,6900,74.24396658703826
hill_climbing,rastrigin,115,7000,74.24396658703826
hill_climbing,rastrigin,115,7100,74.24396658703826
hill_climbing,rastrigin,115,7200,74.24396658703826
hill_climbing,rastrigin,115,7300,74.24396658703826
hill_climbing,rastrigin,115,7400,74.24396658703826
hill_climbing,rastrigin,115,7500,74.24396658703826
hill_climbing,rastrigin,115,7600,74.24396658703826
hill_climbing,rastrigin,115,7700,74.24396658703826
hill_climbing,rastrigin,115,7800,74.24396658703826
hill_climbing,rastrigin,115,7900,74.24396658703826
hill_climbing,rastrigin,115,8000,74.24396658703826
hill_climbing,rastrigin,115,8100,74.24396658703826
hill_climbing,rastrigin,115,8200,74.24396658703826
hill_climbing,rastrigin,115,8300,74.24396658703826
hill_climbing,rastrigin,115,8400,74.24396658703826
hill_climbing,rastrigin,115,8500,74.24396658703826
hill_climbing,rastrigin,115,8600,74.24396658703826
hill_climbing,rastrigin,115,8700,74.24396658703826
hill_climbing,rastrigin,115,8800,74.24396658703826
hill_climbing,rastrigin,115,8900,74.24396658703826
hill_climbing,rastrigin,115,9000,74.24396658703826
hill_climbing,rastrigin,115,9100,74.24396658703826
hill_climbing,rastrigin,115,9200,74.24396658703826
hill_climbing,rastrigin,115,9300,74.24396658703826
hill_climbing,rastrigin,115,9400,74.24396658703826
hill_climbing,rastrigin,115,9500,74.24396658703826
hill_climbing,rastrigin,115,9600,74.24396658703826
hill_climbing,rastrigin,115,9700,74.24396658703826
hill_climbing,rastrigin,115,9800,74.24396658703826
hill_climbing,rastrigin,115,9900,74.24396658703826
hill_climbing,rastrigin,115,10000,74.24396658703826
hill_climbing,rastrigin,115,10100,74.24396658703826
hill_climbing,rastrigin,115,10200,74.24396658703826
hill_climbing,rastrigin,115,10300,74.24396658703826
hill_climbing,rastrigin,115,10400,74.24396658703826
hill_climbing,rastrigin,115,10500,74.24396658703826
hill_climbing,rastrigin,115,10600,74.24396658703826
hill_climbing,rastrigin,115,10700,74.24396658703826
hill_climbing,rastrigin,115,10800,74.24396658703826
hill_climbing,rastrigin,115,10900,74.24396658703826
hill_climbing,rastrigin,115,11000,74.24396658703826
hill_climbing,rastrigin,115,11100,74.24396658703826
hill_climbing,rastrigin,115,11200,74.24396658703826
hill_climbing,rastrigin,115,11300,74.24396658703826
hill_climbing,rastrigin,115,11400,74.24396658703826
hill_climbing,rastrigin,115,11500,74.24396658703826
hill_climbing,rastrigin,115,11600,74.24396658703826
hill_climbing,rastrigin,115,11700,71.09053215262813
hill_climbing,rastrigin,115,11800,71.09053215262813
hill_climbing,rastrigin,115,11900,71.09053215262813
hill_climbing,rastrigin,115,12000,71.09053215262813
hill_climbing,rastrigin,115,12100,71.09053215262813
hill_climbing,rastrigin,115,12200,65.94397893787715
hill_climbing,rastrigin,115,12300,65.94397893787715
hill_climbing,rastrigin,115,12400,65.94397893787715
hill_climbing,rastrigin,115,12500,65.94397893787715
hill_climbing,rastrigin,115,12600,65.94397893787715
hill_climbing,rastrigin,115,12700,65.94397893787715
hill_climbing,rastrigin,115,12800,65.94397893787715
hill_climbing,rastrigin,115,12900,65.94397893787715
hill_climbing,rastrigin,115,13000,65.94397893787715
hill_climbing,rastrigin,115,13100,65.94397893787715
hill_climbing,rastrigin,115,13200,65.94397893787715
hill_climbing,rastrigin,115,13300,65.94397893787715
hill_climbing,rastrigin,115,13400,65.94397893787715
hill_climbing,rastrigin,115,13500,65.94397893787715
hill_climbing,rastrigin,115,13600,65.94397893787715
hill_climbing,rastrigin,115,13700,65.94397893787715
hill_climbing,rastrigin,115,13800,65.94397893787715
hill_climbing,rastrigin,115,13900,65.94397893787715
hill_climbing,rastrigin,115,14000,65.94397893787715
hill_climbing,rastrigin,115,14100,65.94397893787715
hill_climbing,rastrigin,115,14200,65.94397893787715
hill_climbing,rastrigin,115,14300,65.94397893787715
hill_climbing,rastrigin,115,14400,65.94397893787715
hill_climbing,rastrigin,115,14500,65.94397893787715
hill_climbing,rastrigin,115,14600,65.94397893787715
hill_climbing,rastrigin,115,14700,65.94397893787715
hill_climbing,rastrigin,115,14800,65.94397893787715
hill_climbing,rastrigin,115,14900,65.94397893787715
hill_climbing,rastrigin,115,15000,65.94397893787715
hill_climbing,rastrigin,115,15100,65.94397893787715
hill_climbing,rastrigin,115,15200,65.94397893787715
hill_climbing,rastrigin,115,15300,65.94397893787715
hill_climbing,rastrigin,115,15400,65.94397893787715
hill_climbing,rastrigin,115,15500,65.94397893787715
hill_climbing,rastrigin,115,15600,65.94397893787715
hill_climbing,rastrigin,115,15700,65.94397893787715
hill_climbing,rastrigin,115,15800,65.94397893787715
hill_climbing,rastrigin,115,15900,65.94397893787715
hill_climbing,rastrigin,115,16000,65.94397893787715
hill_climbing,rastrigin,115,16100,65.94397893787715
hill_climbing,rastrigin,115,16200,65.94397893787715
hill_climbing,rastrigin,115,16300,65.94397893787715
hill_climbing,rastrigin,115,16400,65.94397893787715
hill_climbing,rastrigin,115,16500,65.94397893787715
hill_climbing,rastrigin,115,16600,65.94397893787715
hill_climbing,rastrigin,115,16700,65.94397893787715
hill_climbing,rastrigin,115,16800,65.94397893787715
hill_climbing,rastrigin,115,16900,65.94397893787715
hill_climbing,rastrigin,115,17000,65.94397893787715
hill_climbing,rastrigin,115,17100,65.94397893787715
hill_climbing,rastrigin,115,17200,65.94397893787715
hill_climbing,rastrigin,115,17300,65.94397893787715
hill_climbing,rastrigin,115,17400,65.94397893787715
hill_climbing,rastrigin,115,17500,65.94397893787715
hill_climbing,rastrigin,115,17600,65.94397893787715
hill_climbing,rastrigin,115,17700,65.94397893787715
hill_climbing,rastrigin,115,17800,65.94397893787715
hill_climbing,rastrigin,115,17900,65.94397893787715
hill_climbing,rastrigin,115,18000,65.94397893787715
hill_climbing,rastrigin,115,18100,65.94397893787715
hill_climbing,rastrigin,115,18200,65.94397893787715
hill_climbing,rastrigin,115,18300,65.94397893787715
hill_climbing,rastrigin,115,18400,65.94397893787715
hill_climbing,rastrigin,115,18500,65.94397893787715
hill_climbing,rastrigin,115,18600,65.94397893787715
hill_climbing,rastrigin,115,18700,65.94397893787715
hill_climbing,rastrigin,115,18800,65.94397893787715
hill_climbing,rastrigin,115,18900,65.94397893787715
hill_climbing,rastrigin,115,19000,65.94397893787715
hill_climbing,rastrigin,115,19100,65.94397893787715
hill_climbing,rastrigin,115,19200,65.94397893787715
hill_climbing,rastrigin,115,19300,65.94397893787715
hill_climbing,rastrigin,115,19400,65.94397893787715
hill_climbing,rastrigin,115,19500,65.94397893787715
hill_climbing,rastrigin,115,19600,65.94397893787715
hill_climbing,rastrigin,115,19700,65.94397893787715
hill_climbing,rastrigin,115,19800,65.94397893787715
hill_climbing,rastrigin,115,19900,65.94397893787715
hill_climbing,rastrigin,115,20000,65.94397893787715
hill_climbing,rastrigin,116,100,116.40908267963248
hill_climbing,rastrigin,116,200,112.05147656009487
hill_climbing,rastrigin,116,300,98.81869209381598
hill_climbing,rastrigin,116,400,93.90039675013303
hill_climbing,rastrigin,116,500,93.90039675013303
hill_climbing,rastrigin,116,600,93.90039675013303
hill_climbing,rastrigin,116,700,93.90039675013303
hill_climbing,rastrigin,116,800,93.90039675013303
hill_climbing,rastrigin,116,900,93.90039675013303
hill_climbing,rastrigin,116,1000,93.90039675013303
hill_climbing,rastrigin,116,1100,93.90039675013303
hill_climbing,rastrigin,116,1200,93.90039675013303
hill_climbing,rastrigin,116,1300,93.90039675013303
hill_climbing,rastrigin,116,1400,93.90039675013303
hill_climbing,rastrigin,116,1500,92.75986035398032
hill_climbing,rastrigin,116,1600,92.75986035398032
hill_climbing,rastrigin,116,1700,92.75986035398032
hill_climbing,rastrigin,116,1800,92.75986035398032
hill_climbing,rastrigin,116,1900,92.75986035398032
hill_climbing,rastrigin,116,2000,92.75986035398032
hill_climbing,rastrigin,116,2100,92.75986035398032
hill_climbing,rastrigin,116,2200,92.75986035398032
hill_climbing,rastrigin,116,2300,92.75986035398032
hill_climbing,rastrigin,116,2400,84.3815891468693
hill_climbing,rastrigin,116,2500,84.3815891468693
hill_climbing,rastrigin,116,2600,84.3815891468693
hill_climbing,rastrigin,116,2700,84.3815891468693
hill_climbing,rastrigin,116,2800,84.3815891468693
hill_climbing,rastrigin,116,2900,84.3815891468693
hill_climbing,rastrigin,116,3000,84.3815891468693
hill_climbing,rastrigin,116,3100,84.3815891468693
hill_climbing,rastrigin,116,3200,84.3815891468693
hill_climbing,rastrigin,116,3300,84.3815891468693
hill_climbing,rastrigin,116,3400,84.3815891468693
hill_climbing,rastrigin,116,3500,84.3815891468693
hill_climbing,rastrigin,116,3600,84.3815891468693
hill_climbing,rastrigin,116,3700,84.3815891468693
hill_climbing,rastrigin,116,3800,84.3815891468693
hill_climbing,rastrigin,116,3900,84.3815891468693
hill_climbing,rastrigin,116,4000,84.3815891468693
hill_climbing,rastrigin,116,4100,84.3815891468693
hill_climbing,rastrigin,116,4200,84.3815891468693
hill_climbing,rastrigin,116,4300,84.3815891468693
hill_climbing,rastrigin,116,4400,84.3815891468693
hill_climbing,rastrigin,116,4500,84.3815891468693
hill_climbing,rastrigin,116,4600,84.3815891468693
hill_climbing,rastrigin,116,4700,84.3815891468693
hill_climbing,rastrigin,116,4800,84.3815891468693
hill_climbing,rastrigin,116,4900,84.3815891468693
hill_climbing,rastrigin,116,5000,84.3815891468693
hill_climbing,rastrigin,116,5100,84.3815891468693
hill_climbing,rastrigin,116,5200,84.3815891468693
hill_climbing,rastrigin,116,5300,84.3815891468693
hill_climbing,rastrigin,116,5400,84.3815891468693
hill_climbing,rastrigin,116,5500,84.3815891468693
hill_climbing,rastrigin,116,5600,84.3815891468693
hill_climbing,rastrigin,116,5700,84.3815891468693
hill_climbing,rastrigin,116,5800,84.3815891468693
hill_climbing,rastrigin,116,5900,84.3815891468693
hill_climbing,rastrigin,116,6000,84.3815891468693
hill_climbing,rastrigin,116,6100,84.3815891468693
hill_climbing,rastrigin,116,6200,84.3815891468693
hill_climbing,rastrigin,116,6300,84.3815891468693
hill_climbing,rastrigin,116,6400,84.3815891468693
hill_climbing,rastrigin,116,6500,84.3815891468693
hill_climbing,rastrigin,116,6600,84.3815891468693
hill_climbing,rastrigin,116,6700,84.3815891468693
hill_climbing,rastrigin,116,6800,84.3815891468693
hill_climbing,rastrigin,116,6900,84.3815891468693
hill_climbing,rastrigin,116,7000,84.3815891468693
hill_climbing,rastrigin,116,7100,84.3815891468693
hill_climbing,rastrigin,116,7200,84.3815891468693
hill_climbing,rastrigin,116,7300,84.3815891468693
hill_climbing,rastrigin,116,7400,84.3815891468693
hill_climbing,rastrigin,116,7500,84.3815891468693
hill_climbing,rastrigin,116,7600,84.3815891468693
hill_climbing,rastrigin,116,7700,77.358755538896
hill_climbing,rastrigin,116,7800,77.358755538896
hill_climbing,rastrigin,116,7900,77.358755538896
hill_climbing,rastrigin,116,8000,77.358755538896
hill_climbing,rastrigin,116,8100,77.358755538896
hill_climbing,rastrigin,116,8200,77.358755538896
hill_climbing,rastrigin,116,8300,77.358755538896
hill_climbing,rastrigin,116,8400,77.358755538896
hill_climbing,rastrigin,116,8500,77.358755538896
hill_climbing,rastrigin,116,8600,77.358755538896
hill_climbing,rastrigin,116,8700,77.358755538896
hill_climbing,rastrigin,116,8800,77.358755538896
hill_climbing,rastrigin,116,8900,77.358755538896
hill_climbing,rastrigin,116,9000,77.358755538896
hill_climbing,rastrigin,116,9100,77.358755538896
hill_climbing,rastrigin,116,9200,77.358755538896
hill_climbing,rastrigin,116,9300,77.358755538896
hill_climbing,rastrigin,116,9400,77.358755538896
hill_climbing,rastrigin,116,9500,77.358755538896
hill_climbing,rastrigin,116,9600,77.358755538896
hill_climbing,rastrigin,116,9700,77.358755538896
hill_climbing,rastrigin,116,9800,77.358755538896
hill_climbing,rastrigin,116,9900,77.358755538896
hill_climbing,rastrigin,116,10000,77.358755538896
hill_climbing,rastrigin,116,10100,77.358755538896
hill_climbing,rastrigin,116,10200,77.358755538896
hill_climbing,rastrigin,116,10300,77.358755538896
hill_climbing,rastrigin,116,10400,77.358755538896
hill_climbing,rastrigin,116,10500,77.358755538896
hill_climbing,rastrigin,116,10600,77.358755538896
hill_climbing,rastrigin,116,10700,77.358755538896
hill_climbing,rastrigin,116,10800,77.358755538896
hill_climbing,rastrigin,116,10900,77.358755538896
hill_climbing,rastrigin,116,11000,77.358755538896
hill_climbing,rastrigin,116,11100,77.358755538896
hill_climbing,rastrigin,116,11200,77.358755538896
hill_climbing,rastrigin,116,11300,77.358755538896
hill_climbing,rastrigin,116,11400,77.358755538896
hill_climbing,rastrigin,116,11500,77.358755538896
hill_climbing,rastrigin,116,11600,77.358755538896
hill_climbing,rastrigin,116,11700,77.358755538896
hill_climbing,rastrigin,116,11800,77.358755538896
hill_climbing,rastrigin,116,11900,77.358755538896
hill_climbing,rastrigin,116,12000,77.358755538896
hill_climbing,rastrigin,116,12100,77.358755538896
hill_climbing,rastrigin,116,12200,77.358755538896
hill_climbing,rastrigin,116,12300,77.358755538896
hill_climbing,rastrigin,116,12400,77.358755538896
hill_climbing,rastrigin,116,12500,77.358755538896
hill_climbing,rastrigin,116,12600,77.358755538896
hill_climbing,rastrigin,116,12700,77.358755538896
hill_climbing,rastrigin,116,12800,77.358755538896
hill_climbing,rastrigin,116,12900,77.358755538896
hill_climbing,rastrigin,116,13000,77.358755538896
hill_climbing,rastrigin,116,13100,77.358755538896
hill_climbing,rastrigin,116,13200,77.358755538896
hill_climbing,rastrigin,116,13300,77.358755538896
hill_climbing,rastrigin,116,13400,77.358755538896
hill_climbing,rastrigin,116,13500,77.358755538896
hill_climbing,rastrigin,116,13600,77.358755538896
hill_climbing,rastrigin,116,13700,77.358755538896
hill_climbing,rastrigin,116,13800,77.358755538896
hill_climbing,rastrigin,116,13900,77.358755538896
hill_climbing,rastrigin,116,14000,77.358755538896
hill_climbing,rastrigin,116,14100,77.358755538896
hill_climbing,rastrigin,116,14200,77.358755538896
hill_climbing,rastrigin,116,14300,77.358755538896
hill_climbing,rastrigin,116,14400,77.358755538896
hill_climbing,rastrigin,116,14500,77.358755538896
hill_climbing,rastrigin,116,14600,77.358755538896
hill_climbing,rastrigin,116,14700,77.358755538896
hill_climbing,rastrigin,116,14800,77.358755538896
hill_climbing,rastrigin,116,14900,77.358755538896
hill_climbing,rastrigin,116,15000,77.358755538896
hill_climbing,rastrigin,116,15100,77.358755538896
hill_climbing,rastrigin,116,15200,77.358755538896
hill_climbing,rastrigin,116,15300,77.358755538896
hill_climbing,rastrigin,116,15400,77.358755538896
hill_climbing,rastrigin,116,15500,77.358755538896
hill_climbing,rastrigin,116,15600,77.358755538896
hill_climbing,rastrigin,116,15700,76.31231485092191
hill_climbing,rastrigin,116,15800,76.31231485092191
hill_climbing,rastrigin,116,15900,76.31231485092191
hill_climbing,rastrigin,116,16000,76.31231485092191
hill_climbing,rastrigin,116,16100,76.31231485092191
hill_climbing,rastrigin,116,16200,76.31231485092191
hill_climbing,rastrigin,116,16300,76.31231485092191
hill_climbing,rastrigin,116,16400,76.31231485092191
hill_climbing,rastrigin,116,16500,76.31231485092191
hill_climbing,rastrigin,116,16600,76.31231485092191
hill_climbing,rastrigin,116,16700,76.31231485092191
hill_climbing,rastrigin,116,16800,76.31231485092191
hill_climbing,rastrigin,116,16900,76.31231485092191
hill_climbing,rastrigin,116,17000,76.31231485092191
hill_climbing,rastrigin,116,17100,76.31231485092191
hill_climbing,rastrigin,116,17200,76.31231485092191
hill_climbing,rastrigin,116,17300,76.31231485092191
hill_climbing,rastrigin,116,17400,76.31231485092191
hill_climbing,rastrigin,116,17500,76.31231485092191
hill_climbing,rastrigin,116,17600,76.31231485092191
hill_climbing,rastrigin,116,17700,76.31231485092191
hill_climbing,rastrigin,116,17800,76.31231485092191
hill_climbing,rastrigin,116,17900,76.31231485092191
hill_climbing,rastrigin,116,18000,76.31231485092191
hill_climbing,rastrigin,116,18100,76.31231485092191
hill_climbing,rastrigin,116,18200,76.31231485092191
hill_climbing,rastrigin,116,18300,76.31231485092191
hill_climbing,rastrigin,116,18400,76.31231485092191
hill_climbing,rastrigin,116,18500,76.31231485092191
hill_climbing,rastrigin,116,18600,76.31231485092191
hill_climbing,rastrigin,116,18700,76.31231485092191
hill_climbing,rastrigin,116,18800,76.31231485092191
hill_climbing,rastrigin,116,18900,76.31231485092191
hill_climbing,rastrigin,116,19000,76.31231485092191
hill_climbing,rastrigin,116,19100,76.31231485092191
hill_climbing,rastrigin,116,19200,76.31231485092191
hill_climbing,rastrigin,116,19300,76.31231485092191
hill_climbing,rastrigin,116,19400,76.31231485092191
hill_climbing,rastrigin,116,19500,76.31231485092191
hill_climbing,rastrigin,116,19600,76.31231485092191
hill_climbing,rastrigin,116,19700,76.31231485092191
hill_climbing,rastrigin,116,19800,76.31231485092191
hill_climbing,rastrigin,116,19900,76.31231485092191
hill_climbing,rastrigin,116,20000,76.31231485092191
hill_climbing,rastrigin,117,100,88.30040171918972
hill_climbing,rastrigin,117,200,88.30040171918972
hill_climbing,rastrigin,117,300,88.30040171918972
hill_climbing,rastrigin,117,400,88.30040171918972
hill_climbing,rastrigin,117,500,88.30040171918972
hill_climbing,rastrigin,117,600,88.30040171918972
hill_climbing,rastrigin,117,700,88.30040171918972
hill_climbing,rastrigin,117,800,88.30040171918972
hill_climbing,rastrigin,117,900,88.30040171918972
hill_climbing,rastrigin,117,1000,88.30040171918972
hill_climbing,rastrigin,117,1100,88.30040171918972
hill_climbing,rastrigin,117,1200,88.30040171918972
hill_climbing,rastrigin,117,1300,88.30040171918972
hill_climbing,rastrigin,117,1400,88.30040171918972
hill_climbing,rastrigin,117,1500,88.30040171918972
hill_climbing,rastrigin,117,1600,88.30040171918972
hill_climbing,rastrigin,117,1700,88.30040171918972
hill_climbing,rastrigin,117,1800,88.30040171918972
hill_climbing,rastrigin,117,1900,88.30040171918972
hill_climbing,rastrigin,117,2000,88.30040171918972
hill_climbing,rastrigin,117,2100,88.30040171918972
hill_climbing,rastrigin,117,2200,88.30040171918972
hill_climbing,rastrigin,117,2300,88.30040171918972
hill_climbing,rastrigin,117,2400,88.30040171918972
hill_climbing,rastrigin,117,2500,88.30040171918972
hill_climbing,rastrigin,117,2600,77.31604410457533
hill_climbing,rastrigin,117,2700,77.31604410457533
hill_climbing,rastrigin,117,2800,77.31604410457533
hill_climbing,rastrigin,117,2900,72.64584031357697
hill_climbing,rastrigin,117,3000,72.64584031357697
hill_climbing,rastrigin,117,3100,72.64584031357697
hill_climbing,rastrigin,117,3200,72.64584031357697
hill_climbing,rastrigin,117,3300,72.64584031357697
hill_climbing,rastrigin,117,3400,72.64584031357697
hill_climbing,rastrigin,117,3500,72.64584031357697
hill_climbing,rastrigin,117,3600,72.64584031357697
hill_climbing,rastrigin,117,3700,72.64584031357697
hill_climbing,rastrigin,117,3800,72.64584031357697
hill_climbing,rastrigin,117,3900,72.64584031357697
hill_climbing,rastrigin,117,4000,72.64584031357697
hill_climbing,rastrigin,117,4100,72.64584031357697
hill_climbing,rastrigin,117,4200,72.64584031357697
hill_climbing,rastrigin,117,4300,72.64584031357697
hill_climbing,rastrigin,117,4400,72.64584031357697
hill_climbing,rastrigin,117,4500,72.64584031357697
hill_climbing,rastrigin,117,4600,72.64584031357697
hill_climbing,rastrigin,117,4700,72.64584031357697
hill_climbing,rastrigin,117,4800,72.64584031357697
hill_climbing,rastrigin,117,4900,72.64584031357697
hill_climbing,rastrigin,117,5000,72.64584031357697
hill_climbing,rastrigin,117,5100,72.64584031357697
hill_climbing,rastrigin,117,5200,72.64584031357697
hill_climbing,rastrigin,117,5300,72.64584031357697
hill_climbing,rastrigin,117,5400,72.64584031357697
hill_climbing,rastrigin,117,5500,72.64584031357697
hill_climbing,rastrigin,117,5600,72.64584031357697
hill_climbing,rastrigin,117,5700,72.64584031357697
hill_climbing,rastrigin,117,5800,72.64584031357697
hill_climbing,rastrigin,117,5900,72.64584031357697
hill_climbing,rastrigin,117,6000,72.64584031357697
hill_climbing,rastrigin,117,6100,72.64584031357697
hill_climbing,rastrigin,117,6200,72.64584031357697
hill_climbing,rastrigin,117,6300,72.64584031357697
hill_climbing,rastrigin,117,6400,72.64584031357697
hill_climbing,rastrigin,117,6500,72.64584031357697
hill_climbing,rastrigin,117,6600,72.64584031357697
hill_climbing,rastrigin,117,6700,72.64584031357697
hill_climbing,rastrigin,117,6800,72.64584031357697
hill_climbing,rastrigin,117,6900,72.64584031357697
hill_climbing,rastrigin,117,7000,72.64584031357697
hill_climbing,rastrigin,117,7100,72.64584031357697
hill_climbing,rastrigin,117,7200,72.64584031357697
hill_climbing,rastrigin,117,7300,72.64584031357697
hill_climbing,rastrigin,117,7400,72.64584031357697
hill_climbing,rastrigin,117,7500,72.64584031357697
hill_climbing,rastrigin,117,7600,72.64584031357697
hill_climbing,rastrigin,117,7700,72.64584031357697
hill_climbing,rastrigin,117,7800,72.64584031357697
hill_climbing,rastrigin,117,7900,72.64584031357697
hill_climbing,rastrigin,117,8000,72.64584031357697
hill_climbing,rastrigin,117,8100,72.64584031357697
hill_climbing,rastrigin,117,8200,72.64584031357697
hill_climbing,rastrigin,117,8300,72.64584031357697
hill_climbing,rastrigin,117,8400,72.64584031357697
hill_climbing,rastrigin,117,8500,72.64584031357697
hill_climbing,rastrigin,117,8600,72.64584031357697
hill_climbing,rastrigin,117,8700,72.64584031357697
hill_climbing,rastrigin,117,8800,72.64584031357697
hill_climbing,rastrigin,117,8900,72.64584031357697
hill_climbing,rastrigin,117,9000,72.64584031357697
hill_climbing,rastrigin,117,9100,72.64584031357697
hill_climbing,rastrigin,117,9200,72.64584031357697
hill_climbing,rastrigin,117,9300,72.64584031357697
hill_climbing,rastrigin,117,9400,72.64584031357697
hill_climbing,rastrigin,117,9500,72.64584031357697
hill_climbing,rastrigin,117,9600,72.64584031357697
hill_climbing,rastrigin,117,9700,72.64584031357697
hill_climbing,rastrigin,117,9800,72.64584031357697
hill_climbing,rastrigin,117,9900,72.64584031357697
hill_climbing,rastrigin,117,10000,72.64584031357697
hill_climbing,rastrigin,117,10100,72.64584031357697
hill_climbing,rastrigin,117,10200,72.64584031357697
hill_climbing,rastrigin,117,10300,72.64584031357697
hill_climbing,rastrigin,117,10400,72.64584031357697
hill_climbing,rastrigin,117,10500,72.64584031357697
hill_climbing,rastrigin,117,10600,72.64584031357697
hill_climbing,rastrigin,117,10700,72.64584031357697
hill_climbing,rastrigin,117,10800,72.64584031357697
hill_climbing,rastrigin,117,10900,72.64584031357697
hill_climbing,rastrigin,117,11000,72.64584031357697
hill_climbing,rastrigin,117,11100,72.64584031357697
hill_climbing,rastrigin,117,11200,72.64584031357697
hill_climbing,rastrigin,117,11300,72.64584031357697
hill_climbing,rastrigin,117,11400,72.64584031357697
hill_climbing,rastrigin,117,11500,72.64584031357697
hill_climbing,rastrigin,117,11600,72.64584031357697
hill_climbing,rastrigin,117,11700,72.64584031357697
hill_climbing,rastrigin,117,11800,72.64584031357697
hill_climbing,rastrigin,117,11900,72.64584031357697
hill_climbing,rastrigin,117,12000,72.64584031357697
hill_climbing,rastrigin,117,12100,72.64584031357697
hill_climbing,rastrigin,117,12200,72.64584031357697
hill_climbing,rastrigin,117,12300,72.64584031357697
hill_climbing,rastrigin,117,12400,72.64584031357697
hill_climbing,rastrigin,117,12500,72.64584031357697
hill_climbing,rastrigin,117,12600,72.64584031357697
hill_climbing,rastrigin,117,12700,72.64584031357697
hill_climbing,rastrigin,117,12800,72.64584031357697
hill_climbing,rastrigin,117,12900,72.64584031357697
hill_climbing,rastrigin,117,13000,72.64584031357697
hill_climbing,rastrigin,117,13100,72.64584031357697
hill_climbing,rastrigin,117,13200,72.64584031357697
hill_climbing,rastrigin,117,13300,72.64584031357697
hill_climbing,rastrigin,117,13400,72.64584031357697
hill_climbing,rastrigin,117,13500,72.64584031357697
hill_climbing,rastrigin,117,13600,72.64584031357697
hill_climbing,rastrigin,117,13700,72.64584031357697
hill_climbing,rastrigin,117,13800,72.64584031357697
hill_climbing,rastrigin,117,13900,72.64584031357697
hill_climbing,rastrigin,117,14000,72.64584031357697
hill_climbing,rastrigin,117,14100,72.64584031357697
hill_climbing,rastrigin,117,14200,72.64584031357697
hill_climbing,rastrigin,117,14300,72.64584031357697
hill_climbing,rastrigin,117,14400,72.64584031357697
hill_climbing,rastrigin,117,14500,72.64584031357697
hill_climbing,rastrigin,117,14600,72.64584031357697
hill_climbing,rastrigin,117,14700,72.64584031357697
hill_climbing,rastrigin,117,14800,72.64584031357697
hill_climbing,rastrigin,117,14900,72.64584031357697
hill_climbing,rastrigin,117,15000,72.64584031357697
hill_climbing,rastrigin,117,15100,72.64584031357697
hill_climbing,rastrigin,117,15200,72.64584031357697
hill_climbing,rastrigin,117,15300,72.64584031357697
hill_climbing,rastrigin,117,15400,72.64584031357697
hill_climbing,rastrigin,117,15500,72.64584031357697
hill_climbing,rastrigin,117,15600,72.64584031357697
hill_climbing,rastrigin,117,15700,72.64584031357697
hill_climbing,rastrigin,117,15800,72.64584031357697
hill_climbing,rastrigin,117,15900,72.64584031357697
hill_climbing,rastrigin,117,16000,72.64584031357697
hill_climbing,rastrigin,117,16100,72.64584031357697
hill_climbing,rastrigin,117,16200,72.64584031357697
hill_climbing,rastrigin,117,16300,72.64584031357697
hill_climbing,rastrigin,117,16400,72.64584031357697
hill_climbing,rastrigin,117,16500,72.64584031357697
hill_climbing,rastrigin,117,16600,72.64584031357697
hill_climbing,rastrigin,117,16700,72.64584031357697
hill_climbing,rastrigin,117,16800,72.64584031357697
hill_climbing,rastrigin,117,16900,72.64584031357697
hill_climbing,rastrigin,117,17000,72.64584031357697
hill_climbing,rastrigin,117,17100,72.64584031357697
hill_climbing,rastrigin,117,17200,72.64584031357697
hill_climbing,rastrigin,117,17300,72.64584031357697
hill_climbing,rastrigin,117,17400,72.64584031357697
hill_climbing,rastrigin,117,17500,72.64584031357697
hill_climbing,rastrigin,117,17600,72.64584031357697
hill_climbing,rastrigin,117,17700,72.64584031357697
hill_climbing,rastrigin,117,17800,72.64584031357697
hill_climbing,rastrigin,117,17900,72.64584031357697
hill_climbing,rastrigin,117,18000,72.64584031357697
hill_climbing,rastrigin,117,18100,72.64584031357697
hill_climbing,rastrigin,117,18200,72.64584031357697
hill_climbing,rastrigin,117,18300,72.64584031357697
hill_climbing,rastrigin,117,18400,72.64584031357697
hill_climbing,rastrigin,117,18500,72.64584031357697
hill_climbing,rastrigin,117,18600,72.64584031357697
hill_climbing,rastrigin,117,18700,72.64584031357697
hill_climbing,rastrigin,117,18800,72.64584031357697
hill_climbing,rastrigin,117,18900,72.64584031357697
hill_climbing,rastrigin,117,19000,72.64584031357697
hill_climbing,rastrigin,117,19100,72.64584031357697
hill_climbing,rastrigin,117,19200,72.64584031357697
hill_climbing,rastrigin,117,19300,72.64584031357697
hill_climbing,rastrigin,117,19400,72.64584031357697
hill_climbing,rastrigin,117,19500,72.64584031357697
hill_climbing,rastrigin,117,19600,72.64584031357697
hill_climbing,rastrigin,117,19700,72.64584031357697
hill_climbing,rastrigin,117,19800,72.64584031357697
hill_climbing,rastrigin,117,19900,72.64584031357697
hill_climbing,rastrigin,117,20000,72.64584031357697
hill_climbing,rastrigin,118,100,106.18206444894673
hill_climbing,rastrigin,118,200,106.18206444894673
hill_climbing,rastrigin,118,300,101.9207819291268
hill_climbing,rastrigin,118,400,101.9207819291268
hill_climbing,rastrigin,118,500,101.9207819291268
hill_climbing,rastrigin,118,600,101.9207819291268
hill_climbing,rastrigin,118,700,101.9207819291268
hill_climbing,rastrigin,118,800,99.03852073191987
hill_climbing,rastrigin,118,900,99.03852073191987
hill_climbing,rastrigin,118,1000,92.89167413178993
hill_climbing,rastrigin,118,1100,92.89167413178993
hill_climbing,rastrigin,118,1200,92.89167413178993
hill_climbing,rastrigin,118,1300,92.89167413178993
hill_climbing,rastrigin,118,1400,92.89167413178993
hill_climbing,rastrigin,118,1500,92.89167413178993
hill_climbing,rastrigin,118,1600,92.89167413178993
hill_climbing,rastrigin,118,1700,88.7173616645077
hill_climbing,rastrigin,118,1800,88.7173616645077
hill_climbing,rastrigin,118,1900,88.7173616645077
hill_climbing,rastrigin,118,2000,88.7173616645077
hill_climbing,rastrigin,118,2100,88.7173616645077
hill_climbing,rastrigin,118,2200,88.7173616645077
hill_climbing,rastrigin,118,2300,88.7173616645077
hill_climbing,rastrigin,118,2400,88.7173616645077
hill_climbing,rastrigin,118,2500,88.7173616645077
hill_climbing,rastrigin,118,2600,88.7173616645077
hill_climbing,rastrigin,118,2700,88.7173616645077
hill_climbing,rastrigin,118,2800,88.7173616645077
hill_climbing,rastrigin,118,2900,88.7173616645077
hill_climbing,rastrigin,118,3000,88.7173616645077
hill_climbing,rastrigin,118,3100,88.43218057814481
hill_climbing,rastrigin,118,3200,88.43218057814481
hill_climbing,rastrigin,118,3300,88.43218057814481
hill_climbing,rastrigin,118,3400,88.43218057814481
hill_climbing,rastrigin,118,3500,88.43218057814481
hill_climbing,rastrigin,118,3600,88.43218057814481
hill_climbing,rastrigin,118,3700,88.43218057814481
hill_climbing,rastrigin,118,3800,88.43218057814481
hill_climbing,rastrigin,118,3900,76.12601383365364
hill_climbing,rastrigin,118,4000,76.12601383365364
hill_climbing,rastrigin,118,4100,76.12601383365364
hill_climbing,rastrigin,118,4200,76.12601383365364
hill_climbing,rastrigin,118,4300,76.12601383365364
hill_climbing,rastrigin,118,4400,76.12601383365364
hill_climbing,rastrigin,118,4500,76.12601383365364
hill_climbing,rastrigin,118,4600,76.12601383365364
hill_climbing,rastrigin,118,4700,76.12601383365364
hill_climbing,rastrigin,118,4800,76.12601383365364
hill_climbing,rastrigin,118,4900,76.12601383365364
hill_climbing,rastrigin,118,5000,76.12601383365364
hill_climbing,rastrigin,118,5100,76.12601383365364
hill_climbing,rastrigin,118,5200,76.12601383365364
hill_climbing,rastrigin,118,5300,76.12601383365364
hill_climbing,rastrigin,118,5400,76.12601383365364
hill_climbing,rastrigin,118,5500,76.12601383365364
hill_climbing,rastrigin,118,5600,76.12601383365364
hill_climbing,rastrigin,118,5700,76.12601383365364
hill_climbing,rastrigin,118,5800,76.12601383365364
hill_climbing,rastrigin,118,5900,76.12601383365364
hill_climbing,rastrigin,118,6000,76.12601383365364
hill_climbing,rastrigin,118,6100,76.12601383365364
hill_climbing,rastrigin,118,6200,76.12601383365364
hill_climbing,rastrigin,118,6300,76.12601383365364
hill_climbing,rastrigin,118,6400,76.12601383365364
hill_climbing,rastrigin,118,6500,76.12601383365364
hill_climbing,rastrigin,118,6600,76.12601383365364
hill_climbing,rastrigin,118,6700,76.12601383365364
hill_climbing,rastrigin,118,6800,76.12601383365364
hill_climbing,rastrigin,118,6900,76.12601383365364
hill_climbing,rastrigin,118,7000,76.12601383365364
hill_climbing,rastrigin,118,7100,76.12601383365364
hill_climbing,rastrigin,118,7200,76.12601383365364
hill_climbing,rastrigin,118,7300,76.12601383365364
hill_climbing,rastrigin,118,7400,76.12601383365364
hill_climbing,rastrigin,118,7500,76.12601383365364
hill_climbing,rastrigin,118,7600,76.12601383365364
hill_climbing,rastrigin,118,7700,76.12601383365364
hill_climbing,rastrigin,118,7800,76.12601383365364
hill_climbing,rastrigin,118,7900,76.12601383365364
hill_climbing,rastrigin,118,8000,76.12601383365364
hill_climbing,rastrigin,118,8100,76.12601383365364
hill_climbing,rastrigin,118,8200,76.12601383365364
hill_climbing,rastrigin,118,8300,76.12601383365364
hill_climbing,rastrigin,118,8400,76.12601383365364
hill_climbing,rastrigin,118,8500,76.12601383365364
hill_climbing,rastrigin,118,8600,76.12601383365364
hill_climbing,rastrigin,118,8700,76.12601383365364
hill_climbing,rastrigin,118,8800,76.12601383365364
hill_climbing,rastrigin,118,8900,74.36166710065905
hill_climbing,rastrigin,118,9000,74.36166710065905
hill_climbing,rastrigin,118,9100,74.36166710065905
hill_climbing,rastrigin,118,9200,74.36166710065905
hill_climbing,rastrigin,118,9300,74.36166710065905
hill_climbing,rastrigin,118,9400,74.36166710065905
hill_climbing,rastrigin,118,9500,74.36166710065905
hill_climbing,rastrigin,118,9600,74.36166710065905
hill_climbing,rastrigin,118,9700,74.36166710065905
hill_climbing,rastrigin,118,9800,74.36166710065905
hill_climbing,rastrigin,118,9900,74.36166710065905
hill_climbing,rastrigin,118,10000,74.36166710065905
hill_climbing,rastrigin,118,10100,74.36166710065905
hill_climbing,rastrigin,118,10200,74.36166710065905
hill_climbing,rastrigin,118,10300,74.36166710065905
hill_climbing,rastrigin,118,10400,74.36166710065905
hill_climbing,rastrigin,118,10500,74.36166710065905
hill_climbing,rastrigin,118,10600,74.36166710065905
hill_climbing,rastrigin,118,10700,74.36166710065905
hill_climbing,rastrigin,118,10800,74.36166710065905
hill_climbing,rastrigin,118,10900,74.36166710065905
hill_climbing,rastrigin,118,11000,74.36166710065905
hill_climbing,rastrigin,118,11100,74.36166710065905
hill_climbing,rastrigin,118,11200,74.36166710065905
hill_climbing,rastrigin,118,11300,74.36166710065905
hill_climbing,rastrigin,118,11400,74.36166710065905
hill_climbing,rastrigin,118,11500,74.36166710065905
hill_climbing,rastrigin,118,11600,74.36166710065905
hill_climbing,rastrigin,118,11700,74.36166710065905
hill_climbing,rastrigin,118,11800,74.36166710065905
hill_climbing,rastrigin,118,11900,74.36166710065905
hill_climbing,rastrigin,118,12000,74.36166710065905
hill_climbing,rastrigin,118,12100,74.36166710065905
hill_climbing,rastrigin,118,12200,74.36166710065905
hill_climbing,rastrigin,118,12300,74.36166710065905
hill_climbing,rastrigin,118,12400,74.36166710065905
hill_climbing,rastrigin,118,12500,71.08502058221693
hill_climbing,rastrigin,118,12600,71.08502058221693
hill_climbing,rastrigin,118,12700,71.08502058221693
hill_climbing,rastrigin,118,12800,71.08502058221693
hill_climbing,rastrigin,118,12900,71.08502058221693
hill_climbing,rastrigin,118,13000,71.08502058221693
hill_climbing,rastrigin,118,13100,71.08502058221693
hill_climbing,rastrigin,118,13200,71.08502058221693
hill_climbing,rastrigin,118,13300,71.08502058221693
hill_climbing,rastrigin,118,13400,71.08502058221693
hill_climbing,rastrigin,118,13500,71.08502058221693
hill_climbing,rastrigin,118,13600,71.08502058221693
hill_climbing,rastrigin,118,13700,71.08502058221693
hill_climbing,rastrigin,118,13800,71.08502058221693
hill_climbing,rastrigin,118,13900,71.08502058221693
hill_climbing,rastrigin,118,14000,71.08502058221693
hill_climbing,rastrigin,118,14100,71.08502058221693
hill_climbing,rastrigin,118,14200,71.08502058221693
hill_climbing,rastrigin,118,14300,71.08502058221693
hill_climbing,rastrigin,118,14400,71.08502058221693
hill_climbing,rastrigin,118,14500,71.08502058221693
hill_climbing,rastrigin,118,14600,71.08502058221693
hill_climbing,rastrigin,118,14700,71.08502058221693
hill_climbing,rastrigin,118,14800,71.08502058221693
hill_climbing,rastrigin,118,14900,71.08502058221693
hill_climbing,rastrigin,118,15000,71.08502058221693
hill_climbing,rastrigin,118,15100,71.08502058221693
hill_climbing,rastrigin,118,15200,71.08502058221693
hill_climbing,rastrigin,118,15300,71.08502058221693
hill_climbing,rastrigin,118,15400,71.08502058221693
hill_climbing,rastrigin,118,15500,71.08502058221693
hill_climbing,rastrigin,118,15600,71.08502058221693
hill_climbing,rastrigin,118,15700,71.08502058221693
hill_climbing,rastrigin,118,15800,71.08502058221693
hill_climbing,rastrigin,118,15900,71.08502058221693
hill_climbing,rastrigin,118,16000,71.08502058221693
hill_climbing,rastrigin,118,16100,71.08502058221693
hill_climbing,rastrigin,118,16200,71.08502058221693
hill_climbing,rastrigin,118,16300,71.08502058221693
hill_climbing,rastrigin,118,16400,71.08502058221693
hill_climbing,rastrigin,118,16500,71.08502058221693
hill_climbing,rastrigin,118,16600,71.08502058221693
hill_climbing,rastrigin,118,16700,71.08502058221693
hill_climbing,rastrigin,118,16800,71.08502058221693
hill_climbing,rastrigin,118,16900,71.08502058221693
hill_climbing,rastrigin,118,17000,71.08502058221693
hill_climbing,rastrigin,118,17100,71.08502058221693
hill_climbing,rastrigin,118,17200,71.08502058221693
hill_climbing,rastrigin,118,17300,71.08502058221693
hill_climbing,rastrigin,118,17400,71.08502058221693
hill_climbing,rastrigin,118,17500,71.08502058221693
hill_climbing,rastrigin,118,17600,71.08502058221693
hill_climbing,rastrigin,118,17700,71.08502058221693
hill_climbing,rastrigin,118,17800,71.08502058221693
hill_climbing,rastrigin,118,17900,71.08502058221693
hill_climbing,rastrigin,118,18000,71.08502058221693
hill_climbing,rastrigin,118,18100,71.08502058221693
hill_climbing,rastrigin,118,18200,71.08502058221693
hill_climbing,rastrigin,118,18300,71.08502058221693
hill_climbing,rastrigin,118,18400,71.08502058221693
hill_climbing,rastrigin,118,18500,71.08502058221693
hill_climbing,rastrigin,118,18600,71.08502058221693
hill_climbing,rastrigin,118,18700,71.08502058221693
hill_climbing,rastrigin,118,18800,71.08502058221693
hill_climbing,rastrigin,118,18900,71.08502058221693
hill_climbing,rastrigin,118,19000,71.08502058221693
hill_climbing,rastrigin,118,19100,71.08502058221693
hill_climbing,rastrigin,118,19200,71.08502058221693
hill_climbing,rastrigin,118,19300,71.08502058221693
hill_climbing,rastrigin,118,19400,71.08502058221693
hill_climbing,rastrigin,118,19500,71.08502058221693
hill_climbing,rastrigin,118,19600,71.08502058221693
hill_climbing,rastrigin,118,19700,71.08502058221693
hill_climbing,rastrigin,118,19800,71.08502058221693
hill_climbing,rastrigin,118,19900,71.08502058221693
hill_climbing,rastrigin,118,20000,71.08502058221693
hill_climbing,rastrigin,119,100,105.48849025590683
hill_climbing,rastrigin,119,200,105.48849025590683
hill_climbing,rastrigin,119,300,105.48849025590683
hill_climbing,rastrigin,119,400,105.48849025590683
hill_climbing,rastrigin,119,500,105.48849025590683
hill_climbing,rastrigin,119,600,97.97283574694256
hill_climbing,rastrigin,119,700,95.27765088954378
hill_climbing,rastrigin,119,800,95.27765088954378
hill_climbing,rastrigin,119,900,95.27765088954378
hill_climbing,rastrigin,119,1000,95.27765088954378
hill_climbing,rastrigin,119,1100,95.27765088954378
hill_climbing,rastrigin,119,1200,95.27765088954378
hill_climbing,rastrigin,119,1300,95.27765088954378
hill_climbing,rastrigin,119,1400,95.27765088954378
hill_climbing,rastrigin,119,1500,95.27765088954378
hill_climbing,rastrigin,119,1600,87.22276261881919
hill_climbing,rastrigin,119,1700,87.22276261881919
hill_climbing,rastrigin,119,1800,86.9533970331718
hill_climbing,rastrigin,119,1900,86.9533970331718
hill_climbing,rastrigin,119,2000,86.9533970331718
hill_climbing,rastrigin,119,2100,75.79359319421133
hill_climbing,rastrigin,119,2200,75.79359319421133
hill_climbing,rastrigin,119,2300,75.08093355633923
hill_climbing,rastrigin,119,2400,75.08093355633923
hill_climbing,rastrigin,119,2500,75.08093355633923
hill_climbing,rastrigin,119,2600,75.08093355633923
hill_climbing,rastrigin,119,2700,75.08093355633923
hill_climbing,rastrigin,119,2800,75.08093355633923
hill_climbing,rastrigin,119,2900,75.08093355633923
hill_climbing,rastrigin,119,3000,75.08093355633923
hill_climbing,rastrigin,119,3100,75.08093355633923
hill_climbing,rastrigin,119,3200,75.08093355633923
hill_climbing,rastrigin,119,3300,75.08093355633923
hill_climbing,rastrigin,119,3400,75.08093355633923
hill_climbing,rastrigin,119,3500,75.08093355633923
hill_climbing,rastrigin,119,3600,75.08093355633923
hill_climbing,rastrigin,119,3700,75.08093355633923
hill_climbing,rastrigin,119,3800,75.08093355633923
hill_climbing,rastrigin,119,3900,75.08093355633923
hill_climbing,rastrigin,119,4000,75.08093355633923
hill_climbing,rastrigin,119,4100,75.08093355633923
hill_climbing,rastrigin,119,4200,75.08093355633923
hill_climbing,rastrigin,119,4300,67.69111287580063
hill_climbing,rastrigin,119,4400,67.69111287580063
hill_climbing,rastrigin,119,4500,67.69111287580063
hill_climbing,rastrigin,119,4600,67.69111287580063
hill_climbing,rastrigin,119,4700,67.69111287580063
hill_climbing,rastrigin,119,4800,67.69111287580063
hill_climbing,rastrigin,119,4900,67.69111287580063
hill_climbing,rastrigin,119,5000,67.69111287580063
hill_climbing,rastrigin,119,5100,67.69111287580063
hill_climbing,rastrigin,119,5200,67.69111287580063
hill_climbing,rastrigin,119,5300,67.69111287580063
hill_climbing,rastrigin,119,5400,67.69111287580063
hill_climbing,rastrigin,119,5500,67.69111287580063
hill_climbing,rastrigin,119,5600,67.69111287580063
hill_climbing,rastrigin,119,5700,67.69111287580063
hill_climbing,rastrigin,119,5800,67.69111287580063
hill_climbing,rastrigin,119,5900,67.69111287580063
hill_climbing,rastrigin,119,6000,67.69111287580063
hill_climbing,rastrigin,119,6100,67.69111287580063
hill_climbing,rastrigin,119,6200,67.69111287580063
hill_climbing,rastrigin,119,6300,67.69111287580063
hill_climbing,rastrigin,119,6400,67.69111287580063
hill_climbing,rastrigin,119,6500,67.69111287580063
hill_climbing,rastrigin,119,6600,67.69111287580063
hill_climbing,rastrigin,119,6700,67.69111287580063
hill_climbing,rastrigin,119,6800,67.69111287580063
hill_climbing,rastrigin,119,6900,67.69111287580063
hill_climbing,rastrigin,119,7000,67.69111287580063
hill_climbing,rastrigin,119,7100,67.69111287580063
hill_climbing,rastrigin,119,7200,67.69111287580063
hill_climbing,rastrigin,119,7300,67.69111287580063
hill_climbing,rastrigin,119,7400,67.69111287580063
hill_climbing,rastrigin,119,7500,67.69111287580063
hill_climbing,rastrigin,119,7600,67.69111287580063
hill_climbing,rastrigin,119,7700,67.69111287580063
hill_climbing,rastrigin,119,7800,67.69111287580063
hill_climbing,rastrigin,119,7900,67.69111287580063
hill_climbing,rastrigin,119,8000,67.69111287580063
hill_climbing,rastrigin,119,8100,67.69111287580063
hill_climbing,rastrigin,119,8200,67.69111287580063
hill_climbing,rastrigin,119,8300,67.69111287580063
hill_climbing,rastrigin,119,8400,67.69111287580063
hill_climbing,rastrigin,119,8500,67.69111287580063
hill_climbing,rastrigin,119,8600,67.69111287580063
hill_climbing,rastrigin,119,8700,67.69111287580063
hill_climbing,rastrigin,119,8800,67.69111287580063
hill_climbing,rastrigin,119,8900,67.69111287580063
hill_climbing,rastrigin,119,9000,67.69111287580063
hill_climbing,rastrigin,119,9100,67.69111287580063
hill_climbing,rastrigin,119,9200,67.69111287580063
hill_climbing,rastrigin,119,9300,67.69111287580063
hill_climbing,rastrigin,119,9400,67.69111287580063
hill_climbing,rastrigin,119,9500,67.69111287580063
hill_climbing,rastrigin,119,9600,67.69111287580063
hill_climbing,rastrigin,119,9700,67.69111287580063
hill_climbing,rastrigin,119,9800,67.69111287580063
hill_climbing,rastrigin,119,9900,67.69111287580063
hill_climbing,rastrigin,119,10000,67.69111287580063
hill_climbing,rastrigin,119,10100,67.69111287580063
hill_climbing,rastrigin,119,10200,67.69111287580063
hill_climbing,rastrigin,119,10300,67.69111287580063
hill_climbing,rastrigin,119,10400,67.69111287580063
hill_climbing,rastrigin,119,10500,67.69111287580063
hill_climbing,rastrigin,119,10600,67.69111287580063
hill_climbing,rastrigin,119,10700,67.69111287580063
hill_climbing,rastrigin,119,10800,67.69111287580063
hill_climbing,rastrigin,119,10900,67.69111287580063
hill_climbing,rastrigin,119,11000,67.69111287580063
hill_climbing,rastrigin,119,11100,67.69111287580063
hill_climbing,rastrigin,119,11200,67.69111287580063
hill_climbing,rastrigin,119,11300,67.69111287580063
hill_climbing,rastrigin,119,11400,67.69111287580063
hill_climbing,rastrigin,119,11500,67.69111287580063
hill_climbing,rastrigin,119,11600,67.69111287580063
hill_climbing,rastrigin,119,11700,67.69111287580063
hill_climbing,rastrigin,119,11800,67.69111287580063
hill_climbing,rastrigin,119,11900,66.89091876858191
hill_climbing,rastrigin,119,12000,66.89091876858191
hill_climbing,rastrigin,119,12100,66.89091876858191
hill_climbing,rastrigin,119,12200,66.89091876858191
hill_climbing,rastrigin,119,12300,66.89091876858191
hill_climbing,rastrigin,119,12400,66.89091876858191
hill_climbing,rastrigin,119,12500,66.89091876858191
hill_climbing,rastrigin,119,12600,66.89091876858191
hill_climbing,rastrigin,119,12700,66.89091876858191
hill_climbing,rastrigin,119,12800,66.89091876858191
hill_climbing,rastrigin,119,12900,66.89091876858191
hill_climbing,rastrigin,119,13000,66.89091876858191
hill_climbing,rastrigin,119,13100,66.89091876858191
hill_climbing,rastrigin,119,13200,66.89091876858191
hill_climbing,rastrigin,119,13300,66.89091876858191
hill_climbing,rastrigin,119,13400,66.89091876858191
hill_climbing,rastrigin,119,13500,66.89091876858191
hill_climbing,rastrigin,119,13600,66.89091876858191
hill_climbing,rastrigin,119,13700,66.89091876858191
hill_climbing,rastrigin,119,13800,66.89091876858191
hill_climbing,rastrigin,119,13900,66.89091876858191
hill_climbing,rastrigin,119,14000,66.89091876858191
hill_climbing,rastrigin,119,14100,66.89091876858191
hill_climbing,rastrigin,119,14200,66.89091876858191
hill_climbing,rastrigin,119,14300,66.89091876858191
hill_climbing,rastrigin,119,14400,66.89091876858191
hill_climbing,rastrigin,119,14500,66.89091876858191
hill_climbing,rastrigin,119,14600,66.89091876858191
hill_climbing,rastrigin,119,14700,66.89091876858191
hill_climbing,rastrigin,119,14800,66.89091876858191
hill_climbing,rastrigin,119,14900,66.89091876858191
hill_climbing,rastrigin,119,15000,66.89091876858191
hill_climbing,rastrigin,119,15100,66.89091876858191
hill_climbing,rastrigin,119,15200,66.89091876858191
hill_climbing,rastrigin,119,15300,66.89091876858191
hill_climbing,rastrigin,119,15400,66.89091876858191
hill_climbing,rastrigin,119,15500,66.89091876858191
hill_climbing,rastrigin,119,15600,66.89091876858191
hill_climbing,rastrigin,119,15700,66.89091876858191
hill_climbing,rastrigin,119,15800,66.89091876858191
hill_climbing,rastrigin,119,15900,66.89091876858191
hill_climbing,rastrigin,119,16000,66.89091876858191
hill_climbing,rastrigin,119,16100,66.89091876858191
hill_climbing,rastrigin,119,16200,66.89091876858191
hill_climbing,rastrigin,119,16300,66.89091876858191
hill_climbing,rastrigin,119,16400,66.89091876858191
hill_climbing,rastrigin,119,16500,66.89091876858191
hill_climbing,rastrigin,119,16600,66.89091876858191
hill_climbing,rastrigin,119,16700,66.89091876858191
hill_climbing,rastrigin,119,16800,66.89091876858191
hill_climbing,rastrigin,119,16900,66.89091876858191
hill_climbing,rastrigin,119,17000,66.89091876858191
hill_climbing,rastrigin,119,17100,66.89091876858191
hill_climbing,rastrigin,119,17200,66.89091876858191
hill_climbing,rastrigin,119,17300,66.89091876858191
hill_climbing,rastrigin,119,17400,66.89091876858191
hill_climbing,rastrigin,119,17500,66.89091876858191
hill_climbing,rastrigin,119,17600,66.89091876858191
hill_climbing,rastrigin,119,17700,66.89091876858191
hill_climbing,rastrigin,119,17800,66.89091876858191
hill_climbing,rastrigin,119,17900,66.89091876858191
hill_climbing,rastrigin,119,18000,66.89091876858191
hill_climbing,rastrigin,119,18100,66.89091876858191
hill_climbing,rastrigin,119,18200,66.89091876858191
hill_climbing,rastrigin,119,18300,66.89091876858191
hill_climbing,rastrigin,119,18400,66.89091876858191
hill_climbing,rastrigin,119,18500,66.89091876858191
hill_climbing,rastrigin,119,18600,66.89091876858191
hill_climbing,rastrigin,119,18700,66.89091876858191
hill_climbing,rastrigin,119,18800,66.89091876858191
hill_climbing,rastrigin,119,18900,66.89091876858191
hill_climbing,rastrigin,119,19000,66.89091876858191
hill_climbing,rastrigin,119,19100,66.89091876858191
hill_climbing,rastrigin,119,19200,66.89091876858191
hill_climbing,rastrigin,119,19300,66.89091876858191
hill_climbing,rastrigin,119,19400,66.89091876858191
hill_climbing,rastrigin,119,19500,66.89091876858191
hill_climbing,rastrigin,119,19600,66.89091876858191
hill_climbing,rastrigin,119,19700,66.89091876858191
hill_climbing,rastrigin,119,19800,66.89091876858191
hill_climbing,rastrigin,119,19900,66.89091876858191
hill_climbing,rastrigin,119,20000,66.89091876858191
