algorithm,benchmark,seed,evaluations,best_value
hill_climbing,rosenbrock,100,100,218752.9286195741
hill_climbing,rosenbrock,100,200,30551.43732466552
hill_climbing,rosenbrock,100,300,30551.43732466552
hill_climbing,rosenbrock,100,400,30551.43732466552
hill_climbing,rosenbrock,100,500,30551.43732466552
hill_climbing,rosenbrock,100,600,23644.353949309123
hill_climbing,rosenbrock,100,700,23644.353949309123
hill_climbing,rosenbrock,100,800,23644.353949309123
hill_climbing,rosenbrock,100,900,23644.353949309123
hill_climbing,rosenbrock,100,1000,23644.353949309123
hill_climbing,rosenbrock,100,1100,23644.353949309123
hill_climbing,rosenbrock,100,1200,23644.353949309123
hill_climbing,rosenbrock,100,1300,23644.353949309123
hill_climbing,rosenbrock,100,1400,23644.353949309123
hill_climbing,rosenbrock,100,1500,1993.6854573449932
hill_climbing,rosenbrock,100,1600,1993.6854573449932
hill_climbing,rosenbrock,100,1700,1993.6854573449932
hill_climbing,rosenbrock,100,1800,1993.6854573449932
hill_climbing,rosenbrock,100,1900,1993.6854573449932
hill_climbing,rosenbrock,100,2000,1993.6854573449932
hill_climbing,rosenbrock,100,2100,1993.6854573449932
hill_climbing,rosenbrock,100,2200,1993.6854573449932
hill_climbing,rosenbrock,100,2300,1993.6854573449932
hill_climbing,rosenbrock,100,2400,1993.6854573449932
hill_climbing,rosenbrock,100,2500,1993.6854573449932
hill_climbing,rosenbrock,100,2600,1993.6854573449932
hill_climbing,rosenbrock,100,2700,1993.6854573449932
hill_climbing,rosenbrock,100,2800,1993.6854573449932
hill_climbing,rosenbrock,100,2900,1993.6854573449932
hill_climbing,rosenbrock,100,3000,1993.6854573449932
hill_climbing,rosenbrock,100,3100,1993.6854573449932
hill_climbing,rosenbrock,100,3200,1993.6854573449932
hill_climbing,rosenbrock,100,3300,1993.6854573449932
hill_climbing,rosenbrock,100,3400,1993.6854573449932
hill_climbing,rosenbrock,100,3500,1993.6854573449932
hill_climbing,rosenbrock,100,3600,1993.6854573449932
hill_climbing,rosenbrock,100,3700,1993.6854573449932
hill_climbing,rosenbrock,100,3800,1993.6854573449932
hill_climbing,rosenbrock,100,3900,1993.6854573449932
hill_climbing,rosenbrock,100,4000,1993.6854573449932
hill_climbing,rosenbrock,100,4100,1993.6854573449932
hill_climbing,rosenbrock,100,4200,1993.6854573449932
hill_climbing,rosenbrock,100,4300,1993.6854573449932
hill_climbing,rosenbrock,100,4400,1993.6854573449932
hill_climbing,rosenbrock,100,4500,1993.6854573449932
hill_climbing,rosenbrock,100,4600,1993.6854573449932
hill_climbing,rosenbrock,100,4700,1993.6854573449932
hill_climbing,rosenbrock,100,4800,1993.6854573449932
hill_climbing,rosenbrock,100,4900,1993.6854573449932
hill_climbing,rosenbrock,100,5000,1993.6854573449932
hill_climbing,rosenbrock,100,5100,1993.6854573449932
hill_climbing,rosenbrock,100,5200,1993.6854573449932
hill_climbing,rosenbrock,100,5300,1993.6854573449932
hill_climbing,rosenbrock,100,5400,1993.6854573449932
hill_climbing,rosenbrock,100,5500,1993.6854573449932
hill_climbing,rosenbrock,100,5600,1993.6854573449932
hill_climbing,rosenbrock,100,5700,1993.6854573449932
hill_climbing,rosenbrock,100,5800,1993.6854573449932
hill_climbing,rosenbrock,100,5900,1993.6854573449932
hill_climbing,rosenbrock,100,6000,1993.6854573449932
hill_climbing,rosenbrock,100,6100,1993.6854573449932
hill_climbing,rosenbrock,100,6200,1993.6854573449932
hill_climbing,rosenbrock,100,6300,1993.6854573449932
hill_climbing,rosenbrock,100,6400,1993.6854573449932
hill_climbing,rosenbrock,100,6500,1993.6854573449932
hill_climbing,rosenbrock,100,6600,1993.6854573449932
hill_climbing,rosenbrock,100,6700,1993.6854573449932
hill_climbing,rosenbrock,100,6800,1993.6854573449932
hill_climbing,rosenbrock,100,6900,1993.6854573449932
hill_climbing,rosenbrock,100,7000,1993.6854573449932
hill_climbing,rosenbrock,100,7100,1993.6854573449932
hill_climbing,rosenbrock,100,7200,1993.6854573449932
hill_climbing,rosenbrock,100,7300,1993.6854573449932
hill_climbing,rosenbrock,100,7400,1993.6854573449932
hill_climbing,rosenbrock,100,7500,1993.6854573449932
hill_climbing,rosenbrock,100,7600,1993.6854573449932
hill_climbing,rosenbrock,100,7700,1993.6854573449932
hill_climbing,rosenbrock,100,7800,1993.6854573449932
hill_climbing,rosenbrock,100,7900,1993.6854573449932
hill_climbing,rosenbrock,100,8000,1993.6854573449932
hill_climbing,rosenbrock,100,8100,1993.6854573449932
hill_climbing,rosenbrock,100,8200,1993.6854573449932
hill_climbing,rosenbrock,100,8300,1993.6854573449932
hill_climbing,rosenbrock,100,8400,1993.6854573449932
hill_climbing,rosenbrock,100,8500,1993.6854573449932
hill_climbing,rosenbrock,100,8600,1993.6854573449932
hill_climbing,rosenbrock,100,8700,1993.6854573449932
hill_climbing,rosenbrock,100,8800,1993.6854573449932
hill_climbing,rosenbrock,100,8900,1993.6854573449932
hill_climbing,rosenbrock,100,9000,1993.6854573449932
hill_climbing,rosenbrock,100,9100,1993.6854573449932
hill_climbing,rosenbrock,100,9200,1993.6854573449932
hill_climbing,rosenbrock,100,9300,1993.6854573449932
hill_climbing,rosenbrock,100,9400,1993.6854573449932
hill_climbing,rosenbrock,100,9500,1993.6854573449932
hill_climbing,rosenbrock,100,9600,1993.6854573449932
hill_climbing,rosenbrock,100,9700,1993.6854573449932
hill_climbing,rosenbrock,100,9800,1993.6854573449932
hill_climbing,rosenbrock,100,9900,1993.6854573449932
hill_climbing,rosenbrock,100,10000,1993.6854573449932
hill_climbing,rosenbrock,100,10100,1993.6854573449932
hill_climbing,rosenbrock,100,10200,1993.6854573449932
hill_climbing,rosenbrock,100,10300,1993.6854573449932
hill_climbing,rosenbrock,100,10400,1993.6854573449932
hill_climbing,rosenbrock,100,10500,1993.6854573449932
hill_climbing,rosenbrock,100,10600,1993.6854573449932
hill_climbing,rosenbrock,100,10700,1993.6854573449932
hill_climbing,rosenbrock,100,10800,1993.6854573449932
hill_climbing,rosenbrock,100,10900,1993.6854573449932
hill_climbing,rosenbrock,100,11000,1993.6854573449932
hill_climbing,rosenbrock,100,11100,1993.6854573449932
hill_climbing,rosenbrock,100,11200,1993.6854573449932
hill_climbing,rosenbrock,100,11300,1993.6854573449932
hill_climbing,rosenbrock,100,11400,1993.6854573449932
hill_climbing,rosenbrock,100,11500,1993.6854573449932
hill_climbing,rosenbrock,100,11600,1993.6854573449932
hill_climbing,rosenbrock,100,11700,1993.6854573449932
hill_climbing,rosenbrock,100,11800,1993.6854573449932
hill_climbing,rosenbrock,100,11900,1993.6854573449932
hill_climbing,rosenbrock,100,12000,1993.6854573449932
hill_climbing,rosenbrock,100,12100,1993.6854573449932
hill_climbing,rosenbrock,100,12200,1993.6854573449932
hill_climbing,rosenbrock,100,12300,1993.6854573449932
hill_climbing,rosenbrock,100,12400,1993.6854573449932
hill_climbing,rosenbrock,100,12500,1993.6854573449932
hill_climbing,rosenbrock,100,12600,1993.6854573449932
hill_climbing,rosenbrock,100,12700,1993.6854573449932
hill_climbing,rosenbrock,100,12800,1993.6854573449932
hill_climbing,rosenbrock,100,12900,1993.6854573449932
hill_climbing,rosenbrock,100,13000,1993.6854573449932
hill_climbing,rosenbrock,100,13100,1993.6854573449932
hill_climbing,rosenbrock,100,13200,1993.6854573449932
hill_climbing,rosenbrock,100,13300,1993.6854573449932
hill_climbing,rosenbrock,100,13400,1993.6854573449932
hill_climbing,rosenbrock,100,13500,1993.6854573449932
hill_climbing,rosenbrock,100,13600,1993.6854573449932
hill_climbing,rosenbrock,100,13700,1993.6854573449932
hill_climbing,rosenbrock,100,13800,1993.6854573449932
hill_climbing,rosenbrock,100,13900,1993.6854573449932
hill_climbing,rosenbrock,100,14000,1993.6854573449932
hill_climbing,rosenbrock,100,14100,1993.6854573449932
hill_climbing,rosenbrock,100,14200,1993.6854573449932
hill_climbing,rosenbrock,100,14300,1993.6854573449932
hill_climbing,rosenbrock,100,14400,1993.6854573449932
hill_climbing,rosenbrock,100,14500,1993.6854573449932
hill_climbing,rosenbrock,100,14600,1993.6854573449932
hill_climbing,rosenbrock,100,14700,1993.6854573449932
hill_climbing,rosenbrock,100,14800,1993.6854573449932
hill_climbing,rosenbrock,100,14900,1993.6854573449932
hill_climbing,rosenbrock,100,15000,1993.6854573449932
hill_climbing,rosenbrock,100,15100,1993.6854573449932
hill_climbing,rosenbrock,100,15200,1993.6854573449932
hill_climbing,rosenbrock,100,15300,1993.6854573449932
hill_climbing,rosenbrock,100,15400,1993.6854573449932
hill_climbing,rosenbrock,100,15500,1993.6854573449932
hill_climbing,rosenbrock,100,15600,1993.6854573449932
hill_climbing,rosenbrock,100,15700,1993.6854573449932
hill_climbing,rosenbrock,100,15800,1993.6854573449932
hill_climbing,rosenbrock,100,15900,1993.6854573449932
hill_climbing,rosenbrock,100,16000,1993.6854573449932
hill_climbing,rosenbrock,100,16100,1993.6854573449932
hill_climbing,rosenbrock,100,16200,1993.6854573449932
hill_climbing,rosenbrock,100,16300,1993.6854573449932
hill_climbing,rosenbrock,100,16400,1993.6854573449932
hill_climbing,rosenbrock,100,16500,1993.6854573449932
hill_climbing,rosenbrock,100,16600,1993.6854573449932
hill_climbing,rosenbrock,100,16700,1993.6854573449932
hill_climbing,rosenbrock,100,16800,1993.6854573449932
hill_climbing,rosenbrock,100,16900,1993.6854573449932
hill_climbing,rosenbrock,100,17000,1993.6854573449932
hill_climbing,rosenbrock,100,17100,1993.6854573449932
hill_climbing,rosenbrock,100,17200,1993.6854573449932
hill_climbing,rosenbrock,100,17300,1993.6854573449932
hill_climbing,rosenbrock,100,17400,1993.6854573449932
hill_climbing,rosenbrock,100,17500,1993.6854573449932
hill_climbing,rosenbrock,100,17600,1993.6854573449932
hill_climbing,rosenbrock,100,17700,1993.6854573449932
hill_climbing,rosenbrock,100,17800,1993.6854573449932
hill_climbing,rosenbrock,100,17900,1993.6854573449932
hill_climbing,rosenbrock,100,18000,1993.6854573449932
hill_climbing,rosenbrock,100,18100,1993.6854573449932
hill_climbing,rosenbrock,100,18200,1993.6854573449932
hill_climbing,rosenbrock,100,18300,1993.6854573449932
hill_climbing,rosenbrock,100,18400,1993.6854573449932
hill_climbing,rosenbrock,100,18500,1993.6854573449932
hill_climbing,rosenbrock,100,18600,1993.6854573449932
hill_climbing,rosenbrock,100,18700,1993.6854573449932
hill_climbing,rosenbrock,100,18800,1993.6854573449932
hill_climbing,rosenbrock,100,18900,1993.6854573449932
hill_climbing,rosenbrock,100,19000,1993.6854573449932
hill_climbing,rosenbrock,100,19100,1993.6854573449932
hill_climbing,rosenbrock,100,19200,1993.6854573449932
hill_climbing,rosenbrock,100,19300,1993.6854573449932
hill_climbing,rosenbrock,100,19400,1993.6854573449932
hill_climbing,rosenbrock,100,19500,1993.6854573449932
hill_climbing,rosenbrock,100,19600,1993.6854573449932
hill_climbing,rosenbrock,100,19700,1993.6854573449932
hill_climbing,rosenbrock,100,19800,1993.6854573449932
hill_climbing,rosenbrock,100,19900,1993.6854573449932
hill_climbing,rosenbrock,100,20000,1993.6854573449932
hill_climbing,rosenbrock,101,100,131982.67448179287
hill_climbing,rosenbrock,101,200,34885.32078842015
hill_climbing,rosenbrock,101,300,34885.32078842015
hill_climbing,rosenbrock,101,400,34885.32078842015
hill_climbing,rosenbrock,101,500,34885.32078842015
hill_climbing,rosenbrock,101,600,34885.32078842015
hill_climbing,rosenbrock,101,700,34885.32078842015
hill_climbing,rosenbrock,101,800,34885.32078842015
hill_climbing,rosenbrock,101,900,34885.32078842015
hill_climbing,rosenbrock,101,1000,34885.32078842015
hill_climbing,rosenbrock,101,1100,34885.32078842015
hill_climbing,rosenbrock,101,1200,34885.32078842015
hill_climbing,rosenbrock,101,1300,34885.32078842015
hill_climbing,rosenbrock,101,1400,34885.32078842015
hill_climbing,rosenbrock,101,1500,34885.32078842015
hill_climbing,rosenbrock,101,1600,34885.32078842015
hill_climbing,rosenbrock,101,1700,34885.32078842015
hill_climbing,rosenbrock,101,1800,34885.32078842015
hill_climbing,rosenbrock,101,1900,34885.32078842015
hill_climbing,rosenbrock,101,2000,34885.32078842015
hill_climbing,rosenbrock,101,2100,34885.32078842015
hill_climbing,rosenbrock,101,2200,34885.32078842015
hill_climbing,rosenbrock,101,2300,34885.32078842015
hill_climbing,rosenbrock,101,2400,34885.32078842015
hill_climbing,rosenbrock,101,2500,34885.32078842015
hill_climbing,rosenbrock,101,2600,34885.32078842015
hill_climbing,rosenbrock,101,2700,34885.32078842015
hill_climbing,rosenbrock,101,2800,34885.32078842015
hill_climbing,rosenbrock,101,2900,34885.32078842015
hill_climbing,rosenbrock,101,3000,34885.32078842015
hill_climbing,rosenbrock,101,3100,34885.32078842015
hill_climbing,rosenbrock,101,3200,34885.32078842015
hill_climbing,rosenbrock,101,3300,34885.32078842015
hill_climbing,rosenbrock,101,3400,34885.32078842015
hill_climbing,rosenbrock,101,3500,34885.32078842015
hill_climbing,rosenbrock,101,3600,34885.32078842015
hill_climbing,rosenbrock,101,3700,34885.32078842015
hill_climbing,rosenbrock,101,3800,34885.32078842015
hill_climbing,rosenbrock,101,3900,34885.32078842015
hill_climbing,rosenbrock,101,4000,34885.32078842015
hill_climbing,rosenbrock,101,4100,34885.32078842015
hill_climbing,rosenbrock,101,4200,34885.32078842015
hill_climbing,rosenbrock,101,4300,34885.32078842015
hill_climbing,rosenbrock,101,4400,34885.32078842015
hill_climbing,rosenbrock,101,4500,34885.32078842015
hill_climbing,rosenbrock,101,4600,34885.32078842015
hill_climbing,rosenbrock,101,4700,34885.32078842015
hill_climbing,rosenbrock,101,4800,34885.32078842015
hill_climbing,rosenbrock,101,4900,34885.32078842015
hill_climbing,rosenbrock,101,5000,34885.32078842015
hill_climbing,rosenbrock,101,5100,34885.32078842015
hill_climbing,rosenbrock,101,5200,34885.32078842015
hill_climbing,rosenbrock,101,5300,34885.32078842015
hill_climbing,rosenbrock,101,5400,34885.32078842015
hill_climbing,rosenbrock,101,5500,34885.32078842015
hill_climbing,rosenbrock,101,5600,34885.32078842015
hill_climbing,rosenbrock,101,5700,34885.32078842015
hill_climbing,rosenbrock,101,5800,34885.32078842015
hill_climbing,rosenbrock,101,5900,34885.32078842015
hill_climbing,rosenbrock,101,6000,34885.32078842015
hill_climbing,rosenbrock,101,6100,34885.32078842015
hill_climbing,rosenbrock,101,6200,34885.32078842015
hill_climbing,rosenbrock,101,6300,34885.32078842015
hill_climbing,rosenbrock,101,6400,34885.32078842015
hill_climbing,rosenbrock,101,6500,34885.32078842015
hill_climbing,rosenbrock,101,6600,34885.32078842015
hill_climbing,rosenbrock,101,6700,34885.32078842015
hill_climbing,rosenbrock,101,6800,34885.32078842015
hill_climbing,rosenbrock,101,6900,34885.32078842015
hill_climbing,rosenbrock,101,7000,34885.32078842015
hill_climbing,rosenbrock,101,7100,34885.32078842015
hill_climbing,rosenbrock,101,7200,34885.32078842015
hill_climbing,rosenbrock,101,7300,34885.32078842015
hill_climbing,rosenbrock,101,7400,34885.32078842015
hill_climbing,rosenbrock,101,7500,34885.32078842015
hill_climbing,rosenbrock,101,7600,34885.32078842015
hill_climbing,rosenbrock,101,7700,34885.32078842015
hill_climbing,rosenbrock,101,7800,34885.32078842015
hill_climbing,rosenbrock,101,7900,34885.32078842015
hill_climbing,rosenbrock,101,8000,34885.32078842015
hill_climbing,rosenbrock,101,8100,34885.32078842015
hill_climbing,rosenbrock,101,8200,34885.32078842015
hill_climbing,rosenbrock,101,8300,34885.32078842015
hill_climbing,rosenbrock,101,8400,34885.32078842015
hill_climbing,rosenbrock,101,8500,34885.32078842015
hill_climbing,rosenbrock,101,8600,34885.32078842015
hill_climbing,rosenbrock,101,8700,34885.32078842015
hill_climbing,rosenbrock,101,8800,34885.32078842015
hill_climbing,rosenbrock,101,8900,34885.32078842015
hill_climbing,rosenbrock,101,9000,34885.32078842015
hill_climbing,rosenbrock,101,9100,34885.32078842015
hill_climbing,rosenbrock,101,9200,34885.32078842015
hill_climbing,rosenbrock,101,9300,34885.32078842015
hill_climbing,rosenbrock,101,9400,34885.32078842015
hill_climbing,rosenbrock,101,9500,34885.32078842015
hill_climbing,rosenbrock,101,9600,34885.32078842015
hill_climbing,rosenbrock,101,9700,34885.32078842015
hill_climbing,rosenbrock,101,9800,34885.32078842015
hill_climbing,rosenbrock,101,9900,34885.32078842015
hill_climbing,rosenbrock,101,10000,34885.32078842015
hill_climbing,rosenbrock,101,10100,34885.32078842015
hill_climbing,rosenbrock,101,10200,34885.32078842015
hill_climbing,rosenbrock,101,10300,34885.32078842015
hill_climbing,rosenbrock,101,10400,34885.32078842015
hill_climbing,rosenbrock,101,10500,34885.32078842015
hill_climbing,rosenbrock,101,10600,34885.32078842015
hill_climbing,rosenbrock,101,10700,34885.32078842015
hill_climbing,rosenbrock,101,10800,34885.32078842015
hill_climbing,rosenbrock,101,10900,34885.32078842015
hill_climbing,rosenbrock,101,11000,34885.32078842015
hill_climbing,rosenbrock,101,11100,34885.32078842015
hill_climbing,rosenbrock,101,11200,34885.32078842015
hill_climbing,rosenbrock,101,11300,34885.32078842015
hill_climbing,rosenbrock,101,11400,34885.32078842015
hill_climbing,rosenbrock,101,11500,34885.32078842015
hill_climbing,rosenbrock,101,11600,34885.32078842015
hill_climbing,rosenbrock,101,11700,34885.32078842015
hill_climbing,rosenbrock,101,11800,34885.32078842015
hill_climbing,rosenbrock,101,11900,34885.32078842015
hill_climbing,rosenbrock,101,12000,34885.32078842015
hill_climbing,rosenbrock,101,12100,34885.32078842015
hill_climbing,rosenbrock,101,12200,34885.32078842015
hill_climbing,rosenbrock,101,12300,34885.32078842015
hill_climbing,rosenbrock,101,12400,34885.32078842015
hill_climbing,rosenbrock,101,12500,34885.32078842015
hill_climbing,rosenbrock,101,12600,34885.32078842015
hill_climbing,rosenbrock,101,12700,34885.32078842015
hill_climbing,rosenbrock,101,12800,34885.32078842015
hill_climbing,rosenbrock,101,12900,34885.32078842015
hill_climbing,rosenbrock,101,13000,34885.32078842015
hill_climbing,rosenbrock,101,13100,34885.32078842015
hill_climbing,rosenbrock,101,13200,34885.32078842015
hill_climbing,rosenbrock,101,13300,34885.32078842015
hill_climbing,rosenbrock,101,13400,34885.32078842015
hill_climbing,rosenbrock,101,13500,34885.32078842015
hill_climbing,rosenbrock,101,13600,34885.32078842015
hill_climbing,rosenbrock,101,13700,34885.32078842015
hill_climbing,rosenbrock,101,13800,34885.32078842015
hill_climbing,rosenbrock,101,13900,34885.32078842015
hill_climbing,rosenbrock,101,14000,34885.32078842015
hill_climbing,rosenbrock,101,14100,34885.32078842015
hill_climbing,rosenbrock,101,14200,34885.32078842015
hill_climbing,rosenbrock,101,14300,34885.32078842015
hill_climbing,rosenbrock,101,14400,34885.32078842015
hill_climbing,rosenbrock,101,14500,34885.32078842015
hill_climbing,rosenbrock,101,14600,34885.32078842015
hill_climbing,rosenbrock,101,14700,34885.32078842015
hill_climbing,rosenbrock,101,14800,34885.32078842015
hill_climbing,rosenbrock,101,14900,34885.32078842015
hill_climbing,rosenbrock,101,15000,34885.32078842015
hill_climbing,rosenbrock,101,15100,34885.32078842015
hill_climbing,rosenbrock,101,15200,34885.32078842015
hill_climbing,rosenbrock,101,15300,34885.32078842015
hill_climbing,rosenbrock,101,15400,34885.32078842015
hill_climbing,rosenbrock,101,15500,34885.32078842015
hill_climbing,rosenbrock,101,15600,21469.02323962844
hill_climbing,rosenbrock,101,15700,21469.02323962844
hill_climbing,rosenbrock,101,15800,21469.02323962844
hill_climbing,rosenbrock,101,15900,21469.02323962844
hill_climbing,rosenbrock,101,16000,21469.02323962844
hill_climbing,rosenbrock,101,16100,21469.02323962844
hill_climbing,rosenbrock,101,16200,21469.02323962844
hill_climbing,rosenbrock,101,16300,21469.02323962844
hill_climbing,rosenbrock,101,16400,21469.02323962844
hill_climbing,rosenbrock,101,16500,21469.02323962844
hill_climbing,rosenbrock,101,16600,21469.02323962844
hill_climbing,rosenbrock,101,16700,21469.02323962844
hill_climbing,rosenbrock,101,16800,21469.02323962844
hill_climbing,rosenbrock,101,16900,21469.02323962844
hill_climbing,rosenbrock,101,17000,21469.02323962844
hill_climbing,rosenbrock,101,17100,21469.02323962844
hill_climbing,rosenbrock,101,17200,21469.02323962844
hill_climbing,rosenbrock,101,17300,21469.02323962844
hill_climbing,rosenbrock,101,17400,21469.02323962844
hill_climbing,rosenbrock,101,17500,21469.02323962844
hill_climbing,rosenbrock,101,17600,21469.02323962844
hill_climbing,rosenbrock,101,17700,21469.02323962844
hill_climbing,rosenbrock,101,17800,21469.02323962844
hill_climbing,rosenbrock,101,17900,21469.02323962844
hill_climbing,rosenbrock,101,18000,21469.02323962844
hill_climbing,rosenbrock,101,18100,21469.02323962844
hill_climbing,rosenbrock,101,18200,21469.02323962844
hill_climbing,rosenbrock,101,18300,21469.02323962844
hill_climbing,rosenbrock,101,18400,21469.02323962844
hill_climbing,rosenbrock,101,18500,21469.02323962844
hill_climbing,rosenbrock,101,18600,21469.02323962844
hill_climbing,rosenbrock,101,18700,21469.02323962844
hill_climbing,rosenbrock,101,18800,21469.02323962844
hill_climbing,rosenbrock,101,18900,21469.02323962844
hill_climbing,rosenbrock,101,19000,21469.02323962844
hill_climbing,rosenbrock,101,19100,21469.02323962844
hill_climbing,rosenbrock,101,19200,21469.02323962844
hill_climbing,rosenbrock,101,19300,21469.02323962844
hill_climbing,rosenbrock,101,19400,21469.02323962844
hill_climbing,rosenbrock,101,19500,21469.02323962844
hill_climbing,rosenbrock,101,19600,21469.02323962844
hill_climbing,rosenbrock,101,19700,21469.02323962844
hill_climbing,rosenbrock,101,19800,21469.02323962844
hill_climbing,rosenbrock,101,19900,21469.02323962844
hill_climbing,rosenbrock,101,20000,21469.02323962844
hill_climbing,rosenbrock,102,100,230735.31564633668
hill_climbing,rosenbrock,102,200,90432.76376681184
hill_climbing,rosenbrock,102,300,90432.76376681184
hill_climbing,rosenbrock,102,400,90432.76376681184
hill_climbing,rosenbrock,102,500,90432.76376681184
hill_climbing,rosenbrock,102,600,90432.76376681184
hill_climbing,rosenbrock,102,700,90432.76376681184
hill_climbing,rosenbrock,102,800,90432.76376681184
hill_climbing,rosenbrock,102,900,86492.30413327173
hill_climbing,rosenbrock,102,1000,84453.87647046709
hill_climbing,rosenbrock,102,1100,29482.489818433165
hill_climbing,rosenbrock,102,1200,29482.489818433165
hill_climbing,rosenbrock,102,1300,29482.489818433165
hill_climbing,rosenbrock,102,1400,29482.489818433165
hill_climbing,rosenbrock,102,1500,29482.489818433165
hill_climbing,rosenbrock,102,1600,29482.489818433165
hill_climbing,rosenbrock,102,1700,29482.489818433165
hill_climbing,rosenbrock,102,1800,29482.489818433165
hill_climbing,rosenbrock,102,1900,7307.0359314374655
hill_climbing,rosenbrock,102,2000,7307.0359314374655
hill_climbing,rosenbrock,102,2100,7307.0359314374655
hill_climbing,rosenbrock,102,2200,7307.0359314374655
hill_climbing,rosenbrock,102,2300,7307.0359314374655
hill_climbing,rosenbrock,102,2400,7307.0359314374655
hill_climbing,rosenbrock,102,2500,7307.0359314374655
hill_climbing,rosenbrock,102,2600,7307.0359314374655
hill_climbing,rosenbrock,102,2700,7307.0359314374655
hill_climbing,rosenbrock,102,2800,7307.0359314374655
hill_climbing,rosenbrock,102,2900,7307.0359314374655
hill_climbing,rosenbrock,102,3000,7307.0359314374655
hill_climbing,rosenbrock,102,3100,7307.0359314374655
hill_climbing,rosenbrock,102,3200,7307.0359314374655
hill_climbing,rosenbrock,102,3300,7307.0359314374655
hill_climbing,rosenbrock,102,3400,7307.0359314374655
hill_climbing,rosenbrock,102,3500,7307.0359314374655
hill_climbing,rosenbrock,102,3600,7307.0359314374655
hill_climbing,rosenbrock,102,3700,7307.0359314374655
hill_climbing,rosenbrock,102,3800,7307.0359314374655
hill_climbing,rosenbrock,102,3900,7307.0359314374655
hill_climbing,rosenbrock,102,4000,7307.0359314374655
hill_climbing,rosenbrock,102,4100,7307.0359314374655
hill_climbing,rosenbrock,102,4200,7307.0359314374655
hill_climbing,rosenbrock,102,4300,7307.0359314374655
hill_climbing,rosenbrock,102,4400,7307.0359314374655
hill_climbing,rosenbrock,102,4500,7307.0359314374655
hill_climbing,rosenbrock,102,4600,7307.0359314374655
hill_climbing,rosenbrock,102,4700,7307.0359314374655
hill_climbing,rosenbrock,102,4800,7307.0359314374655
hill_climbing,rosenbrock,102,4900,7307.0359314374655
hill_climbing,rosenbrock,102,5000,7307.0359314374655
hill_climbing,rosenbrock,102,5100,7307.0359314374655
hill_climbing,rosenbrock,102,5200,7307.0359314374655
hill_climbing,rosenbrock,102,5300,7307.0359314374655
hill_climbing,rosenbrock,102,5400,7307.0359314374655
hill_climbing,rosenbrock,102,5500,7307.0359314374655
hill_climbing,rosenbrock,102,5600,7307.0359314374655
hill_climbing,rosenbrock,102,5700,7307.0359314374655
hill_climbing,rosenbrock,102,5800,7307.0359314374655
hill_climbing,rosenbrock,102,5900,7307.0359314374655
hill_climbing,rosenbrock,102,6000,7307.0359314374655
hill_climbing,rosenbrock,102,6100,7307.0359314374655
hill_climbing,rosenbrock,102,6200,7307.0359314374655
hill_climbing,rosenbrock,102,6300,7307.0359314374655
hill_climbing,rosenbrock,102,6400,7307.0359314374655
hill_climbing,rosenbrock,102,6500,7307.0359314374655
hill_climbing,rosenbrock,102,6600,7307.0359314374655
hill_climbing,rosenbrock,102,6700,7307.0359314374655
hill_climbing,rosenbrock,102,6800,7307.0359314374655
hill_climbing,rosenbrock,102,6900,7307.0359314374655
hill_climbing,rosenbrock,102,7000,7307.0359314374655
hill_climbing,rosenbrock,102,7100,7307.0359314374655
hill_climbing,rosenbrock,102,7200,7307.0359314374655
hill_climbing,rosenbrock,102,7300,7307.0359314374655
hill_climbing,rosenbrock,102,7400,7307.0359314374655
hill_climbing,rosenbrock,102,7500,7307.0359314374655
hill_climbing,rosenbrock,102,7600,7307.0359314374655
hill_climbing,rosenbrock,102,7700,7307.0359314374655
hill_climbing,rosenbrock,102,7800,7307.0359314374655
hill_climbing,rosenbrock,102,7900,7307.0359314374655
hill_climbing,rosenbrock,102,8000,7307.0359314374655
hill_climbing,rosenbrock,102,8100,7307.0359314374655
hill_climbing,rosenbrock,102,8200,7307.0359314374655
hill_climbing,rosenbrock,102,8300,7307.0359314374655
hill_climbing,rosenbrock,102,8400,7307.0359314374655
hill_climbing,rosenbrock,102,8500,7307.0359314374655
hill_climbing,rosenbrock,102,8600,7307.0359314374655
hill_climbing,rosenbrock,102,8700,7307.0359314374655
hill_climbing,rosenbrock,102,8800,7307.0359314374655
hill_climbing,rosenbrock,102,8900,7307.0359314374655
hill_climbing,rosenbrock,102,9000,7307.0359314374655
hill_climbing,rosenbrock,102,9100,7307.0359314374655
hill_climbing,rosenbrock,102,9200,7307.0359314374655
hill_climbing,rosenbrock,102,9300,7307.0359314374655
hill_climbing,rosenbrock,102,9400,7307.0359314374655
hill_climbing,rosenbrock,102,9500,7307.0359314374655
hill_climbing,rosenbrock,102,9600,7307.0359314374655
hill_climbing,rosenbrock,102,9700,7307.0359314374655
hill_climbing,rosenbrock,102,9800,7307.0359314374655
hill_climbing,rosenbrock,102,9900,7307.0359314374655
hill_climbing,rosenbrock,102,10000,7307.0359314374655
hill_climbing,rosenbrock,102,10100,7307.0359314374655
hill_climbing,rosenbrock,102,10200,7307.0359314374655
hill_climbing,rosenbrock,102,10300,7307.0359314374655
hill_climbing,rosenbrock,102,10400,7307.0359314374655
hill_climbing,rosenbrock,102,10500,7307.0359314374655
hill_climbing,rosenbrock,102,10600,7307.0359314374655
hill_climbing,rosenbrock,102,10700,7307.0359314374655
hill_climbing,rosenbrock,102,10800,7307.0359314374655
hill_climbing,rosenbrock,102,10900,7307.0359314374655
hill_climbing,rosenbrock,102,11000,7307.0359314374655
hill_climbing,rosenbrock,102,11100,7307.0359314374655
hill_climbing,rosenbrock,102,11200,7307.0359314374655
hill_climbing,rosenbrock,102,11300,7307.0359314374655
hill_climbing,rosenbrock,102,11400,7307.0359314374655
hill_climbing,rosenbrock,102,11500,7307.0359314374655
hill_climbing,rosenbrock,102,11600,7307.0359314374655
hill_climbing,rosenbrock,102,11700,7307.0359314374655
hill_climbing,rosenbrock,102,11800,7307.0359314374655
hill_climbing,rosenbrock,102,11900,7307.0359314374655
hill_climbing,rosenbrock,102,12000,7307.0359314374655
hill_climbing,rosenbrock,102,12100,7307.0359314374655
hill_climbing,rosenbrock,102,12200,7307.0359314374655
hill_climbing,rosenbrock,102,12300,7307.0359314374655
hill_climbing,rosenbrock,102,12400,7307.0359314374655
hill_climbing,rosenbrock,102,12500,7307.0359314374655
hill_climbing,rosenbrock,102,12600,7307.0359314374655
hill_climbing,rosenbrock,102,12700,7307.0359314374655
hill_climbing,rosenbrock,102,12800,7307.0359314374655
hill_climbing,rosenbrock,102,12900,7307.0359314374655
hill_climbing,rosenbrock,102,13000,7307.0359314374655
hill_climbing,rosenbrock,102,13100,7307.0359314374655
hill_climbing,rosenbrock,102,13200,7307.0359314374655
hill_climbing,rosenbrock,102,13300,7307.0359314374655
hill_climbing,rosenbrock,102,13400,7307.0359314374655
hill_climbing,rosenbrock,102,13500,7307.0359314374655
hill_climbing,rosenbrock,102,13600,7307.0359314374655
hill_climbing,rosenbrock,102,13700,7307.0359314374655
hill_climbing,rosenbrock,102,13800,7307.0359314374655
hill_climbing,rosenbrock,102,13900,7307.0359314374655
hill_climbing,rosenbrock,102,14000,7307.0359314374655
hill_climbing,rosenbrock,102,14100,7307.0359314374655
hill_climbing,rosenbrock,102,14200,7307.0359314374655
hill_climbing,rosenbrock,102,14300,7307.0359314374655
hill_climbing,rosenbrock,102,14400,7307.0359314374655
hill_climbing,rosenbrock,102,14500,7307.0359314374655
hill_climbing,rosenbrock,102,14600,7307.0359314374655
hill_climbing,rosenbrock,102,14700,7307.0359314374655
hill_climbing,rosenbrock,102,14800,7307.0359314374655
hill_climbing,rosenbrock,102,14900,7307.0359314374655
hill_climbing,rosenbrock,102,15000,7307.0359314374655
hill_climbing,rosenbrock,102,15100,7307.0359314374655
hill_climbing,rosenbrock,102,15200,7307.0359314374655
hill_climbing,rosenbrock,102,15300,7307.0359314374655
hill_climbing,rosenbrock,102,15400,7307.0359314374655
hill_climbing,rosenbrock,102,15500,7307.0359314374655
hill_climbing,rosenbrock,102,15600,7307.0359314374655
hill_climbing,rosenbrock,102,15700,7307.0359314374655
hill_climbing,rosenbrock,102,15800,7307.0359314374655
hill_climbing,rosenbrock,102,15900,7307.0359314374655
hill_climbing,rosenbrock,102,16000,7307.0359314374655
hill_climbing,rosenbrock,102,16100,7307.0359314374655
hill_climbing,rosenbrock,102,16200,7307.0359314374655
hill_climbing,rosenbrock,102,16300,7307.0359314374655
hill_climbing,rosenbrock,102,16400,7307.0359314374655
hill_climbing,rosenbrock,102,16500,7307.0359314374655
hill_climbing,rosenbrock,102,16600,7307.0359314374655
hill_climbing,rosenbrock,102,16700,7307.0359314374655
hill_climbing,rosenbrock,102,16800,7307.0359314374655
hill_climbing,rosenbrock,102,16900,7307.0359314374655
hill_climbing,rosenbrock,102,17000,7307.0359314374655
hill_climbing,rosenbrock,102,17100,7307.0359314374655
hill_climbing,rosenbrock,102,17200,7307.0359314374655
hill_climbing,rosenbrock,102,17300,7307.0359314374655
hill_climbing,rosenbrock,102,17400,7307.0359314374655
hill_climbing,rosenbrock,102,17500,7307.0359314374655
hill_climbing,rosenbrock,102,17600,7307.0359314374655
hill_climbing,rosenbrock,102,17700,7307.0359314374655
hill_climbing,rosenbrock,102,17800,7307.0359314374655
hill_climbing,rosenbrock,102,17900,7307.0359314374655
hill_climbing,rosenbrock,102,18000,7307.0359314374655
hill_climbing,rosenbrock,102,18100,7307.0359314374655
hill_climbing,rosenbrock,102,18200,7307.0359314374655
hill_climbing,rosenbrock,102,18300,7307.0359314374655
hill_climbing,rosenbrock,102,18400,7307.0359314374655
hill_climbing,rosenbrock,102,18500,7307.0359314374655
hill_climbing,rosenbrock,102,18600,7307.0359314374655
hill_climbing,rosenbrock,102,18700,7307.0359314374655
hill_climbing,rosenbrock,102,18800,7307.0359314374655
hill_climbing,rosenbrock,102,18900,7307.0359314374655
hill_climbing,rosenbrock,102,19000,7307.0359314374655
hill_climbing,rosenbrock,102,19100,7307.0359314374655
hill_climbing,rosenbrock,102,19200,7307.0359314374655
hill_climbing,rosenbrock,102,19300,7307.0359314374655
hill_climbing,rosenbrock,102,19400,7307.0359314374655
hill_climbing,rosenbrock,102,19500,7307.0359314374655
hill_climbing,rosenbrock,102,19600,7307.0359314374655
hill_climbing,rosenbrock,102,19700,7307.0359314374655
hill_climbing,rosenbrock,102,19800,7307.0359314374655
hill_climbing,rosenbrock,102,19900,7307.0359314374655
hill_climbing,rosenbrock,102,20000,7307.0359314374655
hill_climbing,rosenbrock,103,100,65364.94917506397
hill_climbing,rosenbrock,103,200,65364.94917506397
hill_climbing,rosenbrock,103,300,65364.94917506397
hill_climbing,rosenbrock,103,400,65364.94917506397
hill_climbing,rosenbrock,103,500,60210.39718437053
hill_climbing,rosenbrock,103,600,60210.39718437053
hill_climbing,rosenbrock,103,700,60210.39718437053
hill_climbing,rosenbrock,103,800,60210.39718437053
hill_climbing,rosenbrock,103,900,53307.245888348596
hill_climbing,rosenbrock,103,1000,53307.245888348596
hill_climbing,rosenbrock,103,1100,53307.245888348596
hill_climbing,rosenbrock,103,1200,48636.30445845671
hill_climbing,rosenbrock,103,1300,48636.30445845671
hill_climbing,rosenbrock,103,1400,48636.30445845671
hill_climbing,rosenbrock,103,1500,48636.30445845671
hill_climbing,rosenbrock,103,1600,48636.30445845671
hill_climbing,rosenbrock,103,1700,48636.30445845671
hill_climbing,rosenbrock,103,1800,48636.30445845671
hill_climbing,rosenbrock,103,1900,48636.30445845671
hill_climbing,rosenbrock,103,2000,48636.30445845671
hill_climbing,rosenbrock,103,2100,48636.30445845671
hill_climbing,rosenbrock,103,2200,48636.30445845671
hill_climbing,rosenbrock,103,2300,48636.30445845671
hill_climbing,rosenbrock,103,2400,48636.30445845671
hill_climbing,rosenbrock,103,2500,48636.30445845671
hill_climbing,rosenbrock,103,2600,48636.30445845671
hill_climbing,rosenbrock,103,2700,48636.30445845671
hill_climbing,rosenbrock,103,2800,48636.30445845671
hill_climbing,rosenbrock,103,2900,48636.30445845671
hill_climbing,rosenbrock,103,3000,48636.30445845671
hill_climbing,rosenbrock,103,3100,48636.30445845671
hill_climbing,rosenbrock,103,3200,48636.30445845671
hill_climbing,rosenbrock,103,3300,36791.64653568265
hill_climbing,rosenbrock,103,3400,36791.64653568265
hill_climbing,rosenbrock,103,3500,36791.64653568265
hill_climbing,rosenbrock,103,3600,36791.64653568265
hill_climbing,rosenbrock,103,3700,23275.023341037475
hill_climbing,rosenbrock,103,3800,23275.023341037475
hill_climbing,rosenbrock,103,3900,23275.023341037475
hill_climbing,rosenbrock,103,4000,23275.023341037475
hill_climbing,rosenbrock,103,4100,23275.023341037475
hill_climbing,rosenbrock,103,4200,23275.023341037475
hill_climbing,rosenbrock,103,4300,23275.023341037475
hill_climbing,rosenbrock,103,4400,23275.023341037475
hill_climbing,rosenbrock,103,4500,23275.023341037475
hill_climbing,rosenbrock,103,4600,23275.023341037475
hill_climbing,rosenbrock,103,4700,23275.023341037475
hill_climbing,rosenbrock,103,4800,23275.023341037475
hill_climbing,rosenbrock,103,4900,23275.023341037475
hill_climbing,rosenbrock,103,5000,23275.023341037475
hill_climbing,rosenbrock,103,5100,23275.023341037475
hill_climbing,rosenbrock,103,5200,23275.023341037475
hill_climbing,rosenbrock,103,5300,23275.023341037475
hill_climbing,rosenbrock,103,5400,23275.023341037475
hill_climbing,rosenbrock,103,5500,23275.023341037475
hill_climbing,rosenbrock,103,5600,15617.332838285414
hill_climbing,rosenbrock,103,5700,15617.332838285414
hill_climbing,rosenbrock,103,5800,15617.332838285414
hill_climbing,rosenbrock,103,5900,15617.332838285414
hill_climbing,rosenbrock,103,6000,15617.332838285414
hill_climbing,rosenbrock,103,6100,15617.332838285414
hill_climbing,rosenbrock,103,6200,15617.332838285414
hill_climbing,rosenbrock,103,6300,15617.332838285414
hill_climbing,rosenbrock,103,6400,15617.332838285414
hill_climbing,rosenbrock,103,6500,15617.332838285414
hill_climbing,rosenbrock,103,6600,15617.332838285414
hill_climbing,rosenbrock,103,6700,15617.332838285414
hill_climbing,rosenbrock,103,6800,15617.332838285414
hill_climbing,rosenbrock,103,6900,15617.332838285414
hill_climbing,rosenbrock,103,7000,15617.332838285414
hill_climbing,rosenbrock,103,7100,15617.332838285414
hill_climbing,rosenbrock,103,7200,15617.332838285414
hill_climbing,rosenbrock,103,7300,15617.332838285414
hill_climbing,rosenbrock,103,7400,15617.332838285414
hill_climbing,rosenbrock,103,7500,15617.332838285414
hill_climbing,rosenbrock,103,7600,15617.332838285414
hill_climbing,rosenbrock,103,7700,15617.332838285414
hill_climbing,rosenbrock,103,7800,15617.332838285414
hill_climbing,rosenbrock,103,7900,15617.332838285414
hill_climbing,rosenbrock,103,8000,15617.332838285414
hill_climbing,rosenbrock,103,8100,15617.332838285414
hill_climbing,rosenbrock,103,8200,15617.332838285414
hill_climbing,rosenbrock,103,8300,15617.332838285414
hill_climbing,rosenbrock,103,8400,15617.332838285414
hill_climbing,rosenbrock,103,8500,15617.332838285414
hill_climbing,rosenbrock,103,8600,15617.332838285414
hill_climbing,rosenbrock,103,8700,15617.332838285414
hill_climbing,rosenbrock,103,8800,15617.332838285414
hill_climbing,rosenbrock,103,8900,15617.332838285414
hill_climbing,rosenbrock,103,9000,15617.332838285414
hill_climbing,rosenbrock,103,9100,15617.332838285414
hill_climbing,rosenbrock,103,9200,15617.332838285414
hill_climbing,rosenbrock,103,9300,15617.332838285414
hill_climbing,rosenbrock,103,9400,15617.332838285414
hill_climbing,rosenbrock,103,9500,15617.332838285414
hill_climbing,rosenbrock,103,9600,15617.332838285414
hill_climbing,rosenbrock,103,9700,15617.332838285414
hill_climbing,rosenbrock,103,9800,15617.332838285414
hill_climbing,rosenbrock,103,9900,15617.332838285414
hill_climbing,rosenbrock,103,10000,15617.332838285414
hill_climbing,rosenbrock,103,10100,15617.332838285414
hill_climbing,rosenbrock,103,10200,15617.332838285414
hill_climbing,rosenbrock,103,10300,15617.332838285414
hill_climbing,rosenbrock,103,10400,15617.332838285414
hill_climbing,rosenbrock,103,10500,15617.332838285414
hill_climbing,rosenbrock,103,10600,15617.332838285414
hill_climbing,rosenbrock,103,10700,15617.332838285414
hill_climbing,rosenbrock,103,10800,15617.332838285414
hill_climbing,rosenbrock,103,10900,15617.332838285414
hill_climbing,rosenbrock,103,11000,15617.332838285414
hill_climbing,rosenbrock,103,11100,15617.332838285414
hill_climbing,rosenbrock,103,11200,15617.332838285414
hill_climbing,rosenbrock,103,11300,15617.332838285414
hill_climbing,rosenbrock,103,11400,12287.97940968251
hill_climbing,rosenbrock,103,11500,12287.97940968251
hill_climbing,rosenbrock,103,11600,12287.97940968251
hill_climbing,rosenbrock,103,11700,12287.97940968251
hill_climbing,rosenbrock,103,11800,12287.97940968251
hill_climbing,rosenbrock,103,11900,12287.97940968251
hill_climbing,rosenbrock,103,12000,12287.97940968251
hill_climbing,rosenbrock,103,12100,12287.97940968251
hill_climbing,rosenbrock,103,12200,12287.97940968251
hill_climbing,rosenbrock,103,12300,12287.97940968251
hill_climbing,rosenbrock,103,12400,12287.97940968251
hill_climbing,rosenbrock,103,12500,12287.97940968251
hill_climbing,rosenbrock,103,12600,12287.97940968251
hill_climbing,rosenbrock,103,12700,12287.97940968251
hill_climbing,rosenbrock,103,12800,12287.97940968251
hill_climbing,rosenbrock,103,12900,12287.97940968251
hill_climbing,rosenbrock,103,13000,12287.97940968251
hill_climbing,rosenbrock,103,13100,12287.97940968251
hill_climbing,rosenbrock,103,13200,12287.97940968251
hill_climbing,rosenbrock,103,13300,12287.97940968251
hill_climbing,rosenbrock,103,13400,12287.97940968251
hill_climbing,rosenbrock,103,13500,12287.97940968251
hill_climbing,rosenbrock,103,13600,12287.97940968251
hill_climbing,rosenbrock,103,13700,12287.97940968251
hill_climbing,rosenbrock,103,13800,12287.97940968251
hill_climbing,rosenbrock,103,13900,12287.97940968251
hill_climbing,rosenbrock,103,14000,12287.97940968251
hill_climbing,rosenbrock,103,14100,12287.97940968251
hill_climbing,rosenbrock,103,14200,12287.97940968251
hill_climbing,rosenbrock,103,14300,12287.97940968251
hill_climbing,rosenbrock,103,14400,12287.97940968251
hill_climbing,rosenbrock,103,14500,12287.97940968251
hill_climbing,rosenbrock,103,14600,12287.97940968251
hill_climbing,rosenbrock,103,14700,12287.97940968251
hill_climbing,rosenbrock,103,14800,12287.97940968251
hill_climbing,rosenbrock,103,14900,12287.97940968251
hill_climbing,rosenbrock,103,15000,12287.97940968251
hill_climbing,rosenbrock,103,15100,12287.97940968251
hill_climbing,rosenbrock,103,15200,12287.97940968251
hill_climbing,rosenbrock,103,15300,12287.97940968251
hill_climbing,rosenbrock,103,15400,12287.97940968251
hill_climbing,rosenbrock,103,15500,12287.97940968251
hill_climbing,rosenbrock,103,15600,12287.97940968251
hill_climbing,rosenbrock,103,15700,12287.97940968251
hill_climbing,rosenbrock,103,15800,12287.97940968251
hill_climbing,rosenbrock,103,15900,12287.97940968251
hill_climbing,rosenbrock,103,16000,12287.97940968251
hill_climbing,rosenbrock,103,16100,12287.97940968251
hill_climbing,rosenbrock,103,16200,12287.97940968251
hill_climbing,rosenbrock,103,16300,12287.97940968251
hill_climbing,rosenbrock,103,16400,12287.97940968251
hill_climbing,rosenbrock,103,16500,12287.97940968251
hill_climbing,rosenbrock,103,16600,12287.97940968251
hill_climbing,rosenbrock,103,16700,12287.97940968251
hill_climbing,rosenbrock,103,16800,12287.97940968251
hill_climbing,rosenbrock,103,16900,12287.97940968251
hill_climbing,rosenbrock,103,17000,12287.97940968251
hill_climbing,rosenbrock,103,17100,12287.97940968251
hill_climbing,rosenbrock,103,17200,12287.97940968251
hill_climbing,rosenbrock,103,17300,12287.97940968251
hill_climbing,rosenbrock,103,17400,12287.97940968251
hill_climbing,rosenbrock,103,17500,12287.97940968251
hill_climbing,rosenbrock,103,17600,12287.97940968251
hill_climbing,rosenbrock,103,17700,12287.97940968251
hill_climbing,rosenbrock,103,17800,12287.97940968251
hill_climbing,rosenbrock,103,17900,12287.97940968251
hill_climbing,rosenbrock,103,18000,12287.97940968251
hill_climbing,rosenbrock,103,18100,12287.97940968251
hill_climbing,rosenbrock,103,18200,12287.97940968251
hill_climbing,rosenbrock,103,18300,12287.97940968251
hill_climbing,rosenbrock,103,18400,12287.97940968251
hill_climbing,rosenbrock,103,18500,12287.97940968251
hill_climbing,rosenbrock,103,18600,12287.97940968251
hill_climbing,rosenbrock,103,18700,12287.97940968251
hill_climbing,rosenbrock,103,18800,12287.97940968251
hill_climbing,rosenbrock,103,18900,12287.97940968251
hill_climbing,rosenbrock,103,19000,12287.97940968251
hill_climbing,rosenbrock,103,19100,12287.97940968251
hill_climbing,rosenbrock,103,19200,12287.97940968251
hill_climbing,rosenbrock,103,19300,12287.97940968251
hill_climbing,rosenbrock,103,19400,12287.97940968251
hill_climbing,rosenbrock,103,19500,12287.97940968251
hill_climbing,rosenbrock,103,19600,12287.97940968251
hill_climbing,rosenbrock,103,19700,12287.97940968251
hill_climbing,rosenbrock,103,19800,12287.97940968251
hill_climbing,rosenbrock,103,19900,12287.97940968251
hill_climbing,rosenbrock,103,20000,12287.97940968251
hill_climbing,rosenbrock,104,100,123648.03206726204
hill_climbing,rosenbrock,104,200,88163.1061353177
hill_climbing,rosenbrock,104,300,88163.1061353177
hill_climbing,rosenbrock,104,400,33934.542019976776
hill_climbing,rosenbrock,104,500,33934.542019976776
hill_climbing,rosenbrock,104,600,17884.00655386014
hill_climbing,rosenbrock,104,700,17884.00655386014
hill_climbing,rosenbrock,104,800,17884.00655386014
hill_climbing,rosenbrock,104,900,17884.00655386014
hill_climbing,rosenbrock,104,1000,17884.00655386014
hill_climbing,rosenbrock,104,1100,17884.00655386014
hill_climbing,rosenbrock,104,1200,17884.00655386014
hill_climbing,rosenbrock,104,1300,17884.00655386014
hill_climbing,rosenbrock,104,1400,17884.00655386014
hill_climbing,rosenbrock,104,1500,17884.00655386014
hill_climbing,rosenbrock,104,1600,17884.00655386014
hill_climbing,rosenbrock,104,1700,17884.00655386014
hill_climbing,rosenbrock,104,1800,17884.00655386014
hill_climbing,rosenbrock,104,1900,17884.00655386014
hill_climbing,rosenbrock,104,2000,17884.00655386014
hill_climbing,rosenbrock,104,2100,17884.00655386014
hill_climbing,rosenbrock,104,2200,17884.00655386014
hill_climbing,rosenbrock,104,2300,17884.00655386014
hill_climbing,rosenbrock,104,2400,17884.00655386014
hill_climbing,rosenbrock,104,2500,17884.00655386014
hill_climbing,rosenbrock,104,2600,17884.00655386014
hill_climbing,rosenbrock,104,2700,17884.00655386014
hill_climbing,rosenbrock,104,2800,17884.00655386014
hill_climbing,rosenbrock,104,2900,17884.00655386014
hill_climbing,rosenbrock,104,3000,17884.00655386014
hill_climbing,rosenbrock,104,3100,17884.00655386014
hill_climbing,rosenbrock,104,3200,17884.00655386014
hill_climbing,rosenbrock,104,3300,17884.00655386014
hill_climbing,rosenbrock,104,3400,17884.00655386014
hill_climbing,rosenbrock,104,3500,17884.00655386014
hill_climbing,rosenbrock,104,3600,17884.00655386014
hill_climbing,rosenbrock,104,3700,17884.00655386014
hill_climbing,rosenbrock,104,3800,17884.00655386014
hill_climbing,rosenbrock,104,3900,17884.00655386014
hill_climbing,rosenbrock,104,4000,17884.00655386014
hill_climbing,rosenbrock,104,4100,17884.00655386014
hill_climbing,rosenbrock,104,4200,17884.00655386014
hill_climbing,rosenbrock,104,4300,17884.00655386014
hill_climbing,rosenbrock,104,4400,17884.00655386014
hill_climbing,rosenbrock,104,4500,17884.00655386014
hill_climbing,rosenbrock,104,4600,17884.00655386014
hill_climbing,rosenbrock,104,4700,17884.00655386014
hill_climbing,rosenbrock,104,4800,17884.00655386014
hill_climbing,rosenbrock,104,4900,17884.00655386014
hill_climbing,rosenbrock,104,5000,17884.00655386014
hill_climbing,rosenbrock,104,5100,17884.00655386014
hill_climbing,rosenbrock,104,5200,17884.00655386014
hill_climbing,rosenbrock,104,5300,17884.00655386014
hill_climbing,rosenbrock,104,5400,17884.00655386014
hill_climbing,rosenbrock,104,5500,17884.00655386014
hill_climbing,rosenbrock,104,5600,17884.00655386014
hill_climbing,rosenbrock,104,5700,17884.00655386014
hill_climbing,rosenbrock,104,5800,17884.00655386014
hill_climbing,rosenbrock,104,5900,17884.00655386014
hill_climbing,rosenbrock,104,6000,17884.00655386014
hill_climbing,rosenbrock,104,6100,17884.00655386014
hill_climbing,rosenbrock,104,6200,17884.00655386014
hill_climbing,rosenbrock,104,6300,17884.00655386014
hill_climbing,rosenbrock,104,6400,17884.00655386014
hill_climbing,rosenbrock,104,6500,17884.00655386014
hill_climbing,rosenbrock,104,6600,17884.00655386014
hill_climbing,rosenbrock,104,6700,17884.00655386014
hill_climbing,rosenbrock,104,6800,17884.00655386014
hill_climbing,rosenbrock,104,6900,17884.00655386014
hill_climbing,rosenbrock,104,7000,17884.00655386014
hill_climbing,rosenbrock,104,7100,17884.00655386014
hill_climbing,rosenbrock,104,7200,17884.00655386014
hill_climbing,rosenbrock,104,7300,17884.00655386014
hill_climbing,rosenbrock,104,7400,17884.00655386014
hill_climbing,rosenbrock,104,7500,17884.00655386014
hill_climbing,rosenbrock,104,7600,17884.00655386014
hill_climbing,rosenbrock,104,7700,17884.00655386014
hill_climbing,rosenbrock,104,7800,17884.00655386014
hill_climbing,rosenbrock,104,7900,17884.00655386014
hill_climbing,rosenbrock,104,8000,17884.00655386014
hill_climbing,rosenbrock,104,8100,17884.00655386014
hill_climbing,rosenbrock,104,8200,17884.00655386014
hill_climbing,rosenbrock,104,8300,17884.00655386014
hill_climbing,rosenbrock,104,8400,17884.00655386014
hill_climbing,rosenbrock,104,8500,17884.00655386014
hill_climbing,rosenbrock,104,8600,17884.00655386014
hill_climbing,rosenbrock,104,8700,17884.00655386014
hill_climbing,rosenbrock,104,8800,17884.00655386014
hill_climbing,rosenbrock,104,8900,17884.00655386014
hill_climbing,rosenbrock,104,9000,17884.00655386014
hill_climbing,rosenbrock,104,9100,17884.00655386014
hill_climbing,rosenbrock,104,9200,17884.00655386014
hill_climbing,rosenbrock,104,9300,17884.00655386014
hill_climbing,rosenbrock,104,9400,17884.00655386014
hill_climbing,rosenbrock,104,9500,17884.00655386014
hill_climbing,rosenbrock,104,9600,17884.00655386014
hill_climbing,rosenbrock,104,9700,17884.00655386014
hill_climbing,rosenbrock,104,9800,17884.00655386014
hill_climbing,rosenbrock,104,9900,17884.00655386014
hill_climbing,rosenbrock,104,10000,17884.00655386014
hill_climbing,rosenbrock,104,10100,17884.00655386014
hill_climbing,rosenbrock,104,10200,17884.00655386014
hill_climbing,rosenbrock,104,10300,17884.00655386014
hill_climbing,rosenbrock,104,10400,17884.00655386014
hill_climbing,rosenbrock,104,10500,17884.00655386014
hill_climbing,rosenbrock,104,10600,17884.00655386014
hill_climbing,rosenbrock,104,10700,17884.00655386014
hill_climbing,rosenbrock,104,10800,17884.00655386014
hill_climbing,rosenbrock,104,10900,17884.00655386014
hill_climbing,rosenbrock,104,11000,17884.00655386014
hill_climbing,rosenbrock,104,11100,17884.00655386014
hill_climbing,rosenbrock,104,11200,17884.00655386014
hill_climbing,rosenbrock,104,11300,17884.00655386014
hill_climbing,rosenbrock,104,11400,17884.00655386014
hill_climbing,rosenbrock,104,11500,17884.00655386014
hill_climbing,rosenbrock,104,11600,17884.00655386014
hill_climbing,rosenbrock,104,11700,17884.00655386014
hill_climbing,rosenbrock,104,11800,17884.00655386014
hill_climbing,rosenbrock,104,11900,17884.00655386014
hill_climbing,rosenbrock,104,12000,17884.00655386014
hill_climbing,rosenbrock,104,12100,17884.00655386014
hill_climbing,rosenbrock,104,12200,17884.00655386014
hill_climbing,rosenbrock,104,12300,17884.00655386014
hill_climbing,rosenbrock,104,12400,17884.00655386014
hill_climbing,rosenbrock,104,12500,17884.00655386014
hill_climbing,rosenbrock,104,12600,17884.00655386014
hill_climbing,rosenbrock,104,12700,17884.00655386014
hill_climbing,rosenbrock,104,12800,17884.00655386014
hill_climbing,rosenbrock,104,12900,17884.00655386014
hill_climbing,rosenbrock,104,13000,17884.00655386014
hill_climbing,rosenbrock,104,13100,17884.00655386014
hill_climbing,rosenbrock,104,13200,17884.00655386014
hill_climbing,rosenbrock,104,13300,17884.00655386014
hill_climbing,rosenbrock,104,13400,17884.00655386014
hill_climbing,rosenbrock,104,13500,17884.00655386014
hill_climbing,rosenbrock,104,13600,4331.612593821923
hill_climbing,rosenbrock,104,13700,4331.612593821923
hill_climbing,rosenbrock,104,13800,4331.612593821923
hill_climbing,rosenbrock,104,13900,4331.612593821923
hill_climbing,rosenbrock,104,14000,4331.612593821923
hill_climbing,rosenbrock,104,14100,4331.612593821923
hill_climbing,rosenbrock,104,14200,4331.612593821923
hill_climbing,rosenbrock,104,14300,4331.612593821923
hill_climbing,rosenbrock,104,14400,4331.612593821923
hill_climbing,rosenbrock,104,14500,4331.612593821923
hill_climbing,rosenbrock,104,14600,4331.612593821923
hill_climbing,rosenbrock,104,14700,4331.612593821923
hill_climbing,rosenbrock,104,14800,4331.612593821923
hill_climbing,rosenbrock,104,14900,4331.612593821923
hill_climbing,rosenbrock,104,15000,4331.612593821923
hill_climbing,rosenbrock,104,15100,4331.612593821923
hill_climbing,rosenbrock,104,15200,4331.612593821923
hill_climbing,rosenbrock,104,15300,4331.612593821923
hill_climbing,rosenbrock,104,15400,4331.612593821923
hill_climbing,rosenbrock,104,15500,4331.612593821923
hill_climbing,rosenbrock,104,15600,4331.612593821923
hill_climbing,rosenbrock,104,15700,4331.612593821923
hill_climbing,rosenbrock,104,15800,4331.612593821923
hill_climbing,rosenbrock,104,15900,4331.612593821923
hill_climbing,rosenbrock,104,16000,4331.612593821923
hill_climbing,rosenbrock,104,16100,4331.612593821923
hill_climbing,rosenbrock,104,16200,4331.612593821923
hill_climbing,rosenbrock,104,16300,4331.612593821923
hill_climbing,rosenbrock,104,16400,4331.612593821923
hill_climbing,rosenbrock,104,16500,4331.612593821923
hill_climbing,rosenbrock,104,16600,4331.612593821923
hill_climbing,rosenbrock,104,16700,4331.612593821923
hill_climbing,rosenbrock,104,16800,4331.612593821923
hill_climbing,rosenbrock,104,16900,4331.612593821923
hill_climbing,rosenbrock,104,17000,4331.612593821923
hill_climbing,rosenbrock,104,17100,4331.612593821923
hill_climbing,rosenbrock,104,17200,4331.612593821923
hill_climbing,rosenbrock,104,17300,4331.612593821923
hill_climbing,rosenbrock,104,17400,4331.612593821923
hill_climbing,rosenbrock,104,17500,4331.612593821923
hill_climbing,rosenbrock,104,17600,4331.612593821923
hill_climbing,rosenbrock,104,17700,4331.612593821923
hill_climbing,rosenbrock,104,17800,4331.612593821923
hill_climbing,rosenbrock,104,17900,4331.612593821923
hill_climbing,rosenbrock,104,18000,4331.612593821923
hill_climbing,rosenbrock,104,18100,4331.612593821923
hill_climbing,rosenbrock,104,18200,4331.612593821923
hill_climbing,rosenbrock,104,18300,4331.612593821923
hill_climbing,rosenbrock,104,18400,4331.612593821923
hill_climbing,rosenbrock,104,18500,4331.612593821923
hill_climbing,rosenbrock,104,18600,4331.612593821923
hill_climbing,rosenbrock,104,18700,4331.612593821923
hill_climbing,rosenbrock,104,18800,4331.612593821923
hill_climbing,rosenbrock,104,18900,4331.612593821923
hill_climbing,rosenbrock,104,19000,4331.612593821923
hill_climbing,rosenbrock,104,19100,4331.612593821923
hill_climbing,rosenbrock,104,19200,4331.612593821923
hill_climbing,rosenbrock,104,19300,4331.612593821923
hill_climbing,rosenbrock,104,19400,4331.612593821923
hill_climbing,rosenbrock,104,19500,4331.612593821923
hill_climbing,rosenbrock,104,19600,4331.612593821923
hill_climbing,rosenbrock,104,19700,4331.612593821923
hill_climbing,rosenbrock,104,19800,4331.612593821923
hill_climbing,rosenbrock,104,19900,4331.612593821923
hill_climbing,rosenbrock,104,20000,4331.612593821923
hill_climbing,rosenbrock,105,100,93106.74265156094
hill_climbing,rosenbrock,105,200,80584.32832729105
hill_climbing,rosenbrock,105,300,80584.32832729105
hill_climbing,rosenbrock,105,400,76110.77776044857
hill_climbing,rosenbrock,105,500,76110.77776044857
hill_climbing,rosenbrock,105,600,76110.77776044857
hill_climbing,rosenbrock,105,700,76110.77776044857
hill_climbing,rosenbrock,105,800,76110.77776044857
hill_climbing,rosenbrock,105,900,76110.77776044857
hill_climbing,rosenbrock,105,1000,39028.57760161827
hill_climbing,rosenbrock,105,1100,39028.57760161827
hill_climbing,rosenbrock,105,1200,39028.57760161827
hill_climbing,rosenbrock,105,1300,39028.57760161827
hill_climbing,rosenbrock,105,1400,39028.57760161827
hill_climbing,rosenbrock,105,1500,39028.57760161827
hill_climbing,rosenbrock,105,1600,9714.69517954263
hill_climbing,rosenbrock,105,1700,9714.69517954263
hill_climbing,rosenbrock,105,1800,9714.69517954263
hill_climbing,rosenbrock,105,1900,9714.69517954263
hill_climbing,rosenbrock,105,2000,9714.69517954263
hill_climbing,rosenbrock,105,2100,9714.69517954263
hill_climbing,rosenbrock,105,2200,9714.69517954263
hill_climbing,rosenbrock,105,2300,9714.69517954263
hill_climbing,rosenbrock,105,2400,9714.69517954263
hill_climbing,rosenbrock,105,2500,9714.69517954263
hill_climbing,rosenbrock,105,2600,9714.69517954263
hill_climbing,rosenbrock,105,2700,9714.69517954263
hill_climbing,rosenbrock,105,2800,9714.69517954263
hill_climbing,rosenbrock,105,2900,9714.69517954263
hill_climbing,rosenbrock,105,3000,9714.69517954263
hill_climbing,rosenbrock,105,3100,9714.69517954263
hill_climbing,rosenbrock,105,3200,9714.69517954263
hill_climbing,rosenbrock,105,3300,9714.69517954263
hill_climbing,rosenbrock,105,3400,9714.69517954263
hill_climbing,rosenbrock,105,3500,9714.69517954263
hill_climbing,rosenbrock,105,3600,9714.69517954263
hill_climbing,rosenbrock,105,3700,9714.69517954263
hill_climbing,rosenbrock,105,3800,9714.69517954263
hill_climbing,rosenbrock,105,3900,9714.69517954263
hill_climbing,rosenbrock,105,4000,9714.69517954263
hill_climbing,rosenbrock,105,4100,9714.69517954263
hill_climbing,rosenbrock,105,4200,9714.69517954263
hill_climbing,rosenbrock,105,4300,9714.69517954263
hill_climbing,rosenbrock,105,4400,9714.69517954263
hill_climbing,rosenbrock,105,4500,9714.69517954263
hill_climbing,rosenbrock,105,4600,9714.69517954263
hill_climbing,rosenbrock,105,4700,9714.69517954263
hill_climbing,rosenbrock,105,4800,9714.69517954263
hill_climbing,rosenbrock,105,4900,9714.69517954263
hill_climbing,rosenbrock,105,5000,9714.69517954263
hill_climbing,rosenbrock,105,5100,9714.69517954263
hill_climbing,rosenbrock,105,5200,9714.69517954263
hill_climbing,rosenbrock,105,5300,9714.69517954263
hill_climbing,rosenbrock,105,5400,9714.69517954263
hill_climbing,rosenbrock,105,5500,9714.69517954263
hill_climbing,rosenbrock,105,5600,9714.69517954263
hill_climbing,rosenbrock,105,5700,9714.69517954263
hill_climbing,rosenbrock,105,5800,9714.69517954263
hill_climbing,rosenbrock,105,5900,9714.69517954263
hill_climbing,rosenbrock,105,6000,9714.69517954263
hill_climbing,rosenbrock,105,6100,9714.69517954263
hill_climbing,rosenbrock,105,6200,9714.69517954263
hill_climbing,rosenbrock,105,6300,9714.69517954263
hill_climbing,rosenbrock,105,6400,9714.69517954263
hill_climbing,rosenbrock,105,6500,9714.69517954263
hill_climbing,rosenbrock,105,6600,9714.69517954263
hill_climbing,rosenbrock,105,6700,9714.69517954263
hill_climbing,rosenbrock,105,6800,9714.69517954263
hill_climbing,rosenbrock,105,6900,9714.69517954263
hill_climbing,rosenbrock,105,7000,9714.69517954263
hill_climbing,rosenbrock,105,7100,9714.69517954263
hill_climbing,rosenbrock,105,7200,9714.69517954263
hill_climbing,rosenbrock,105,7300,9714.69517954263
hill_climbing,rosenbrock,105,7400,9714.69517954263
hill_climbing,rosenbrock,105,7500,9714.69517954263
hill_climbing,rosenbrock,105,7600,9714.69517954263
hill_climbing,rosenbrock,105,7700,9714.69517954263
hill_climbing,rosenbrock,105,7800,9714.69517954263
hill_climbing,rosenbrock,105,7900,9714.69517954263
hill_climbing,rosenbrock,105,8000,9714.69517954263
hill_climbing,rosenbrock,105,8100,9714.69517954263
hill_climbing,rosenbrock,105,8200,9714.69517954263
hill_climbing,rosenbrock,105,8300,9714.69517954263
hill_climbing,rosenbrock,105,8400,9714.69517954263
hill_climbing,rosenbrock,105,8500,9714.69517954263
hill_climbing,rosenbrock,105,8600,9714.69517954263
hill_climbing,rosenbrock,105,8700,9714.69517954263
hill_climbing,rosenbrock,105,8800,9714.69517954263
hill_climbing,rosenbrock,105,8900,9714.69517954263
hill_climbing,rosenbrock,105,9000,9714.69517954263
hill_climbing,rosenbrock,105,9100,9714.69517954263
hill_climbing,rosenbrock,105,9200,9714.69517954263
hill_climbing,rosenbrock,105,9300,9714.69517954263
hill_climbing,rosenbrock,105,9400,9714.69517954263
hill_climbing,rosenbrock,105,9500,9714.69517954263
hill_climbing,rosenbrock,105,9600,9714.69517954263
hill_climbing,rosenbrock,105,9700,9714.69517954263
hill_climbing,rosenbrock,105,9800,9714.69517954263
hill_climbing,rosenbrock,105,9900,9714.69517954263
hill_climbing,rosenbrock,105,10000,9714.69517954263
hill_climbing,rosenbrock,105,10100,9714.69517954263
hill_climbing,rosenbrock,105,10200,9714.69517954263
hill_climbing,rosenbrock,105,10300,9714.69517954263
hill_climbing,rosenbrock,105,10400,9714.69517954263
hill_climbing,rosenbrock,105,10500,9714.69517954263
hill_climbing,rosenbrock,105,10600,9714.69517954263
hill_climbing,rosenbrock,105,10700,9714.69517954263
hill_climbing,rosenbrock,105,10800,9714.69517954263
hill_climbing,rosenbrock,105,10900,9714.69517954263
hill_climbing,rosenbrock,105,11000,9714.69517954263
hill_climbing,rosenbrock,105,11100,9714.69517954263
hill_climbing,rosenbrock,105,11200,9714.69517954263
hill_climbing,rosenbrock,105,11300,9714.69517954263
hill_climbing,rosenbrock,105,11400,9714.69517954263
hill_climbing,rosenbrock,105,11500,9714.69517954263
hill_climbing,rosenbrock,105,11600,9714.69517954263
hill_climbing,rosenbrock,105,11700,9714.69517954263
hill_climbing,rosenbrock,105,11800,9714.69517954263
hill_climbing,rosenbrock,105,11900,9714.69517954263
hill_climbing,rosenbrock,105,12000,9714.69517954263
hill_climbing,rosenbrock,105,12100,9714.69517954263
hill_climbing,rosenbrock,105,12200,9714.69517954263
hill_climbing,rosenbrock,105,12300,9714.69517954263
hill_climbing,rosenbrock,105,12400,9714.69517954263
hill_climbing,rosenbrock,105,12500,9714.69517954263
hill_climbing,rosenbrock,105,12600,9714.69517954263
hill_climbing,rosenbrock,105,12700,9714.69517954263
hill_climbing,rosenbrock,105,12800,9714.69517954263
hill_climbing,rosenbrock,105,12900,9714.69517954263
hill_climbing,rosenbrock,105,13000,9714.69517954263
hill_climbing,rosenbrock,105,13100,9714.69517954263
hill_climbing,rosenbrock,105,13200,9714.69517954263
hill_climbing,rosenbrock,105,13300,9714.69517954263
hill_climbing,rosenbrock,105,13400,9714.69517954263
hill_climbing,rosenbrock,105,13500,9714.69517954263
hill_climbing,rosenbrock,105,13600,9714.69517954263
hill_climbing,rosenbrock,105,13700,9714.69517954263
hill_climbing,rosenbrock,105,13800,9714.69517954263
hill_climbing,rosenbrock,105,13900,9714.69517954263
hill_climbing,rosenbrock,105,14000,9714.69517954263
hill_climbing,rosenbrock,105,14100,9714.69517954263
hill_climbing,rosenbrock,105,14200,9714.69517954263
hill_climbing,rosenbrock,105,14300,9714.69517954263
hill_climbing,rosenbrock,105,14400,9714.69517954263
hill_climbing,rosenbrock,105,14500,9714.69517954263
hill_climbing,rosenbrock,105,14600,9714.69517954263
hill_climbing,rosenbrock,105,14700,9714.69517954263
hill_climbing,rosenbrock,105,14800,9714.69517954263
hill_climbing,rosenbrock,105,14900,9714.69517954263
hill_climbing,rosenbrock,105,15000,9714.69517954263
hill_climbing,rosenbrock,105,15100,9714.69517954263
hill_climbing,rosenbrock,105,15200,9714.69517954263
hill_climbing,rosenbrock,105,15300,9714.69517954263
hill_climbing,rosenbrock,105,15400,9714.69517954263
hill_climbing,rosenbrock,105,15500,9714.69517954263
hill_climbing,rosenbrock,105,15600,9714.69517954263
hill_climbing,rosenbrock,105,15700,9714.69517954263
hill_climbing,rosenbrock,105,15800,9714.69517954263
hill_climbing,rosenbrock,105,15900,9714.69517954263
hill_climbing,rosenbrock,105,16000,9714.69517954263
hill_climbing,rosenbrock,105,16100,9714.69517954263
hill_climbing,rosenbrock,105,16200,9714.69517954263
hill_climbing,rosenbrock,105,16300,9714.69517954263
hill_climbing,rosenbrock,105,16400,9714.69517954263
hill_climbing,rosenbrock,105,16500,9714.69517954263
hill_climbing,rosenbrock,105,16600,9714.69517954263
hill_climbing,rosenbrock,105,16700,9714.69517954263
hill_climbing,rosenbrock,105,16800,9714.69517954263
hill_climbing,rosenbrock,105,16900,9714.69517954263
hill_climbing,rosenbrock,105,17000,9714.69517954263
hill_climbing,rosenbrock,105,17100,9714.69517954263
hill_climbing,rosenbrock,105,17200,9714.69517954263
hill_climbing,rosenbrock,105,17300,9714.69517954263
hill_climbing,rosenbrock,105,17400,9714.69517954263
hill_climbing,rosenbrock,105,17500,9714.69517954263
hill_climbing,rosenbrock,105,17600,9714.69517954263
hill_climbing,rosenbrock,105,17700,9714.69517954263
hill_climbing,rosenbrock,105,17800,9714.69517954263
hill_climbing,rosenbrock,105,17900,9714.69517954263
hill_climbing,rosenbrock,105,18000,9714.69517954263
hill_climbing,rosenbrock,105,18100,9714.69517954263
hill_climbing,rosenbrock,105,18200,9714.69517954263
hill_climbing,rosenbrock,105,18300,9714.69517954263
hill_climbing,rosenbrock,105,18400,9714.69517954263
hill_climbing,rosenbrock,105,18500,9714.69517954263
hill_climbing,rosenbrock,105,18600,9714.69517954263
hill_climbing,rosenbrock,105,18700,9714.69517954263
hill_climbing,rosenbrock,105,18800,9714.69517954263
hill_climbing,rosenbrock,105,18900,9714.69517954263
hill_climbing,rosenbrock,105,19000,9714.69517954263
hill_climbing,rosenbrock,105,19100,9714.69517954263
hill_climbing,rosenbrock,105,19200,9714.69517954263
hill_climbing,rosenbrock,105,19300,9714.69517954263
hill_climbing,rosenbrock,105,19400,9714.69517954263
hill_climbing,rosenbrock,105,19500,9714.69517954263
hill_climbing,rosenbrock,105,19600,9714.69517954263
hill_climbing,rosenbrock,105,19700,9714.69517954263
hill_climbing,rosenbrock,105,19800,9714.69517954263
hill_climbing,rosenbrock,105,19900,9714.69517954263
hill_climbing,rosenbrock,105,20000,9714.69517954263
hill_climbing,rosenbrock,106,100,69433.98164032798
hill_climbing,rosenbrock,106,200,69433.98164032798
hill_climbing,rosenbrock,106,300,69433.98164032798
hill_climbing,rosenbrock,106,400,69433.98164032798
hill_climbing,rosenbrock,106,500,69433.98164032798
hill_climbing,rosenbrock,106,600,69433.98164032798
hill_climbing,rosenbrock,106,700,69433.98164032798
hill_climbing,rosenbrock,106,800,29595.403221898458
hill_climbing,rosenbrock,106,900,29595.403221898458
hill_climbing,rosenbrock,106,1000,29595.403221898458
hill_climbing,rosenbrock,106,1100,29595.403221898458
hill_climbing,rosenbrock,106,1200,29595.403221898458
hill_climbing,rosenbrock,106,1300,29595.403221898458
hill_climbing,rosenbrock,106,1400,29595.403221898458
hill_climbing,rosenbrock,106,1500,29595.403221898458
hill_climbing,rosenbrock,106,1600,29595.403221898458
hill_climbing,rosenbrock,106,1700,29595.403221898458
hill_climbing,rosenbrock,106,1800,29595.403221898458
hill_climbing,rosenbrock,106,1900,29595.403221898458
hill_climbing,rosenbrock,106,2000,29595.403221898458
hill_climbing,rosenbrock,106,2100,29595.403221898458
hill_climbing,rosenbrock,106,2200,29595.403221898458
hill_climbing,rosenbrock,106,2300,29595.403221898458
hill_climbing,rosenbrock,106,2400,29595.403221898458
hill_climbing,rosenbrock,106,2500,29595.403221898458
hill_climbing,rosenbrock,106,2600,29595.403221898458
hill_climbing,rosenbrock,106,2700,29595.403221898458
hill_climbing,rosenbrock,106,2800,29595.403221898458
hill_climbing,rosenbrock,106,2900,29595.403221898458
hill_climbing,rosenbrock,106,3000,29595.403221898458
hill_climbing,rosenbrock,106,3100,29595.403221898458
hill_climbing,rosenbrock,106,3200,29595.403221898458
hill_climbing,rosenbrock,106,3300,29595.403221898458
hill_climbing,rosenbrock,106,3400,29595.403221898458
hill_climbing,rosenbrock,106,3500,29595.403221898458
hill_climbing,rosenbrock,106,3600,29595.403221898458
hill_climbing,rosenbrock,106,3700,29595.403221898458
hill_climbing,rosenbrock,106,3800,29595.403221898458
hill_climbing,rosenbrock,106,3900,29595.403221898458
hill_climbing,rosenbrock,106,4000,29595.403221898458
hill_climbing,rosenbrock,106,4100,29595.403221898458
hill_climbing,rosenbrock,106,4200,29595.403221898458
hill_climbing,rosenbrock,106,4300,29595.403221898458
hill_climbing,rosenbrock,106,4400,29595.403221898458
hill_climbing,rosenbrock,106,4500,29595.403221898458
hill_climbing,rosenbrock,106,4600,29595.403221898458
hill_climbing,rosenbrock,106,4700,29595.403221898458
hill_climbing,rosenbrock,106,4800,29595.403221898458
hill_climbing,rosenbrock,106,4900,29595.403221898458
hill_climbing,rosenbrock,106,5000,29595.403221898458
hill_climbing,rosenbrock,106,5100,29595.403221898458
hill_climbing,rosenbrock,106,5200,29595.403221898458
hill_climbing,rosenbrock,106,5300,29595.403221898458
hill_climbing,rosenbrock,106,5400,29595.403221898458
hill_climbing,rosenbrock,106,5500,29595.403221898458
hill_climbing,rosenbrock,106,5600,29595.403221898458
hill_climbing,rosenbrock,106,5700,29595.403221898458
hill_climbing,rosenbrock,106,5800,29595.403221898458
hill_climbing,rosenbrock,106,5900,29595.403221898458
hill_climbing,rosenbrock,106,6000,29595.403221898458
hill_climbing,rosenbrock,106,6100,29595.403221898458
hill_climbing,rosenbrock,106,6200,29595.403221898458
hill_climbing,rosenbrock,106,6300,29595.403221898458
hill_climbing,rosenbrock,106,6400,29595.403221898458
hill_climbing,rosenbrock,106,6500,29595.403221898458
hill_climbing,rosenbrock,106,6600,29595.403221898458
hill_climbing,rosenbrock,106,6700,29595.403221898458
hill_climbing,rosenbrock,106,6800,29595.403221898458
hill_climbing,rosenbrock,106,6900,29595.403221898458
hill_climbing,rosenbrock,106,7000,29595.403221898458
hill_climbing,rosenbrock,106,7100,29595.403221898458
hill_climbing,rosenbrock,106,7200,29595.403221898458
hill_climbing,rosenbrock,106,7300,29595.403221898458
hill_climbing,rosenbrock,106,7400,29595.403221898458
hill_climbing,rosenbrock,106,7500,29595.403221898458
hill_climbing,rosenbrock,106,7600,29595.403221898458
hill_climbing,rosenbrock,106,7700,29595.403221898458
hill_climbing,rosenbrock,106,7800,29595.403221898458
hill_climbing,rosenbrock,106,7900,29595.403221898458
hill_climbing,rosenbrock,106,8000,29595.403221898458
hill_climbing,rosenbrock,106,8100,29595.403221898458
hill_climbing,rosenbrock,106,8200,29595.403221898458
hill_climbing,rosenbrock,106,8300,29595.403221898458
hill_climbing,rosenbrock,106,8400,29595.403221898458
hill_climbing,rosenbrock,106,8500,29595.403221898458
hill_climbing,rosenbrock,106,8600,29595.403221898458
hill_climbing,rosenbrock,106,8700,29595.403221898458
hill_climbing,rosenbrock,106,8800,29595.403221898458
hill_climbing,rosenbrock,106,8900,29595.403221898458
hill_climbing,rosenbrock,106,9000,29595.403221898458
hill_climbing,rosenbrock,106,9100,29595.403221898458
hill_climbing,rosenbrock,106,9200,29595.403221898458
hill_climbing,rosenbrock,106,9300,29595.403221898458
hill_climbing,rosenbrock,106,9400,29595.403221898458
hill_climbing,rosenbrock,106,9500,29595.403221898458
hill_climbing,rosenbrock,106,9600,29595.403221898458
hill_climbing,rosenbrock,106,9700,29595.403221898458
hill_climbing,rosenbrock,106,9800,29595.403221898458
hill_climbing,rosenbrock,106,9900,29595.403221898458
hill_climbing,rosenbrock,106,10000,29595.403221898458
hill_climbing,rosenbrock,106,10100,29595.403221898458
hill_climbing,rosenbrock,106,10200,29595.403221898458
hill_climbing,rosenbrock,106,10300,29595.403221898458
hill_climbing,rosenbrock,106,10400,11395.395211476653
hill_climbing,rosenbrock,106,10500,11395.395211476653
hill_climbing,rosenbrock,106,10600,11395.395211476653
hill_climbing,rosenbrock,106,10700,11395.395211476653
hill_climbing,rosenbrock,106,10800,11395.395211476653
hill_climbing,rosenbrock,106,10900,11395.395211476653
hill_climbing,rosenbrock,106,11000,11395.395211476653
hill_climbing,rosenbrock,106,11100,11395.395211476653
hill_climbing,rosenbrock,106,11200,11395.395211476653
hill_climbing,rosenbrock,106,11300,11395.395211476653
hill_climbing,rosenbrock,106,11400,11395.395211476653
hill_climbing,rosenbrock,106,11500,11395.395211476653
hill_climbing,rosenbrock,106,11600,11395.395211476653
hill_climbing,rosenbrock,106,11700,11395.395211476653
hill_climbing,rosenbrock,106,11800,11395.395211476653
hill_climbing,rosenbrock,106,11900,11395.395211476653
hill_climbing,rosenbrock,106,12000,11395.395211476653
hill_climbing,rosenbrock,106,12100,11395.395211476653
hill_climbing,rosenbrock,106,12200,11395.395211476653
hill_climbing,rosenbrock,106,12300,11395.395211476653
hill_climbing,rosenbrock,106,12400,11395.395211476653
hill_climbing,rosenbrock,106,12500,11395.395211476653
hill_climbing,rosenbrock,106,12600,11395.395211476653
hill_climbing,rosenbrock,106,12700,11395.395211476653
hill_climbing,rosenbrock,106,12800,11395.395211476653
hill_climbing,rosenbrock,106,12900,11395.395211476653
hill_climbing,rosenbrock,106,13000,11395.395211476653
hill_climbing,rosenbrock,106,13100,11395.395211476653
hill_climbing,rosenbrock,106,13200,11395.395211476653
hill_climbing,rosenbrock,106,13300,11395.395211476653
hill_climbing,rosenbrock,106,13400,11395.395211476653
hill_climbing,rosenbrock,106,13500,11395.395211476653
hill_climbing,rosenbrock,106,13600,11395.395211476653
hill_climbing,rosenbrock,106,13700,11395.395211476653
hill_climbing,rosenbrock,106,13800,11395.395211476653
hill_climbing,rosenbrock,106,13900,11395.395211476653
hill_climbing,rosenbrock,106,14000,11395.395211476653
hill_climbing,rosenbrock,106,14100,11395.395211476653
hill_climbing,rosenbrock,106,14200,11395.395211476653
hill_climbing,rosenbrock,106,14300,11395.395211476653
hill_climbing,rosenbrock,106,14400,11395.395211476653
hill_climbing,rosenbrock,106,14500,11395.395211476653
hill_climbing,rosenbrock,106,14600,11395.395211476653
hill_climbing,rosenbrock,106,14700,11395.395211476653
hill_climbing,rosenbrock,106,14800,11395.395211476653
hill_climbing,rosenbrock,106,14900,11395.395211476653
hill_climbing,rosenbrock,106,15000,11395.395211476653
hill_climbing,rosenbrock,106,15100,11395.395211476653
hill_climbing,rosenbrock,106,15200,11395.395211476653
hill_climbing,rosenbrock,106,15300,11395.395211476653
hill_climbing,rosenbrock,106,15400,11395.395211476653
hill_climbing,rosenbrock,106,15500,11395.395211476653
hill_climbing,rosenbrock,106,15600,11395.395211476653
hill_climbing,rosenbrock,106,15700,11395.395211476653
hill_climbing,rosenbrock,106,15800,11395.395211476653
hill_climbing,rosenbrock,106,15900,11395.395211476653
hill_climbing,rosenbrock,106,16000,11395.395211476653
hill_climbing,rosenbrock,106,16100,11395.395211476653
hill_climbing,rosenbrock,106,16200,11395.395211476653
hill_climbing,rosenbrock,106,16300,11395.395211476653
hill_climbing,rosenbrock,106,16400,11395.395211476653
hill_climbing,rosenbrock,106,16500,11395.395211476653
hill_climbing,rosenbrock,106,16600,11395.395211476653
hill_climbing,rosenbrock,106,16700,11395.395211476653
hill_climbing,rosenbrock,106,16800,11395.395211476653
hill_climbing,rosenbrock,106,16900,11395.395211476653
hill_climbing,rosenbrock,106,17000,11395.395211476653
hill_climbing,rosenbrock,106,17100,11395.395211476653
hill_climbing,rosenbrock,106,17200,11395.395211476653
hill_climbing,rosenbrock,106,17300,11395.395211476653
hill_climbing,rosenbrock,106,17400,11395.395211476653
hill_climbing,rosenbrock,106,17500,11395.395211476653
hill_climbing,rosenbrock,106,17600,11395.395211476653
hill_climbing,rosenbrock,106,17700,11395.395211476653
hill_climbing,rosenbrock,106,17800,11395.395211476653
hill_climbing,rosenbrock,106,17900,11395.395211476653
hill_climbing,rosenbrock,106,18000,11395.395211476653
hill_climbing,rosenbrock,106,18100,11395.395211476653
hill_climbing,rosenbrock,106,18200,11395.395211476653
hill_climbing,rosenbrock,106,18300,11395.395211476653
hill_climbing,rosenbrock,106,18400,11395.395211476653
hill_climbing,rosenbrock,106,18500,11395.395211476653
hill_climbing,rosenbrock,106,18600,11395.395211476653
hill_climbing,rosenbrock,106,18700,11395.395211476653
hill_climbing,rosenbrock,106,18800,11395.395211476653
hill_climbing,rosenbrock,106,18900,11395.395211476653
hill_climbing,rosenbrock,106,19000,11395.395211476653
hill_climbing,rosenbrock,106,19100,11395.395211476653
hill_climbing,rosenbrock,106,19200,11395.395211476653
hill_climbing,rosenbrock,106,19300,11395.395211476653
hill_climbing,rosenbrock,106,19400,11395.395211476653
hill_climbing,rosenbrock,106,19500,11395.395211476653
hill_climbing,rosenbrock,106,19600,11395.395211476653
hill_climbing,rosenbrock,106,19700,11395.395211476653
hill_climbing,rosenbrock,106,19800,11395.395211476653
hill_climbing,rosenbrock,106,19900,11395.395211476653
hill_climbing,rosenbrock,106,20000,11395.395211476653
hill_climbing,rosenbrock,107,100,327477.4338137208
hill_climbing,rosenbrock,107,200,150773.4826087564
hill_climbing,rosenbrock,107,300,107587.47975496866
hill_climbing,rosenbrock,107,400,85754.59822789955
hill_climbing,rosenbrock,107,500,85754.59822789955
hill_climbing,rosenbrock,107,600,45307.40590894951
hill_climbing,rosenbrock,107,700,45307.40590894951
hill_climbing,rosenbrock,107,800,45307.40590894951
hill_climbing,rosenbrock,107,900,45307.40590894951
hill_climbing,rosenbrock,107,1000,45307.40590894951
hill_climbing,rosenbrock,107,1100,45307.40590894951
hill_climbing,rosenbrock,107,1200,45307.40590894951
hill_climbing,rosenbrock,107,1300,45307.40590894951
hill_climbing,rosenbrock,107,1400,45307.40590894951
hill_climbing,rosenbrock,107,1500,45307.40590894951
hill_climbing,rosenbrock,107,1600,45307.40590894951
hill_climbing,rosenbrock,107,1700,45307.40590894951
hill_climbing,rosenbrock,107,1800,45307.40590894951
hill_climbing,rosenbrock,107,1900,45307.40590894951
hill_climbing,rosenbrock,107,2000,45307.40590894951
hill_climbing,rosenbrock,107,2100,45307.40590894951
hill_climbing,rosenbrock,107,2200,45307.40590894951
hill_climbing,rosenbrock,107,2300,45307.40590894951
hill_climbing,rosenbrock,107,2400,45307.40590894951
hill_climbing,rosenbrock,107,2500,45307.40590894951
hill_climbing,rosenbrock,107,2600,45307.40590894951
hill_climbing,rosenbrock,107,2700,45307.40590894951
hill_climbing,rosenbrock,107,2800,45307.40590894951
hill_climbing,rosenbrock,107,2900,19827.050175122444
hill_climbing,rosenbrock,107,3000,19827.050175122444
hill_climbing,rosenbrock,107,3100,19827.050175122444
hill_climbing,rosenbrock,107,3200,19827.050175122444
hill_climbing,rosenbrock,107,3300,19827.050175122444
hill_climbing,rosenbrock,107,3400,19827.050175122444
hill_climbing,rosenbrock,107,3500,19827.050175122444
hill_climbing,rosenbrock,107,3600,19827.050175122444
hill_climbing,rosenbrock,107,3700,19827.050175122444
hill_climbing,rosenbrock,107,3800,19827.050175122444
hill_climbing,rosenbrock,107,3900,19827.050175122444
hill_climbing,rosenbrock,107,4000,19827.050175122444
hill_climbing,rosenbrock,107,4100,19827.050175122444
hill_climbing,rosenbrock,107,4200,19827.050175122444
hill_climbing,rosenbrock,107,4300,19827.050175122444
hill_climbing,rosenbrock,107,4400,19827.050175122444
hill_climbing,rosenbrock,107,4500,19827.050175122444
hill_climbing,rosenbrock,107,4600,19827.050175122444
hill_climbing,rosenbrock,107,4700,19827.050175122444
hill_climbing,rosenbrock,107,4800,19827.050175122444
hill_climbing,rosenbrock,107,4900,19827.050175122444
hill_climbing,rosenbrock,107,5000,19827.050175122444
hill_climbing,rosenbrock,107,5100,19827.050175122444
hill_climbing,rosenbrock,107,5200,19827.050175122444
hill_climbing,rosenbrock,107,5300,19827.050175122444
hill_climbing,rosenbrock,107,5400,19827.050175122444
hill_climbing,rosenbrock,107,5500,19827.050175122444
hill_climbing,rosenbrock,107,5600,19827.050175122444
hill_climbing,rosenbrock,107,5700,19827.050175122444
hill_climbing,rosenbrock,107,5800,19827.050175122444
hill_climbing,rosenbrock,107,5900,19827.050175122444
hill_climbing,rosenbrock,107,6000,19827.050175122444
hill_climbing,rosenbrock,107,6100,19827.050175122444
hill_climbing,rosenbrock,107,6200,19827.050175122444
hill_climbing,rosenbrock,107,6300,19827.050175122444
hill_climbing,rosenbrock,107,6400,19827.050175122444
hill_climbing,rosenbrock,107,6500,19827.050175122444
hill_climbing,rosenbrock,107,6600,19827.050175122444
hill_climbing,rosenbrock,107,6700,12295.80577341814
hill_climbing,rosenbrock,107,6800,12295.80577341814
hill_climbing,rosenbrock,107,6900,12295.80577341814
hill_climbing,rosenbrock,107,7000,12295.80577341814
hill_climbing,rosenbrock,107,7100,12295.80577341814
hill_climbing,rosenbrock,107,7200,12295.80577341814
hill_climbing,rosenbrock,107,7300,12295.80577341814
hill_climbing,rosenbrock,107,7400,12295.80577341814
hill_climbing,rosenbrock,107,7500,12295.80577341814
hill_climbing,rosenbrock,107,7600,12295.80577341814
hill_climbing,rosenbrock,107,7700,12295.80577341814
hill_climbing,rosenbrock,107,7800,12295.80577341814
hill_climbing,rosenbrock,107,7900,12295.80577341814
hill_climbing,rosenbrock,107,8000,12295.80577341814
hill_climbing,rosenbrock,107,8100,12295.80577341814
hill_climbing,rosenbrock,107,8200,12295.80577341814
hill_climbing,rosenbrock,107,8300,12295.80577341814
hill_climbing,rosenbrock,107,8400,12295.80577341814
hill_climbing,rosenbrock,107,8500,12295.80577341814
hill_climbing,rosenbrock,107,8600,12295.80577341814
hill_climbing,rosenbrock,107,8700,12295.80577341814
hill_climbing,rosenbrock,107,8800,12295.80577341814
hill_climbing,rosenbrock,107,8900,12295.80577341814
hill_climbing,rosenbrock,107,9000,12295.80577341814
hill_climbing,rosenbrock,107,9100,12295.80577341814
hill_climbing,rosenbrock,107,9200,12295.80577341814
hill_climbing,rosenbrock,107,9300,12295.80577341814
hill_climbing,rosenbrock,107,9400,12295.80577341814
hill_climbing,rosenbrock,107,9500,12295.80577341814
hill_climbing,rosenbrock,107,9600,12295.80577341814
hill_climbing,rosenbrock,107,9700,12295.80577341814
hill_climbing,rosenbrock,107,9800,12295.80577341814
hill_climbing,rosenbrock,107,9900,12295.80577341814
hill_climbing,rosenbrock,107,10000,12295.80577341814
hill_climbing,rosenbrock,107,10100,12295.80577341814
hill_climbing,rosenbrock,107,10200,12295.80577341814
hill_climbing,rosenbrock,107,10300,12295.80577341814
hill_climbing,rosenbrock,107,10400,12295.80577341814
hill_climbing,rosenbrock,107,10500,12295.80577341814
hill_climbing,rosenbrock,107,10600,12295.80577341814
hill_climbing,rosenbrock,107,10700,12295.80577341814
hill_climbing,rosenbrock,107,10800,12295.80577341814
hill_climbing,rosenbrock,107,10900,12295.80577341814
hill_climbing,rosenbrock,107,11000,12295.80577341814
hill_climbing,rosenbrock,107,11100,12295.80577341814
hill_climbing,rosenbrock,107,11200,12295.80577341814
hill_climbing,rosenbrock,107,11300,12295.80577341814
hill_climbing,rosenbrock,107,11400,12295.80577341814
hill_climbing,rosenbrock,107,11500,12295.80577341814
hill_climbing,rosenbrock,107,11600,12295.80577341814
hill_climbing,rosenbrock,107,11700,12295.80577341814
hill_climbing,rosenbrock,107,11800,12295.80577341814
hill_climbing,rosenbrock,107,11900,12295.80577341814
hill_climbing,rosenbrock,107,12000,12295.80577341814
hill_climbing,rosenbrock,107,12100,12295.80577341814
hill_climbing,rosenbrock,107,12200,12295.80577341814
hill_climbing,rosenbrock,107,12300,12295.80577341814
hill_climbing,rosenbrock,107,12400,12295.80577341814
hill_climbing,rosenbrock,107,12500,12295.80577341814
hill_climbing,rosenbrock,107,12600,12295.80577341814
hill_climbing,rosenbrock,107,12700,7727.785153735767
hill_climbing,rosenbrock,107,12800,7727.785153735767
hill_climbing,rosenbrock,107,12900,7727.785153735767
hill_climbing,rosenbrock,107,13000,7727.785153735767
hill_climbing,rosenbrock,107,13100,7727.785153735767
hill_climbing,rosenbrock,107,13200,7727.785153735767
hill_climbing,rosenbrock,107,13300,7727.785153735767
hill_climbing,rosenbrock,107,13400,7727.785153735767
hill_climbing,rosenbrock,107,13500,7727.785153735767
hill_climbing,rosenbrock,107,13600,7727.785153735767
hill_climbing,rosenbrock,107,13700,7727.785153735767
hill_climbing,rosenbrock,107,13800,7727.785153735767
hill_climbing,rosenbrock,107,13900,7727.785153735767
hill_climbing,rosenbrock,107,14000,7727.785153735767
hill_climbing,rosenbrock,107,14100,7727.785153735767
hill_climbing,rosenbrock,107,14200,7727.785153735767
hill_climbing,rosenbrock,107,14300,7727.785153735767
hill_climbing,rosenbrock,107,14400,7727.785153735767
hill_climbing,rosenbrock,107,14500,7727.785153735767
hill_climbing,rosenbrock,107,14600,7727.785153735767
hill_climbing,rosenbrock,107,14700,7727.785153735767
hill_climbing,rosenbrock,107,14800,7727.785153735767
hill_climbing,rosenbrock,107,14900,7727.785153735767
hill_climbing,rosenbrock,107,15000,7727.785153735767
hill_climbing,rosenbrock,107,15100,7727.785153735767
hill_climbing,rosenbrock,107,15200,7727.785153735767
hill_climbing,rosenbrock,107,15300,7727.785153735767
hill_climbing,rosenbrock,107,15400,7727.785153735767
hill_climbing,rosenbrock,107,15500,7727.785153735767
hill_climbing,rosenbrock,107,15600,7727.785153735767
hill_climbing,rosenbrock,107,15700,7727.785153735767
hill_climbing,rosenbrock,107,15800,6552.383339837554
hill_climbing,rosenbrock,107,15900,6552.383339837554
hill_climbing,rosenbrock,107,16000,6552.383339837554
hill_climbing,rosenbrock,107,16100,6552.383339837554
hill_climbing,rosenbrock,107,16200,6552.383339837554
hill_climbing,rosenbrock,107,16300,6552.383339837554
hill_climbing,rosenbrock,107,16400,6552.383339837554
hill_climbing,rosenbrock,107,16500,6552.383339837554
hill_climbing,rosenbrock,107,16600,6552.383339837554
hill_climbing,rosenbrock,107,16700,6552.383339837554
hill_climbing,rosenbrock,107,16800,6552.383339837554
hill_climbing,rosenbrock,107,16900,6552.383339837554
hill_climbing,rosenbrock,107,17000,6552.383339837554
hill_climbing,rosenbrock,107,17100,6552.383339837554
hill_climbing,rosenbrock,107,17200,6552.383339837554
hill_climbing,rosenbrock,107,17300,6552.383339837554
hill_climbing,rosenbrock,107,17400,6552.383339837554
hill_climbing,rosenbrock,107,17500,6552.383339837554
hill_climbing,rosenbrock,107,17600,6552.383339837554
hill_climbing,rosenbrock,107,17700,6552.383339837554
hill_climbing,rosenbrock,107,17800,6552.383339837554
hill_climbing,rosenbrock,107,17900,6552.383339837554
hill_climbing,rosenbrock,107,18000,6552.383339837554
hill_climbing,rosenbrock,107,18100,6552.383339837554
hill_climbing,rosenbrock,107,18200,6552.383339837554
hill_climbing,rosenbrock,107,18300,6552.383339837554
hill_climbing,rosenbrock,107,18400,6552.383339837554
hill_climbing,rosenbrock,107,18500,6552.383339837554
hill_climbing,rosenbrock,107,18600,6552.383339837554
hill_climbing,rosenbrock,107,18700,6552.383339837554
hill_climbing,rosenbrock,107,18800,6552.383339837554
hill_climbing,rosenbrock,107,18900,6552.383339837554
hill_climbing,rosenbrock,107,19000,6552.383339837554
hill_climbing,rosenbrock,107,19100,6552.383339837554
hill_climbing,rosenbrock,107,19200,6552.383339837554
hill_climbing,rosenbrock,107,19300,6552.383339837554
hill_climbing,rosenbrock,107,19400,6552.383339837554
hill_climbing,rosenbrock,107,19500,6552.383339837554
hill_climbing,rosenbrock,107,19600,6552.383339837554
hill_climbing,rosenbrock,107,19700,6552.383339837554
hill_climbing,rosenbrock,107,19800,6552.383339837554
hill_climbing,rosenbrock,107,19900,6552.383339837554
hill_climbing,rosenbrock,107,20000,6552.383339837554
hill_climbing,rosenbrock,108,100,118929.33564213532
hill_climbing,rosenbrock,108,200,60906.25993900832
hill_climbing,rosenbrock,108,300,60906.25993900832
hill_climbing,rosenbrock,108,400,60906.25993900832
hill_climbing,rosenbrock,108,500,60906.25993900832
hill_climbing,rosenbrock,108,600,60906.25993900832
hill_climbing,rosenbrock,108,700,60906.25993900832
hill_climbing,rosenbrock,108,800,37549.830552194835
hill_climbing,rosenbrock,108,900,37549.830552194835
hill_climbing,rosenbrock,108,1000,37549.830552194835
hill_climbing,rosenbrock,108,1100,37549.830552194835
hill_climbing,rosenbrock,108,1200,37549.830552194835
hill_climbing,rosenbrock,108,1300,37549.830552194835
hill_climbing,rosenbrock,108,1400,37549.830552194835
hill_climbing,rosenbrock,108,1500,37549.830552194835
hill_climbing,rosenbrock,108,1600,37549.830552194835
hill_climbing,rosenbrock,108,1700,37549.830552194835
hill_climbing,rosenbrock,108,1800,37549.830552194835
hill_climbing,rosenbrock,108,1900,37549.830552194835
hill_climbing,rosenbrock,108,2000,37549.830552194835
hill_climbing,rosenbrock,108,2100,37549.830552194835
hill_climbing,rosenbrock,108,2200,37549.830552194835
hill_climbing,rosenbrock,108,2300,37549.830552194835
hill_climbing,rosenbrock,108,2400,37549.830552194835
hill_climbing,rosenbrock,108,2500,37549.830552194835
hill_climbing,rosenbrock,108,2600,37549.830552194835
hill_climbing,rosenbrock,108,2700,37549.830552194835
hill_climbing,rosenbrock,108,2800,37549.830552194835
hill_climbing,rosenbrock,108,2900,37549.830552194835
hill_climbing,rosenbrock,108,3000,37549.830552194835
hill_climbing,rosenbrock,108,3100,37549.830552194835
hill_climbing,rosenbrock,108,3200,37549.830552194835
hill_climbing,rosenbrock,108,3300,29102.66039662035
hill_climbing,rosenbrock,108,3400,29102.66039662035
hill_climbing,rosenbrock,108,3500,29102.66039662035
hill_climbing,rosenbrock,108,3600,29102.66039662035
hill_climbing,rosenbrock,108,3700,29102.66039662035
hill_climbing,rosenbrock,108,3800,29102.66039662035
hill_climbing,rosenbrock,108,3900,29102.66039662035
hill_climbing,rosenbrock,108,4000,29102.66039662035
hill_climbing,rosenbrock,108,4100,29102.66039662035
hill_climbing,rosenbrock,108,4200,29102.66039662035
hill_climbing,rosenbrock,108,4300,29102.66039662035
hill_climbing,rosenbrock,108,4400,29102.66039662035
hill_climbing,rosenbrock,108,4500,29102.66039662035
hill_climbing,rosenbrock,108,4600,29102.66039662035
hill_climbing,rosenbrock,108,4700,16356.975140926506
hill_climbing,rosenbrock,108,4800,16356.975140926506
hill_climbing,rosenbrock,108,4900,16356.975140926506
hill_climbing,rosenbrock,108,5000,16356.975140926506
hill_climbing,rosenbrock,108,5100,16356.975140926506
hill_climbing,rosenbrock,108,5200,16356.975140926506
hill_climbing,rosenbrock,108,5300,16356.975140926506
hill_climbing,rosenbrock,108,5400,16356.975140926506
hill_climbing,rosenbrock,108,5500,16356.975140926506
hill_climbing,rosenbrock,108,5600,16356.975140926506
hill_climbing,rosenbrock,108,5700,16356.975140926506
hill_climbing,rosenbrock,108,5800,16356.975140926506
hill_climbing,rosenbrock,108,5900,16356.975140926506
hill_climbing,rosenbrock,108,6000,16356.975140926506
hill_climbing,rosenbrock,108,6100,16356.975140926506
hill_climbing,rosenbrock,108,6200,16356.975140926506
hill_climbing,rosenbrock,108,6300,16356.975140926506
hill_climbing,rosenbrock,108,6400,16356.975140926506
hill_climbing,rosenbrock,108,6500,16356.975140926506
hill_climbing,rosenbrock,108,6600,16356.975140926506
hill_climbing,rosenbrock,108,6700,16356.975140926506
hill_climbing,rosenbrock,108,6800,16356.975140926506
hill_climbing,rosenbrock,108,6900,16356.975140926506
hill_climbing,rosenbrock,108,7000,16356.975140926506
hill_climbing,rosenbrock,108,7100,16356.975140926506
hill_climbing,rosenbrock,108,7200,16356.975140926506
hill_climbing,rosenbrock,108,7300,16356.975140926506
hill_climbing,rosenbrock,108,7400,16356.975140926506
hill_climbing,rosenbrock,108,7500,16356.975140926506
hill_climbing,rosenbrock,108,7600,16356.975140926506
hill_climbing,rosenbrock,108,7700,16356.975140926506
hill_climbing,rosenbrock,108,7800,16356.975140926506
hill_climbing,rosenbrock,108,7900,16356.975140926506
hill_climbing,rosenbrock,108,8000,16356.975140926506
hill_climbing,rosenbrock,108,8100,16356.975140926506
hill_climbing,rosenbrock,108,8200,16356.975140926506
hill_climbing,rosenbrock,108,8300,16356.975140926506
hill_climbing,rosenbrock,108,8400,16356.975140926506
hill_climbing,rosenbrock,108,8500,16356.975140926506
hill_climbing,rosenbrock,108,8600,16356.975140926506
hill_climbing,rosenbrock,108,8700,16356.975140926506
hill_climbing,rosenbrock,108,8800,16356.975140926506
hill_climbing,rosenbrock,108,8900,16356.975140926506
hill_climbing,rosenbrock,108,9000,16356.975140926506
hill_climbing,rosenbrock,108,9100,16356.975140926506
hill_climbing,rosenbrock,108,9200,16356.975140926506
hill_climbing,rosenbrock,108,9300,16356.975140926506
hill_climbing,rosenbrock,108,9400,16356.975140926506
hill_climbing,rosenbrock,108,9500,16356.975140926506
hill_climbing,rosenbrock,108,9600,16356.975140926506
hill_climbing,rosenbrock,108,9700,16356.975140926506
hill_climbing,rosenbrock,108,9800,16356.975140926506
hill_climbing,rosenbrock,108,9900,16356.975140926506
hill_climbing,rosenbrock,108,10000,16356.975140926506
hill_climbing,rosenbrock,108,10100,16356.975140926506
hill_climbing,rosenbrock,108,10200,16356.975140926506
hill_climbing,rosenbrock,108,10300,16356.975140926506
hill_climbing,rosenbrock,108,10400,16356.975140926506
hill_climbing,rosenbrock,108,10500,16356.975140926506
hill_climbing,rosenbrock,108,10600,16356.975140926506
hill_climbing,rosenbrock,108,10700,16356.975140926506
hill_climbing,rosenbrock,108,10800,16356.975140926506
hill_climbing,rosenbrock,108,10900,16356.975140926506
hill_climbing,rosenbrock,108,11000,16356.975140926506
hill_climbing,rosenbrock,108,11100,16356.975140926506
hill_climbing,rosenbrock,108,11200,16356.975140926506
hill_climbing,rosenbrock,108,11300,16356.975140926506
hill_climbing,rosenbrock,108,11400,16356.975140926506
hill_climbing,rosenbrock,108,11500,16356.975140926506
hill_climbing,rosenbrock,108,11600,16356.975140926506
hill_climbing,rosenbrock,108,11700,16356.975140926506
hill_climbing,rosenbrock,108,11800,16356.975140926506
hill_climbing,rosenbrock,108,11900,16356.975140926506
hill_climbing,rosenbrock,108,12000,16356.975140926506
hill_climbing,rosenbrock,108,12100,16356.975140926506
hill_climbing,rosenbrock,108,12200,16356.975140926506
hill_climbing,rosenbrock,108,12300,16356.975140926506
hill_climbing,rosenbrock,108,12400,16356.975140926506
hill_climbing,rosenbrock,108,12500,16356.975140926506
hill_climbing,rosenbrock,108,12600,16356.975140926506
hill_climbing,rosenbrock,108,12700,16356.975140926506
hill_climbing,rosenbrock,108,12800,16356.975140926506
hill_climbing,rosenbrock,108,12900,16356.975140926506
hill_climbing,rosenbrock,108,13000,16356.975140926506
hill_climbing,rosenbrock,108,13100,16356.975140926506
hill_climbing,rosenbrock,108,13200,16356.975140926506
hill_climbing,rosenbrock,108,13300,16356.975140926506
hill_climbing,rosenbrock,108,13400,16356.975140926506
hill_climbing,rosenbrock,108,13500,16356.975140926506
hill_climbing,rosenbrock,108,13600,16356.975140926506
hill_climbing,rosenbrock,108,13700,16356.975140926506
hill_climbing,rosenbrock,108,13800,16356.975140926506
hill_climbing,rosenbrock,108,13900,16356.975140926506
hill_climbing,rosenbrock,108,14000,16356.975140926506
hill_climbing,rosenbrock,108,14100,16356.975140926506
hill_climbing,rosenbrock,108,14200,16356.975140926506
hill_climbing,rosenbrock,108,14300,16356.975140926506
hill_climbing,rosenbrock,108,14400,16356.975140926506
hill_climbing,rosenbrock,108,14500,16356.975140926506
hill_climbing,rosenbrock,108,14600,16356.975140926506
hill_climbing,rosenbrock,108,14700,16356.975140926506
hill_climbing,rosenbrock,108,14800,16356.975140926506
hill_climbing,rosenbrock,108,14900,16356.975140926506
hill_climbing,rosenbrock,108,15000,16356.975140926506
hill_climbing,rosenbrock,108,15100,16356.975140926506
hill_climbing,rosenbrock,108,15200,16356.975140926506
hill_climbing,rosenbrock,108,15300,16356.975140926506
hill_climbing,rosenbrock,108,15400,16356.975140926506
hill_climbing,rosenbrock,108,15500,16356.975140926506
hill_climbing,rosenbrock,108,15600,16356.975140926506
hill_climbing,rosenbrock,108,15700,16356.975140926506
hill_climbing,rosenbrock,108,15800,16356.975140926506
hill_climbing,rosenbrock,108,15900,16356.975140926506
hill_climbing,rosenbrock,108,16000,16356.975140926506
hill_climbing,rosenbrock,108,16100,16356.975140926506
hill_climbing,rosenbrock,108,16200,16356.975140926506
hill_climbing,rosenbrock,108,16300,16356.975140926506
hill_climbing,rosenbrock,108,16400,16356.975140926506
hill_climbing,rosenbrock,108,16500,16356.975140926506
hill_climbing,rosenbrock,108,16600,16356.975140926506
hill_climbing,rosenbrock,108,16700,16356.975140926506
hill_climbing,rosenbrock,108,16800,16356.975140926506
hill_climbing,rosenbrock,108,16900,16356.975140926506
hill_climbing,rosenbrock,108,17000,16356.975140926506
hill_climbing,rosenbrock,108,17100,16356.975140926506
hill_climbing,rosenbrock,108,17200,16356.975140926506
hill_climbing,rosenbrock,108,17300,16356.975140926506
hill_climbing,rosenbrock,108,17400,16356.975140926506
hill_climbing,rosenbrock,108,17500,16356.975140926506
hill_climbing,rosenbrock,108,17600,16356.975140926506
hill_climbing,rosenbrock,108,17700,16356.975140926506
hill_climbing,rosenbrock,108,17800,16356.975140926506
hill_climbing,rosenbrock,108,17900,16356.975140926506
hill_climbing,rosenbrock,108,18000,16356.975140926506
hill_climbing,rosenbrock,108,18100,16356.975140926506
hill_climbing,rosenbrock,108,18200,16356.975140926506
hill_climbing,rosenbrock,108,18300,16356.975140926506
hill_climbing,rosenbrock,108,18400,16356.975140926506
hill_climbing,rosenbrock,108,18500,16356.975140926506
hill_climbing,rosenbrock,108,18600,16356.975140926506
hill_climbing,rosenbrock,108,18700,16356.975140926506
hill_climbing,rosenbrock,108,18800,16356.975140926506
hill_climbing,rosenbrock,108,18900,16356.975140926506
hill_climbing,rosenbrock,108,19000,16356.975140926506
hill_climbing,rosenbrock,108,19100,16356.975140926506
hill_climbing,rosenbrock,108,19200,16356.975140926506
hill_climbing,rosenbrock,108,19300,16356.975140926506
hill_climbing,rosenbrock,108,19400,16356.975140926506
hill_climbing,rosenbrock,108,19500,16356.975140926506
hill_climbing,rosenbrock,108,19600,16356.975140926506
hill_climbing,rosenbrock,108,19700,16356.975140926506
hill_climbing,rosenbrock,108,19800,16356.975140926506
hill_climbing,rosenbrock,108,19900,16356.975140926506
hill_climbing,rosenbrock,108,20000,16356.975140926506
hill_climbing,rosenbrock,109,100,74050.04594651044
hill_climbing,rosenbrock,109,200,48578.12648110775
hill_climbing,rosenbrock,109,300,47836.93394979004
hill_climbing,rosenbrock,109,400,47836.93394979004
hill_climbing,rosenbrock,109,500,47836.93394979004
hill_climbing,rosenbrock,109,600,47836.93394979004
hill_climbing,rosenbrock,109,700,47836.93394979004
hill_climbing,rosenbrock,109,800,47836.93394979004
hill_climbing,rosenbrock,109,900,47836.93394979004
hill_climbing,rosenbrock,109,1000,47836.93394979004
hill_climbing,rosenbrock,109,1100,47836.93394979004
hill_climbing,rosenbrock,109,1200,47836.93394979004
hill_climbing,rosenbrock,109,1300,47836.93394979004
hill_climbing,rosenbrock,109,1400,47836.93394979004
hill_climbing,rosenbrock,109,1500,47836.93394979004
hill_climbing,rosenbrock,109,1600,47836.93394979004
hill_climbing,rosenbrock,109,1700,47836.93394979004
hill_climbing,rosenbrock,109,1800,10750.405344263285
hill_climbing,rosenbrock,109,1900,10750.405344263285
hill_climbing,rosenbrock,109,2000,10750.405344263285
hill_climbing,rosenbrock,109,2100,10750.405344263285
hill_climbing,rosenbrock,109,2200,10750.405344263285
hill_climbing,rosenbrock,109,2300,10750.405344263285
hill_climbing,rosenbrock,109,2400,10750.405344263285
hill_climbing,rosenbrock,109,2500,10750.405344263285
hill_climbing,rosenbrock,109,2600,10750.405344263285
hill_climbing,rosenbrock,109,2700,10750.405344263285
hill_climbing,rosenbrock,109,2800,10750.405344263285
hill_climbing,rosenbrock,109,2900,10750.405344263285
hill_climbing,rosenbrock,109,3000,10750.405344263285
hill_climbing,rosenbrock,109,3100,10750.405344263285
hill_climbing,rosenbrock,109,3200,10750.405344263285
hill_climbing,rosenbrock,109,3300,10750.405344263285
hill_climbing,rosenbrock,109,3400,10750.405344263285
hill_climbing,rosenbrock,109,3500,10750.405344263285
hill_climbing,rosenbrock,109,3600,10750.405344263285
hill_climbing,rosenbrock,109,3700,10750.405344263285
hill_climbing,rosenbrock,109,3800,10750.405344263285
hill_climbing,rosenbrock,109,3900,10750.405344263285
hill_climbing,rosenbrock,109,4000,10750.405344263285
hill_climbing,rosenbrock,109,4100,10750.405344263285
hill_climbing,rosenbrock,109,4200,10750.405344263285
hill_climbing,rosenbrock,109,4300,10750.405344263285
hill_climbing,rosenbrock,109,4400,10750.405344263285
hill_climbing,rosenbrock,109,4500,10750.405344263285
hill_climbing,rosenbrock,109,4600,10750.405344263285
hill_climbing,rosenbrock,109,4700,10750.405344263285
hill_climbing,rosenbrock,109,4800,10750.405344263285
hill_climbing,rosenbrock,109,4900,10750.405344263285
hill_climbing,rosenbrock,109,5000,10750.405344263285
hill_climbing,rosenbrock,109,5100,10750.405344263285
hill_climbing,rosenbrock,109,5200,10750.405344263285
hill_climbing,rosenbrock,109,5300,10750.405344263285
hill_climbing,rosenbrock,109,5400,10750.405344263285
hill_climbing,rosenbrock,109,5500,10750.405344263285
hill_climbing,rosenbrock,109,5600,10750.405344263285
hill_climbing,rosenbrock,109,5700,10750.405344263285
hill_climbing,rosenbrock,109,5800,10750.405344263285
hill_climbing,rosenbrock,109,5900,10750.405344263285
hill_climbing,rosenbrock,109,6000,10750.405344263285
hill_climbing,rosenbrock,109,6100,10750.405344263285
hill_climbing,rosenbrock,109,6200,10750.405344263285
hill_climbing,rosenbrock,109,6300,10750.405344263285
hill_climbing,rosenbrock,109,6400,10750.405344263285
hill_climbing,rosenbrock,109,6500,10750.405344263285
hill_climbing,rosenbrock,109,6600,10750.405344263285
hill_climbing,rosenbrock,109,6700,10750.405344263285
hill_climbing,rosenbrock,109,6800,10750.405344263285
hill_climbing,rosenbrock,109,6900,10750.405344263285
hill_climbing,rosenbrock,109,7000,10750.405344263285
hill_climbing,rosenbrock,109,7100,10750.405344263285
hill_climbing,rosenbrock,109,7200,10750.405344263285
hill_climbing,rosenbrock,109,7300,10750.405344263285
hill_climbing,rosenbrock,109,7400,10750.405344263285
hill_climbing,rosenbrock,109,7500,10750.405344263285
hill_climbing,rosenbrock,109,7600,10750.405344263285
hill_climbing,rosenbrock,109,7700,10750.405344263285
hill_climbing,rosenbrock,109,7800,10750.405344263285
hill_climbing,rosenbrock,109,7900,10750.405344263285
hill_climbing,rosenbrock,109,8000,10750.405344263285
hill_climbing,rosenbrock,109,8100,10750.405344263285
hill_climbing,rosenbrock,109,8200,10750.405344263285
hill_climbing,rosenbrock,109,8300,10750.405344263285
hill_climbing,rosenbrock,109,8400,10750.405344263285
hill_climbing,rosenbrock,109,8500,10750.405344263285
hill_climbing,rosenbrock,109,8600,10750.405344263285
hill_climbing,rosenbrock,109,8700,7986.133002557677
hill_climbing,rosenbrock,109,8800,7986.133002557677
hill_climbing,rosenbrock,109,8900,7986.133002557677
hill_climbing,rosenbrock,109,9000,7986.133002557677
hill_climbing,rosenbrock,109,9100,7986.133002557677
hill_climbing,rosenbrock,109,9200,7986.133002557677
hill_climbing,rosenbrock,109,9300,7986.133002557677
hill_climbing,rosenbrock,109,9400,7986.133002557677
hill_climbing,rosenbrock,109,9500,7986.133002557677
hill_climbing,rosenbrock,109,9600,7986.133002557677
hill_climbing,rosenbrock,109,9700,7986.133002557677
hill_climbing,rosenbrock,109,9800,7986.133002557677
hill_climbing,rosenbrock,109,9900,7986.133002557677
hill_climbing,rosenbrock,109,10000,7986.133002557677
hill_climbing,rosenbrock,109,10100,7986.133002557677
hill_climbing,rosenbrock,109,10200,7986.133002557677
hill_climbing,rosenbrock,109,10300,7986.133002557677
hill_climbing,rosenbrock,109,10400,7986.133002557677
hill_climbing,rosenbrock,109,10500,7986.133002557677
hill_climbing,rosenbrock,109,10600,7986.133002557677
hill_climbing,rosenbrock,109,10700,7986.133002557677
hill_climbing,rosenbrock,109,10800,7986.133002557677
hill_climbing,rosenbrock,109,10900,7986.133002557677
hill_climbing,rosenbrock,109,11000,7986.133002557677
hill_climbing,rosenbrock,109,11100,7986.133002557677
hill_climbing,rosenbrock,109,11200,7986.133002557677
hill_climbing,rosenbrock,109,11300,7986.133002557677
hill_climbing,rosenbrock,109,11400,7986.133002557677
hill_climbing,rosenbrock,109,11500,7986.133002557677
hill_climbing,rosenbrock,109,11600,7986.133002557677
hill_climbing,rosenbrock,109,11700,7986.133002557677
hill_climbing,rosenbrock,109,11800,7986.133002557677
hill_climbing,rosenbrock,109,11900,7986.133002557677
hill_climbing,rosenbrock,109,12000,7986.133002557677
hill_climbing,rosenbrock,109,12100,7986.133002557677
hill_climbing,rosenbrock,109,12200,7986.133002557677
hill_climbing,rosenbrock,109,12300,7986.133002557677
hill_climbing,rosenbrock,109,12400,7986.133002557677
hill_climbing,rosenbrock,109,12500,7986.133002557677
hill_climbing,rosenbrock,109,12600,7986.133002557677
hill_climbing,rosenbrock,109,12700,7986.133002557677
hill_climbing,rosenbrock,109,12800,7986.133002557677
hill_climbing,rosenbrock,109,12900,7986.133002557677
hill_climbing,rosenbrock,109,13000,7986.133002557677
hill_climbing,rosenbrock,109,13100,7986.133002557677
hill_climbing,rosenbrock,109,13200,7986.133002557677
hill_climbing,rosenbrock,109,13300,7986.133002557677
hill_climbing,rosenbrock,109,13400,7986.133002557677
hill_climbing,rosenbrock,109,13500,7986.133002557677
hill_climbing,rosenbrock,109,13600,7986.133002557677
hill_climbing,rosenbrock,109,13700,7986.133002557677
hill_climbing,rosenbrock,109,13800,7986.133002557677
hill_climbing,rosenbrock,109,13900,7986.133002557677
hill_climbing,rosenbrock,109,14000,7986.133002557677
hill_climbing,rosenbrock,109,14100,7986.133002557677
hill_climbing,rosenbrock,109,14200,7986.133002557677
hill_climbing,rosenbrock,109,14300,7986.133002557677
hill_climbing,rosenbrock,109,14400,7986.133002557677
hill_climbing,rosenbrock,109,14500,7986.133002557677
hill_climbing,rosenbrock,109,14600,7986.133002557677
hill_climbing,rosenbrock,109,14700,6734.004400813574
hill_climbing,rosenbrock,109,14800,6734.004400813574
hill_climbing,rosenbrock,109,14900,6734.004400813574
hill_climbing,rosenbrock,109,15000,6734.004400813574
hill_climbing,rosenbrock,109,15100,6734.004400813574
hill_climbing,rosenbrock,109,15200,6734.004400813574
hill_climbing,rosenbrock,109,15300,6734.004400813574
hill_climbing,rosenbrock,109,15400,6734.004400813574
hill_climbing,rosenbrock,109,15500,6734.004400813574
hill_climbing,rosenbrock,109,15600,6734.004400813574
hill_climbing,rosenbrock,109,15700,6734.004400813574
hill_climbing,rosenbrock,109,15800,6734.004400813574
hill_climbing,rosenbrock,109,15900,6734.004400813574
hill_climbing,rosenbrock,109,16000,6734.004400813574
hill_climbing,rosenbrock,109,16100,6734.004400813574
hill_climbing,rosenbrock,109,16200,6734.004400813574
hill_climbing,rosenbrock,109,16300,6734.004400813574
hill_climbing,rosenbrock,109,16400,6734.004400813574
hill_climbing,rosenbrock,109,16500,6734.004400813574
hill_climbing,rosenbrock,109,16600,6734.004400813574
hill_climbing,rosenbrock,109,16700,6734.004400813574
hill_climbing,rosenbrock,109,16800,6734.004400813574
hill_climbing,rosenbrock,109,16900,6734.004400813574
hill_climbing,rosenbrock,109,17000,6734.004400813574
hill_climbing,rosenbrock,109,17100,6734.004400813574
hill_climbing,rosenbrock,109,17200,6734.004400813574
hill_climbing,rosenbrock,109,17300,6734.004400813574
hill_climbing,rosenbrock,109,17400,6734.004400813574
hill_climbing,rosenbrock,109,17500,6734.004400813574
hill_climbing,rosenbrock,109,17600,6734.004400813574
hill_climbing,rosenbrock,109,17700,6734.004400813574
hill_climbing,rosenbrock,109,17800,6734.004400813574
hill_climbing,rosenbrock,109,17900,6734.004400813574
hill_climbing,rosenbrock,109,18000,6734.004400813574
hill_climbing,rosenbrock,109,18100,6734.004400813574
hill_climbing,rosenbrock,109,18200,6734.004400813574
hill_climbing,rosenbrock,109,18300,6734.004400813574
hill_climbing,rosenbrock,109,18400,6734.004400813574
hill_climbing,rosenbrock,109,18500,6734.004400813574
hill_climbing,rosenbrock,109,18600,6734.004400813574
hill_climbing,rosenbrock,109,18700,6734.004400813574
hill_climbing,rosenbrock,109,18800,6734.004400813574
hill_climbing,rosenbrock,109,18900,6734.004400813574
hill_climbing,rosenbrock,109,19000,6734.004400813574
hill_climbing,rosenbrock,109,19100,6734.004400813574
hill_climbing,rosenbrock,109,19200,6734.004400813574
hill_climbing,rosenbrock,109,19300,6734.004400813574
hill_climbing,rosenbrock,109,19400,6734.004400813574
hill_climbing,rosenbrock,109,19500,6734.004400813574
hill_climbing,rosenbrock,109,19600,6734.004400813574
hill_climbing,rosenbrock,109,19700,6734.004400813574
hill_climbing,rosenbrock,109,19800,6734.004400813574
hill_climbing,rosenbrock,109,19900,6734.004400813574
hill_climbing,rosenbrock,109,20000,6734.004400813574
hill_climbing,rosenbrock,110,100,334272.9591341128
hill_climbing,rosenbrock,110,200,134057.2625908223
hill_climbing,rosenbrock,110,300,134057.2625908223
hill_climbing,rosenbrock,110,400,121959.42084429564
hill_climbing,rosenbrock,110,500,121959.42084429564
hill_climbing,rosenbrock,110,600,121959.42084429564
hill_climbing,rosenbrock,110,700,121959.42084429564
hill_climbing,rosenbrock,110,800,121959.42084429564
hill_climbing,rosenbrock,110,900,106694.52821765217
hill_climbing,rosenbrock,110,1000,106694.52821765217
hill_climbing,rosenbrock,110,1100,106694.52821765217
hill_climbing,rosenbrock,110,1200,32647.333941685007
hill_climbing,rosenbrock,110,1300,32647.333941685007
hill_climbing,rosenbrock,110,1400,32647.333941685007
hill_climbing,rosenbrock,110,1500,32647.333941685007
hill_climbing,rosenbrock,110,1600,32647.333941685007
hill_climbing,rosenbrock,110,1700,32647.333941685007
hill_climbing,rosenbrock,110,1800,32647.333941685007
hill_climbing,rosenbrock,110,1900,32647.333941685007
hill_climbing,rosenbrock,110,2000,32647.333941685007
hill_climbing,rosenbrock,110,2100,32647.333941685007
hill_climbing,rosenbrock,110,2200,32647.333941685007
hill_climbing,rosenbrock,110,2300,32647.333941685007
hill_climbing,rosenbrock,110,2400,32647.333941685007
hill_climbing,rosenbrock,110,2500,32647.333941685007
hill_climbing,rosenbrock,110,2600,32647.333941685007
hill_climbing,rosenbrock,110,2700,32647.333941685007
hill_climbing,rosenbrock,110,2800,32647.333941685007
hill_climbing,rosenbrock,110,2900,32647.333941685007
hill_climbing,rosenbrock,110,3000,32647.333941685007
hill_climbing,rosenbrock,110,3100,32647.333941685007
hill_climbing,rosenbrock,110,3200,32647.333941685007
hill_climbing,rosenbrock,110,3300,32647.333941685007
hill_climbing,rosenbrock,110,3400,32647.333941685007
hill_climbing,rosenbrock,110,3500,32647.333941685007
hill_climbing,rosenbrock,110,3600,32647.333941685007
hill_climbing,rosenbrock,110,3700,32647.333941685007
hill_climbing,rosenbrock,110,3800,32647.333941685007
hill_climbing,rosenbrock,110,3900,32647.333941685007
hill_climbing,rosenbrock,110,4000,32647.333941685007
hill_climbing,rosenbrock,110,4100,32647.333941685007
hill_climbing,rosenbrock,110,4200,32647.333941685007
hill_climbing,rosenbrock,110,4300,32647.333941685007
hill_climbing,rosenbrock,110,4400,32647.333941685007
hill_climbing,rosenbrock,110,4500,32647.333941685007
hill_climbing,rosenbrock,110,4600,32647.333941685007
hill_climbing,rosenbrock,110,4700,32647.333941685007
hill_climbing,rosenbrock,110,4800,32647.333941685007
hill_climbing,rosenbrock,110,4900,32647.333941685007
hill_climbing,rosenbrock,110,5000,32647.333941685007
hill_climbing,rosenbrock,110,5100,32647.333941685007
hill_climbing,rosenbrock,110,5200,32647.333941685007
hill_climbing,rosenbrock,110,5300,32647.333941685007
hill_climbing,rosenbrock,110,5400,32647.333941685007
hill_climbing,rosenbrock,110,5500,32647.333941685007
hill_climbing,rosenbrock,110,5600,32647.333941685007
hill_climbing,rosenbrock,110,5700,32647.333941685007
hill_climbing,rosenbrock,110,5800,32647.333941685007
hill_climbing,rosenbrock,110,5900,32647.333941685007
hill_climbing,rosenbrock,110,6000,32647.333941685007
hill_climbing,rosenbrock,110,6100,32647.333941685007
hill_climbing,rosenbrock,110,6200,32647.333941685007
hill_climbing,rosenbrock,110,6300,32647.333941685007
hill_climbing,rosenbrock,110,6400,32647.333941685007
hill_climbing,rosenbrock,110,6500,32647.333941685007
hill_climbing,rosenbrock,110,6600,32647.333941685007
hill_climbing,rosenbrock,110,6700,32647.333941685007
hill_climbing,rosenbrock,110,6800,32647.333941685007
hill_climbing,rosenbrock,110,6900,32647.333941685007
hill_climbing,rosenbrock,110,7000,32647.333941685007
hill_climbing,rosenbrock,110,7100,32647.333941685007
hill_climbing,rosenbrock,110,7200,32647.333941685007
hill_climbing,rosenbrock,110,7300,32647.333941685007
hill_climbing,rosenbrock,110,7400,32647.333941685007
hill_climbing,rosenbrock,110,7500,32647.333941685007
hill_climbing,rosenbrock,110,7600,32647.333941685007
hill_climbing,rosenbrock,110,7700,32647.333941685007
hill_climbing,rosenbrock,110,7800,32647.333941685007
hill_climbing,rosenbrock,110,7900,32647.333941685007
hill_climbing,rosenbrock,110,8000,32647.333941685007
hill_climbing,rosenbrock,110,8100,32647.333941685007
hill_climbing,rosenbrock,110,8200,32647.333941685007
hill_climbing,rosenbrock,110,8300,32647.333941685007
hill_climbing,rosenbrock,110,8400,32647.333941685007
hill_climbing,rosenbrock,110,8500,32647.333941685007
hill_climbing,rosenbrock,110,8600,32647.333941685007
hill_climbing,rosenbrock,110,8700,32647.333941685007
hill_climbing,rosenbrock,110,8800,25680.96073840552
hill_climbing,rosenbrock,110,8900,25680.96073840552
hill_climbing,rosenbrock,110,9000,25680.96073840552
hill_climbing,rosenbrock,110,9100,25680.96073840552
hill_climbing,rosenbrock,110,9200,25680.96073840552
hill_climbing,rosenbrock,110,9300,25680.96073840552
hill_climbing,rosenbrock,110,9400,25680.96073840552
hill_climbing,rosenbrock,110,9500,25680.96073840552
hill_climbing,rosenbrock,110,9600,25680.96073840552
hill_climbing,rosenbrock,110,9700,25680.96073840552
hill_climbing,rosenbrock,110,9800,25680.96073840552
hill_climbing,rosenbrock,110,9900,25680.96073840552
hill_climbing,rosenbrock,110,10000,25680.96073840552
hill_climbing,rosenbrock,110,10100,25680.96073840552
hill_climbing,rosenbrock,110,10200,25680.96073840552
hill_climbing,rosenbrock,110,10300,12061.538450981085
hill_climbing,rosenbrock,110,10400,12061.538450981085
hill_climbing,rosenbrock,110,10500,12061.538450981085
hill_climbing,rosenbrock,110,10600,12061.538450981085
hill_climbing,rosenbrock,110,10700,12061.538450981085
hill_climbing,rosenbrock,110,10800,12061.538450981085
hill_climbing,rosenbrock,110,10900,12061.538450981085
hill_climbing,rosenbrock,110,11000,12061.538450981085
hill_climbing,rosenbrock,110,11100,12061.538450981085
hill_climbing,rosenbrock,110,11200,12061.538450981085
hill_climbing,rosenbrock,110,11300,12061.538450981085
hill_climbing,rosenbrock,110,11400,12061.538450981085
hill_climbing,rosenbrock,110,11500,12061.538450981085
hill_climbing,rosenbrock,110,11600,12061.538450981085
hill_climbing,rosenbrock,110,11700,12061.538450981085
hill_climbing,rosenbrock,110,11800,12061.538450981085
hill_climbing,rosenbrock,110,11900,12061.538450981085
hill_climbing,rosenbrock,110,12000,12061.538450981085
hill_climbing,rosenbrock,110,12100,12061.538450981085
hill_climbing,rosenbrock,110,12200,12061.538450981085
hill_climbing,rosenbrock,110,12300,12061.538450981085
hill_climbing,rosenbrock,110,12400,12061.538450981085
hill_climbing,rosenbrock,110,12500,12061.538450981085
hill_climbing,rosenbrock,110,12600,12061.538450981085
hill_climbing,rosenbrock,110,12700,12061.538450981085
hill_climbing,rosenbrock,110,12800,12061.538450981085
hill_climbing,rosenbrock,110,12900,12061.538450981085
hill_climbing,rosenbrock,110,13000,12061.538450981085
hill_climbing,rosenbrock,110,13100,12061.538450981085
hill_climbing,rosenbrock,110,13200,12061.538450981085
hill_climbing,rosenbrock,110,13300,12061.538450981085
hill_climbing,rosenbrock,110,13400,12061.538450981085
hill_climbing,rosenbrock,110,13500,12061.538450981085
hill_climbing,rosenbrock,110,13600,12061.538450981085
hill_climbing,rosenbrock,110,13700,12061.538450981085
hill_climbing,rosenbrock,110,13800,12061.538450981085
hill_climbing,rosenbrock,110,13900,12061.538450981085
hill_climbing,rosenbrock,110,14000,12061.538450981085
hill_climbing,rosenbrock,110,14100,12061.538450981085
hill_climbing,rosenbrock,110,14200,12061.538450981085
hill_climbing,rosenbrock,110,14300,12061.538450981085
hill_climbing,rosenbrock,110,14400,12061.538450981085
hill_climbing,rosenbrock,110,14500,12061.538450981085
hill_climbing,rosenbrock,110,14600,12061.538450981085
hill_climbing,rosenbrock,110,14700,12061.538450981085
hill_climbing,rosenbrock,110,14800,12061.538450981085
hill_climbing,rosenbrock,110,14900,12061.538450981085
hill_climbing,rosenbrock,110,15000,12061.538450981085
hill_climbing,rosenbrock,110,15100,12061.538450981085
hill_climbing,rosenbrock,110,15200,12061.538450981085
hill_climbing,rosenbrock,110,15300,12061.538450981085
hill_climbing,rosenbrock,110,15400,12061.538450981085
hill_climbing,rosenbrock,110,15500,12061.538450981085
hill_climbing,rosenbrock,110,15600,12061.538450981085
hill_climbing,rosenbrock,110,15700,12061.538450981085
hill_climbing,rosenbrock,110,15800,12061.538450981085
hill_climbing,rosenbrock,110,15900,12061.538450981085
hill_climbing,rosenbrock,110,16000,12061.538450981085
hill_climbing,rosenbrock,110,16100,12061.538450981085
hill_climbing,rosenbrock,110,16200,12061.538450981085
hill_climbing,rosenbrock,110,16300,12061.538450981085
hill_climbing,rosenbrock,110,16400,12061.538450981085
hill_climbing,rosenbrock,110,16500,12061.538450981085
hill_climbing,rosenbrock,110,16600,12061.538450981085
hill_climbing,rosenbrock,110,16700,12061.538450981085
hill_climbing,rosenbrock,110,16800,12061.538450981085
hill_climbing,rosenbrock,110,16900,12061.538450981085
hill_climbing,rosenbrock,110,17000,12061.538450981085
hill_climbing,rosenbrock,110,17100,12061.538450981085
hill_climbing,rosenbrock,110,17200,12061.538450981085
hill_climbing,rosenbrock,110,17300,12061.538450981085
hill_climbing,rosenbrock,110,17400,12061.538450981085
hill_climbing,rosenbrock,110,17500,12061.538450981085
hill_climbing,rosenbrock,110,17600,12061.538450981085
hill_climbing,rosenbrock,110,17700,12061.538450981085
hill_climbing,rosenbrock,110,17800,7274.11358263793
hill_climbing,rosenbrock,110,17900,7274.11358263793
hill_climbing,rosenbrock,110,18000,7274.11358263793
hill_climbing,rosenbrock,110,18100,7274.11358263793
hill_climbing,rosenbrock,110,18200,7274.11358263793
hill_climbing,rosenbrock,110,18300,7274.11358263793
hill_climbing,rosenbrock,110,18400,7274.11358263793
hill_climbing,rosenbrock,110,18500,7274.11358263793
hill_climbing,rosenbrock,110,18600,7274.11358263793
hill_climbing,rosenbrock,110,18700,7274.11358263793
hill_climbing,rosenbrock,110,18800,7274.11358263793
hill_climbing,rosenbrock,110,18900,7274.11358263793
hill_climbing,rosenbrock,110,19000,7274.11358263793
hill_climbing,rosenbrock,110,19100,7274.11358263793
hill_climbing,rosenbrock,110,19200,7274.11358263793
hill_climbing,rosenbrock,110,19300,7274.11358263793
hill_climbing,rosenbrock,110,19400,7274.11358263793
hill_climbing,rosenbrock,110,19500,7274.11358263793
hill_climbing,rosenbrock,110,19600,7274.11358263793
hill_climbing,rosenbrock,110,19700,7274.11358263793
hill_climbing,rosenbrock,110,19800,7274.11358263793
hill_climbing,rosenbrock,110,19900,7274.11358263793
hill_climbing,rosenbrock,110,20000,7274.11358263793
hill_climbing,rosenbrock,111,100,108353.05364092338
hill_climbing,rosenbrock,111,200,108353.05364092338
hill_climbing,rosenbrock,111,300,108353.05364092338
hill_climbing,rosenbrock,111,400,108353.05364092338
hill_climbing,rosenbrock,111,500,68390.4985999837
hill_climbing,rosenbrock,111,600,68390.4985999837
hill_climbing,rosenbrock,111,700,68390.4985999837
hill_climbing,rosenbrock,111,800,68390.4985999837
hill_climbing,rosenbrock,111,900,54867.24071045067
hill_climbing,rosenbrock,111,1000,46284.34189967977
hill_climbing,rosenbrock,111,1100,46284.34189967977
hill_climbing,rosenbrock,111,1200,46284.34189967977
hill_climbing,rosenbrock,111,1300,46284.34189967977
hill_climbing,rosenbrock,111,1400,46284.34189967977
hill_climbing,rosenbrock,111,1500,46284.34189967977
hill_climbing,rosenbrock,111,1600,46284.34189967977
hill_climbing,rosenbrock,111,1700,46284.34189967977
hill_climbing,rosenbrock,111,1800,46284.34189967977
hill_climbing,rosenbrock,111,1900,46284.34189967977
hill_climbing,rosenbrock,111,2000,46284.34189967977
hill_climbing,rosenbrock,111,2100,46284.34189967977
hill_climbing,rosenbrock,111,2200,46284.34189967977
hill_climbing,rosenbrock,111,2300,46284.34189967977
hill_climbing,rosenbrock,111,2400,46284.34189967977
hill_climbing,rosenbrock,111,2500,46284.34189967977
hill_climbing,rosenbrock,111,2600,46284.34189967977
hill_climbing,rosenbrock,111,2700,46284.34189967977
hill_climbing,rosenbrock,111,2800,46284.34189967977
hill_climbing,rosenbrock,111,2900,46284.34189967977
hill_climbing,rosenbrock,111,3000,31058.39045889798
hill_climbing,rosenbrock,111,3100,31058.39045889798
hill_climbing,rosenbrock,111,3200,31058.39045889798
hill_climbing,rosenbrock,111,3300,31058.39045889798
hill_climbing,rosenbrock,111,3400,31058.39045889798
hill_climbing,rosenbrock,111,3500,31058.39045889798
hill_climbing,rosenbrock,111,3600,31058.39045889798
hill_climbing,rosenbrock,111,3700,31058.39045889798
hill_climbing,rosenbrock,111,3800,31058.39045889798
hill_climbing,rosenbrock,111,3900,31058.39045889798
hill_climbing,rosenbrock,111,4000,30128.022633879078
hill_climbing,rosenbrock,111,4100,30128.022633879078
hill_climbing,rosenbrock,111,4200,30128.022633879078
hill_climbing,rosenbrock,111,4300,30128.022633879078
hill_climbing,rosenbrock,111,4400,30128.022633879078
hill_climbing,rosenbrock,111,4500,30128.022633879078
hill_climbing,rosenbrock,111,4600,30128.022633879078
hill_climbing,rosenbrock,111,4700,30128.022633879078
hill_climbing,rosenbrock,111,4800,30128.022633879078
hill_climbing,rosenbrock,111,4900,30128.022633879078
hill_climbing,rosenbrock,111,5000,30128.022633879078
hill_climbing,rosenbrock,111,5100,30128.022633879078
hill_climbing,rosenbrock,111,5200,30128.022633879078
hill_climbing,rosenbrock,111,5300,30128.022633879078
hill_climbing,rosenbrock,111,5400,30128.022633879078
hill_climbing,rosenbrock,111,5500,30128.022633879078
hill_climbing,rosenbrock,111,5600,30128.022633879078
hill_climbing,rosenbrock,111,5700,30128.022633879078
hill_climbing,rosenbrock,111,5800,30128.022633879078
hill_climbing,rosenbrock,111,5900,30128.022633879078
hill_climbing,rosenbrock,111,6000,30128.022633879078
hill_climbing,rosenbrock,111,6100,30128.022633879078
hill_climbing,rosenbrock,111,6200,30128.022633879078
hill_climbing,rosenbrock,111,6300,30128.022633879078
hill_climbing,rosenbrock,111,6400,30128.022633879078
hill_climbing,rosenbrock,111,6500,30128.022633879078
hill_climbing,rosenbrock,111,6600,30128.022633879078
hill_climbing,rosenbrock,111,6700,30128.022633879078
hill_climbing,rosenbrock,111,6800,30128.022633879078
hill_climbing,rosenbrock,111,6900,30128.022633879078
hill_climbing,rosenbrock,111,7000,30128.022633879078
hill_climbing,rosenbrock,111,7100,30128.022633879078
hill_climbing,rosenbrock,111,7200,30128.022633879078
hill_climbing,rosenbrock,111,7300,30128.022633879078
hill_climbing,rosenbrock,111,7400,30128.022633879078
hill_climbing,rosenbrock,111,7500,30128.022633879078
hill_climbing,rosenbrock,111,7600,30128.022633879078
hill_climbing,rosenbrock,111,7700,30128.022633879078
hill_climbing,rosenbrock,111,7800,30128.022633879078
hill_climbing,rosenbrock,111,7900,30128.022633879078
hill_climbing,rosenbrock,111,8000,30128.022633879078
hill_climbing,rosenbrock,111,8100,30128.022633879078
hill_climbing,rosenbrock,111,8200,30128.022633879078
hill_climbing,rosenbrock,111,8300,30128.022633879078
hill_climbing,rosenbrock,111,8400,30128.022633879078
hill_climbing,rosenbrock,111,8500,30128.022633879078
hill_climbing,rosenbrock,111,8600,30128.022633879078
hill_climbing,rosenbrock,111,8700,30128.022633879078
hill_climbing,rosenbrock,111,8800,30128.022633879078
hill_climbing,rosenbrock,111,8900,30128.022633879078
hill_climbing,rosenbrock,111,9000,8475.578241183948
hill_climbing,rosenbrock,111,9100,8475.578241183948
hill_climbing,rosenbrock,111,9200,8475.578241183948
hill_climbing,rosenbrock,111,9300,8475.578241183948
hill_climbing,rosenbrock,111,9400,8475.578241183948
hill_climbing,rosenbrock,111,9500,8475.578241183948
hill_climbing,rosenbrock,111,9600,8475.578241183948
hill_climbing,rosenbrock,111,9700,8475.578241183948
hill_climbing,rosenbrock,111,9800,8475.578241183948
hill_climbing,rosenbrock,111,9900,8475.578241183948
hill_climbing,rosenbrock,111,10000,8475.578241183948
hill_climbing,rosenbrock,111,10100,8475.578241183948
hill_climbing,rosenbrock,111,10200,8475.578241183948
hill_climbing,rosenbrock,111,10300,8475.578241183948
hill_climbing,rosenbrock,111,10400,8475.578241183948
hill_climbing,rosenbrock,111,10500,8475.578241183948
hill_climbing,rosenbrock,111,10600,8475.578241183948
hill_climbing,rosenbrock,111,10700,8475.578241183948
hill_climbing,rosenbrock,111,10800,8475.578241183948
hill_climbing,rosenbrock,111,10900,8475.578241183948
hill_climbing,rosenbrock,111,11000,8475.578241183948
hill_climbing,rosenbrock,111,11100,8475.578241183948
hill_climbing,rosenbrock,111,11200,8475.578241183948
hill_climbing,rosenbrock,111,11300,8475.578241183948
hill_climbing,rosenbrock,111,11400,8475.578241183948
hill_climbing,rosenbrock,111,11500,8475.578241183948
hill_climbing,rosenbrock,111,11600,8475.578241183948
hill_climbing,rosenbrock,111,11700,8475.578241183948
hill_climbing,rosenbrock,111,11800,8475.578241183948
hill_climbing,rosenbrock,111,11900,8475.578241183948
hill_climbing,rosenbrock,111,12000,8475.578241183948
hill_climbing,rosenbrock,111,12100,8475.578241183948
hill_climbing,rosenbrock,111,12200,8475.578241183948
hill_climbing,rosenbrock,111,12300,8475.578241183948
hill_climbing,rosenbrock,111,12400,8475.578241183948
hill_climbing,rosenbrock,111,12500,8475.578241183948
hill_climbing,rosenbrock,111,12600,8475.578241183948
hill_climbing,rosenbrock,111,12700,8475.578241183948
hill_climbing,rosenbrock,111,12800,8475.578241183948
hill_climbing,rosenbrock,111,12900,8475.578241183948
hill_climbing,rosenbrock,111,13000,8475.578241183948
hill_climbing,rosenbrock,111,13100,8475.578241183948
hill_climbing,rosenbrock,111,13200,8475.578241183948
hill_climbing,rosenbrock,111,13300,8475.578241183948
hill_climbing,rosenbrock,111,13400,8475.578241183948
hill_climbing,rosenbrock,111,13500,8475.578241183948
hill_climbing,rosenbrock,111,13600,8475.578241183948
hill_climbing,rosenbrock,111,13700,8475.578241183948
hill_climbing,rosenbrock,111,13800,8475.578241183948
hill_climbing,rosenbrock,111,13900,8475.578241183948
hill_climbing,rosenbrock,111,14000,8475.578241183948
hill_climbing,rosenbrock,111,14100,8475.578241183948
hill_climbing,rosenbrock,111,14200,8475.578241183948
hill_climbing,rosenbrock,111,14300,8475.578241183948
hill_climbing,rosenbrock,111,14400,8475.578241183948
hill_climbing,rosenbrock,111,14500,8475.578241183948
hill_climbing,rosenbrock,111,14600,8475.578241183948
hill_climbing,rosenbrock,111,14700,8475.578241183948
hill_climbing,rosenbrock,111,14800,8475.578241183948
hill_climbing,rosenbrock,111,14900,8475.578241183948
hill_climbing,rosenbrock,111,15000,8475.578241183948
hill_climbing,rosenbrock,111,15100,8475.578241183948
hill_climbing,rosenbrock,111,15200,8475.578241183948
hill_climbing,rosenbrock,111,15300,8475.578241183948
hill_climbing,rosenbrock,111,15400,8475.578241183948
hill_climbing,rosenbrock,111,15500,8475.578241183948
hill_climbing,rosenbrock,111,15600,8475.578241183948
hill_climbing,rosenbrock,111,15700,8475.578241183948
hill_climbing,rosenbrock,111,15800,8475.578241183948
hill_climbing,rosenbrock,111,15900,8475.578241183948
hill_climbing,rosenbrock,111,16000,8475.578241183948
hill_climbing,rosenbrock,111,16100,8475.578241183948
hill_climbing,rosenbrock,111,16200,8475.578241183948
hill_climbing,rosenbrock,111,16300,8475.578241183948
hill_climbing,rosenbrock,111,16400,8475.578241183948
hill_climbing,rosenbrock,111,16500,8475.578241183948
hill_climbing,rosenbrock,111,16600,8475.578241183948
hill_climbing,rosenbrock,111,16700,8475.578241183948
hill_climbing,rosenbrock,111,16800,8475.578241183948
hill_climbing,rosenbrock,111,16900,8475.578241183948
hill_climbing,rosenbrock,111,17000,8475.578241183948
hill_climbing,rosenbrock,111,17100,8475.578241183948
hill_climbing,rosenbrock,111,17200,8475.578241183948
hill_climbing,rosenbrock,111,17300,8475.578241183948
hill_climbing,rosenbrock,111,17400,8475.578241183948
hill_climbing,rosenbrock,111,17500,8475.578241183948
hill_climbing,rosenbrock,111,17600,8475.578241183948
hill_climbing,rosenbrock,111,17700,8475.578241183948
hill_climbing,rosenbrock,111,17800,8475.578241183948
hill_climbing,rosenbrock,111,17900,8475.578241183948
hill_climbing,rosenbrock,111,18000,8475.578241183948
hill_climbing,rosenbrock,111,18100,8475.578241183948
hill_climbing,rosenbrock,111,18200,8475.578241183948
hill_climbing,rosenbrock,111,18300,8475.578241183948
hill_climbing,rosenbrock,111,18400,8475.578241183948
hill_climbing,rosenbrock,111,18500,8475.578241183948
hill_climbing,rosenbrock,111,18600,8475.578241183948
hill_climbing,rosenbrock,111,18700,8475.578241183948
hill_climbing,rosenbrock,111,18800,8475.578241183948
hill_climbing,rosenbrock,111,18900,8475.578241183948
hill_climbing,rosenbrock,111,19000,8475.578241183948
hill_climbing,rosenbrock,111,19100,8475.578241183948
hill_climbing,rosenbrock,111,19200,8475.578241183948
hill_climbing,rosenbrock,111,19300,8475.578241183948
hill_climbing,rosenbrock,111,19400,8475.578241183948
hill_climbing,rosenbrock,111,19500,8475.578241183948
hill_climbing,rosenbrock,111,19600,8475.578241183948
hill_climbing,rosenbrock,111,19700,8475.578241183948
hill_climbing,rosenbrock,111,19800,8475.578241183948
hill_climbing,rosenbrock,111,19900,8475.578241183948
hill_climbing,rosenbrock,111,20000,8475.578241183948
hill_climbing,rosenbrock,112,100,94624.19899817508
hill_climbing,rosenbrock,112,200,94624.19899817508
hill_climbing,rosenbrock,112,300,94624.19899817508
hill_climbing,rosenbrock,112,400,94624.19899817508
hill_climbing,rosenbrock,112,500,94624.19899817508
hill_climbing,rosenbrock,112,600,94624.19899817508
hill_climbing,rosenbrock,112,700,94624.19899817508
hill_climbing,rosenbrock,112,800,66278.24644413269
hill_climbing,rosenbrock,112,900,66278.24644413269
hill_climbing,rosenbrock,112,1000,66278.24644413269
hill_climbing,rosenbrock,112,1100,66278.24644413269
hill_climbing,rosenbrock,112,1200,8674.251415116376
hill_climbing,rosenbrock,112,1300,8674.251415116376
hill_climbing,rosenbrock,112,1400,8674.251415116376
hill_climbing,rosenbrock,112,1500,8674.251415116376
hill_climbing,rosenbrock,112,1600,8674.251415116376
hill_climbing,rosenbrock,112,1700,8674.251415116376
hill_climbing,rosenbrock,112,1800,8674.251415116376
hill_climbing,rosenbrock,112,1900,8674.251415116376
hill_climbing,rosenbrock,112,2000,8674.251415116376
hill_climbing,rosenbrock,112,2100,8674.251415116376
hill_climbing,rosenbrock,112,2200,8674.251415116376
hill_climbing,rosenbrock,112,2300,8674.251415116376
hill_climbing,rosenbrock,112,2400,8674.251415116376
hill_climbing,rosenbrock,112,2500,8674.251415116376
hill_climbing,rosenbrock,112,2600,8674.251415116376
hill_climbing,rosenbrock,112,2700,8674.251415116376
hill_climbing,rosenbrock,112,2800,8674.251415116376
hill_climbing,rosenbrock,112,2900,8674.251415116376
hill_climbing,rosenbrock,112,3000,8674.251415116376
hill_climbing,rosenbrock,112,3100,8674.251415116376
hill_climbing,rosenbrock,112,3200,8674.251415116376
hill_climbing,rosenbrock,112,3300,8674.251415116376
hill_climbing,rosenbrock,112,3400,8674.251415116376
hill_climbing,rosenbrock,112,3500,8674.251415116376
hill_climbing,rosenbrock,112,3600,8674.251415116376
hill_climbing,rosenbrock,112,3700,8674.251415116376
hill_climbing,rosenbrock,112,3800,8674.251415116376
hill_climbing,rosenbrock,112,3900,8674.251415116376
hill_climbing,rosenbrock,112,4000,8674.251415116376
hill_climbing,rosenbrock,112,4100,8674.251415116376
hill_climbing,rosenbrock,112,4200,8674.251415116376
hill_climbing,rosenbrock,112,4300,8674.251415116376
hill_climbing,rosenbrock,112,4400,8674.251415116376
hill_climbing,rosenbrock,112,4500,8674.251415116376
hill_climbing,rosenbrock,112,4600,8674.251415116376
hill_climbing,rosenbrock,112,4700,8674.251415116376
hill_climbing,rosenbrock,112,4800,8674.251415116376
hill_climbing,rosenbrock,112,4900,8674.251415116376
hill_climbing,rosenbrock,112,5000,8674.251415116376
hill_climbing,rosenbrock,112,5100,8674.251415116376
hill_climbing,rosenbrock,112,5200,8674.251415116376
hill_climbing,rosenbrock,112,5300,8674.251415116376
hill_climbing,rosenbrock,112,5400,8674.251415116376
hill_climbing,rosenbrock,112,5500,8674.251415116376
hill_climbing,rosenbrock,112,5600,8674.251415116376
hill_climbing,rosenbrock,112,5700,8674.251415116376
hill_climbing,rosenbrock,112,5800,8674.251415116376
hill_climbing,rosenbrock,112,5900,8674.251415116376
hill_climbing,rosenbrock,112,6000,8674.251415116376
hill_climbing,rosenbrock,112,6100,8674.251415116376
hill_climbing,rosenbrock,112,6200,8674.251415116376
hill_climbing,rosenbrock,112,6300,8674.251415116376
hill_climbing,rosenbrock,112,6400,8674.251415116376
hill_climbing,rosenbrock,112,6500,8674.251415116376
hill_climbing,rosenbrock,112,6600,8674.251415116376
hill_climbing,rosenbrock,112,6700,8674.251415116376
hill_climbing,rosenbrock,112,6800,8674.251415116376
hill_climbing,rosenbrock,112,6900,8674.251415116376
hill_climbing,rosenbrock,112,7000,8674.251415116376
hill_climbing,rosenbrock,112,7100,8674.251415116376
hill_climbing,rosenbrock,112,7200,8674.251415116376
hill_climbing,rosenbrock,112,7300,8674.251415116376
hill_climbing,rosenbrock,112,7400,8674.251415116376
hill_climbing,rosenbrock,112,7500,8674.251415116376
hill_climbing,rosenbrock,112,7600,8674.251415116376
hill_climbing,rosenbrock,112,7700,8674.251415116376
hill_climbing,rosenbrock,112,7800,8674.251415116376
hill_climbing,rosenbrock,112,7900,8674.251415116376
hill_climbing,rosenbrock,112,8000,8674.251415116376
hill_climbing,rosenbrock,112,8100,8674.251415116376
hill_climbing,rosenbrock,112,8200,8674.251415116376
hill_climbing,rosenbrock,112,8300,8674.251415116376
hill_climbing,rosenbrock,112,8400,8674.251415116376
hill_climbing,rosenbrock,112,8500,8674.251415116376
hill_climbing,rosenbrock,112,8600,8674.251415116376
hill_climbing,rosenbrock,112,8700,8674.251415116376
hill_climbing,rosenbrock,112,8800,8674.251415116376
hill_climbing,rosenbrock,112,8900,8674.251415116376
hill_climbing,rosenbrock,112,9000,8674.251415116376
hill_climbing,rosenbrock,112,9100,8674.251415116376
hill_climbing,rosenbrock,112,9200,8674.251415116376
hill_climbing,rosenbrock,112,9300,8674.251415116376
hill_climbing,rosenbrock,112,9400,8674.251415116376
hill_climbing,rosenbrock,112,9500,8674.251415116376
hill_climbing,rosenbrock,112,9600,8674.251415116376
hill_climbing,rosenbrock,112,9700,8674.251415116376
hill_climbing,rosenbrock,112,9800,8674.251415116376
hill_climbing,rosenbrock,112,9900,8674.251415116376
hill_climbing,rosenbrock,112,10000,8674.251415116376
hill_climbing,rosenbrock,112,10100,8674.251415116376
hill_climbing,rosenbrock,112,10200,8674.251415116376
hill_climbing,rosenbrock,112,10300,8674.251415116376
hill_climbing,rosenbrock,112,10400,8674.251415116376
hill_climbing,rosenbrock,112,10500,8674.251415116376
hill_climbing,rosenbrock,112,10600,8674.251415116376
hill_climbing,rosenbrock,112,10700,8674.251415116376
hill_climbing,rosenbrock,112,10800,8674.251415116376
hill_climbing,rosenbrock,112,10900,8674.251415116376
hill_climbing,rosenbrock,112,11000,8674.251415116376
hill_climbing,rosenbrock,112,11100,8674.251415116376
hill_climbing,rosenbrock,112,11200,8674.251415116376
hill_climbing,rosenbrock,112,11300,8674.251415116376
hill_climbing,rosenbrock,112,11400,8674.251415116376
hill_climbing,rosenbrock,112,11500,8674.251415116376
hill_climbing,rosenbrock,112,11600,8674.251415116376
hill_climbing,rosenbrock,112,11700,8674.251415116376
hill_climbing,rosenbrock,112,11800,8674.251415116376
hill_climbing,rosenbrock,112,11900,8674.251415116376
hill_climbing,rosenbrock,112,12000,8674.251415116376
hill_climbing,rosenbrock,112,12100,8674.251415116376
hill_climbing,rosenbrock,112,12200,8674.251415116376
hill_climbing,rosenbrock,112,12300,8674.251415116376
hill_climbing,rosenbrock,112,12400,8674.251415116376
hill_climbing,rosenbrock,112,12500,8674.251415116376
hill_climbing,rosenbrock,112,12600,8674.251415116376
hill_climbing,rosenbrock,112,12700,8674.251415116376
hill_climbing,rosenbrock,112,12800,8674.251415116376
hill_climbing,rosenbrock,112,12900,8674.251415116376
hill_climbing,rosenbrock,112,13000,8674.251415116376
hill_climbing,rosenbrock,112,13100,8674.251415116376
hill_climbing,rosenbrock,112,13200,8674.251415116376
hill_climbing,rosenbrock,112,13300,8674.251415116376
hill_climbing,rosenbrock,112,13400,8674.251415116376
hill_climbing,rosenbrock,112,13500,8674.251415116376
hill_climbing,rosenbrock,112,13600,8674.251415116376
hill_climbing,rosenbrock,112,13700,8674.251415116376
hill_climbing,rosenbrock,112,13800,8674.251415116376
hill_climbing,rosenbrock,112,13900,8674.251415116376
hill_climbing,rosenbrock,112,14000,8674.251415116376
hill_climbing,rosenbrock,112,14100,8674.251415116376
hill_climbing,rosenbrock,112,14200,8674.251415116376
hill_climbing,rosenbrock,112,14300,8674.251415116376
hill_climbing,rosenbrock,112,14400,8674.251415116376
hill_climbing,rosenbrock,112,14500,8674.251415116376
hill_climbing,rosenbrock,112,14600,8674.251415116376
hill_climbing,rosenbrock,112,14700,8674.251415116376
hill_climbing,rosenbrock,112,14800,8674.251415116376
hill_climbing,rosenbrock,112,14900,8674.251415116376
hill_climbing,rosenbrock,112,15000,8674.251415116376
hill_climbing,rosenbrock,112,15100,8674.251415116376
hill_climbing,rosenbrock,112,15200,8674.251415116376
hill_climbing,rosenbrock,112,15300,8674.251415116376
hill_climbing,rosenbrock,112,15400,8674.251415116376
hill_climbing,rosenbrock,112,15500,8674.251415116376
hill_climbing,rosenbrock,112,15600,8674.251415116376
hill_climbing,rosenbrock,112,15700,8674.251415116376
hill_climbing,rosenbrock,112,15800,8674.251415116376
hill_climbing,rosenbrock,112,15900,8674.251415116376
hill_climbing,rosenbrock,112,16000,8674.251415116376
hill_climbing,rosenbrock,112,16100,8674.251415116376
hill_climbing,rosenbrock,112,16200,8674.251415116376
hill_climbing,rosenbrock,112,16300,8674.251415116376
hill_climbing,rosenbrock,112,16400,8674.251415116376
hill_climbing,rosenbrock,112,16500,8674.251415116376
hill_climbing,rosenbrock,112,16600,8674.251415116376
hill_climbing,rosenbrock,112,16700,8674.251415116376
hill_climbing,rosenbrock,112,16800,8674.251415116376
hill_climbing,rosenbrock,112,16900,8674.251415116376
hill_climbing,rosenbrock,112,17000,8674.251415116376
hill_climbing,rosenbrock,112,17100,8674.251415116376
hill_climbing,rosenbrock,112,17200,8674.251415116376
hill_climbing,rosenbrock,112,17300,8674.251415116376
hill_climbing,rosenbrock,112,17400,8674.251415116376
hill_climbing,rosenbrock,112,17500,8674.251415116376
hill_climbing,rosenbrock,112,17600,8674.251415116376
hill_climbing,rosenbrock,112,17700,8674.251415116376
hill_climbing,rosenbrock,112,17800,8674.251415116376
hill_climbing,rosenbrock,112,17900,8674.251415116376
hill_climbing,rosenbrock,112,18000,8674.251415116376
hill_climbing,rosenbrock,112,18100,8674.251415116376
hill_climbing,rosenbrock,112,18200,8674.251415116376
hill_climbing,rosenbrock,112,18300,8674.251415116376
hill_climbing,rosenbrock,112,18400,8674.251415116376
hill_climbing,rosenbrock,112,18500,8674.251415116376
hill_climbing,rosenbrock,112,18600,8674.251415116376
hill_climbing,rosenbrock,112,18700,8674.251415116376
hill_climbing,rosenbrock,112,18800,8674.251415116376
hill_climbing,rosenbrock,112,18900,8674.251415116376
hill_climbing,rosenbrock,112,19000,8674.251415116376
hill_climbing,rosenbrock,112,19100,8674.251415116376
hill_climbing,rosenbrock,112,19200,8674.251415116376
hill_climbing,rosenbrock,112,19300,8674.251415116376
hill_climbing,rosenbrock,112,19400,8674.251415116376
hill_climbing,rosenbrock,112,19500,8674.251415116376
hill_climbing,rosenbrock,112,19600,8674.251415116376
hill_climbing,rosenbrock,112,19700,8674.251415116376
hill_climbing,rosenbrock,112,19800,8674.251415116376
hill_climbing,rosenbrock,112,19900,8674.251415116376
hill_climbing,rosenbrock,112,20000,8674.251415116376
hill_climbing,rosenbrock,113,100,121712.72199458229
hill_climbing,rosenbrock,113,200,111650.53614534279
hill_climbing,rosenbrock,113,300,79870.4525880109
hill_climbing,rosenbrock,113,400,75016.60355297501
hill_climbing,rosenbrock,113,500,62386.96852306907
hill_climbing,rosenbrock,113,600,62386.96852306907
hill_climbing,rosenbrock,113,700,62386.96852306907
hill_climbing,rosenbrock,113,800,62386.96852306907
hill_climbing,rosenbrock,113,900,62386.96852306907
hill_climbing,rosenbrock,113,1000,62386.96852306907
hill_climbing,rosenbrock,113,1100,62386.96852306907
hill_climbing,rosenbrock,113,1200,62386.96852306907
hill_climbing,rosenbrock,113,1300,62386.96852306907
hill_climbing,rosenbrock,113,1400,62386.96852306907
hill_climbing,rosenbrock,113,1500,62386.96852306907
hill_climbing,rosenbrock,113,1600,57655.717690516816
hill_climbing,rosenbrock,113,1700,57655.717690516816
hill_climbing,rosenbrock,113,1800,57655.717690516816
hill_climbing,rosenbrock,113,1900,57655.717690516816
hill_climbing,rosenbrock,113,2000,57655.717690516816
hill_climbing,rosenbrock,113,2100,57655.717690516816
hill_climbing,rosenbrock,113,2200,57655.717690516816
hill_climbing,rosenbrock,113,2300,57655.717690516816
hill_climbing,rosenbrock,113,2400,57655.717690516816
hill_climbing,rosenbrock,113,2500,10408.610050512525
hill_climbing,rosenbrock,113,2600,10408.610050512525
hill_climbing,rosenbrock,113,2700,10408.610050512525
hill_climbing,rosenbrock,113,2800,10408.610050512525
hill_climbing,rosenbrock,113,2900,10408.610050512525
hill_climbing,rosenbrock,113,3000,10408.610050512525
hill_climbing,rosenbrock,113,3100,10408.610050512525
hill_climbing,rosenbrock,113,3200,10408.610050512525
hill_climbing,rosenbrock,113,3300,10408.610050512525
hill_climbing,rosenbrock,113,3400,10408.610050512525
hill_climbing,rosenbrock,113,3500,10408.610050512525
hill_climbing,rosenbrock,113,3600,10408.610050512525
hill_climbing,rosenbrock,113,3700,10408.610050512525
hill_climbing,rosenbrock,113,3800,10408.610050512525
hill_climbing,rosenbrock,113,3900,10408.610050512525
hill_climbing,rosenbrock,113,4000,10408.610050512525
hill_climbing,rosenbrock,113,4100,10408.610050512525
hill_climbing,rosenbrock,113,4200,10408.610050512525
hill_climbing,rosenbrock,113,4300,10408.610050512525
hill_climbing,rosenbrock,113,4400,10408.610050512525
hill_climbing,rosenbrock,113,4500,10408.610050512525
hill_climbing,rosenbrock,113,4600,10408.610050512525
hill_climbing,rosenbrock,113,4700,10408.610050512525
hill_climbing,rosenbrock,113,4800,10408.610050512525
hill_climbing,rosenbrock,113,4900,10408.610050512525
hill_climbing,rosenbrock,113,5000,10408.610050512525
hill_climbing,rosenbrock,113,5100,10408.610050512525
hill_climbing,rosenbrock,113,5200,10408.610050512525
hill_climbing,rosenbrock,113,5300,10408.610050512525
hill_climbing,rosenbrock,113,5400,10408.610050512525
hill_climbing,rosenbrock,113,5500,10408.610050512525
hill_climbing,rosenbrock,113,5600,10408.610050512525
hill_climbing,rosenbrock,113,5700,10408.610050512525
hill_climbing,rosenbrock,113,5800,10408.610050512525
hill_climbing,rosenbrock,113,5900,10408.610050512525
hill_climbing,rosenbrock,113,6000,10408.610050512525
hill_climbing,rosenbrock,113,6100,10408.610050512525
hill_climbing,rosenbrock,113,6200,10408.610050512525
hill_climbing,rosenbrock,113,6300,10408.610050512525
hill_climbing,rosenbrock,113,6400,10408.610050512525
hill_climbing,rosenbrock,113,6500,10408.610050512525
hill_climbing,rosenbrock,113,6600,10408.610050512525
hill_climbing,rosenbrock,113,6700,10408.610050512525
hill_climbing,rosenbrock,113,6800,10408.610050512525
hill_climbing,rosenbrock,113,6900,10408.610050512525
hill_climbing,rosenbrock,113,7000,10408.610050512525
hill_climbing,rosenbrock,113,7100,10408.610050512525
hill_climbing,rosenbrock,113,7200,10408.610050512525
hill_climbing,rosenbrock,113,7300,10408.610050512525
hill_climbing,rosenbrock,113,7400,10408.610050512525
hill_climbing,rosenbrock,113,7500,10408.610050512525
hill_climbing,rosenbrock,113,7600,10408.610050512525
hill_climbing,rosenbrock,113,7700,10408.610050512525
hill_climbing,rosenbrock,113,7800,10408.610050512525
hill_climbing,rosenbrock,113,7900,10408.610050512525
hill_climbing,rosenbrock,113,8000,10408.610050512525
hill_climbing,rosenbrock,113,8100,10408.610050512525
hill_climbing,rosenbrock,113,8200,10408.610050512525
hill_climbing,rosenbrock,113,8300,10408.610050512525
hill_climbing,rosenbrock,113,8400,10408.610050512525
hill_climbing,rosenbrock,113,8500,10408.610050512525
hill_climbing,rosenbrock,113,8600,10408.610050512525
hill_climbing,rosenbrock,113,8700,10408.610050512525
hill_climbing,rosenbrock,113,8800,10408.610050512525
hill_climbing,rosenbrock,113,8900,10408.610050512525
hill_climbing,rosenbrock,113,9000,10408.610050512525
hill_climbing,rosenbrock,113,9100,10408.610050512525
hill_climbing,rosenbrock,113,9200,10408.610050512525
hill_climbing,rosenbrock,113,9300,10408.610050512525
hill_climbing,rosenbrock,113,9400,10408.610050512525
hill_climbing,rosenbrock,113,9500,10408.610050512525
hill_climbing,rosenbrock,113,9600,10408.610050512525
hill_climbing,rosenbrock,113,9700,10408.610050512525
hill_climbing,rosenbrock,113,9800,10408.610050512525
hill_climbing,rosenbrock,113,9900,10408.610050512525
hill_climbing,rosenbrock,113,10000,10408.610050512525
hill_climbing,rosenbrock,113,10100,10408.610050512525
hill_climbing,rosenbrock,113,10200,10408.610050512525
hill_climbing,rosenbrock,113,10300,10408.610050512525
hill_climbing,rosenbrock,113,10400,10408.610050512525
hill_climbing,rosenbrock,113,10500,10408.610050512525
hill_climbing,rosenbrock,113,10600,10408.610050512525
hill_climbing,rosenbrock,113,10700,10408.610050512525
hill_climbing,rosenbrock,113,10800,10408.610050512525
hill_climbing,rosenbrock,113,10900,10408.610050512525
hill_climbing,rosenbrock,113,11000,10408.610050512525
hill_climbing,rosenbrock,113,11100,10408.610050512525
hill_climbing,rosenbrock,113,11200,10408.610050512525
hill_climbing,rosenbrock,113,11300,10408.610050512525
hill_climbing,rosenbrock,113,11400,10408.610050512525
hill_climbing,rosenbrock,113,11500,10408.610050512525
hill_climbing,rosenbrock,113,11600,10408.610050512525
hill_climbing,rosenbrock,113,11700,10408.610050512525
hill_climbing,rosenbrock,113,11800,10408.610050512525
hill_climbing,rosenbrock,113,11900,10408.610050512525
hill_climbing,rosenbrock,113,12000,10408.610050512525
hill_climbing,rosenbrock,113,12100,10408.610050512525
hill_climbing,rosenbrock,113,12200,10408.610050512525
hill_climbing,rosenbrock,113,12300,10408.610050512525
hill_climbing,rosenbrock,113,12400,10408.610050512525
hill_climbing,rosenbrock,113,12500,10408.610050512525
hill_climbing,rosenbrock,113,12600,10408.610050512525
hill_climbing,rosenbrock,113,12700,10408.610050512525
hill_climbing,rosenbrock,113,12800,10408.610050512525
hill_climbing,rosenbrock,113,12900,10408.610050512525
hill_climbing,rosenbrock,113,13000,10408.610050512525
hill_climbing,rosenbrock,113,13100,10408.610050512525
hill_climbing,rosenbrock,113,13200,10408.610050512525
hill_climbing,rosenbrock,113,13300,10408.610050512525
hill_climbing,rosenbrock,113,13400,10408.610050512525
hill_climbing,rosenbrock,113,13500,10408.610050512525
hill_climbing,rosenbrock,113,13600,10408.610050512525
hill_climbing,rosenbrock,113,13700,10408.610050512525
hill_climbing,rosenbrock,113,13800,10408.610050512525
hill_climbing,rosenbrock,113,13900,10408.610050512525
hill_climbing,rosenbrock,113,14000,10408.610050512525
hill_climbing,rosenbrock,113,14100,10408.610050512525
hill_climbing,rosenbrock,113,14200,10408.610050512525
hill_climbing,rosenbrock,113,14300,10408.610050512525
hill_climbing,rosenbrock,113,14400,10408.610050512525
hill_climbing,rosenbrock,113,14500,10408.610050512525
hill_climbing,rosenbrock,113,14600,10408.610050512525
hill_climbing,rosenbrock,113,14700,10408.610050512525
hill_climbing,rosenbrock,113,14800,10408.610050512525
hill_climbing,rosenbrock,113,14900,10408.610050512525
hill_climbing,rosenbrock,113,15000,10408.610050512525
hill_climbing,rosenbrock,113,15100,10408.610050512525
hill_climbing,rosenbrock,113,15200,10408.610050512525
hill_climbing,rosenbrock,113,15300,10408.610050512525
hill_climbing,rosenbrock,113,15400,10408.610050512525
hill_climbing,rosenbrock,113,15500,10408.610050512525
hill_climbing,rosenbrock,113,15600,10408.610050512525
hill_climbing,rosenbrock,113,15700,10408.610050512525
hill_climbing,rosenbrock,113,15800,10408.610050512525
hill_climbing,rosenbrock,113,15900,10408.610050512525
hill_climbing,rosenbrock,113,16000,10408.610050512525
hill_climbing,rosenbrock,113,16100,10408.610050512525
hill_climbing,rosenbrock,113,16200,10408.610050512525
hill_climbing,rosenbrock,113,16300,10408.610050512525
hill_climbing,rosenbrock,113,16400,10408.610050512525
hill_climbing,rosenbrock,113,16500,10408.610050512525
hill_climbing,rosenbrock,113,16600,10408.610050512525
hill_climbing,rosenbrock,113,16700,10408.610050512525
hill_climbing,rosenbrock,113,16800,10408.610050512525
hill_climbing,rosenbrock,113,16900,10408.610050512525
hill_climbing,rosenbrock,113,17000,10408.610050512525
hill_climbing,rosenbrock,113,17100,10408.610050512525
hill_climbing,rosenbrock,113,17200,10408.610050512525
hill_climbing,rosenbrock,113,17300,10408.610050512525
hill_climbing,rosenbrock,113,17400,10408.610050512525
hill_climbing,rosenbrock,113,17500,10408.610050512525
hill_climbing,rosenbrock,113,17600,10408.610050512525
hill_climbing,rosenbrock,113,17700,10408.610050512525
hill_climbing,rosenbrock,113,17800,10408.610050512525
hill_climbing,rosenbrock,113,17900,10408.610050512525
hill_climbing,rosenbrock,113,18000,10408.610050512525
hill_climbing,rosenbrock,113,18100,10408.610050512525
hill_climbing,rosenbrock,113,18200,10408.610050512525
hill_climbing,rosenbrock,113,18300,10408.610050512525
hill_climbing,rosenbrock,113,18400,10408.610050512525
hill_climbing,rosenbrock,113,18500,10408.610050512525
hill_climbing,rosenbrock,113,18600,10408.610050512525
hill_climbing,rosenbrock,113,18700,10408.610050512525
hill_climbing,rosenbrock,113,18800,10408.610050512525
hill_climbing,rosenbrock,113,18900,10408.610050512525
hill_climbing,rosenbrock,113,19000,10408.610050512525
hill_climbing,rosenbrock,113,19100,10408.610050512525
hill_climbing,rosenbrock,113,19200,10408.610050512525
hill_climbing,rosenbrock,113,19300,10408.610050512525
hill_climbing,rosenbrock,113,19400,10408.610050512525
hill_climbing,rosenbrock,113,19500,10408.610050512525
hill_climbing,rosenbrock,113,19600,10408.610050512525
hill_climbing,rosenbrock,113,19700,10408.610050512525
hill_climbing,rosenbrock,113,19800,10408.610050512525
hill_climbing,rosenbrock,113,19900,10408.610050512525
hill_climbing,rosenbrock,113,20000,10408.610050512525
hill_climbing,rosenbrock,114,100,186273.3554114579
hill_climbing,rosenbrock,114,200,56922.235483984914
hill_climbing,rosenbrock,114,300,56922.235483984914
hill_climbing,rosenbrock,114,400,56922.235483984914
hill_climbing,rosenbrock,114,500,56922.235483984914
hill_climbing,rosenbrock,114,600,56922.235483984914
hill_climbing,rosenbrock,114,700,56922.235483984914
hill_climbing,rosenbrock,114,800,56922.235483984914
hill_climbing,rosenbrock,114,900,56922.235483984914
hill_climbing,rosenbrock,114,1000,56922.235483984914
hill_climbing,rosenbrock,114,1100,56922.235483984914
hill_climbing,rosenbrock,114,1200,56922.235483984914
hill_climbing,rosenbrock,114,1300,52808.48167161725
hill_climbing,rosenbrock,114,1400,47842.69614894312
hill_climbing,rosenbrock,114,1500,47842.69614894312
hill_climbing,rosenbrock,114,1600,47842.69614894312
hill_climbing,rosenbrock,114,1700,47842.69614894312
hill_climbing,rosenbrock,114,1800,24959.661224273877
hill_climbing,rosenbrock,114,1900,24959.661224273877
hill_climbing,rosenbrock,114,2000,24959.661224273877
hill_climbing,rosenbrock,114,2100,24959.661224273877
hill_climbing,rosenbrock,114,2200,24959.661224273877
hill_climbing,rosenbrock,114,2300,24959.661224273877
hill_climbing,rosenbrock,114,2400,24959.661224273877
hill_climbing,rosenbrock,114,2500,24959.661224273877
hill_climbing,rosenbrock,114,2600,24959.661224273877
hill_climbing,rosenbrock,114,2700,24959.661224273877
hill_climbing,rosenbrock,114,2800,24959.661224273877
hill_climbing,rosenbrock,114,2900,24959.661224273877
hill_climbing,rosenbrock,114,3000,24959.661224273877
hill_climbing,rosenbrock,114,3100,24959.661224273877
hill_climbing,rosenbrock,114,3200,24959.661224273877
hill_climbing,rosenbrock,114,3300,24959.661224273877
hill_climbing,rosenbrock,114,3400,24959.661224273877
hill_climbing,rosenbrock,114,3500,24959.661224273877
hill_climbing,rosenbrock,114,3600,24959.661224273877
hill_climbing,rosenbrock,114,3700,24959.661224273877
hill_climbing,rosenbrock,114,3800,24959.661224273877
hill_climbing,rosenbrock,114,3900,24959.661224273877
hill_climbing,rosenbrock,114,4000,24959.661224273877
hill_climbing,rosenbrock,114,4100,24959.661224273877
hill_climbing,rosenbrock,114,4200,24959.661224273877
hill_climbing,rosenbrock,114,4300,24959.661224273877
hill_climbing,rosenbrock,114,4400,24959.661224273877
hill_climbing,rosenbrock,114,4500,24959.661224273877
hill_climbing,rosenbrock,114,4600,24959.661224273877
hill_climbing,rosenbrock,114,4700,24959.661224273877
hill_climbing,rosenbrock,114,4800,24959.661224273877
hill_climbing,rosenbrock,114,4900,24959.661224273877
hill_climbing,rosenbrock,114,5000,24959.661224273877
hill_climbing,rosenbrock,114,5100,24959.661224273877
hill_climbing,rosenbrock,114,5200,24959.661224273877
hill_climbing,rosenbrock,114,5300,24959.661224273877
hill_climbing,rosenbrock,114,5400,24959.661224273877
hill_climbing,rosenbrock,114,5500,24959.661224273877
hill_climbing,rosenbrock,114,5600,24959.661224273877
hill_climbing,rosenbrock,114,5700,24959.661224273877
hill_climbing,rosenbrock,114,5800,24959.661224273877
hill_climbing,rosenbrock,114,5900,24959.661224273877
hill_climbing,rosenbrock,114,6000,24959.661224273877
hill_climbing,rosenbrock,114,6100,24959.661224273877
hill_climbing,rosenbrock,114,6200,24959.661224273877
hill_climbing,rosenbrock,114,6300,24959.661224273877
hill_climbing,rosenbrock,114,6400,24959.661224273877
hill_climbing,rosenbrock,114,6500,24959.661224273877
hill_climbing,rosenbrock,114,6600,24959.661224273877
hill_climbing,rosenbrock,114,6700,24959.661224273877
hill_climbing,rosenbrock,114,6800,24959.661224273877
hill_climbing,rosenbrock,114,6900,24959.661224273877
hill_climbing,rosenbrock,114,7000,24959.661224273877
hill_climbing,rosenbrock,114,7100,24959.661224273877
hill_climbing,rosenbrock,114,7200,24959.661224273877
hill_climbing,rosenbrock,114,7300,24959.661224273877
hill_climbing,rosenbrock,114,7400,24959.661224273877
hill_climbing,rosenbrock,114,7500,24959.661224273877
hill_climbing,rosenbrock,114,7600,24959.661224273877
hill_climbing,rosenbrock,114,7700,24959.661224273877
hill_climbing,rosenbrock,114,7800,24959.661224273877
hill_climbing,rosenbrock,114,7900,24959.661224273877
hill_climbing,rosenbrock,114,8000,24959.661224273877
hill_climbing,rosenbrock,114,8100,24959.661224273877
hill_climbing,rosenbrock,114,8200,24959.661224273877
hill_climbing,rosenbrock,114,8300,24959.661224273877
hill_climbing,rosenbrock,114,8400,24959.661224273877
hill_climbing,rosenbrock,114,8500,24959.661224273877
hill_climbing,rosenbrock,114,8600,24959.661224273877
hill_climbing,rosenbrock,114,8700,24959.661224273877
hill_climbing,rosenbrock,114,8800,24959.661224273877
hill_climbing,rosenbrock,114,8900,24959.661224273877
hill_climbing,rosenbrock,114,9000,24959.661224273877
hill_climbing,rosenbrock,114,9100,24959.661224273877
hill_climbing,rosenbrock,114,9200,24959.661224273877
hill_climbing,rosenbrock,114,9300,24959.661224273877
hill_climbing,rosenbrock,114,9400,24959.661224273877
hill_climbing,rosenbrock,114,9500,24959.661224273877
hill_climbing,rosenbrock,114,9600,24959.661224273877
hill_climbing,rosenbrock,114,9700,24959.661224273877
hill_climbing,rosenbrock,114,9800,24959.661224273877
hill_climbing,rosenbrock,114,9900,24959.661224273877
hill_climbing,rosenbrock,114,10000,24959.661224273877
hill_climbing,rosenbrock,114,10100,24959.661224273877
hill_climbing,rosenbrock,114,10200,9520.305552158925
hill_climbing,rosenbrock,114,10300,9520.305552158925
hill_climbing,rosenbrock,114,10400,9520.305552158925
hill_climbing,rosenbrock,114,10500,9520.305552158925
hill_climbing,rosenbrock,114,10600,9520.305552158925
hill_climbing,rosenbrock,114,10700,9520.305552158925
hill_climbing,rosenbrock,114,10800,9520.305552158925
hill_climbing,rosenbrock,114,10900,9520.305552158925
hill_climbing,rosenbrock,114,11000,9520.305552158925
hill_climbing,rosenbrock,114,11100,9520.305552158925
hill_climbing,rosenbrock,114,11200,9520.305552158925
hill_climbing,rosenbrock,114,11300,9520.305552158925
hill_climbing,rosenbrock,114,11400,9520.305552158925
hill_climbing,rosenbrock,114,11500,9520.305552158925
hill_climbing,rosenbrock,114,11600,9520.305552158925
hill_climbing,rosenbrock,114,11700,9520.305552158925
hill_climbing,rosenbrock,114,11800,9520.305552158925
hill_climbing,rosenbrock,114,11900,9520.305552158925
hill_climbing,rosenbrock,114,12000,9520.305552158925
hill_climbing,rosenbrock,114,12100,9520.305552158925
hill_climbing,rosenbrock,114,12200,9520.305552158925
hill_climbing,rosenbrock,114,12300,9520.305552158925
hill_climbing,rosenbrock,114,12400,9520.305552158925
hill_climbing,rosenbrock,114,12500,9520.305552158925
hill_climbing,rosenbrock,114,12600,9520.305552158925
hill_climbing,rosenbrock,114,12700,9520.305552158925
hill_climbing,rosenbrock,114,12800,9520.305552158925
hill_climbing,rosenbrock,114,12900,9520.305552158925
hill_climbing,rosenbrock,114,13000,9520.305552158925
hill_climbing,rosenbrock,114,13100,9520.305552158925
hill_climbing,rosenbrock,114,13200,9520.305552158925
hill_climbing,rosenbrock,114,13300,9520.305552158925
hill_climbing,rosenbrock,114,13400,9520.305552158925
hill_climbing,rosenbrock,114,13500,9520.305552158925
hill_climbing,rosenbrock,114,13600,9520.305552158925
hill_climbing,rosenbrock,114,13700,9520.305552158925
hill_climbing,rosenbrock,114,13800,9520.305552158925
hill_climbing,rosenbrock,114,13900,9520.305552158925
hill_climbing,rosenbrock,114,14000,9520.305552158925
hill_climbing,rosenbrock,114,14100,9520.305552158925
hill_climbing,rosenbrock,114,14200,9520.305552158925
hill_climbing,rosenbrock,114,14300,9520.305552158925
hill_climbing,rosenbrock,114,14400,9520.305552158925
hill_climbing,rosenbrock,114,14500,9520.305552158925
hill_climbing,rosenbrock,114,14600,9520.305552158925
hill_climbing,rosenbrock,114,14700,9520.305552158925
hill_climbing,rosenbrock,114,14800,9520.305552158925
hill_climbing,rosenbrock,114,14900,9520.305552158925
hill_climbing,rosenbrock,114,15000,9520.305552158925
hill_climbing,rosenbrock,114,15100,9520.305552158925
hill_climbing,rosenbrock,114,15200,9520.305552158925
hill_climbing,rosenbrock,114,15300,9520.305552158925
hill_climbing,rosenbrock,114,15400,9520.305552158925
hill_climbing,rosenbrock,114,15500,9520.305552158925
hill_climbing,rosenbrock,114,15600,9520.305552158925
hill_climbing,rosenbrock,114,15700,9520.305552158925
hill_climbing,rosenbrock,114,15800,9520.305552158925
hill_climbing,rosenbrock,114,15900,9520.305552158925
hill_climbing,rosenbrock,114,16000,9520.305552158925
hill_climbing,rosenbrock,114,16100,9520.305552158925
hill_climbing,rosenbrock,114,16200,9520.305552158925
hill_climbing,rosenbrock,114,16300,9520.305552158925
hill_climbing,rosenbrock,114,16400,9520.305552158925
hill_climbing,rosenbrock,114,16500,9520.305552158925
hill_climbing,rosenbrock,114,16600,9520.305552158925
hill_climbing,rosenbrock,114,16700,9520.305552158925
hill_climbing,rosenbrock,114,16800,9520.305552158925
hill_climbing,rosenbrock,114,16900,9520.305552158925
hill_climbing,rosenbrock,114,17000,9520.305552158925
hill_climbing,rosenbrock,114,17100,9520.305552158925
hill_climbing,rosenbrock,114,17200,9520.305552158925
hill_climbing,rosenbrock,114,17300,9520.305552158925
hill_climbing,rosenbrock,114,17400,9520.305552158925
hill_climbing,rosenbrock,114,17500,9520.305552158925
hill_climbing,rosenbrock,114,17600,9520.305552158925
hill_climbing,rosenbrock,114,17700,9520.305552158925
hill_climbing,rosenbrock,114,17800,9520.305552158925
hill_climbing,rosenbrock,114,17900,9520.305552158925
hill_climbing,rosenbrock,114,18000,9520.305552158925
hill_climbing,rosenbrock,114,18100,9520.305552158925
hill_climbing,rosenbrock,114,18200,9520.305552158925
hill_climbing,rosenbrock,114,18300,9520.305552158925
hill_climbing,rosenbrock,114,18400,9520.305552158925
hill_climbing,rosenbrock,114,18500,9520.305552158925
hill_climbing,rosenbrock,114,18600,9520.305552158925
hill_climbing,rosenbrock,114,18700,9520.305552158925
hill_climbing,rosenbrock,114,18800,9520.305552158925
hill_climbing,rosenbrock,114,18900,9520.305552158925
hill_climbing,rosenbrock,114,19000,9520.305552158925
hill_climbing,rosenbrock,114,19100,9520.305552158925
hill_climbing,rosenbrock,114,19200,9520.305552158925
hill_climbing,rosenbrock,114,19300,9520.305552158925
hill_climbing,rosenbrock,114,19400,9520.305552158925
hill_climbing,rosenbrock,114,19500,9520.305552158925
hill_climbing,rosenbrock,114,19600,9520.305552158925
hill_climbing,rosenbrock,114,19700,9520.305552158925
hill_climbing,rosenbrock,114,19800,9520.305552158925
hill_climbing,rosenbrock,114,19900,9520.305552158925
hill_climbing,rosenbrock,114,20000,9520.305552158925
hill_climbing,rosenbrock,115,100,62034.869539306535
hill_climbing,rosenbrock,115,200,62034.869539306535
hill_climbing,rosenbrock,115,300,62034.869539306535
hill_climbing,rosenbrock,115,400,62034.869539306535
hill_climbing,rosenbrock,115,500,62034.869539306535
hill_climbing,rosenbrock,115,600,62034.869539306535
hill_climbing,rosenbrock,115,700,58874.80896149726
hill_climbing,rosenbrock,115,800,58874.80896149726
hill_climbing,rosenbrock,115,900,58874.80896149726
hill_climbing,rosenbrock,115,1000,58874.80896149726
hill_climbing,rosenbrock,115,1100,58874.80896149726
hill_climbing,rosenbrock,115,1200,58874.80896149726
hill_climbing,rosenbrock,115,1300,58874.80896149726
hill_climbing,rosenbrock,115,1400,58874.80896149726
hill_climbing,rosenbrock,115,1500,58874.80896149726
hill_climbing,rosenbrock,115,1600,58874.80896149726
hill_climbing,rosenbrock,115,1700,58874.80896149726
hill_climbing,rosenbrock,115,1800,58874.80896149726
hill_climbing,rosenbrock,115,1900,58874.80896149726
hill_climbing,rosenbrock,115,2000,58874.80896149726
hill_climbing,rosenbrock,115,2100,58874.80896149726
hill_climbing,rosenbrock,115,2200,58874.80896149726
hill_climbing,rosenbrock,115,2300,58874.80896149726
hill_climbing,rosenbrock,115,2400,58874.80896149726
hill_climbing,rosenbrock,115,2500,58874.80896149726
hill_climbing,rosenbrock,115,2600,58874.80896149726
hill_climbing,rosenbrock,115,2700,58874.80896149726
hill_climbing,rosenbrock,115,2800,46836.24559692058
hill_climbing,rosenbrock,115,2900,46836.24559692058
hill_climbing,rosenbrock,115,3000,46836.24559692058
hill_climbing,rosenbrock,115,3100,46836.24559692058
hill_climbing,rosenbrock,115,3200,46836.24559692058
hill_climbing,rosenbrock,115,3300,46836.24559692058
hill_climbing,rosenbrock,115,3400,46836.24559692058
hill_climbing,rosenbrock,115,3500,46836.24559692058
hill_climbing,rosenbrock,115,3600,46836.24559692058
hill_climbing,rosenbrock,115,3700,46836.24559692058
hill_climbing,rosenbrock,115,3800,46836.24559692058
hill_climbing,rosenbrock,115,3900,46836.24559692058
hill_climbing,rosenbrock,115,4000,46836.24559692058
hill_climbing,rosenbrock,115,4100,46836.24559692058
hill_climbing,rosenbrock,115,4200,46836.24559692058
hill_climbing,rosenbrock,115,4300,46836.24559692058
hill_climbing,rosenbrock,115,4400,46836.24559692058
hill_climbing,rosenbrock,115,4500,38680.21611517639
hill_climbing,rosenbrock,115,4600,27006.324300880064
hill_climbing,rosenbrock,115,4700,27006.324300880064
hill_climbing,rosenbrock,115,4800,27006.324300880064
hill_climbing,rosenbrock,115,4900,27006.324300880064
hill_climbing,rosenbrock,115,5000,27006.324300880064
hill_climbing,rosenbrock,115,5100,27006.324300880064
hill_climbing,rosenbrock,115,5200,27006.324300880064
hill_climbing,rosenbrock,115,5300,27006.324300880064
hill_climbing,rosenbrock,115,5400,27006.324300880064
hill_climbing,rosenbrock,115,5500,27006.324300880064
hill_climbing,rosenbrock,115,5600,27006.324300880064
hill_climbing,rosenbrock,115,5700,27006.324300880064
hill_climbing,rosenbrock,115,5800,27006.324300880064
hill_climbing,rosenbrock,115,5900,27006.324300880064
hill_climbing,rosenbrock,115,6000,27006.324300880064
hill_climbing,rosenbrock,115,6100,27006.324300880064
hill_climbing,rosenbrock,115,6200,27006.324300880064
hill_climbing,rosenbrock,115,6300,27006.324300880064
hill_climbing,rosenbrock,115,6400,27006.324300880064
hill_climbing,rosenbrock,115,6500,27006.324300880064
hill_climbing,rosenbrock,115,6600,27006.324300880064
hill_climbing,rosenbrock,115,6700,27006.324300880064
hill_climbing,rosenbrock,115,6800,27006.324300880064
hill_climbing,rosenbrock,115,6900,27006.324300880064
hill_climbing,rosenbrock,115,7000,27006.324300880064
hill_climbing,rosenbrock,115,7100,27006.324300880064
hill_climbing,rosenbrock,115,7200,27006.324300880064
hill_climbing,rosenbrock,115,7300,27006.324300880064
hill_climbing,rosenbrock,115,7400,27006.324300880064
hill_climbing,rosenbrock,115,7500,27006.324300880064
hill_climbing,rosenbrock,115,7600,27006.324300880064
hill_climbing,rosenbrock,115,7700,27006.324300880064
hill_climbing,rosenbrock,115,7800,27006.324300880064
hill_climbing,rosenbrock,115,7900,27006.324300880064
hill_climbing,rosenbrock,115,8000,27006.324300880064
hill_climbing,rosenbrock,115,8100,27006.324300880064
hill_climbing,rosenbrock,115,8200,27006.324300880064
hill_climbing,rosenbrock,115,8300,27006.324300880064
hill_climbing,rosenbrock,115,8400,27006.324300880064
hill_climbing,rosenbrock,115,8500,27006.324300880064
hill_climbing,rosenbrock,115,8600,27006.324300880064
hill_climbing,rosenbrock,115,8700,27006.324300880064
hill_climbing,rosenbrock,115,8800,27006.324300880064
hill_climbing,rosenbrock,115,8900,27006.324300880064
hill_climbing,rosenbrock,115,9000,27006.324300880064
hill_climbing,rosenbrock,115,9100,27006.324300880064
hill_climbing,rosenbrock,115,9200,27006.324300880064
hill_climbing,rosenbrock,115,9300,27006.324300880064
hill_climbing,rosenbrock,115,9400,27006.324300880064
hill_climbing,rosenbrock,115,9500,27006.324300880064
hill_climbing,rosenbrock,115,9600,27006.324300880064
hill_climbing,rosenbrock,115,9700,27006.324300880064
hill_climbing,rosenbrock,115,9800,27006.324300880064
hill_climbing,rosenbrock,115,9900,27006.324300880064
hill_climbing,rosenbrock,115,10000,27006.324300880064
hill_climbing,rosenbrock,115,10100,27006.324300880064
hill_climbing,rosenbrock,115,10200,27006.324300880064
hill_climbing,rosenbrock,115,10300,27006.324300880064
hill_climbing,rosenbrock,115,10400,27006.324300880064
hill_climbing,rosenbrock,115,10500,27006.324300880064
hill_climbing,rosenbrock,115,10600,27006.324300880064
hill_climbing,rosenbrock,115,10700,27006.324300880064
hill_climbing,rosenbrock,115,10800,27006.324300880064
hill_climbing,rosenbrock,115,10900,27006.324300880064
hill_climbing,rosenbrock,115,11000,27006.324300880064
hill_climbing,rosenbrock,115,11100,27006.324300880064
hill_climbing,rosenbrock,115,11200,27006.324300880064
hill_climbing,rosenbrock,115,11300,27006.324300880064
hill_climbing,rosenbrock,115,11400,27006.324300880064
hill_climbing,rosenbrock,115,11500,27006.324300880064
hill_climbing,rosenbrock,115,11600,27006.324300880064
hill_climbing,rosenbrock,115,11700,27006.324300880064
hill_climbing,rosenbrock,115,11800,27006.324300880064
hill_climbing,rosenbrock,115,11900,27006.324300880064
hill_climbing,rosenbrock,115,12000,27006.324300880064
hill_climbing,rosenbrock,115,12100,27006.324300880064
hill_climbing,rosenbrock,115,12200,27006.324300880064
hill_climbing,rosenbrock,115,12300,27006.324300880064
hill_climbing,rosenbrock,115,12400,27006.324300880064
hill_climbing,rosenbrock,115,12500,27006.324300880064
hill_climbing,rosenbrock,115,12600,27006.324300880064
hill_climbing,rosenbrock,115,12700,27006.324300880064
hill_climbing,rosenbrock,115,12800,27006.324300880064
hill_climbing,rosenbrock,115,12900,27006.324300880064
hill_climbing,rosenbrock,115,13000,27006.324300880064
hill_climbing,rosenbrock,115,13100,27006.324300880064
hill_climbing,rosenbrock,115,13200,27006.324300880064
hill_climbing,rosenbrock,115,13300,27006.324300880064
hill_climbing,rosenbrock,115,13400,27006.324300880064
hill_climbing,rosenbrock,115,13500,27006.324300880064
hill_climbing,rosenbrock,115,13600,27006.324300880064
hill_climbing,rosenbrock,115,13700,27006.324300880064
hill_climbing,rosenbrock,115,13800,27006.324300880064
hill_climbing,rosenbrock,115,13900,27006.324300880064
hill_climbing,rosenbrock,115,14000,27006.324300880064
hill_climbing,rosenbrock,115,14100,27006.324300880064
hill_climbing,rosenbrock,115,14200,24373.973203703346
hill_climbing,rosenbrock,115,14300,24373.973203703346
hill_climbing,rosenbrock,115,14400,24373.973203703346
hill_climbing,rosenbrock,115,14500,24373.973203703346
hill_climbing,rosenbrock,115,14600,24373.973203703346
hill_climbing,rosenbrock,115,14700,24373.973203703346
hill_climbing,rosenbrock,115,14800,24373.973203703346
hill_climbing,rosenbrock,115,14900,24373.973203703346
hill_climbing,rosenbrock,115,15000,24373.973203703346
hill_climbing,rosenbrock,115,15100,24373.973203703346
hill_climbing,rosenbrock,115,15200,24373.973203703346
hill_climbing,rosenbrock,115,15300,24373.973203703346
hill_climbing,rosenbrock,115,15400,24373.973203703346
hill_climbing,rosenbrock,115,15500,24373.973203703346
hill_climbing,rosenbrock,115,15600,24373.973203703346
hill_climbing,rosenbrock,115,15700,24373.973203703346
hill_climbing,rosenbrock,115,15800,24373.973203703346
hill_climbing,rosenbrock,115,15900,19830.016445073674
hill_climbing,rosenbrock,115,16000,19830.016445073674
hill_climbing,rosenbrock,115,16100,19830.016445073674
hill_climbing,rosenbrock,115,16200,19830.016445073674
hill_climbing,rosenbrock,115,16300,19830.016445073674
hill_climbing,rosenbrock,115,16400,19830.016445073674
hill_climbing,rosenbrock,115,16500,19830.016445073674
hill_climbing,rosenbrock,115,16600,19830.016445073674
hill_climbing,rosenbrock,115,16700,19830.016445073674
hill_climbing,rosenbrock,115,16800,19830.016445073674
hill_climbing,rosenbrock,115,16900,19830.016445073674
hill_climbing,rosenbrock,115,17000,19830.016445073674
hill_climbing,rosenbrock,115,17100,19830.016445073674
hill_climbing,rosenbrock,115,17200,19830.016445073674
hill_climbing,rosenbrock,115,17300,19830.016445073674
hill_climbing,rosenbrock,115,17400,19830.016445073674
hill_climbing,rosenbrock,115,17500,19830.016445073674
hill_climbing,rosenbrock,115,17600,19830.016445073674
hill_climbing,rosenbrock,115,17700,19830.016445073674
hill_climbing,rosenbrock,115,17800,19830.016445073674
hill_climbing,rosenbrock,115,17900,19830.016445073674
hill_climbing,rosenbrock,115,18000,19830.016445073674
hill_climbing,rosenbrock,115,18100,19830.016445073674
hill_climbing,rosenbrock,115,18200,19830.016445073674
hill_climbing,rosenbrock,115,18300,19830.016445073674
hill_climbing,rosenbrock,115,18400,19830.016445073674
hill_climbing,rosenbrock,115,18500,19830.016445073674
hill_climbing,rosenbrock,115,18600,19830.016445073674
hill_climbing,rosenbrock,115,18700,19830.016445073674
hill_climbing,rosenbrock,115,18800,19830.016445073674
hill_climbing,rosenbrock,115,18900,19830.016445073674
hill_climbing,rosenbrock,115,19000,19830.016445073674
hill_climbing,rosenbrock,115,19100,19830.016445073674
hill_climbing,rosenbrock,115,19200,19830.016445073674
hill_climbing,rosenbrock,115,19300,19830.016445073674
hill_climbing,rosenbrock,115,19400,19830.016445073674
hill_climbing,rosenbrock,115,19500,19466.747244521364
hill_climbing,rosenbrock,115,19600,19466.747244521364
hill_climbing,rosenbrock,115,19700,19466.747244521364
hill_climbing,rosenbrock,115,19800,19466.747244521364
hill_climbing,rosenbrock,115,19900,19466.747244521364
hill_climbing,rosenbrock,115,20000,19466.747244521364
hill_climbing,rosenbrock,116,100,41841.07516631935
hill_climbing,rosenbrock,116,200,35540.25283251351
hill_climbing,rosenbrock,116,300,35540.25283251351
hill_climbing,rosenbrock,116,400,35540.25283251351
hill_climbing,rosenbrock,116,500,35540.25283251351
hill_climbing,rosenbrock,116,600,20791.28133200034
hill_climbing,rosenbrock,116,700,20791.28133200034
hill_climbing,rosenbrock,116,800,20791.28133200034
hill_climbing,rosenbrock,116,900,20791.28133200034
hill_climbing,rosenbrock,116,1000,20791.28133200034
hill_climbing,rosenbrock,116,1100,20791.28133200034
hill_climbing,rosenbrock,116,1200,20791.28133200034
hill_climbing,rosenbrock,116,1300,20791.28133200034
hill_climbing,rosenbrock,116,1400,20791.28133200034
hill_climbing,rosenbrock,116,1500,20791.28133200034
hill_climbing,rosenbrock,116,1600,20791.28133200034
hill_climbing,rosenbrock,116,1700,20791.28133200034
hill_climbing,rosenbrock,116,1800,20791.28133200034
hill_climbing,rosenbrock,116,1900,20791.28133200034
hill_climbing,rosenbrock,116,2000,20791.28133200034
hill_climbing,rosenbrock,116,2100,20791.28133200034
hill_climbing,rosenbrock,116,2200,20791.28133200034
hill_climbing,rosenbrock,116,2300,20791.28133200034
hill_climbing,rosenbrock,116,2400,20791.28133200034
hill_climbing,rosenbrock,116,2500,20791.28133200034
hill_climbing,rosenbrock,116,2600,20791.28133200034
hill_climbing,rosenbrock,116,2700,20791.28133200034
hill_climbing,rosenbrock,116,2800,20791.28133200034
hill_climbing,rosenbrock,116,2900,20791.28133200034
hill_climbing,rosenbrock,116,3000,20791.28133200034
hill_climbing,rosenbrock,116,3100,20791.28133200034
hill_climbing,rosenbrock,116,3200,20791.28133200034
hill_climbing,rosenbrock,116,3300,20791.28133200034
hill_climbing,rosenbrock,116,3400,20791.28133200034
hill_climbing,rosenbrock,116,3500,20791.28133200034
hill_climbing,rosenbrock,116,3600,20791.28133200034
hill_climbing,rosenbrock,116,3700,20791.28133200034
hill_climbing,rosenbrock,116,3800,20791.28133200034
hill_climbing,rosenbrock,116,3900,20791.28133200034
hill_climbing,rosenbrock,116,4000,20791.28133200034
hill_climbing,rosenbrock,116,4100,20791.28133200034
hill_climbing,rosenbrock,116,4200,20791.28133200034
hill_climbing,rosenbrock,116,4300,20791.28133200034
hill_climbing,rosenbrock,116,4400,20791.28133200034
hill_climbing,rosenbrock,116,4500,20791.28133200034
hill_climbing,rosenbrock,116,4600,20791.28133200034
hill_climbing,rosenbrock,116,4700,20791.28133200034
hill_climbing,rosenbrock,116,4800,20791.28133200034
hill_climbing,rosenbrock,116,4900,20791.28133200034
hill_climbing,rosenbrock,116,5000,20791.28133200034
hill_climbing,rosenbrock,116,5100,20791.28133200034
hill_climbing,rosenbrock,116,5200,20791.28133200034
hill_climbing,rosenbrock,116,5300,20791.28133200034
hill_climbing,rosenbrock,116,5400,20791.28133200034
hill_climbing,rosenbrock,116,5500,20791.28133200034
hill_climbing,rosenbrock,116,5600,20791.28133200034
hill_climbing,rosenbrock,116,5700,20791.28133200034
hill_climbing,rosenbrock,116,5800,20791.28133200034
hill_climbing,rosenbrock,116,5900,20791.28133200034
hill_climbing,rosenbrock,116,6000,20791.28133200034
hill_climbing,rosenbrock,116,6100,20791.28133200034
hill_climbing,rosenbrock,116,6200,20791.28133200034
hill_climbing,rosenbrock,116,6300,20791.28133200034
hill_climbing,rosenbrock,116,6400,20791.28133200034
hill_climbing,rosenbrock,116,6500,20791.28133200034
hill_climbing,rosenbrock,116,6600,20791.28133200034
hill_climbing,rosenbrock,116,6700,20791.28133200034
hill_climbing,rosenbrock,116,6800,20791.28133200034
hill_climbing,rosenbrock,116,6900,20791.28133200034
hill_climbing,rosenbrock,116,7000,20791.28133200034
hill_climbing,rosenbrock,116,7100,20791.28133200034
hill_climbing,rosenbrock,116,7200,20791.28133200034
hill_climbing,rosenbrock,116,7300,20791.28133200034
hill_climbing,rosenbrock,116,7400,20791.28133200034
hill_climbing,rosenbrock,116,7500,20791.28133200034
hill_climbing,rosenbrock,116,7600,20791.28133200034
hill_climbing,rosenbrock,116,7700,20791.28133200034
hill_climbing,rosenbrock,116,7800,20791.28133200034
hill_climbing,rosenbrock,116,7900,20791.28133200034
hill_climbing,rosenbrock,116,8000,20791.28133200034
hill_climbing,rosenbrock,116,8100,20791.28133200034
hill_climbing,rosenbrock,116,8200,20791.28133200034
hill_climbing,rosenbrock,116,8300,20791.28133200034
hill_climbing,rosenbrock,116,8400,20791.28133200034
hill_climbing,rosenbrock,116,8500,20791.28133200034
hill_climbing,rosenbrock,116,8600,20791.28133200034
hill_climbing,rosenbrock,116,8700,20791.28133200034
hill_climbing,rosenbrock,116,8800,20791.28133200034
hill_climbing,rosenbrock,116,8900,9233.072862990106
hill_climbing,rosenbrock,116,9000,9233.072862990106
hill_climbing,rosenbrock,116,9100,9233.072862990106
hill_climbing,rosenbrock,116,9200,9233.072862990106
hill_climbing,rosenbrock,116,9300,9233.072862990106
hill_climbing,rosenbrock,116,9400,9233.072862990106
hill_climbing,rosenbrock,116,9500,9233.072862990106
hill_climbing,rosenbrock,116,9600,9233.072862990106
hill_climbing,rosenbrock,116,9700,9233.072862990106
hill_climbing,rosenbrock,116,9800,9233.072862990106
hill_climbing,rosenbrock,116,9900,9233.072862990106
hill_climbing,rosenbrock,116,10000,9233.072862990106
hill_climbing,rosenbrock,116,10100,9233.072862990106
hill_climbing,rosenbrock,116,10200,9233.072862990106
hill_climbing,rosenbrock,116,10300,9233.072862990106
hill_climbing,rosenbrock,116,10400,9233.072862990106
hill_climbing,rosenbrock,116,10500,9233.072862990106
hill_climbing,rosenbrock,116,10600,9233.072862990106
hill_climbing,rosenbrock,116,10700,9233.072862990106
hill_climbing,rosenbrock,116,10800,9233.072862990106
hill_climbing,rosenbrock,116,10900,9233.072862990106
hill_climbing,rosenbrock,116,11000,9233.072862990106
hill_climbing,rosenbrock,116,11100,9233.072862990106
hill_climbing,rosenbrock,116,11200,9233.072862990106
hill_climbing,rosenbrock,116,11300,9233.072862990106
hill_climbing,rosenbrock,116,11400,9233.072862990106
hill_climbing,rosenbrock,116,11500,9233.072862990106
hill_climbing,rosenbrock,116,11600,9233.072862990106
hill_climbing,rosenbrock,116,11700,9233.072862990106
hill_climbing,rosenbrock,116,11800,9233.072862990106
hill_climbing,rosenbrock,116,11900,9233.072862990106
hill_climbing,rosenbrock,116,12000,9233.072862990106
hill_climbing,rosenbrock,116,12100,9233.072862990106
hill_climbing,rosenbrock,116,12200,9233.072862990106
hill_climbing,rosenbrock,116,12300,9233.072862990106
hill_climbing,rosenbrock,116,12400,9233.072862990106
hill_climbing,rosenbrock,116,12500,9233.072862990106
hill_climbing,rosenbrock,116,12600,9233.072862990106
hill_climbing,rosenbrock,116,12700,9233.072862990106
hill_climbing,rosenbrock,116,12800,9233.072862990106
hill_climbing,rosenbrock,116,12900,9233.072862990106
hill_climbing,rosenbrock,116,13000,9233.072862990106
hill_climbing,rosenbrock,116,13100,9233.072862990106
hill_climbing,rosenbrock,116,13200,9233.072862990106
hill_climbing,rosenbrock,116,13300,9233.072862990106
hill_climbing,rosenbrock,116,13400,9233.072862990106
hill_climbing,rosenbrock,116,13500,9233.072862990106
hill_climbing,rosenbrock,116,13600,9233.072862990106
hill_climbing,rosenbrock,116,13700,9233.072862990106
hill_climbing,rosenbrock,116,13800,9233.072862990106
hill_climbing,rosenbrock,116,13900,9233.072862990106
hill_climbing,rosenbrock,116,14000,9233.072862990106
hill_climbing,rosenbrock,116,14100,9233.072862990106
hill_climbing,rosenbrock,116,14200,9233.072862990106
hill_climbing,rosenbrock,116,14300,9233.072862990106
hill_climbing,rosenbrock,116,14400,9233.072862990106
hill_climbing,rosenbrock,116,14500,9233.072862990106
hill_climbing,rosenbrock,116,14600,9233.072862990106
hill_climbing,rosenbrock,116,14700,9233.072862990106
hill_climbing,rosenbrock,116,14800,9233.072862990106
hill_climbing,rosenbrock,116,14900,9233.072862990106
hill_climbing,rosenbrock,116,15000,9233.072862990106
hill_climbing,rosenbrock,116,15100,9233.072862990106
hill_climbing,rosenbrock,116,15200,9233.072862990106
hill_climbing,rosenbrock,116,15300,9233.072862990106
hill_climbing,rosenbrock,116,15400,9233.072862990106
hill_climbing,rosenbrock,116,15500,9233.072862990106
hill_climbing,rosenbrock,116,15600,9233.072862990106
hill_climbing,rosenbrock,116,15700,9233.072862990106
hill_climbing,rosenbrock,116,15800,9233.072862990106
hill_climbing,rosenbrock,116,15900,9233.072862990106
hill_climbing,rosenbrock,116,16000,9233.072862990106
hill_climbing,rosenbrock,116,16100,9233.072862990106
hill_climbing,rosenbrock,116,16200,9233.072862990106
hill_climbing,rosenbrock,116,16300,9233.072862990106
hill_climbing,rosenbrock,116,16400,9233.072862990106
hill_climbing,rosenbrock,116,16500,9233.072862990106
hill_climbing,rosenbrock,116,16600,9233.072862990106
hill_climbing,rosenbrock,116,16700,9233.072862990106
hill_climbing,rosenbrock,116,16800,9233.072862990106
hill_climbing,rosenbrock,116,16900,9233.072862990106
hill_climbing,rosenbrock,116,17000,9233.072862990106
hill_climbing,rosenbrock,116,17100,9233.072862990106
hill_climbing,rosenbrock,116,17200,9233.072862990106
hill_climbing,rosenbrock,116,17300,9233.072862990106
hill_climbing,rosenbrock,116,17400,9233.072862990106
hill_climbing,rosenbrock,116,17500,9233.072862990106
hill_climbing,rosenbrock,116,17600,9233.072862990106
hill_climbing,rosenbrock,116,17700,9233.072862990106
hill_climbing,rosenbrock,116,17800,9233.072862990106
hill_climbing,rosenbrock,116,17900,9233.072862990106
hill_climbing,rosenbrock,116,18000,9233.072862990106
hill_climbing,rosenbrock,116,18100,9233.072862990106
hill_climbing,rosenbrock,116,18200,9233.072862990106
hill_climbing,rosenbrock,116,18300,9233.072862990106
hill_climbing,rosenbrock,116,18400,9233.072862990106
hill_climbing,rosenbrock,116,18500,9233.072862990106
hill_climbing,rosenbrock,116,18600,9233.072862990106
hill_climbing,rosenbrock,116,18700,9233.072862990106
hill_climbing,rosenbrock,116,18800,9233.072862990106
hill_climbing,rosenbrock,116,18900,9233.072862990106
hill_climbing,rosenbrock,116,19000,9233.072862990106
hill_climbing,rosenbrock,116,19100,9233.072862990106
hill_climbing,rosenbrock,116,19200,9233.072862990106
hill_climbing,rosenbrock,116,19300,9233.072862990106
hill_climbing,rosenbrock,116,19400,9233.072862990106
hill_climbing,rosenbrock,116,19500,9233.072862990106
hill_climbing,rosenbrock,116,19600,9233.072862990106
hill_climbing,rosenbrock,116,19700,9233.072862990106
hill_climbing,rosenbrock,116,19800,9233.072862990106
hill_climbing,rosenbrock,116,19900,9233.072862990106
hill_climbing,rosenbrock,116,20000,9233.072862990106
hill_climbing,rosenbrock,117,100,44300.672696046844
hill_climbing,rosenbrock,117,200,44300.672696046844
hill_climbing,rosenbrock,117,300,44300.672696046844
hill_climbing,rosenbrock,117,400,44300.672696046844
hill_climbing,rosenbrock,117,500,44300.672696046844
hill_climbing,rosenbrock,117,600,44300.672696046844
hill_climbing,rosenbrock,117,700,44300.672696046844
hill_climbing,rosenbrock,117,800,44300.672696046844
hill_climbing,rosenbrock,117,900,23008.026089550567
hill_climbing,rosenbrock,117,1000,23008.026089550567
hill_climbing,rosenbrock,117,1100,23008.026089550567
hill_climbing,rosenbrock,117,1200,23008.026089550567
hill_climbing,rosenbrock,117,1300,23008.026089550567
hill_climbing,rosenbrock,117,1400,23008.026089550567
hill_climbing,rosenbrock,117,1500,23008.026089550567
hill_climbing,rosenbrock,117,1600,23008.026089550567
hill_climbing,rosenbrock,117,1700,23008.026089550567
hill_climbing,rosenbrock,117,1800,23008.026089550567
hill_climbing,rosenbrock,117,1900,23008.026089550567
hill_climbing,rosenbrock,117,2000,23008.026089550567
hill_climbing,rosenbrock,117,2100,23008.026089550567
hill_climbing,rosenbrock,117,2200,23008.026089550567
hill_climbing,rosenbrock,117,2300,23008.026089550567
hill_climbing,rosenbrock,117,2400,23008.026089550567
hill_climbing,rosenbrock,117,2500,23008.026089550567
hill_climbing,rosenbrock,117,2600,23008.026089550567
hill_climbing,rosenbrock,117,2700,16529.144392253344
hill_climbing,rosenbrock,117,2800,16529.144392253344
hill_climbing,rosenbrock,117,2900,16529.144392253344
hill_climbing,rosenbrock,117,3000,16529.144392253344
hill_climbing,rosenbrock,117,3100,16529.144392253344
hill_climbing,rosenbrock,117,3200,16529.144392253344
hill_climbing,rosenbrock,117,3300,16529.144392253344
hill_climbing,rosenbrock,117,3400,16529.144392253344
hill_climbing,rosenbrock,117,3500,16529.144392253344
hill_climbing,rosenbrock,117,3600,16529.144392253344
hill_climbing,rosenbrock,117,3700,16529.144392253344
hill_climbing,rosenbrock,117,3800,16529.144392253344
hill_climbing,rosenbrock,117,3900,16529.144392253344
hill_climbing,rosenbrock,117,4000,16529.144392253344
hill_climbing,rosenbrock,117,4100,16529.144392253344
hill_climbing,rosenbrock,117,4200,16529.144392253344
hill_climbing,rosenbrock,117,4300,16529.144392253344
hill_climbing,rosenbrock,117,4400,16529.144392253344
hill_climbing,rosenbrock,117,4500,16529.144392253344
hill_climbing,rosenbrock,117,4600,16529.144392253344
hill_climbing,rosenbrock,117,4700,16529.144392253344
hill_climbing,rosenbrock,117,4800,16529.144392253344
hill_climbing,rosenbrock,117,4900,16529.144392253344
hill_climbing,rosenbrock,117,5000,16529.144392253344
hill_climbing,rosenbrock,117,5100,16529.144392253344
hill_climbing,rosenbrock,117,5200,16529.144392253344
hill_climbing,rosenbrock,117,5300,16529.144392253344
hill_climbing,rosenbrock,117,5400,16529.144392253344
hill_climbing,rosenbrock,117,5500,16529.144392253344
hill_climbing,rosenbrock,117,5600,16529.144392253344
hill_climbing,rosenbrock,117,5700,16529.144392253344
hill_climbing,rosenbrock,117,5800,16529.144392253344
hill_climbing,rosenbrock,117,5900,16529.144392253344
hill_climbing,rosenbrock,117,6000,16529.144392253344
hill_climbing,rosenbrock,117,6100,16529.144392253344
hill_climbing,rosenbrock,117,6200,16529.144392253344
hill_climbing,rosenbrock,117,6300,16529.144392253344
hill_climbing,rosenbrock,117,6400,16529.144392253344
hill_climbing,rosenbrock,117,6500,16529.144392253344
hill_climbing,rosenbrock,117,6600,16529.144392253344
hill_climbing,rosenbrock,117,6700,16529.144392253344
hill_climbing,rosenbrock,117,6800,16529.144392253344
hill_climbing,rosenbrock,117,6900,16529.144392253344
hill_climbing,rosenbrock,117,7000,16529.144392253344
hill_climbing,rosenbrock,117,7100,16529.144392253344
hill_climbing,rosenbrock,117,7200,16529.144392253344
hill_climbing,rosenbrock,117,7300,16529.144392253344
hill_climbing,rosenbrock,117,7400,16529.144392253344
hill_climbing,rosenbrock,117,7500,16529.144392253344
hill_climbing,rosenbrock,117,7600,16529.144392253344
hill_climbing,rosenbrock,117,7700,16529.144392253344
hill_climbing,rosenbrock,117,7800,16529.144392253344
hill_climbing,rosenbrock,117,7900,16529.144392253344
hill_climbing,rosenbrock,117,8000,16529.144392253344
hill_climbing,rosenbrock,117,8100,16529.144392253344
hill_climbing,rosenbrock,117,8200,16529.144392253344
hill_climbing,rosenbrock,117,8300,16529.144392253344
hill_climbing,rosenbrock,117,8400,16529.144392253344
hill_climbing,rosenbrock,117,8500,16529.144392253344
hill_climbing,rosenbrock,117,8600,16529.144392253344
hill_climbing,rosenbrock,117,8700,16529.144392253344
hill_climbing,rosenbrock,117,8800,16529.144392253344
hill_climbing,rosenbrock,117,8900,16529.144392253344
hill_climbing,rosenbrock,117,9000,16529.144392253344
hill_climbing,rosenbrock,117,9100,16529.144392253344
hill_climbing,rosenbrock,117,9200,16529.144392253344
hill_climbing,rosenbrock,117,9300,16529.144392253344
hill_climbing,rosenbrock,117,9400,16529.144392253344
hill_climbing,rosenbrock,117,9500,16529.144392253344
hill_climbing,rosenbrock,117,9600,16529.144392253344
hill_climbing,rosenbrock,117,9700,16529.144392253344
hill_climbing,rosenbrock,117,9800,13188.3486464837
hill_climbing,rosenbrock,117,9900,13188.3486464837
hill_climbing,rosenbrock,117,10000,13188.3486464837
hill_climbing,rosenbrock,117,10100,13188.3486464837
hill_climbing,rosenbrock,117,10200,13188.3486464837
hill_climbing,rosenbrock,117,10300,13188.3486464837
hill_climbing,rosenbrock,117,10400,13188.3486464837
hill_climbing,rosenbrock,117,10500,13188.3486464837
hill_climbing,rosenbrock,117,10600,13188.3486464837
hill_climbing,rosenbrock,117,10700,13188.3486464837
hill_climbing,rosenbrock,117,10800,13188.3486464837
hill_climbing,rosenbrock,117,10900,13188.3486464837
hill_climbing,rosenbrock,117,11000,13188.3486464837
hill_climbing,rosenbrock,117,11100,13188.3486464837
hill_climbing,rosenbrock,117,11200,13188.3486464837
hill_climbing,rosenbrock,117,11300,13188.3486464837
hill_climbing,rosenbrock,117,11400,13188.3486464837
hill_climbing,rosenbrock,117,11500,13188.3486464837
hill_climbing,rosenbrock,117,11600,13188.3486464837
hill_climbing,rosenbrock,117,11700,13188.3486464837
hill_climbing,rosenbrock,117,11800,13188.3486464837
hill_climbing,rosenbrock,117,11900,13188.3486464837
hill_climbing,rosenbrock,117,12000,13188.3486464837
hill_climbing,rosenbrock,117,12100,13188.3486464837
hill_climbing,rosenbrock,117,12200,13188.3486464837
hill_climbing,rosenbrock,117,12300,13188.3486464837
hill_climbing,rosenbrock,117,12400,13188.3486464837
hill_climbing,rosenbrock,117,12500,13188.3486464837
hill_climbing,rosenbrock,117,12600,13188.3486464837
hill_climbing,rosenbrock,117,12700,13188.3486464837
hill_climbing,rosenbrock,117,12800,13188.3486464837
hill_climbing,rosenbrock,117,12900,13188.3486464837
hill_climbing,rosenbrock,117,13000,13188.3486464837
hill_climbing,rosenbrock,117,13100,13188.3486464837
hill_climbing,rosenbrock,117,13200,13188.3486464837
hill_climbing,rosenbrock,117,13300,13188.3486464837
hill_climbing,rosenbrock,117,13400,13188.3486464837
hill_climbing,rosenbrock,117,13500,13188.3486464837
hill_climbing,rosenbrock,117,13600,13188.3486464837
hill_climbing,rosenbrock,117,13700,13188.3486464837
hill_climbing,rosenbrock,117,13800,13188.3486464837
hill_climbing,rosenbrock,117,13900,13188.3486464837
hill_climbing,rosenbrock,117,14000,13188.3486464837
hill_climbing,rosenbrock,117,14100,13188.3486464837
hill_climbing,rosenbrock,117,14200,13188.3486464837
hill_climbing,rosenbrock,117,14300,13188.3486464837
hill_climbing,rosenbrock,117,14400,13188.3486464837
hill_climbing,rosenbrock,117,14500,13188.3486464837
hill_climbing,rosenbrock,117,14600,13188.3486464837
hill_climbing,rosenbrock,117,14700,13188.3486464837
hill_climbing,rosenbrock,117,14800,13188.3486464837
hill_climbing,rosenbrock,117,14900,13188.3486464837
hill_climbing,rosenbrock,117,15000,13188.3486464837
hill_climbing,rosenbrock,117,15100,13188.3486464837
hill_climbing,rosenbrock,117,15200,13188.3486464837
hill_climbing,rosenbrock,117,15300,13188.3486464837
hill_climbing,rosenbrock,117,15400,13188.3486464837
hill_climbing,rosenbrock,117,15500,13188.3486464837
hill_climbing,rosenbrock,117,15600,13188.3486464837
hill_climbing,rosenbrock,117,15700,13188.3486464837
hill_climbing,rosenbrock,117,15800,13188.3486464837
hill_climbing,rosenbrock,117,15900,13188.3486464837
hill_climbing,rosenbrock,117,16000,13188.3486464837
hill_climbing,rosenbrock,117,16100,13188.3486464837
hill_climbing,rosenbrock,117,16200,13188.3486464837
hill_climbing,rosenbrock,117,16300,13188.3486464837
hill_climbing,rosenbrock,117,16400,13188.3486464837
hill_climbing,rosenbrock,117,16500,13188.3486464837
hill_climbing,rosenbrock,117,16600,13188.3486464837
hill_climbing,rosenbrock,117,16700,13188.3486464837
hill_climbing,rosenbrock,117,16800,13188.3486464837
hill_climbing,rosenbrock,117,16900,13188.3486464837
hill_climbing,rosenbrock,117,17000,13188.3486464837
hill_climbing,rosenbrock,117,17100,13188.3486464837
hill_climbing,rosenbrock,117,17200,13188.3486464837
hill_climbing,rosenbrock,117,17300,13188.3486464837
hill_climbing,rosenbrock,117,17400,13188.3486464837
hill_climbing,rosenbrock,117,17500,13188.3486464837
hill_climbing,rosenbrock,117,17600,13188.3486464837
hill_climbing,rosenbrock,117,17700,13188.3486464837
hill_climbing,rosenbrock,117,17800,13188.3486464837
hill_climbing,rosenbrock,117,17900,13188.3486464837
hill_climbing,rosenbrock,117,18000,13188.3486464837
hill_climbing,rosenbrock,117,18100,13188.3486464837
hill_climbing,rosenbrock,117,18200,13188.3486464837
hill_climbing,rosenbrock,117,18300,13188.3486464837
hill_climbing,rosenbrock,117,18400,13188.3486464837
hill_climbing,rosenbrock,117,18500,13188.3486464837
hill_climbing,rosenbrock,117,18600,13188.3486464837
hill_climbing,rosenbrock,117,18700,13188.3486464837
hill_climbing,rosenbrock,117,18800,13188.3486464837
hill_climbing,rosenbrock,117,18900,13188.3486464837
hill_climbing,rosenbrock,117,19000,13188.3486464837
hill_climbing,rosenbrock,117,19100,13188.3486464837
hill_climbing,rosenbrock,117,19200,13188.3486464837
hill_climbing,rosenbrock,117,19300,13188.3486464837
hill_climbing,rosenbrock,117,19400,13188.3486464837
hill_climbing,rosenbrock,117,19500,13188.3486464837
hill_climbing,rosenbrock,117,19600,13188.3486464837
hill_climbing,rosenbrock,117,19700,13188.3486464837
hill_climbing,rosenbrock,117,19800,13188.3486464837
hill_climbing,rosenbrock,117,19900,13188.3486464837
hill_climbing,rosenbrock,117,20000,13188.3486464837
hill_climbing,rosenbrock,118,100,51127.019172508495
hill_climbing,rosenbrock,118,200,51127.019172508495
hill_climbing,rosenbrock,118,300,46024.810263082916
hill_climbing,rosenbrock,118,400,46024.810263082916
hill_climbing,rosenbrock,118,500,27830.1424936233
hill_climbing,rosenbrock,118,600,27830.1424936233
hill_climbing,rosenbrock,118,700,27830.1424936233
hill_climbing,rosenbrock,118,800,27830.1424936233
hill_climbing,rosenbrock,118,900,27830.1424936233
hill_climbing,rosenbrock,118,1000,27830.1424936233
hill_climbing,rosenbrock,118,1100,27830.1424936233
hill_climbing,rosenbrock,118,1200,27830.1424936233
hill_climbing,rosenbrock,118,1300,27830.1424936233
hill_climbing,rosenbrock,118,1400,27830.1424936233
hill_climbing,rosenbrock,118,1500,27830.1424936233
hill_climbing,rosenbrock,118,1600,27830.1424936233
hill_climbing,rosenbrock,118,1700,27830.1424936233
hill_climbing,rosenbrock,118,1800,27830.1424936233
hill_climbing,rosenbrock,118,1900,27830.1424936233
hill_climbing,rosenbrock,118,2000,27830.1424936233
hill_climbing,rosenbrock,118,2100,27830.1424936233
hill_climbing,rosenbrock,118,2200,27830.1424936233
hill_climbing,rosenbrock,118,2300,27830.1424936233
hill_climbing,rosenbrock,118,2400,27830.1424936233
hill_climbing,rosenbrock,118,2500,27830.1424936233
hill_climbing,rosenbrock,118,2600,27830.1424936233
hill_climbing,rosenbrock,118,2700,27830.1424936233
hill_climbing,rosenbrock,118,2800,27830.1424936233
hill_climbing,rosenbrock,118,2900,27830.1424936233
hill_climbing,rosenbrock,118,3000,27830.1424936233
hill_climbing,rosenbrock,118,3100,27830.1424936233
hill_climbing,rosenbrock,118,3200,27830.1424936233
hill_climbing,rosenbrock,118,3300,27830.1424936233
hill_climbing,rosenbrock,118,3400,27830.1424936233
hill_climbing,rosenbrock,118,3500,27830.1424936233
hill_climbing,rosenbrock,118,3600,27830.1424936233
hill_climbing,rosenbrock,118,3700,27830.1424936233
hill_climbing,rosenbrock,118,3800,27830.1424936233
hill_climbing,rosenbrock,118,3900,27830.1424936233
hill_climbing,rosenbrock,118,4000,27830.1424936233
hill_climbing,rosenbrock,118,4100,27830.1424936233
hill_climbing,rosenbrock,118,4200,27830.1424936233
hill_climbing,rosenbrock,118,4300,27830.1424936233
hill_climbing,rosenbrock,118,4400,27830.1424936233
hill_climbing,rosenbrock,118,4500,27830.1424936233
hill_climbing,rosenbrock,118,4600,27830.1424936233
hill_climbing,rosenbrock,118,4700,27830.1424936233
hill_climbing,rosenbrock,118,4800,27830.1424936233
hill_climbing,rosenbrock,118,4900,27830.1424936233
hill_climbing,rosenbrock,118,5000,24760.554883045483
hill_climbing,rosenbrock,118,5100,24760.554883045483
hill_climbing,rosenbrock,118,5200,24760.554883045483
hill_climbing,rosenbrock,118,5300,24760.554883045483
hill_climbing,rosenbrock,118,5400,24760.554883045483
hill_climbing,rosenbrock,118,5500,24760.554883045483
hill_climbing,rosenbrock,118,5600,24760.554883045483
hill_climbing,rosenbrock,118,5700,24760.554883045483
hill_climbing,rosenbrock,118,5800,24760.554883045483
hill_climbing,rosenbrock,118,5900,24760.554883045483
hill_climbing,rosenbrock,118,6000,24760.554883045483
hill_climbing,rosenbrock,118,6100,24760.554883045483
hill_climbing,rosenbrock,118,6200,24760.554883045483
hill_climbing,rosenbrock,118,6300,24760.554883045483
hill_climbing,rosenbrock,118,6400,24760.554883045483
hill_climbing,rosenbrock,118,6500,24760.554883045483
hill_climbing,rosenbrock,118,6600,24760.554883045483
hill_climbing,rosenbrock,118,6700,24760.554883045483
hill_climbing,rosenbrock,118,6800,24760.554883045483
hill_climbing,rosenbrock,118,6900,24760.554883045483
hill_climbing,rosenbrock,118,7000,24760.554883045483
hill_climbing,rosenbrock,118,7100,20020.359358725254
hill_climbing,rosenbrock,118,7200,20020.359358725254
hill_climbing,rosenbrock,118,7300,20020.359358725254
hill_climbing,rosenbrock,118,7400,20020.359358725254
hill_climbing,rosenbrock,118,7500,20020.359358725254
hill_climbing,rosenbrock,118,7600,20020.359358725254
hill_climbing,rosenbrock,118,7700,20020.359358725254
hill_climbing,rosenbrock,118,7800,20020.359358725254
hill_climbing,rosenbrock,118,7900,20020.359358725254
hill_climbing,rosenbrock,118,8000,20020.359358725254
hill_climbing,rosenbrock,118,8100,20020.359358725254
hill_climbing,rosenbrock,118,8200,20020.359358725254
hill_climbing,rosenbrock,118,8300,20020.359358725254
hill_climbing,rosenbrock,118,8400,20020.359358725254
hill_climbing,rosenbrock,118,8500,20020.359358725254
hill_climbing,rosenbrock,118,8600,20020.359358725254
hill_climbing,rosenbrock,118,8700,20020.359358725254
hill_climbing,rosenbrock,118,8800,20020.359358725254
hill_climbing,rosenbrock,118,8900,20020.359358725254
hill_climbing,rosenbrock,118,9000,20020.359358725254
hill_climbing,rosenbrock,118,9100,20020.359358725254
hill_climbing,rosenbrock,118,9200,20020.359358725254
hill_climbing,rosenbrock,118,9300,20020.359358725254
hill_climbing,rosenbrock,118,9400,20020.359358725254
hill_climbing,rosenbrock,118,9500,20020.359358725254
hill_climbing,rosenbrock,118,9600,20020.359358725254
hill_climbing,rosenbrock,118,9700,20020.359358725254
hill_climbing,rosenbrock,118,9800,20020.359358725254
hill_climbing,rosenbrock,118,9900,20020.359358725254
hill_climbing,rosenbrock,118,10000,20020.359358725254
hill_climbing,rosenbrock,118,10100,20020.359358725254
hill_climbing,rosenbrock,118,10200,20020.359358725254
hill_climbing,rosenbrock,118,10300,20020.359358725254
hill_climbing,rosenbrock,118,10400,20020.359358725254
hill_climbing,rosenbrock,118,10500,20020.359358725254
hill_climbing,rosenbrock,118,10600,20020.359358725254
hill_climbing,rosenbrock,118,10700,20020.359358725254
hill_climbing,rosenbrock,118,10800,20020.359358725254
hill_climbing,rosenbrock,118,10900,20020.359358725254
hill_climbing,rosenbrock,118,11000,20020.359358725254
hill_climbing,rosenbrock,118,11100,20020.359358725254
hill_climbing,rosenbrock,118,11200,20020.359358725254
hill_climbing,rosenbrock,118,11300,20020.359358725254
hill_climbing,rosenbrock,118,11400,20020.359358725254
hill_climbing,rosenbrock,118,11500,20020.359358725254
hill_climbing,rosenbrock,118,11600,20020.359358725254
hill_climbing,rosenbrock,118,11700,20020.359358725254
hill_climbing,rosenbrock,118,11800,20020.359358725254
hill_climbing,rosenbrock,118,11900,20020.359358725254
hill_climbing,rosenbrock,118,12000,20020.359358725254
hill_climbing,rosenbrock,118,12100,20020.359358725254
hill_climbing,rosenbrock,118,12200,20020.359358725254
hill_climbing,rosenbrock,118,12300,20020.359358725254
hill_climbing,rosenbrock,118,12400,20020.359358725254
hill_climbing,rosenbrock,118,12500,20020.359358725254
hill_climbing,rosenbrock,118,12600,20020.359358725254
hill_climbing,rosenbrock,118,12700,20020.359358725254
hill_climbing,rosenbrock,118,12800,20020.359358725254
hill_climbing,rosenbrock,118,12900,20020.359358725254
hill_climbing,rosenbrock,118,13000,20020.359358725254
hill_climbing,rosenbrock,118,13100,20020.359358725254
hill_climbing,rosenbrock,118,13200,20020.359358725254
hill_climbing,rosenbrock,118,13300,20020.359358725254
hill_climbing,rosenbrock,118,13400,20020.359358725254
hill_climbing,rosenbrock,118,13500,20020.359358725254
hill_climbing,rosenbrock,118,13600,20020.359358725254
hill_climbing,rosenbrock,118,13700,20020.359358725254
hill_climbing,rosenbrock,118,13800,20020.359358725254
hill_climbing,rosenbrock,118,13900,20020.359358725254
hill_climbing,rosenbrock,118,14000,20020.359358725254
hill_climbing,rosenbrock,118,14100,20020.359358725254
hill_climbing,rosenbrock,118,14200,20020.359358725254
hill_climbing,rosenbrock,118,14300,20020.359358725254
hill_climbing,rosenbrock,118,14400,20020.359358725254
hill_climbing,rosenbrock,118,14500,20020.359358725254
hill_climbing,rosenbrock,118,14600,20020.359358725254
hill_climbing,rosenbrock,118,14700,20020.359358725254
hill_climbing,rosenbrock,118,14800,20020.359358725254
hill_climbing,rosenbrock,118,14900,20020.359358725254
hill_climbing,rosenbrock,118,15000,20020.359358725254
hill_climbing,rosenbrock,118,15100,20020.359358725254
hill_climbing,rosenbrock,118,15200,20020.359358725254
hill_climbing,rosenbrock,118,15300,20020.359358725254
hill_climbing,rosenbrock,118,15400,20020.359358725254
hill_climbing,rosenbrock,118,15500,20020.359358725254
hill_climbing,rosenbrock,118,15600,20020.359358725254
hill_climbing,rosenbrock,118,15700,20020.359358725254
hill_climbing,rosenbrock,118,15800,20020.359358725254
hill_climbing,rosenbrock,118,15900,20020.359358725254
hill_climbing,rosenbrock,118,16000,20020.359358725254
hill_climbing,rosenbrock,118,16100,20020.359358725254
hill_climbing,rosenbrock,118,16200,20020.359358725254
hill_climbing,rosenbrock,118,16300,20020.359358725254
hill_climbing,rosenbrock,118,16400,20020.359358725254
hill_climbing,rosenbrock,118,16500,20020.359358725254
hill_climbing,rosenbrock,118,16600,20020.359358725254
hill_climbing,rosenbrock,118,16700,20020.359358725254
hill_climbing,rosenbrock,118,16800,20020.359358725254
hill_climbing,rosenbrock,118,16900,20020.359358725254
hill_climbing,rosenbrock,118,17000,20020.359358725254
hill_climbing,rosenbrock,118,17100,20020.359358725254
hill_climbing,rosenbrock,118,17200,20020.359358725254
hill_climbing,rosenbrock,118,17300,20020.359358725254
hill_climbing,rosenbrock,118,17400,20020.359358725254
hill_climbing,rosenbrock,118,17500,20020.359358725254
hill_climbing,rosenbrock,118,17600,20020.359358725254
hill_climbing,rosenbrock,118,17700,20020.359358725254
hill_climbing,rosenbrock,118,17800,20020.359358725254
hill_climbing,rosenbrock,118,17900,20020.359358725254
hill_climbing,rosenbrock,118,18000,20020.359358725254
hill_climbing,rosenbrock,118,18100,20020.359358725254
hill_climbing,rosenbrock,118,18200,20020.359358725254
hill_climbing,rosenbrock,118,18300,20020.359358725254
hill_climbing,rosenbrock,118,18400,20020.359358725254
hill_climbing,rosenbrock,118,18500,20020.359358725254
hill_climbing,rosenbrock,118,18600,20020.359358725254
hill_climbing,rosenbrock,118,18700,20020.359358725254
hill_climbing,rosenbrock,118,18800,20020.359358725254
hill_climbing,rosenbrock,118,18900,20020.359358725254
hill_climbing,rosenbrock,118,19000,20020.359358725254
hill_climbing,rosenbrock,118,19100,20020.359358725254
hill_climbing,rosenbrock,118,19200,20020.359358725254
hill_climbing,rosenbrock,118,19300,20020.359358725254
hill_climbing,rosenbrock,118,19400,20020.359358725254
hill_climbing,rosenbrock,118,19500,20020.359358725254
hill_climbing,rosenbrock,118,19600,20020.359358725254
hill_climbing,rosenbrock,118,19700,20020.359358725254
hill_climbing,rosenbrock,118,19800,20020.359358725254
hill_climbing,rosenbrock,118,19900,20020.359358725254
hill_climbing,rosenbrock,118,20000,20020.359358725254
hill_climbing,rosenbrock,119,100,114718.53964950959
hill_climbing,rosenbrock,119,200,114718.53964950959
hill_climbing,rosenbrock,119,300,114718.53964950959
hill_climbing,rosenbrock,119,400,97286.71292166603
hill_climbing,rosenbrock,119,500,97286.71292166603
hill_climbing,rosenbrock,119,600,97286.71292166603
hill_climbing,rosenbrock,119,700,97286.71292166603
hill_climbing,rosenbrock,119,800,97286.71292166603
hill_climbing,rosenbrock,119,900,80129.06935309435
hill_climbing,rosenbrock,119,1000,49572.65022834082
hill_climbing,rosenbrock,119,1100,49572.65022834082
hill_climbing,rosenbrock,119,1200,49572.65022834082
hill_climbing,rosenbrock,119,1300,49572.65022834082
hill_climbing,rosenbrock,119,1400,49572.65022834082
hill_climbing,rosenbrock,119,1500,49572.65022834082
hill_climbing,rosenbrock,119,1600,49572.65022834082
hill_climbing,rosenbrock,119,1700,49572.65022834082
hill_climbing,rosenbrock,119,1800,20841.57184085972
hill_climbing,rosenbrock,119,1900,20841.57184085972
hill_climbing,rosenbrock,119,2000,20841.57184085972
hill_climbing,rosenbrock,119,2100,20841.57184085972
hill_climbing,rosenbrock,119,2200,20841.57184085972
hill_climbing,rosenbrock,119,2300,20841.57184085972
hill_climbing,rosenbrock,119,2400,20841.57184085972
hill_climbing,rosenbrock,119,2500,20841.57184085972
hill_climbing,rosenbrock,119,2600,20841.57184085972
hill_climbing,rosenbrock,119,2700,20841.57184085972
hill_climbing,rosenbrock,119,2800,20841.57184085972
hill_climbing,rosenbrock,119,2900,20841.57184085972
hill_climbing,rosenbrock,119,3000,20841.57184085972
hill_climbing,rosenbrock,119,3100,20841.57184085972
hill_climbing,rosenbrock,119,3200,20841.57184085972
hill_climbing,rosenbrock,119,3300,20841.57184085972
hill_climbing,rosenbrock,119,3400,20841.57184085972
hill_climbing,rosenbrock,119,3500,20841.57184085972
hill_climbing,rosenbrock,119,3600,20841.57184085972
hill_climbing,rosenbrock,119,3700,20841.57184085972
hill_climbing,rosenbrock,119,3800,20841.57184085972
hill_climbing,rosenbrock,119,3900,20841.57184085972
hill_climbing,rosenbrock,119,4000,20841.57184085972
hill_climbing,rosenbrock,119,4100,20841.57184085972
hill_climbing,rosenbrock,119,4200,20841.57184085972
hill_climbing,rosenbrock,119,4300,20841.57184085972
hill_climbing,rosenbrock,119,4400,20841.57184085972
hill_climbing,rosenbrock,119,4500,20841.57184085972
hill_climbing,rosenbrock,119,4600,20841.57184085972
hill_climbing,rosenbrock,119,4700,20841.57184085972
hill_climbing,rosenbrock,119,4800,20841.57184085972
hill_climbing,rosenbrock,119,4900,20841.57184085972
hill_climbing,rosenbrock,119,5000,20841.57184085972
hill_climbing,rosenbrock,119,5100,20841.57184085972
hill_climbing,rosenbrock,119,5200,20841.57184085972
hill_climbing,rosenbrock,119,5300,20841.57184085972
hill_climbing,rosenbrock,119,5400,20841.57184085972
hill_climbing,rosenbrock,119,5500,20841.57184085972
hill_climbing,rosenbrock,119,5600,20841.57184085972
hill_climbing,rosenbrock,119,5700,20841.57184085972
hill_climbing,rosenbrock,119,5800,20841.57184085972
hill_climbing,rosenbrock,119,5900,20841.57184085972
hill_climbing,rosenbrock,119,6000,20841.57184085972
hill_climbing,rosenbrock,119,6100,20841.57184085972
hill_climbing,rosenbrock,119,6200,20841.57184085972
hill_climbing,rosenbrock,119,6300,20841.57184085972
hill_climbing,rosenbrock,119,6400,20841.57184085972
hill_climbing,rosenbrock,119,6500,20841.57184085972
hill_climbing,rosenbrock,119,6600,20841.57184085972
hill_climbing,rosenbrock,119,6700,20841.57184085972
hill_climbing,rosenbrock,119,6800,20841.57184085972
hill_climbing,rosenbrock,119,6900,20841.57184085972
hill_climbing,rosenbrock,119,7000,20841.57184085972
hill_climbing,rosenbrock,119,7100,20841.57184085972
hill_climbing,rosenbrock,119,7200,20841.57184085972
hill_climbing,rosenbrock,119,7300,20841.57184085972
hill_climbing,rosenbrock,119,7400,20841.57184085972
hill_climbing,rosenbrock,119,7500,20841.57184085972
hill_climbing,rosenbrock,119,7600,20841.57184085972
hill_climbing,rosenbrock,119,7700,20841.57184085972
hill_climbing,rosenbrock,119,7800,20841.57184085972
hill_climbing,rosenbrock,119,7900,20841.57184085972
hill_climbing,rosenbrock,119,8000,20841.57184085972
hill_climbing,rosenbrock,119,8100,20841.57184085972
hill_climbing,rosenbrock,119,8200,20841.57184085972
hill_climbing,rosenbrock,119,8300,20841.57184085972
hill_climbing,rosenbrock,119,8400,20841.57184085972
hill_climbing,rosenbrock,119,8500,20841.57184085972
hill_climbing,rosenbrock,119,8600,20841.57184085972
hill_climbing,rosenbrock,119,8700,20841.57184085972
hill_climbing,rosenbrock,119,8800,20841.57184085972
hill_climbing,rosenbrock,119,8900,20841.57184085972
hill_climbing,rosenbrock,119,9000,20841.57184085972
hill_climbing,rosenbrock,119,9100,20841.57184085972
hill_climbing,rosenbrock,119,9200,20841.57184085972
hill_climbing,rosenbrock,119,9300,20841.57184085972
hill_climbing,rosenbrock,119,9400,20841.57184085972
hill_climbing,rosenbrock,119,9500,20841.57184085972
hill_climbing,rosenbrock,119,9600,20841.57184085972
hill_climbing,rosenbrock,119,9700,20841.57184085972
hill_climbing,rosenbrock,119,9800,20841.57184085972
hill_climbing,rosenbrock,119,9900,20841.57184085972
hill_climbing,rosenbrock,119,10000,20841.57184085972
hill_climbing,rosenbrock,119,10100,20841.57184085972
hill_climbing,rosenbrock,119,10200,20841.57184085972
hill_climbing,rosenbrock,119,10300,20841.57184085972
hill_climbing,rosenbrock,119,10400,20841.57184085972
hill_climbing,rosenbrock,119,10500,20841.57184085972
hill_climbing,rosenbrock,119,10600,20841.57184085972
hill_climbing,rosenbrock,119,10700,20841.57184085972
hill_climbing,rosenbrock,119,10800,20841.57184085972
hill_climbing,rosenbrock,119,10900,20841.57184085972
hill_climbing,rosenbrock,119,11000,20841.57184085972
hill_climbing,rosenbrock,119,11100,20841.57184085972
hill_climbing,rosenbrock,119,11200,20841.57184085972
hill_climbing,rosenbrock,119,11300,20841.57184085972
hill_climbing,rosenbrock,119,11400,20841.57184085972
hill_climbing,rosenbrock,119,11500,20841.57184085972
hill_climbing,rosenbrock,119,11600,20841.57184085972
hill_climbing,rosenbrock,119,11700,20841.57184085972
hill_climbing,rosenbrock,119,11800,20841.57184085972
hill_climbing,rosenbrock,119,11900,20841.57184085972
hill_climbing,rosenbrock,119,12000,20841.57184085972
hill_climbing,rosenbrock,119,12100,20841.57184085972
hill_climbing,rosenbrock,119,12200,20841.57184085972
hill_climbing,rosenbrock,119,12300,20841.57184085972
hill_climbing,rosenbrock,119,12400,20841.57184085972
hill_climbing,rosenbrock,119,12500,20841.57184085972
hill_climbing,rosenbrock,119,12600,20841.57184085972
hill_climbing,rosenbrock,119,12700,20841.57184085972
hill_climbing,rosenbrock,119,12800,20841.57184085972
hill_climbing,rosenbrock,119,12900,20841.57184085972
hill_climbing,rosenbrock,119,13000,20841.57184085972
hill_climbing,rosenbrock,119,13100,20841.57184085972
hill_climbing,rosenbrock,119,13200,20841.57184085972
hill_climbing,rosenbrock,119,13300,20841.57184085972
hill_climbing,rosenbrock,119,13400,20841.57184085972
hill_climbing,rosenbrock,119,13500,20841.57184085972
hill_climbing,rosenbrock,119,13600,20841.57184085972
hill_climbing,rosenbrock,119,13700,20841.57184085972
hill_climbing,rosenbrock,119,13800,20841.57184085972
hill_climbing,rosenbrock,119,13900,20841.57184085972
hill_climbing,rosenbrock,119,14000,20841.57184085972
hill_climbing,rosenbrock,119,14100,20841.57184085972
hill_climbing,rosenbrock,119,14200,20841.57184085972
hill_climbing,rosenbrock,119,14300,20841.57184085972
hill_climbing,rosenbrock,119,14400,20841.57184085972
hill_climbing,rosenbrock,119,14500,20841.57184085972
hill_climbing,rosenbrock,119,14600,20841.57184085972
hill_climbing,rosenbrock,119,14700,20841.57184085972
hill_climbing,rosenbrock,119,14800,20841.57184085972
hill_climbing,rosenbrock,119,14900,20841.57184085972
hill_climbing,rosenbrock,119,15000,20841.57184085972
hill_climbing,rosenbrock,119,15100,14917.512404856796
hill_climbing,rosenbrock,119,15200,14917.512404856796
hill_climbing,rosenbrock,119,15300,14917.512404856796
hill_climbing,rosenbrock,119,15400,14917.512404856796
hill_climbing,rosenbrock,119,15500,14917.512404856796
hill_climbing,rosenbrock,119,15600,14917.512404856796
hill_climbing,rosenbrock,119,15700,14917.512404856796
hill_climbing,rosenbrock,119,15800,14917.512404856796
hill_climbing,rosenbrock,119,15900,14917.512404856796
hill_climbing,rosenbrock,119,16000,14917.512404856796
hill_climbing,rosenbrock,119,16100,14917.512404856796
hill_climbing,rosenbrock,119,16200,14917.512404856796
hill_climbing,rosenbrock,119,16300,14917.512404856796
hill_climbing,rosenbrock,119,16400,14917.512404856796
hill_climbing,rosenbrock,119,16500,14917.512404856796
hill_climbing,rosenbrock,119,16600,14917.512404856796
hill_climbing,rosenbrock,119,16700,14917.512404856796
hill_climbing,rosenbrock,119,16800,14917.512404856796
hill_climbing,rosenbrock,119,16900,14917.512404856796
hill_climbing,rosenbrock,119,17000,14917.512404856796
hill_climbing,rosenbrock,119,17100,14917.512404856796
hill_climbing,rosenbrock,119,17200,14917.512404856796
hill_climbing,rosenbrock,119,17300,14917.512404856796
hill_climbing,rosenbrock,119,17400,14917.512404856796
hill_climbing,rosenbrock,119,17500,14917.512404856796
hill_climbing,rosenbrock,119,17600,14917.512404856796
hill_climbing,rosenbrock,119,17700,14917.512404856796
hill_climbing,rosenbrock,119,17800,14917.512404856796
hill_climbing,rosenbrock,119,17900,14917.512404856796
hill_climbing,rosenbrock,119,18000,14917.512404856796
hill_climbing,rosenbrock,119,18100,14917.512404856796
hill_climbing,rosenbrock,119,18200,14917.512404856796
hill_climbing,rosenbrock,119,18300,14917.512404856796
hill_climbing,rosenbrock,119,18400,14917.512404856796
hill_climbing,rosenbrock,119,18500,14917.512404856796
hill_climbing,rosenbrock,119,18600,14917.512404856796
hill_climbing,rosenbrock,119,18700,14917.512404856796
hill_climbing,rosenbrock,119,18800,14917.512404856796
hill_climbing,rosenbrock,119,18900,14917.512404856796
hill_climbing,rosenbrock,119,19000,14917.512404856796
hill_climbing,rosenbrock,119,19100,14917.512404856796
hill_climbing,rosenbrock,119,19200,12330.982147349088
hill_climbing,rosenbrock,119,19300,12330.982147349088
hill_climbing,rosenbrock,119,19400,12330.982147349088
hill_climbing,rosenbrock,119,19500,12330.982147349088
hill_climbing,rosenbrock,119,19600,12330.982147349088
hill_climbing,rosenbrock,119,19700,12330.982147349088
hill_climbing,rosenbrock,119,19800,12330.982147349088
hill_climbing,rosenbrock,119,19900,12330.982147349088
hill_climbing,rosenbrock,119,20000,12330.982147349088
