algorithm,benchmark,seed,evaluations,best_value
simulated_annealing,rastrigin,100,100,111.55876124625074
simulated_annealing,rastrigin,100,200,111.55876124625074
simulated_annealing,rastrigin,100,300,107.2955009696426
simulated_annealing,rastrigin,100,400,107.2955009696426
simulated_annealing,rastrigin,100,500,107.2955009696426
simulated_annealing,rastrigin,100,600,107.2955009696426
simulated_annealing,rastrigin,100,700,107.2955009696426
simulated_annealing,rastrigin,100,800,99.66508846478882
simulated_annealing,rastrigin,100,900,99.66508846478882
simulated_annealing,rastrigin,100,1000,99.66508846478882
simulated_annealing,rastrigin,100,1100,99.66508846478882
simulated_annealing,rastrigin,100,1200,99.66508846478882
simulated_annealing,rastrigin,100,1300,99.66508846478882
simulated_annealing,rastrigin,100,1400,74.45479852746261
simulated_annealing,rastrigin,100,1500,74.45479852746261
simulated_annealing,rastrigin,100,1600,74.45479852746261
simulated_annealing,rastrigin,100,1700,74.45479852746261
simulated_annealing,rastrigin,100,1800,74.45479852746261
simulated_annealing,rastrigin,100,1900,74.45479852746261
simulated_annealing,rastrigin,100,2000,74.45479852746261
simulated_annealing,rastrigin,100,2100,74.45479852746261
simulated_annealing,rastrigin,100,2200,74.45479852746261
simulated_annealing,rastrigin,100,2300,74.45479852746261
simulated_annealing,rastrigin,100,2400,74.45479852746261
simulated_annealing,rastrigin,100,2500,73.68799968558632
simulated_annealing,rastrigin,100,2600,57.728534047490044
simulated_annealing,rastrigin,100,2700,57.728534047490044
simulated_annealing,rastrigin,100,2800,57.728534047490044
simulated_annealing,rastrigin,100,2900,57.728534047490044
simulated_annealing,rastrigin,100,3000,57.728534047490044
simulated_annealing,rastrigin,100,3100,57.728534047490044
simulated_annealing,rastrigin,100,3200,57.728534047490044
simulated_annealing,rastrigin,100,3300,57.728534047490044
simulated_annealing,rastrigin,100,3400,57.728534047490044
simulated_annealing,rastrigin,100,3500,57.728534047490044
simulated_annealing,rastrigin,100,3600,56.88047965682783
simulated_annealing,rastrigin,100,3700,56.88047965682783
simulated_annealing,rastrigin,100,3800,56.88047965682783
simulated_annealing,rastrigin,100,3900,56.88047965682783
simulated_annealing,rastrigin,100,4000,56.88047965682783
simulated_annealing,rastrigin,100,4100,56.88047965682783
simulated_annealing,rastrigin,100,4200,56.88047965682783
simulated_annealing,rastrigin,100,4300,56.88047965682783
simulated_annealing,rastrigin,100,4400,56.88047965682783
simulated_annealing,rastrigin,100,4500,56.88047965682783
simulated_annealing,rastrigin,100,4600,56.88047965682783
simulated_annealing,rastrigin,100,4700,56.88047965682783
simulated_annealing,rastrigin,100,4800,56.88047965682783
simulated_annealing,rastrigin,100,4900,56.88047965682783
simulated_annealing,rastrigin,100,5000,56.88047965682783
simulated_annealing,rastrigin,100,5100,56.88047965682783
simulated_annealing,rastrigin,100,5200,56.88047965682783
simulated_annealing,rastrigin,100,5300,56.88047965682783
simulated_annealing,rastrigin,100,5400,56.88047965682783
simulated_annealing,rastrigin,100,5500,56.88047965682783
simulated_annealing,rastrigin,100,5600,56.88047965682783
simulated_annealing,rastrigin,100,5700,56.88047965682783
simulated_annealing,rastrigin,100,5800,56.88047965682783
simulated_annealing,rastrigin,100,5900,56.88047965682783
simulated_annealing,rastrigin,100,6000,56.88047965682783
simulated_annealing,rastrigin,100,6100,56.88047965682783
simulated_annealing,rastrigin,100,6200,56.88047965682783
simulated_annealing,rastrigin,100,6300,56.88047965682783
simulated_annealing,rastrigin,100,6400,56.88047965682783
simulated_annealing,rastrigin,100,6500,56.88047965682783
simulated_annealing,rastrigin,100,6600,56.88047965682783
simulated_annealing,rastrigin,100,6700,56.88047965682783
simulated_annealing,rastrigin,100,6800,56.88047965682783
simulated_annealing,rastrigin,100,6900,56.88047965682783
simulated_annealing,rastrigin,100,7000,56.88047965682783
simulated_annealing,rastrigin,100,7100,56.88047965682783
simulated_annealing,rastrigin,100,7200,56.88047965682783
simulated_annealing,rastrigin,100,7300,56.88047965682783
simulated_annealing,rastrigin,100,7400,56.88047965682783
simulated_annealing,rastrigin,100,7500,56.88047965682783
simulated_annealing,rastrigin,100,7600,56.88047965682783
simulated_annealing,rastrigin,100,7700,56.88047965682783
simulated_annealing,rastrigin,100,7800,56.88047965682783
simulated_annealing,rastrigin,100,7900,56.88047965682783
simulated_annealing,rastrigin,100,8000,56.88047965682783
simulated_annealing,rastrigin,100,8100,56.88047965682783
simulated_annealing,rastrigin,100,8200,56.88047965682783
simulated_annealing,rastrigin,100,8300,56.88047965682783
simulated_annealing,rastrigin,100,8400,56.88047965682783
simulated_annealing,rastrigin,100,8500,56.88047965682783
simulated_annealing,rastrigin,100,8600,56.88047965682783
simulated_annealing,rastrigin,100,8700,56.88047965682783
simulated_annealing,rastrigin,100,8800,56.88047965682783
simulated_annealing,rastrigin,100,8900,56.88047965682783
simulated_annealing,rastrigin,100,9000,56.88047965682783
simulated_annealing,rastrigin,100,9100,56.88047965682783
simulated_annealing,rastrigin,100,9200,56.88047965682783
simulated_annealing,rastrigin,100,9300,56.88047965682783
simulated_annealing,rastrigin,100,9400,56.88047965682783
simulated_annealing,rastrigin,100,9500,56.88047965682783
simulated_annealing,rastrigin,100,9600,56.88047965682783
simulated_annealing,rastrigin,100,9700,56.88047965682783
simulated_annealing,rastrigin,100,9800,56.88047965682783
simulated_annealing,rastrigin,100,9900,56.88047965682783
simulated_annealing,rastrigin,100,10000,56.88047965682783
simulated_annealing,rastrigin,100,10100,56.88047965682783
simulated_annealing,rastrigin,100,10200,56.88047965682783
simulated_annealing,rastrigin,100,10300,56.88047965682783
simulated_annealing,rastrigin,100,10400,56.88047965682783
simulated_annealing,rastrigin,100,10500,56.88047965682783
simulated_annealing,rastrigin,100,10600,56.88047965682783
simulated_annealing,rastrigin,100,10700,56.46334826997165
simulated_annealing,rastrigin,100,10800,56.29117026533594
simulated_annealing,rastrigin,100,10900,56.29117026533594
simulated_annealing,rastrigin,100,11000,56.22317079816021
simulated_annealing,rastrigin,100,11100,56.22317079816021
simulated_annealing,rastrigin,100,11200,56.22317079816021
simulated_annealing,rastrigin,100,11300,56.22317079816021
simulated_annealing,rastrigin,100,11400,56.22317079816021
simulated_annealing,rastrigin,100,11500,56.22317079816021
simulated_annealing,rastrigin,100,11600,56.22317079816021
simulated_annealing,rastrigin,100,11700,56.22317079816021
simulated_annealing,rastrigin,100,11800,42.67518239189749
simulated_annealing,rastrigin,100,11900,42.67518239189749
simulated_annealing,rastrigin,100,12000,42.67518239189749
simulated_annealing,rastrigin,100,12100,42.67518239189749
simulated_annealing,rastrigin,100,12200,42.67518239189749
simulated_annealing,rastrigin,100,12300,42.67518239189749
simulated_annealing,rastrigin,100,12400,42.67518239189749
simulated_annealing,rastrigin,100,12500,42.67518239189749
simulated_annealing,rastrigin,100,12600,42.67518239189749
simulated_annealing,rastrigin,100,12700,42.67518239189749
simulated_annealing,rastrigin,100,12800,42.67518239189749
simulated_annealing,rastrigin,100,12900,42.67518239189749
simulated_annealing,rastrigin,100,13000,42.67518239189749
simulated_annealing,rastrigin,100,13100,42.67518239189749
simulated_annealing,rastrigin,100,13200,42.67518239189749
simulated_annealing,rastrigin,100,13300,42.67518239189749
simulated_annealing,rastrigin,100,13400,42.67518239189749
simulated_annealing,rastrigin,100,13500,42.67518239189749
simulated_annealing,rastrigin,100,13600,42.67518239189749
simulated_annealing,rastrigin,100,13700,42.67518239189749
simulated_annealing,rastrigin,100,13800,42.67518239189749
simulated_annealing,rastrigin,100,13900,42.67518239189749
simulated_annealing,rastrigin,100,14000,42.67518239189749
simulated_annealing,rastrigin,100,14100,42.67518239189749
simulated_annealing,rastrigin,100,14200,42.67518239189749
simulated_annealing,rastrigin,100,14300,42.67518239189749
simulated_annealing,rastrigin,100,14400,42.67518239189749
simulated_annealing,rastrigin,100,14500,42.67518239189749
simulated_annealing,rastrigin,100,14600,42.67518239189749
simulated_annealing,rastrigin,100,14700,42.67518239189749
simulated_annealing,rastrigin,100,14800,42.67518239189749
simulated_annealing,rastrigin,100,14900,42.67518239189749
simulated_annealing,rastrigin,100,15000,42.67518239189749
simulated_annealing,rastrigin,100,15100,42.67518239189749
simulated_annealing,rastrigin,100,15200,42.67518239189749
simulated_annealing,rastrigin,100,15300,42.67518239189749
simulated_annealing,rastrigin,100,15400,42.67518239189749
simulated_annealing,rastrigin,100,15500,42.67518239189749
simulated_annealing,rastrigin,100,15600,42.67518239189749
simulated_annealing,rastrigin,100,15700,42.67518239189749
simulated_annealing,rastrigin,100,15800,42.67518239189749
simulated_annealing,rastrigin,100,15900,42.67518239189749
simulated_annealing,rastrigin,100,16000,42.67518239189749
simulated_annealing,rastrigin,100,16100,42.67518239189749
simulated_annealing,rastrigin,100,16200,42.67518239189749
simulated_annealing,rastrigin,100,16300,42.67518239189749
simulated_annealing,rastrigin,100,16400,42.67518239189749
simulated_annealing,rastrigin,100,16500,42.67518239189749
simulated_annealing,rastrigin,100,16600,42.67518239189749
simulated_annealing,rastrigin,100,16700,40.53371617579891
simulated_annealing,rastrigin,100,16800,40.53371617579891
simulated_annealing,rastrigin,100,16900,40.53371617579891
simulated_annealing,rastrigin,100,17000,40.53371617579891
simulated_annealing,rastrigin,100,17100,40.53371617579891
simulated_annealing,rastrigin,100,17200,40.53371617579891
simulated_annealing,rastrigin,100,17300,40.53371617579891
simulated_annealing,rastrigin,100,17400,40.53371617579891
simulated_annealing,rastrigin,100,17500,40.53371617579891
simulated_annealing,rastrigin,100,17600,40.53371617579891
simulated_annealing,rastrigin,100,17700,40.53371617579891
simulated_annealing,rastrigin,100,17800,40.53371617579891
simulated_annealing,rastrigin,100,17900,40.53371617579891
simulated_annealing,rastrigin,100,18000,40.53371617579891
simulated_annealing,rastrigin,100,18100,40.53371617579891
simulated_annealing,rastrigin,100,18200,40.53371617579891
simulated_annealing,rastrigin,100,18300,40.53371617579891
simulated_annealing,rastrigin,100,18400,40.53371617579891
simulated_annealing,rastrigin,100,18500,40.53371617579891
simulated_annealing,rastrigin,100,18600,40.53371617579891
simulated_annealing,rastrigin,100,18700,40.53371617579891
simulated_annealing,rastrigin,100,18800,40.53371617579891
simulated_annealing,rastrigin,100,18900,40.53371617579891
simulated_annealing,rastrigin,100,19000,40.53371617579891
simulated_annealing,rastrigin,100,19100,40.53371617579891
simulated_annealing,rastrigin,100,19200,40.53371617579891
simulated_annealing,rastrigin,100,19300,40.53371617579891
simulated_annealing,rastrigin,100,19400,40.53371617579891
simulated_annealing,rastrigin,100,19500,40.53371617579891
simulated_annealing,rastrigin,100,19600,40.53371617579891
simulated_annealing,rastrigin,100,19700,40.53371617579891
simulated_annealing,rastrigin,100,19800,40.53371617579891
simulated_annealing,rastrigin,100,19900,40.53371617579891
simulated_annealing,rastrigin,100,20000,40.53371617579891
simulated_annealing,rastrigin,101,100,121.6210541677959
simulated_annealing,rastrigin,101,200,111.6898947613734
simulated_annealing,rastrigin,101,300,111.6898947613734
simulated_annealing,rastrigin,101,400,111.6898947613734
simulated_annealing,rastrigin,101,500,111.6898947613734
simulated_annealing,rastrigin,101,600,109.2901239710651
simulated_annealing,rastrigin,101,700,107.15244905466318
simulated_annealing,rastrigin,101,800,107.15244905466318
simulated_annealing,rastrigin,101,900,107.15244905466318
simulated_annealing,rastrigin,101,1000,107.15244905466318
simulated_annealing,rastrigin,101,1100,107.15244905466318
simulated_annealing,rastrigin,101,1200,71.6953253389184
simulated_annealing,rastrigin,101,1300,71.6953253389184
simulated_annealing,rastrigin,101,1400,71.6953253389184
simulated_annealing,rastrigin,101,1500,71.6953253389184
simulated_annealing,rastrigin,101,1600,71.6953253389184
simulated_annealing,rastrigin,101,1700,71.6953253389184
simulated_annealing,rastrigin,101,1800,71.6953253389184
simulated_annealing,rastrigin,101,1900,71.6953253389184
simulated_annealing,rastrigin,101,2000,71.6953253389184
simulated_annealing,rastrigin,101,2100,71.6953253389184
simulated_annealing,rastrigin,101,2200,71.6953253389184
simulated_annealing,rastrigin,101,2300,71.6953253389184
simulated_annealing,rastrigin,101,2400,71.6953253389184
simulated_annealing,rastrigin,101,2500,71.6953253389184
simulated_annealing,rastrigin,101,2600,71.6953253389184
simulated_annealing,rastrigin,101,2700,71.6953253389184
simulated_annealing,rastrigin,101,2800,71.6953253389184
simulated_annealing,rastrigin,101,2900,71.6953253389184
simulated_annealing,rastrigin,101,3000,71.6953253389184
simulated_annealing,rastrigin,101,3100,71.6953253389184
simulated_annealing,rastrigin,101,3200,63.53232089019223
simulated_annealing,rastrigin,101,3300,63.53232089019223
simulated_annealing,rastrigin,101,3400,63.53232089019223
simulated_annealing,rastrigin,101,3500,63.53232089019223
simulated_annealing,rastrigin,101,3600,63.53232089019223
simulated_annealing,rastrigin,101,3700,63.53232089019223
simulated_annealing,rastrigin,101,3800,63.53232089019223
simulated_annealing,rastrigin,101,3900,63.53232089019223
simulated_annealing,rastrigin,101,4000,55.79371661841303
simulated_annealing,rastrigin,101,4100,54.33488073509054
simulated_annealing,rastrigin,101,4200,54.33488073509054
simulated_annealing,rastrigin,101,4300,54.33488073509054
simulated_annealing,rastrigin,101,4400,54.33488073509054
simulated_annealing,rastrigin,101,4500,54.33488073509054
simulated_annealing,rastrigin,101,4600,54.33488073509054
simulated_annealing,rastrigin,101,4700,54.33488073509054
simulated_annealing,rastrigin,101,4800,54.33488073509054
simulated_annealing,rastrigin,101,4900,54.33488073509054
simulated_annealing,rastrigin,101,5000,54.33488073509054
simulated_annealing,rastrigin,101,5100,54.33488073509054
simulated_annealing,rastrigin,101,5200,50.31360552110076
simulated_annealing,rastrigin,101,5300,50.31360552110076
simulated_annealing,rastrigin,101,5400,50.31360552110076
simulated_annealing,rastrigin,101,5500,50.31360552110076
simulated_annealing,rastrigin,101,5600,50.31360552110076
simulated_annealing,rastrigin,101,5700,50.31360552110076
simulated_annealing,rastrigin,101,5800,50.31360552110076
simulated_annealing,rastrigin,101,5900,50.31360552110076
simulated_annealing,rastrigin,101,6000,47.22601831959929
simulated_annealing,rastrigin,101,6100,47.22601831959929
simulated_annealing,rastrigin,101,6200,47.22601831959929
simulated_annealing,rastrigin,101,6300,47.22601831959929
simulated_annealing,rastrigin,101,6400,47.22601831959929
simulated_annealing,rastrigin,101,6500,47.22601831959929
simulated_annealing,rastrigin,101,6600,47.22601831959929
simulated_annealing,rastrigin,101,6700,47.22601831959929
simulated_annealing,rastrigin,101,6800,47.22601831959929
simulated_annealing,rastrigin,101,6900,47.22601831959929
simulated_annealing,rastrigin,101,7000,47.22601831959929
simulated_annealing,rastrigin,101,7100,47.22601831959929
simulated_annealing,rastrigin,101,7200,47.22601831959929
simulated_annealing,rastrigin,101,7300,47.22601831959929
simulated_annealing,rastrigin,101,7400,47.22601831959929
simulated_annealing,rastrigin,101,7500,47.22601831959929
simulated_annealing,rastrigin,101,7600,47.22601831959929
simulated_annealing,rastrigin,101,7700,47.22601831959929
simulated_annealing,rastrigin,101,7800,47.22601831959929
simulated_annealing,rastrigin,101,7900,47.22601831959929
simulated_annealing,rastrigin,101,8000,47.22601831959929
simulated_annealing,rastrigin,101,8100,47.22601831959929
simulated_annealing,rastrigin,101,8200,38.69126670389446
simulated_annealing,rastrigin,101,8300,38.69126670389446
simulated_annealing,rastrigin,101,8400,38.69126670389446
simulated_annealing,rastrigin,101,8500,38.69126670389446
simulated_annealing,rastrigin,101,8600,35.35292892948878
simulated_annealing,rastrigin,101,8700,35.35292892948878
simulated_annealing,rastrigin,101,8800,35.35292892948878
simulated_annealing,rastrigin,101,8900,35.35292892948878
simulated_annealing,rastrigin,101,9000,35.35292892948878
simulated_annealing,rastrigin,101,9100,35.35292892948878
simulated_annealing,rastrigin,101,9200,35.35292892948878
simulated_annealing,rastrigin,101,9300,35.35292892948878
simulated_annealing,rastrigin,101,9400,35.35292892948878
simulated_annealing,rastrigin,101,9500,35.35292892948878
simulated_annealing,rastrigin,101,9600,35.35292892948878
simulated_annealing,rastrigin,101,9700,35.35292892948878
simulated_annealing,rastrigin,101,9800,35.35292892948878
simulated_annealing,rastrigin,101,9900,35.35292892948878
simulated_annealing,rastrigin,101,10000,35.35292892948878
simulated_annealing,rastrigin,101,10100,35.35292892948878
simulated_annealing,rastrigin,101,10200,35.35292892948878
simulated_annealing,rastrigin,101,10300,35.35292892948878
simulated_annealing,rastrigin,101,10400,35.35292892948878
simulated_annealing,rastrigin,101,10500,35.35292892948878
simulated_annealing,rastrigin,101,10600,35.35292892948878
simulated_annealing,rastrigin,101,10700,35.35292892948878
simulated_annealing,rastrigin,101,10800,35.35292892948878
simulated_annealing,rastrigin,101,10900,35.35292892948878
simulated_annealing,rastrigin,101,11000,35.35292892948878
simulated_annealing,rastrigin,101,11100,35.35292892948878
simulated_annealing,rastrigin,101,11200,35.35292892948878
simulated_annealing,rastrigin,101,11300,35.35292892948878
simulated_annealing,rastrigin,101,11400,35.35292892948878
simulated_annealing,rastrigin,101,11500,35.35292892948878
simulated_annealing,rastrigin,101,11600,35.35292892948878
simulated_annealing,rastrigin,101,11700,35.35292892948878
simulated_annealing,rastrigin,101,11800,35.35292892948878
simulated_annealing,rastrigin,101,11900,35.35292892948878
simulated_annealing,rastrigin,101,12000,35.35292892948878
simulated_annealing,rastrigin,101,12100,35.35292892948878
simulated_annealing,rastrigin,101,12200,35.35292892948878
simulated_annealing,rastrigin,101,12300,35.35292892948878
simulated_annealing,rastrigin,101,12400,35.35292892948878
simulated_annealing,rastrigin,101,12500,35.35292892948878
simulated_annealing,rastrigin,101,12600,35.35292892948878
simulated_annealing,rastrigin,101,12700,35.35292892948878
simulated_annealing,rastrigin,101,12800,35.35292892948878
simulated_annealing,rastrigin,101,12900,35.35292892948878
simulated_annealing,rastrigin,101,13000,35.35292892948878
simulated_annealing,rastrigin,101,13100,35.35292892948878
simulated_annealing,rastrigin,101,13200,35.35292892948878
simulated_annealing,rastrigin,101,13300,35.35292892948878
simulated_annealing,rastrigin,101,13400,35.35292892948878
simulated_annealing,rastrigin,101,13500,35.35292892948878
simulated_annealing,rastrigin,101,13600,35.35292892948878
simulated_annealing,rastrigin,101,13700,35.35292892948878
simulated_annealing,rastrigin,101,13800,35.35292892948878
simulated_annealing,rastrigin,101,13900,35.35292892948878
simulated_annealing,rastrigin,101,14000,35.35292892948878
simulated_annealing,rastrigin,101,14100,35.35292892948878
simulated_annealing,rastrigin,101,14200,35.35292892948878
simulated_annealing,rastrigin,101,14300,35.35292892948878
simulated_annealing,rastrigin,101,14400,35.35292892948878
simulated_annealing,rastrigin,101,14500,35.35292892948878
simulated_annealing,rastrigin,101,14600,35.35292892948878
simulated_annealing,rastrigin,101,14700,35.35292892948878
simulated_annealing,rastrigin,101,14800,35.35292892948878
simulated_annealing,rastrigin,101,14900,35.35292892948878
simulated_annealing,rastrigin,101,15000,35.35292892948878
simulated_annealing,rastrigin,101,15100,35.35292892948878
simulated_annealing,rastrigin,101,15200,35.35292892948878
simulated_annealing,rastrigin,101,15300,35.35292892948878
simulated_annealing,rastrigin,101,15400,35.35292892948878
simulated_annealing,rastrigin,101,15500,35.35292892948878
simulated_annealing,rastrigin,101,15600,35.35292892948878
simulated_annealing,rastrigin,101,15700,35.35292892948878
simulated_annealing,rastrigin,101,15800,35.35292892948878
simulated_annealing,rastrigin,101,15900,35.35292892948878
simulated_annealing,rastrigin,101,16000,35.35292892948878
simulated_annealing,rastrigin,101,16100,35.35292892948878
simulated_annealing,rastrigin,101,16200,35.35292892948878
simulated_annealing,rastrigin,101,16300,35.35292892948878
simulated_annealing,rastrigin,101,16400,35.35292892948878
simulated_annealing,rastrigin,101,16500,35.35292892948878
simulated_annealing,rastrigin,101,16600,35.35292892948878
simulated_annealing,rastrigin,101,16700,35.35292892948878
simulated_annealing,rastrigin,101,16800,35.35292892948878
simulated_annealing,rastrigin,101,16900,35.35292892948878
simulated_annealing,rastrigin,101,17000,35.35292892948878
simulated_annealing,rastrigin,101,17100,35.35292892948878
simulated_annealing,rastrigin,101,17200,35.35292892948878
simulated_annealing,rastrigin,101,17300,35.35292892948878
simulated_annealing,rastrigin,101,17400,35.35292892948878
simulated_annealing,rastrigin,101,17500,35.35292892948878
simulated_annealing,rastrigin,101,17600,35.35292892948878
simulated_annealing,rastrigin,101,17700,35.35292892948878
simulated_annealing,rastrigin,101,17800,35.35292892948878
simulated_annealing,rastrigin,101,17900,35.35292892948878
simulated_annealing,rastrigin,101,18000,35.35292892948878
simulated_annealing,rastrigin,101,18100,35.35292892948878
simulated_annealing,rastrigin,101,18200,35.35292892948878
simulated_annealing,rastrigin,101,18300,35.35292892948878
simulated_annealing,rastrigin,101,18400,35.35292892948878
simulated_annealing,rastrigin,101,18500,35.35292892948878
simulated_annealing,rastrigin,101,18600,35.35292892948878
simulated_annealing,rastrigin,101,18700,35.35292892948878
simulated_annealing,rastrigin,101,18800,35.35292892948878
simulated_annealing,rastrigin,101,18900,35.35292892948878
simulated_annealing,rastrigin,101,19000,35.35292892948878
simulated_annealing,rastrigin,101,19100,35.35292892948878
simulated_annealing,rastrigin,101,19200,35.35292892948878
simulated_annealing,rastrigin,101,19300,35.35292892948878
simulated_annealing,rastrigin,101,19400,35.35292892948878
simulated_annealing,rastrigin,101,19500,35.35292892948878
simulated_annealing,rastrigin,101,19600,35.35292892948878
simulated_annealing,rastrigin,101,19700,35.35292892948878
simulated_annealing,rastrigin,101,19800,35.35292892948878
simulated_annealing,rastrigin,101,19900,35.35292892948878
simulated_annealing,rastrigin,101,20000,35.35292892948878
simulated_annealing,rastrigin,102,100,120.20766874103265
simulated_annealing,rastrigin,102,200,120.20766874103265
simulated_annealing,rastrigin,102,300,95.64055965445473
simulated_annealing,rastrigin,102,400,95.64055965445473
simulated_annealing,rastrigin,102,500,85.90205363759914
simulated_annealing,rastrigin,102,600,85.90205363759914
simulated_annealing,rastrigin,102,700,85.90205363759914
simulated_annealing,rastrigin,102,800,85.90205363759914
simulated_annealing,rastrigin,102,900,85.90205363759914
simulated_annealing,rastrigin,102,1000,82.77320253695433
simulated_annealing,rastrigin,102,1100,82.77320253695433
simulated_annealing,rastrigin,102,1200,82.77320253695433
simulated_annealing,rastrigin,102,1300,82.77320253695433
simulated_annealing,rastrigin,102,1400,82.77320253695433
simulated_annealing,rastrigin,102,1500,82.77320253695433
simulated_annealing,rastrigin,102,1600,82.77320253695433
simulated_annealing,rastrigin,102,1700,82.77320253695433
simulated_annealing,rastrigin,102,1800,82.77320253695433
simulated_annealing,rastrigin,102,1900,82.77320253695433
simulated_annealing,rastrigin,102,2000,82.77320253695433
simulated_annealing,rastrigin,102,2100,82.77320253695433
simulated_annealing,rastrigin,102,2200,75.4942920631739
simulated_annealing,rastrigin,102,2300,60.93338505606038
simulated_annealing,rastrigin,102,2400,60.93338505606038
simulated_annealing,rastrigin,102,2500,58.41929190344696
simulated_annealing,rastrigin,102,2600,58.41929190344696
simulated_annealing,rastrigin,102,2700,58.41929190344696
simulated_annealing,rastrigin,102,2800,58.41929190344696
simulated_annealing,rastrigin,102,2900,51.89600126213719
simulated_annealing,rastrigin,102,3000,51.89600126213719
simulated_annealing,rastrigin,102,3100,51.89600126213719
simulated_annealing,rastrigin,102,3200,51.89600126213719
simulated_annealing,rastrigin,102,3300,51.06201915368342
simulated_annealing,rastrigin,102,3400,43.75842629255062
simulated_annealing,rastrigin,102,3500,43.75842629255062
simulated_annealing,rastrigin,102,3600,43.75842629255062
simulated_annealing,rastrigin,102,3700,43.75842629255062
simulated_annealing,rastrigin,102,3800,43.75842629255062
simulated_annealing,rastrigin,102,3900,43.75842629255062
simulated_annealing,rastrigin,102,4000,43.75842629255062
simulated_annealing,rastrigin,102,4100,43.75842629255062
simulated_annealing,rastrigin,102,4200,43.75842629255062
simulated_annealing,rastrigin,102,4300,43.75842629255062
simulated_annealing,rastrigin,102,4400,43.75842629255062
simulated_annealing,rastrigin,102,4500,43.75842629255062
simulated_annealing,rastrigin,102,4600,43.75842629255062
simulated_annealing,rastrigin,102,4700,43.75842629255062
simulated_annealing,rastrigin,102,4800,43.75842629255062
simulated_annealing,rastrigin,102,4900,26.156896388709725
simulated_annealing,rastrigin,102,5000,26.156896388709725
simulated_annealing,rastrigin,102,5100,26.156896388709725
simulated_annealing,rastrigin,102,5200,26.156896388709725
simulated_annealing,rastrigin,102,5300,26.156896388709725
simulated_annealing,rastrigin,102,5400,26.156896388709725
simulated_annealing,rastrigin,102,5500,26.156896388709725
simulated_annealing,rastrigin,102,5600,26.156896388709725
simulated_annealing,rastrigin,102,5700,26.156896388709725
simulated_annealing,rastrigin,102,5800,26.156896388709725
simulated_annealing,rastrigin,102,5900,26.156896388709725
simulated_annealing,rastrigin,102,6000,26.156896388709725
simulated_annealing,rastrigin,102,6100,26.156896388709725
simulated_annealing,rastrigin,102,6200,26.156896388709725
simulated_annealing,rastrigin,102,6300,26.156896388709725
simulated_annealing,rastrigin,102,6400,26.156896388709725
simulated_annealing,rastrigin,102,6500,26.156896388709725
simulated_annealing,rastrigin,102,6600,26.156896388709725
simulated_annealing,rastrigin,102,6700,26.156896388709725
simulated_annealing,rastrigin,102,6800,26.156896388709725
simulated_annealing,rastrigin,102,6900,26.156896388709725
simulated_annealing,rastrigin,102,7000,26.156896388709725
simulated_annealing,rastrigin,102,7100,26.156896388709725
simulated_annealing,rastrigin,102,7200,26.156896388709725
simulated_annealing,rastrigin,102,7300,26.156896388709725
simulated_annealing,rastrigin,102,7400,26.156896388709725
simulated_annealing,rastrigin,102,7500,26.156896388709725
simulated_annealing,rastrigin,102,7600,26.156896388709725
simulated_annealing,rastrigin,102,7700,26.156896388709725
simulated_annealing,rastrigin,102,7800,26.156896388709725
simulated_annealing,rastrigin,102,7900,26.156896388709725
simulated_annealing,rastrigin,102,8000,26.156896388709725
simulated_annealing,rastrigin,102,8100,26.156896388709725
simulated_annealing,rastrigin,102,8200,26.156896388709725
simulated_annealing,rastrigin,102,8300,26.156896388709725
simulated_annealing,rastrigin,102,8400,26.156896388709725
simulated_annealing,rastrigin,102,8500,26.156896388709725
simulated_annealing,rastrigin,102,8600,26.156896388709725
simulated_annealing,rastrigin,102,8700,26.156896388709725
simulated_annealing,rastrigin,102,8800,26.156896388709725
simulated_annealing,rastrigin,102,8900,26.156896388709725
simulated_annealing,rastrigin,102,9000,26.156896388709725
simulated_annealing,rastrigin,102,9100,26.156896388709725
simulated_annealing,rastrigin,102,9200,26.156896388709725
simulated_annealing,rastrigin,102,9300,26.156896388709725
simulated_annealing,rastrigin,102,9400,26.156896388709725
simulated_annealing,rastrigin,102,9500,26.156896388709725
simulated_annealing,rastrigin,102,9600,26.156896388709725
simulated_annealing,rastrigin,102,9700,26.156896388709725
simulated_annealing,rastrigin,102,9800,26.156896388709725
simulated_annealing,rastrigin,102,9900,26.156896388709725
simulated_annealing,rastrigin,102,10000,26.156896388709725
simulated_annealing,rastrigin,102,10100,26.156896388709725
simulated_annealing,rastrigin,102,10200,26.156896388709725
simulated_annealing,rastrigin,102,10300,26.156896388709725
simulated_annealing,rastrigin,102,10400,26.156896388709725
simulated_annealing,rastrigin,102,10500,26.156896388709725
simulated_annealing,rastrigin,102,10600,26.156896388709725
simulated_annealing,rastrigin,102,10700,26.156896388709725
simulated_annealing,rastrigin,102,10800,26.156896388709725
simulated_annealing,rastrigin,102,10900,26.156896388709725
simulated_annealing,rastrigin,102,11000,26.156896388709725
simulated_annealing,rastrigin,102,11100,26.156896388709725
simulated_annealing,rastrigin,102,11200,26.156896388709725
simulated_annealing,rastrigin,102,11300,26.156896388709725
simulated_annealing,rastrigin,102,11400,26.156896388709725
simulated_annealing,rastrigin,102,11500,26.156896388709725
simulated_annealing,rastrigin,102,11600,26.156896388709725
simulated_annealing,rastrigin,102,11700,26.156896388709725
simulated_annealing,rastrigin,102,11800,26.156896388709725
simulated_annealing,rastrigin,102,11900,26.156896388709725
simulated_annealing,rastrigin,102,12000,26.156896388709725
simulated_annealing,rastrigin,102,12100,26.156896388709725
simulated_annealing,rastrigin,102,12200,26.156896388709725
simulated_annealing,rastrigin,102,12300,26.156896388709725
simulated_annealing,rastrigin,102,12400,26.156896388709725
simulated_annealing,rastrigin,102,12500,26.156896388709725
simulated_annealing,rastrigin,102,12600,26.156896388709725
simulated_annealing,rastrigin,102,12700,26.156896388709725
simulated_annealing,rastrigin,102,12800,26.156896388709725
simulated_annealing,rastrigin,102,12900,26.156896388709725
simulated_annealing,rastrigin,102,13000,26.156896388709725
simulated_annealing,rastrigin,102,13100,26.156896388709725
simulated_annealing,rastrigin,102,13200,26.156896388709725
simulated_annealing,rastrigin,102,13300,26.156896388709725
simulated_annealing,rastrigin,102,13400,26.156896388709725
simulated_annealing,rastrigin,102,13500,26.156896388709725
simulated_annealing,rastrigin,102,13600,26.156896388709725
simulated_annealing,rastrigin,102,13700,26.156896388709725
simulated_annealing,rastrigin,102,13800,26.156896388709725
simulated_annealing,rastrigin,102,13900,26.156896388709725
simulated_annealing,rastrigin,102,14000,26.156896388709725
simulated_annealing,rastrigin,102,14100,26.156896388709725
simulated_annealing,rastrigin,102,14200,26.156896388709725
simulated_annealing,rastrigin,102,14300,26.156896388709725
simulated_annealing,rastrigin,102,14400,26.156896388709725
simulated_annealing,rastrigin,102,14500,26.156896388709725
simulated_annealing,rastrigin,102,14600,26.156896388709725
simulated_annealing,rastrigin,102,14700,26.156896388709725
simulated_annealing,rastrigin,102,14800,26.156896388709725
simulated_annealing,rastrigin,102,14900,26.156896388709725
simulated_annealing,rastrigin,102,15000,26.156896388709725
simulated_annealing,rastrigin,102,15100,26.156896388709725
simulated_annealing,rastrigin,102,15200,26.156896388709725
simulated_annealing,rastrigin,102,15300,26.156896388709725
simulated_annealing,rastrigin,102,15400,26.156896388709725
simulated_annealing,rastrigin,102,15500,26.156896388709725
simulated_annealing,rastrigin,102,15600,26.156896388709725
simulated_annealing,rastrigin,102,15700,26.156896388709725
simulated_annealing,rastrigin,102,15800,26.156896388709725
simulated_annealing,rastrigin,102,15900,26.156896388709725
simulated_annealing,rastrigin,102,16000,26.156896388709725
simulated_annealing,rastrigin,102,16100,26.156896388709725
simulated_annealing,rastrigin,102,16200,26.156896388709725
simulated_annealing,rastrigin,102,16300,26.156896388709725
simulated_annealing,rastrigin,102,16400,26.156896388709725
simulated_annealing,rastrigin,102,16500,26.156896388709725
simulated_annealing,rastrigin,102,16600,26.156896388709725
simulated_annealing,rastrigin,102,16700,26.156896388709725
simulated_annealing,rastrigin,102,16800,26.156896388709725
simulated_annealing,rastrigin,102,16900,26.156896388709725
simulated_annealing,rastrigin,102,17000,26.156896388709725
simulated_annealing,rastrigin,102,17100,26.156896388709725
simulated_annealing,rastrigin,102,17200,26.156896388709725
simulated_annealing,rastrigin,102,17300,26.156896388709725
simulated_annealing,rastrigin,102,17400,26.156896388709725
simulated_annealing,rastrigin,102,17500,26.156896388709725
simulated_annealing,rastrigin,102,17600,26.156896388709725
simulated_annealing,rastrigin,102,17700,26.156896388709725
simulated_annealing,rastrigin,102,17800,26.156896388709725
simulated_annealing,rastrigin,102,17900,26.156896388709725
simulated_annealing,rastrigin,102,18000,26.156896388709725
simulated_annealing,rastrigin,102,18100,26.156896388709725
simulated_annealing,rastrigin,102,18200,26.156896388709725
simulated_annealing,rastrigin,102,18300,26.156896388709725
simulated_annealing,rastrigin,102,18400,26.156896388709725
simulated_annealing,rastrigin,102,18500,26.156896388709725
simulated_annealing,rastrigin,102,18600,26.156896388709725
simulated_annealing,rastrigin,102,18700,26.156896388709725
simulated_annealing,rastrigin,102,18800,26.156896388709725
simulated_annealing,rastrigin,102,18900,26.156896388709725
simulated_annealing,rastrigin,102,19000,26.156896388709725
simulated_annealing,rastrigin,102,19100,26.156896388709725
simulated_annealing,rastrigin,102,19200,26.156896388709725
simulated_annealing,rastrigin,102,19300,26.156896388709725
simulated_annealing,rastrigin,102,19400,26.156896388709725
simulated_annealing,rastrigin,102,19500,26.156896388709725
simulated_annealing,rastrigin,102,19600,26.156896388709725
simulated_annealing,rastrigin,102,19700,26.156896388709725
simulated_annealing,rastrigin,102,19800,26.156896388709725
simulated_annealing,rastrigin,102,19900,26.156896388709725
simulated_annealing,rastrigin,102,20000,26.156896388709725
simulated_annealing,rastrigin,103,100,112.40484028544195
simulated_annealing,rastrigin,103,200,112.40484028544195
simulated_annealing,rastrigin,103,300,112.40484028544195
simulated_annealing,rastrigin,103,400,91.82945004648526
simulated_annealing,rastrigin,103,500,91.82945004648526
simulated_annealing,rastrigin,103,600,91.82945004648526
simulated_annealing,rastrigin,103,700,91.82945004648526
simulated_annealing,rastrigin,103,800,91.82945004648526
simulated_annealing,rastrigin,103,900,91.82945004648526
simulated_annealing,rastrigin,103,1000,91.82945004648526
simulated_annealing,rastrigin,103,1100,91.82945004648526
simulated_annealing,rastrigin,103,1200,91.82945004648526
simulated_annealing,rastrigin,103,1300,91.82945004648526
simulated_annealing,rastrigin,103,1400,89.70678800259027
simulated_annealing,rastrigin,103,1500,89.70678800259027
simulated_annealing,rastrigin,103,1600,89.70678800259027
simulated_annealing,rastrigin,103,1700,88.91017084156815
simulated_annealing,rastrigin,103,1800,85.07033380259702
simulated_annealing,rastrigin,103,1900,52.34109606169457
simulated_annealing,rastrigin,103,2000,52.34109606169457
simulated_annealing,rastrigin,103,2100,52.34109606169457
simulated_annealing,rastrigin,103,2200,52.34109606169457
simulated_annealing,rastrigin,103,2300,52.34109606169457
simulated_annealing,rastrigin,103,2400,52.34109606169457
simulated_annealing,rastrigin,103,2500,52.34109606169457
simulated_annealing,rastrigin,103,2600,52.34109606169457
simulated_annealing,rastrigin,103,2700,52.34109606169457
simulated_annealing,rastrigin,103,2800,52.34109606169457
simulated_annealing,rastrigin,103,2900,52.34109606169457
simulated_annealing,rastrigin,103,3000,52.34109606169457
simulated_annealing,rastrigin,103,3100,52.34109606169457
simulated_annealing,rastrigin,103,3200,52.34109606169457
simulated_annealing,rastrigin,103,3300,52.34109606169457
simulated_annealing,rastrigin,103,3400,52.34109606169457
simulated_annealing,rastrigin,103,3500,52.34109606169457
simulated_annealing,rastrigin,103,3600,52.34109606169457
simulated_annealing,rastrigin,103,3700,52.34109606169457
simulated_annealing,rastrigin,103,3800,52.34109606169457
simulated_annealing,rastrigin,103,3900,52.34109606169457
simulated_annealing,rastrigin,103,4000,52.34109606169457
simulated_annealing,rastrigin,103,4100,52.34109606169457
simulated_annealing,rastrigin,103,4200,52.34109606169457
simulated_annealing,rastrigin,103,4300,48.68121730047706
simulated_annealing,rastrigin,103,4400,48.68121730047706
simulated_annealing,rastrigin,103,4500,48.68121730047706
simulated_annealing,rastrigin,103,4600,48.68121730047706
simulated_annealing,rastrigin,103,4700,46.164293997510775
simulated_annealing,rastrigin,103,4800,45.857176378625084
simulated_annealing,rastrigin,103,4900,45.857176378625084
simulated_annealing,rastrigin,103,5000,45.857176378625084
simulated_annealing,rastrigin,103,5100,45.857176378625084
simulated_annealing,rastrigin,103,5200,45.76782646464185
simulated_annealing,rastrigin,103,5300,45.76782646464185
simulated_annealing,rastrigin,103,5400,45.76782646464185
simulated_annealing,rastrigin,103,5500,45.76782646464185
simulated_annealing,rastrigin,103,5600,45.76782646464185
simulated_annealing,rastrigin,103,5700,45.76782646464185
simulated_annealing,rastrigin,103,5800,45.76782646464185
simulated_annealing,rastrigin,103,5900,45.76782646464185
simulated_annealing,rastrigin,103,6000,45.76782646464185
simulated_annealing,rastrigin,103,6100,45.76782646464185
simulated_annealing,rastrigin,103,6200,45.76782646464185
simulated_annealing,rastrigin,103,6300,45.76782646464185
simulated_annealing,rastrigin,103,6400,45.76782646464185
simulated_annealing,rastrigin,103,6500,42.55571567833561
simulated_annealing,rastrigin,103,6600,42.55571567833561
simulated_annealing,rastrigin,103,6700,42.55571567833561
simulated_annealing,rastrigin,103,6800,42.55571567833561
simulated_annealing,rastrigin,103,6900,42.55571567833561
simulated_annealing,rastrigin,103,7000,42.55571567833561
simulated_annealing,rastrigin,103,7100,42.55571567833561
simulated_annealing,rastrigin,103,7200,42.55571567833561
simulated_annealing,rastrigin,103,7300,42.55571567833561
simulated_annealing,rastrigin,103,7400,42.55571567833561
simulated_annealing,rastrigin,103,7500,42.55571567833561
simulated_annealing,rastrigin,103,7600,42.55571567833561
simulated_annealing,rastrigin,103,7700,42.55571567833561
simulated_annealing,rastrigin,103,7800,42.55571567833561
simulated_annealing,rastrigin,103,7900,42.55571567833561
simulated_annealing,rastrigin,103,8000,42.55571567833561
simulated_annealing,rastrigin,103,8100,42.55571567833561
simulated_annealing,rastrigin,103,8200,42.55571567833561
simulated_annealing,rastrigin,103,8300,42.55571567833561
simulated_annealing,rastrigin,103,8400,42.55571567833561
simulated_annealing,rastrigin,103,8500,42.55571567833561
simulated_annealing,rastrigin,103,8600,42.55571567833561
simulated_annealing,rastrigin,103,8700,42.55571567833561
simulated_annealing,rastrigin,103,8800,42.55571567833561
simulated_annealing,rastrigin,103,8900,42.55571567833561
simulated_annealing,rastrigin,103,9000,42.55571567833561
simulated_annealing,rastrigin,103,9100,42.55571567833561
simulated_annealing,rastrigin,103,9200,42.55571567833561
simulated_annealing,rastrigin,103,9300,42.55571567833561
simulated_annealing,rastrigin,103,9400,42.55571567833561
simulated_annealing,rastrigin,103,9500,42.55571567833561
simulated_annealing,rastrigin,103,9600,42.55571567833561
simulated_annealing,rastrigin,103,9700,42.55571567833561
simulated_annealing,rastrigin,103,9800,42.55571567833561
simulated_annealing,rastrigin,103,9900,42.55571567833561
simulated_annealing,rastrigin,103,10000,42.55571567833561
simulated_annealing,rastrigin,103,10100,42.55571567833561
simulated_annealing,rastrigin,103,10200,42.55571567833561
simulated_annealing,rastrigin,103,10300,42.55571567833561
simulated_annealing,rastrigin,103,10400,42.55571567833561
simulated_annealing,rastrigin,103,10500,42.55571567833561
simulated_annealing,rastrigin,103,10600,42.55571567833561
simulated_annealing,rastrigin,103,10700,42.55571567833561
simulated_annealing,rastrigin,103,10800,42.55571567833561
simulated_annealing,rastrigin,103,10900,42.55571567833561
simulated_annealing,rastrigin,103,11000,42.55571567833561
simulated_annealing,rastrigin,103,11100,42.55571567833561
simulated_annealing,rastrigin,103,11200,42.55571567833561
simulated_annealing,rastrigin,103,11300,42.55571567833561
simulated_annealing,rastrigin,103,11400,42.55571567833561
simulated_annealing,rastrigin,103,11500,42.55571567833561
simulated_annealing,rastrigin,103,11600,42.55571567833561
simulated_annealing,rastrigin,103,11700,42.55571567833561
simulated_annealing,rastrigin,103,11800,42.55571567833561
simulated_annealing,rastrigin,103,11900,42.55571567833561
simulated_annealing,rastrigin,103,12000,42.55571567833561
simulated_annealing,rastrigin,103,12100,42.55571567833561
simulated_annealing,rastrigin,103,12200,42.55571567833561
simulated_annealing,rastrigin,103,12300,42.55571567833561
simulated_annealing,rastrigin,103,12400,42.55571567833561
simulated_annealing,rastrigin,103,12500,42.55571567833561
simulated_annealing,rastrigin,103,12600,42.55571567833561
simulated_annealing,rastrigin,103,12700,42.55571567833561
simulated_annealing,rastrigin,103,12800,42.55571567833561
simulated_annealing,rastrigin,103,12900,42.55571567833561
simulated_annealing,rastrigin,103,13000,42.55571567833561
simulated_annealing,rastrigin,103,13100,42.55571567833561
simulated_annealing,rastrigin,103,13200,42.55571567833561
simulated_annealing,rastrigin,103,13300,42.55571567833561
simulated_annealing,rastrigin,103,13400,42.55571567833561
simulated_annealing,rastrigin,103,13500,42.55571567833561
simulated_annealing,rastrigin,103,13600,42.55571567833561
simulated_annealing,rastrigin,103,13700,42.55571567833561
simulated_annealing,rastrigin,103,13800,42.55571567833561
simulated_annealing,rastrigin,103,13900,42.55571567833561
simulated_annealing,rastrigin,103,14000,42.55571567833561
simulated_annealing,rastrigin,103,14100,42.55571567833561
simulated_annealing,rastrigin,103,14200,42.55571567833561
simulated_annealing,rastrigin,103,14300,42.55571567833561
simulated_annealing,rastrigin,103,14400,42.55571567833561
simulated_annealing,rastrigin,103,14500,42.55571567833561
simulated_annealing,rastrigin,103,14600,42.55571567833561
simulated_annealing,rastrigin,103,14700,42.55571567833561
simulated_annealing,rastrigin,103,14800,42.55571567833561
simulated_annealing,rastrigin,103,14900,42.55571567833561
simulated_annealing,rastrigin,103,15000,42.55571567833561
simulated_annealing,rastrigin,103,15100,42.55571567833561
simulated_annealing,rastrigin,103,15200,42.55571567833561
simulated_annealing,rastrigin,103,15300,42.55571567833561
simulated_annealing,rastrigin,103,15400,42.55571567833561
simulated_annealing,rastrigin,103,15500,42.55571567833561
simulated_annealing,rastrigin,103,15600,42.55571567833561
simulated_annealing,rastrigin,103,15700,42.55571567833561
simulated_annealing,rastrigin,103,15800,42.55571567833561
simulated_annealing,rastrigin,103,15900,42.55571567833561
simulated_annealing,rastrigin,103,16000,42.55571567833561
simulated_annealing,rastrigin,103,16100,42.55571567833561
simulated_annealing,rastrigin,103,16200,42.55571567833561
simulated_annealing,rastrigin,103,16300,42.55571567833561
simulated_annealing,rastrigin,103,16400,42.55571567833561
simulated_annealing,rastrigin,103,16500,42.55571567833561
simulated_annealing,rastrigin,103,16600,42.55571567833561
simulated_annealing,rastrigin,103,16700,42.55571567833561
simulated_annealing,rastrigin,103,16800,42.55571567833561
simulated_annealing,rastrigin,103,16900,42.55571567833561
simulated_annealing,rastrigin,103,17000,42.55571567833561
simulated_annealing,rastrigin,103,17100,42.55571567833561
simulated_annealing,rastrigin,103,17200,42.55571567833561
simulated_annealing,rastrigin,103,17300,42.55571567833561
simulated_annealing,rastrigin,103,17400,42.55571567833561
simulated_annealing,rastrigin,103,17500,42.55571567833561
simulated_annealing,rastrigin,103,17600,42.55571567833561
simulated_annealing,rastrigin,103,17700,42.55571567833561
simulated_annealing,rastrigin,103,17800,42.55571567833561
simulated_annealing,rastrigin,103,17900,42.55571567833561
simulated_annealing,rastrigin,103,18000,42.55571567833561
simulated_annealing,rastrigin,103,18100,42.55571567833561
simulated_annealing,rastrigin,103,18200,42.55571567833561
simulated_annealing,rastrigin,103,18300,42.55571567833561
simulated_annealing,rastrigin,103,18400,42.55571567833561
simulated_annealing,rastrigin,103,18500,42.55571567833561
simulated_annealing,rastrigin,103,18600,42.55571567833561
simulated_annealing,rastrigin,103,18700,42.55571567833561
simulated_annealing,rastrigin,103,18800,42.55571567833561
simulated_annealing,rastrigin,103,18900,42.55571567833561
simulated_annealing,rastrigin,103,19000,42.55571567833561
simulated_annealing,rastrigin,103,19100,42.55571567833561
simulated_annealing,rastrigin,103,19200,42.55571567833561
simulated_annealing,rastrigin,103,19300,42.55571567833561
simulated_annealing,rastrigin,103,19400,42.55571567833561
simulated_annealing,rastrigin,103,19500,42.55571567833561
simulated_annealing,rastrigin,103,19600,42.55571567833561
simulated_annealing,rastrigin,103,19700,42.55571567833561
simulated_annealing,rastrigin,103,19800,42.55571567833561
simulated_annealing,rastrigin,103,19900,42.55571567833561
simulated_annealing,rastrigin,103,20000,42.55571567833561
simulated_annealing,rastrigin,104,100,97.86121561998718
simulated_annealing,rastrigin,104,200,97.86121561998718
simulated_annealing,rastrigin,104,300,97.86121561998718
simulated_annealing,rastrigin,104,400,97.86121561998718
simulated_annealing,rastrigin,104,500,97.86121561998718
simulated_annealing,rastrigin,104,600,97.86121561998718
simulated_annealing,rastrigin,104,700,97.86121561998718
simulated_annealing,rastrigin,104,800,83.31668752130145
simulated_annealing,rastrigin,104,900,83.31668752130145
simulated_annealing,rastrigin,104,1000,83.31668752130145
simulated_annealing,rastrigin,104,1100,83.31668752130145
simulated_annealing,rastrigin,104,1200,83.31668752130145
simulated_annealing,rastrigin,104,1300,83.31668752130145
simulated_annealing,rastrigin,104,1400,83.31668752130145
simulated_annealing,rastrigin,104,1500,83.31668752130145
simulated_annealing,rastrigin,104,1600,83.31668752130145
simulated_annealing,rastrigin,104,1700,83.31668752130145
simulated_annealing,rastrigin,104,1800,83.31668752130145
simulated_annealing,rastrigin,104,1900,83.31668752130145
simulated_annealing,rastrigin,104,2000,83.31668752130145
simulated_annealing,rastrigin,104,2100,72.91464234871077
simulated_annealing,rastrigin,104,2200,71.32748578639361
simulated_annealing,rastrigin,104,2300,71.32748578639361
simulated_annealing,rastrigin,104,2400,71.32748578639361
simulated_annealing,rastrigin,104,2500,68.6101090671925
simulated_annealing,rastrigin,104,2600,53.52361403231104
simulated_annealing,rastrigin,104,2700,53.52361403231104
simulated_annealing,rastrigin,104,2800,51.08899323392957
simulated_annealing,rastrigin,104,2900,51.08899323392957
simulated_annealing,rastrigin,104,3000,51.08899323392957
simulated_annealing,rastrigin,104,3100,51.08899323392957
simulated_annealing,rastrigin,104,3200,51.08899323392957
simulated_annealing,rastrigin,104,3300,51.08899323392957
simulated_annealing,rastrigin,104,3400,51.08899323392957
simulated_annealing,rastrigin,104,3500,51.08899323392957
simulated_annealing,rastrigin,104,3600,51.08899323392957
simulated_annealing,rastrigin,104,3700,51.08899323392957
simulated_annealing,rastrigin,104,3800,51.08899323392957
simulated_annealing,rastrigin,104,3900,51.08899323392957
simulated_annealing,rastrigin,104,4000,51.08899323392957
simulated_annealing,rastrigin,104,4100,51.08899323392957
simulated_annealing,rastrigin,104,4200,51.08899323392957
simulated_annealing,rastrigin,104,4300,51.08899323392957
simulated_annealing,rastrigin,104,4400,51.08899323392957
simulated_annealing,rastrigin,104,4500,51.08899323392957
simulated_annealing,rastrigin,104,4600,51.08899323392957
simulated_annealing,rastrigin,104,4700,51.08899323392957
simulated_annealing,rastrigin,104,4800,51.08899323392957
simulated_annealing,rastrigin,104,4900,51.08899323392957
simulated_annealing,rastrigin,104,5000,51.08899323392957
simulated_annealing,rastrigin,104,5100,51.08899323392957
simulated_annealing,rastrigin,104,5200,51.08899323392957
simulated_annealing,rastrigin,104,5300,51.08899323392957
simulated_annealing,rastrigin,104,5400,51.08899323392957
simulated_annealing,rastrigin,104,5500,51.08899323392957
simulated_annealing,rastrigin,104,5600,51.08899323392957
simulated_annealing,rastrigin,104,5700,51.08899323392957
simulated_annealing,rastrigin,104,5800,51.08899323392957
simulated_annealing,rastrigin,104,5900,51.08899323392957
simulated_annealing,rastrigin,104,6000,51.08899323392957
simulated_annealing,rastrigin,104,6100,51.08899323392957
simulated_annealing,rastrigin,104,6200,51.08899323392957
simulated_annealing,rastrigin,104,6300,51.08899323392957
simulated_annealing,rastrigin,104,6400,51.08899323392957
simulated_annealing,rastrigin,104,6500,51.08899323392957
simulated_annealing,rastrigin,104,6600,51.08899323392957
simulated_annealing,rastrigin,104,6700,51.08899323392957
simulated_annealing,rastrigin,104,6800,51.08899323392957
simulated_annealing,rastrigin,104,6900,51.08899323392957
simulated_annealing,rastrigin,104,7000,51.08899323392957
simulated_annealing,rastrigin,104,7100,51.08899323392957
simulated_annealing,rastrigin,104,7200,51.08899323392957
simulated_annealing,rastrigin,104,7300,51.08899323392957
simulated_annealing,rastrigin,104,7400,51.08899323392957
simulated_annealing,rastrigin,104,7500,51.08899323392957
simulated_annealing,rastrigin,104,7600,51.08899323392957
simulated_annealing,rastrigin,104,7700,51.08899323392957
simulated_annealing,rastrigin,104,7800,51.08899323392957
simulated_annealing,rastrigin,104,7900,51.08899323392957
simulated_annealing,rastrigin,104,8000,51.08899323392957
simulated_annealing,rastrigin,104,8100,51.08899323392957
simulated_annealing,rastrigin,104,8200,51.08899323392957
simulated_annealing,rastrigin,104,8300,51.08899323392957
simulated_annealing,rastrigin,104,8400,51.08899323392957
simulated_annealing,rastrigin,104,8500,51.08899323392957
simulated_annealing,rastrigin,104,8600,51.08899323392957
simulated_annealing,rastrigin,104,8700,51.08899323392957
simulated_annealing,rastrigin,104,8800,50.60568691887574
simulated_annealing,rastrigin,104,8900,50.60568691887574
simulated_annealing,rastrigin,104,9000,50.60568691887574
simulated_annealing,rastrigin,104,9100,50.60568691887574
simulated_annealing,rastrigin,104,9200,50.60568691887574
simulated_annealing,rastrigin,104,9300,50.60568691887574
simulated_annealing,rastrigin,104,9400,50.60568691887574
simulated_annealing,rastrigin,104,9500,50.60568691887574
simulated_annealing,rastrigin,104,9600,50.60568691887574
simulated_annealing,rastrigin,104,9700,50.60568691887574
simulated_annealing,rastrigin,104,9800,50.60568691887574
simulated_annealing,rastrigin,104,9900,50.60568691887574
simulated_annealing,rastrigin,104,10000,50.60568691887574
simulated_annealing,rastrigin,104,10100,50.60568691887574
simulated_annealing,rastrigin,104,10200,50.60568691887574
simulated_annealing,rastrigin,104,10300,50.60568691887574
simulated_annealing,rastrigin,104,10400,50.60568691887574
simulated_annealing,rastrigin,104,10500,50.60568691887574
simulated_annealing,rastrigin,104,10600,50.60568691887574
simulated_annealing,rastrigin,104,10700,50.60568691887574
simulated_annealing,rastrigin,104,10800,50.60568691887574
simulated_annealing,rastrigin,104,10900,50.60568691887574
simulated_annealing,rastrigin,104,11000,50.60568691887574
simulated_annealing,rastrigin,104,11100,50.60568691887574
simulated_annealing,rastrigin,104,11200,41.40323861695555
simulated_annealing,rastrigin,104,11300,41.40323861695555
simulated_annealing,rastrigin,104,11400,41.40323861695555
simulated_annealing,rastrigin,104,11500,41.40323861695555
simulated_annealing,rastrigin,104,11600,41.40323861695555
simulated_annealing,rastrigin,104,11700,41.40323861695555
simulated_annealing,rastrigin,104,11800,41.40323861695555
simulated_annealing,rastrigin,104,11900,41.40323861695555
simulated_annealing,rastrigin,104,12000,41.40323861695555
simulated_annealing,rastrigin,104,12100,41.40323861695555
simulated_annealing,rastrigin,104,12200,41.40323861695555
simulated_annealing,rastrigin,104,12300,41.40323861695555
simulated_annealing,rastrigin,104,12400,41.40323861695555
simulated_annealing,rastrigin,104,12500,41.40323861695555
simulated_annealing,rastrigin,104,12600,41.40323861695555
simulated_annealing,rastrigin,104,12700,41.40323861695555
simulated_annealing,rastrigin,104,12800,41.40323861695555
simulated_annealing,rastrigin,104,12900,41.40323861695555
simulated_annealing,rastrigin,104,13000,41.40323861695555
simulated_annealing,rastrigin,104,13100,41.40323861695555
simulated_annealing,rastrigin,104,13200,41.40323861695555
simulated_annealing,rastrigin,104,13300,41.40323861695555
simulated_annealing,rastrigin,104,13400,41.40323861695555
simulated_annealing,rastrigin,104,13500,41.40323861695555
simulated_annealing,rastrigin,104,13600,41.40323861695555
simulated_annealing,rastrigin,104,13700,41.40323861695555
simulated_annealing,rastrigin,104,13800,41.40323861695555
simulated_annealing,rastrigin,104,13900,41.40323861695555
simulated_annealing,rastrigin,104,14000,41.40323861695555
simulated_annealing,rastrigin,104,14100,41.40323861695555
simulated_annealing,rastrigin,104,14200,41.40323861695555
simulated_annealing,rastrigin,104,14300,41.40323861695555
simulated_annealing,rastrigin,104,14400,41.40323861695555
simulated_annealing,rastrigin,104,14500,41.23453082103789
simulated_annealing,rastrigin,104,14600,41.23453082103789
simulated_annealing,rastrigin,104,14700,41.23453082103789
simulated_annealing,rastrigin,104,14800,41.23453082103789
simulated_annealing,rastrigin,104,14900,41.23453082103789
simulated_annealing,rastrigin,104,15000,41.23453082103789
simulated_annealing,rastrigin,104,15100,41.23453082103789
simulated_annealing,rastrigin,104,15200,41.23453082103789
simulated_annealing,rastrigin,104,15300,41.23453082103789
simulated_annealing,rastrigin,104,15400,41.23453082103789
simulated_annealing,rastrigin,104,15500,41.23453082103789
simulated_annealing,rastrigin,104,15600,41.23453082103789
simulated_annealing,rastrigin,104,15700,41.23453082103789
simulated_annealing,rastrigin,104,15800,41.23453082103789
simulated_annealing,rastrigin,104,15900,41.23453082103789
simulated_annealing,rastrigin,104,16000,41.23453082103789
simulated_annealing,rastrigin,104,16100,41.23453082103789
simulated_annealing,rastrigin,104,16200,41.23453082103789
simulated_annealing,rastrigin,104,16300,41.23453082103789
simulated_annealing,rastrigin,104,16400,41.23453082103789
simulated_annealing,rastrigin,104,16500,41.23453082103789
simulated_annealing,rastrigin,104,16600,41.23453082103789
simulated_annealing,rastrigin,104,16700,41.23453082103789
simulated_annealing,rastrigin,104,16800,41.23453082103789
simulated_annealing,rastrigin,104,16900,41.23453082103789
simulated_annealing,rastrigin,104,17000,41.23453082103789
simulated_annealing,rastrigin,104,17100,41.23453082103789
simulated_annealing,rastrigin,104,17200,41.23453082103789
simulated_annealing,rastrigin,104,17300,41.23453082103789
simulated_annealing,rastrigin,104,17400,41.23453082103789
simulated_annealing,rastrigin,104,17500,41.23453082103789
simulated_annealing,rastrigin,104,17600,41.23453082103789
simulated_annealing,rastrigin,104,17700,41.23453082103789
simulated_annealing,rastrigin,104,17800,41.23453082103789
simulated_annealing,rastrigin,104,17900,41.23453082103789
simulated_annealing,rastrigin,104,18000,41.23453082103789
simulated_annealing,rastrigin,104,18100,41.23453082103789
simulated_annealing,rastrigin,104,18200,41.23453082103789
simulated_annealing,rastrigin,104,18300,41.23453082103789
simulated_annealing,rastrigin,104,18400,41.23453082103789
simulated_annealing,rastrigin,104,18500,41.23453082103789
simulated_annealing,rastrigin,104,18600,41.23453082103789
simulated_annealing,rastrigin,104,18700,41.23453082103789
simulated_annealing,rastrigin,104,18800,41.23453082103789
simulated_annealing,rastrigin,104,18900,41.23453082103789
simulated_annealing,rastrigin,104,19000,41.23453082103789
simulated_annealing,rastrigin,104,19100,41.23453082103789
simulated_annealing,rastrigin,104,19200,41.23453082103789
simulated_annealing,rastrigin,104,19300,41.23453082103789
simulated_annealing,rastrigin,104,19400,41.23453082103789
simulated_annealing,rastrigin,104,19500,41.23453082103789
simulated_annealing,rastrigin,104,19600,41.23453082103789
simulated_annealing,rastrigin,104,19700,41.23453082103789
simulated_annealing,rastrigin,104,19800,41.23453082103789
simulated_annealing,rastrigin,104,19900,41.23453082103789
simulated_annealing,rastrigin,104,20000,41.23453082103789
simulated_annealing,rastrigin,105,100,112.05844115467454
simulated_annealing,rastrigin,105,200,112.05844115467454
simulated_annealing,rastrigin,105,300,112.05844115467454
simulated_annealing,rastrigin,105,400,105.68191179379065
simulated_annealing,rastrigin,105,500,105.68191179379065
simulated_annealing,rastrigin,105,600,105.68191179379065
simulated_annealing,rastrigin,105,700,105.68191179379065
simulated_annealing,rastrigin,105,800,105.68191179379065
simulated_annealing,rastrigin,105,900,105.68191179379065
simulated_annealing,rastrigin,105,1000,105.68191179379065
simulated_annealing,rastrigin,105,1100,88.2740281868942
simulated_annealing,rastrigin,105,1200,88.2740281868942
simulated_annealing,rastrigin,105,1300,88.2740281868942
simulated_annealing,rastrigin,105,1400,88.2740281868942
simulated_annealing,rastrigin,105,1500,88.2740281868942
simulated_annealing,rastrigin,105,1600,88.2740281868942
simulated_annealing,rastrigin,105,1700,88.2740281868942
simulated_annealing,rastrigin,105,1800,88.2740281868942
simulated_annealing,rastrigin,105,1900,88.2740281868942
simulated_annealing,rastrigin,105,2000,88.2740281868942
simulated_annealing,rastrigin,105,2100,88.2740281868942
simulated_annealing,rastrigin,105,2200,88.2740281868942
simulated_annealing,rastrigin,105,2300,88.2740281868942
simulated_annealing,rastrigin,105,2400,88.2740281868942
simulated_annealing,rastrigin,105,2500,88.2740281868942
simulated_annealing,rastrigin,105,2600,88.2740281868942
simulated_annealing,rastrigin,105,2700,88.2740281868942
simulated_annealing,rastrigin,105,2800,72.20152012618894
simulated_annealing,rastrigin,105,2900,72.20152012618894
simulated_annealing,rastrigin,105,3000,72.20152012618894
simulated_annealing,rastrigin,105,3100,58.08283693837939
simulated_annealing,rastrigin,105,3200,58.08283693837939
simulated_annealing,rastrigin,105,3300,58.08283693837939
simulated_annealing,rastrigin,105,3400,58.08283693837939
simulated_annealing,rastrigin,105,3500,58.08283693837939
simulated_annealing,rastrigin,105,3600,58.08283693837939
simulated_annealing,rastrigin,105,3700,58.08283693837939
simulated_annealing,rastrigin,105,3800,58.08283693837939
simulated_annealing,rastrigin,105,3900,58.08283693837939
simulated_annealing,rastrigin,105,4000,58.08283693837939
simulated_annealing,rastrigin,105,4100,58.08283693837939
simulated_annealing,rastrigin,105,4200,58.08283693837939
simulated_annealing,rastrigin,105,4300,58.08283693837939
simulated_annealing,rastrigin,105,4400,58.08283693837939
simulated_annealing,rastrigin,105,4500,58.08283693837939
simulated_annealing,rastrigin,105,4600,58.08283693837939
simulated_annealing,rastrigin,105,4700,58.08283693837939
simulated_annealing,rastrigin,105,4800,58.08283693837939
simulated_annealing,rastrigin,105,4900,58.08283693837939
simulated_annealing,rastrigin,105,5000,58.08283693837939
simulated_annealing,rastrigin,105,5100,58.08283693837939
simulated_annealing,rastrigin,105,5200,56.471019678250315
simulated_annealing,rastrigin,105,5300,56.471019678250315
simulated_annealing,rastrigin,105,5400,56.471019678250315
simulated_annealing,rastrigin,105,5500,56.471019678250315
simulated_annealing,rastrigin,105,5600,56.471019678250315
simulated_annealing,rastrigin,105,5700,56.471019678250315
simulated_annealing,rastrigin,105,5800,56.471019678250315
simulated_annealing,rastrigin,105,5900,56.471019678250315
simulated_annealing,rastrigin,105,6000,56.471019678250315
simulated_annealing,rastrigin,105,6100,51.54496375264382
simulated_annealing,rastrigin,105,6200,51.54496375264382
simulated_annealing,rastrigin,105,6300,51.54496375264382
simulated_annealing,rastrigin,105,6400,51.54496375264382
simulated_annealing,rastrigin,105,6500,51.54496375264382
simulated_annealing,rastrigin,105,6600,51.54496375264382
simulated_annealing,rastrigin,105,6700,51.54496375264382
simulated_annealing,rastrigin,105,6800,51.54496375264382
simulated_annealing,rastrigin,105,6900,51.54496375264382
simulated_annealing,rastrigin,105,7000,51.54496375264382
simulated_annealing,rastrigin,105,7100,51.54496375264382
simulated_annealing,rastrigin,105,7200,51.54496375264382
simulated_annealing,rastrigin,105,7300,51.54496375264382
simulated_annealing,rastrigin,105,7400,51.54496375264382
simulated_annealing,rastrigin,105,7500,51.54496375264382
simulated_annealing,rastrigin,105,7600,51.54496375264382
simulated_annealing,rastrigin,105,7700,51.54496375264382
simulated_annealing,rastrigin,105,7800,51.54496375264382
simulated_annealing,rastrigin,105,7900,51.54496375264382
simulated_annealing,rastrigin,105,8000,51.54496375264382
simulated_annealing,rastrigin,105,8100,50.68585084417258
simulated_annealing,rastrigin,105,8200,50.68585084417258
simulated_annealing,rastrigin,105,8300,50.68585084417258
simulated_annealing,rastrigin,105,8400,50.68585084417258
simulated_annealing,rastrigin,105,8500,50.68585084417258
simulated_annealing,rastrigin,105,8600,50.68585084417258
simulated_annealing,rastrigin,105,8700,50.68585084417258
simulated_annealing,rastrigin,105,8800,50.68585084417258
simulated_annealing,rastrigin,105,8900,50.68585084417258
simulated_annealing,rastrigin,105,9000,50.68585084417258
simulated_annealing,rastrigin,105,9100,50.68585084417258
simulated_annealing,rastrigin,105,9200,50.68585084417258
simulated_annealing,rastrigin,105,9300,50.68585084417258
simulated_annealing,rastrigin,105,9400,50.68585084417258
simulated_annealing,rastrigin,105,9500,50.68585084417258
simulated_annealing,rastrigin,105,9600,50.68585084417258
simulated_annealing,rastrigin,105,9700,50.68585084417258
simulated_annealing,rastrigin,105,9800,50.68585084417258
simulated_annealing,rastrigin,105,9900,50.68585084417258
simulated_annealing,rastrigin,105,10000,50.68585084417258
simulated_annealing,rastrigin,105,10100,50.68585084417258
simulated_annealing,rastrigin,105,10200,50.68585084417258
simulated_annealing,rastrigin,105,10300,50.68585084417258
simulated_annealing,rastrigin,105,10400,50.68585084417258
simulated_annealing,rastrigin,105,10500,50.68585084417258
simulated_annealing,rastrigin,105,10600,50.68585084417258
simulated_annealing,rastrigin,105,10700,50.68585084417258
simulated_annealing,rastrigin,105,10800,50.68585084417258
simulated_annealing,rastrigin,105,10900,50.68585084417258
simulated_annealing,rastrigin,105,11000,50.68585084417258
simulated_annealing,rastrigin,105,11100,50.68585084417258
simulated_annealing,rastrigin,105,11200,50.68585084417258
simulated_annealing,rastrigin,105,11300,50.68585084417258
simulated_annealing,rastrigin,105,11400,50.68585084417258
simulated_annealing,rastrigin,105,11500,50.68585084417258
simulated_annealing,rastrigin,105,11600,50.68585084417258
simulated_annealing,rastrigin,105,11700,50.68585084417258
simulated_annealing,rastrigin,105,11800,50.68585084417258
simulated_annealing,rastrigin,105,11900,50.68585084417258
simulated_annealing,rastrigin,105,12000,50.68585084417258
simulated_annealing,rastrigin,105,12100,50.68585084417258
simulated_annealing,rastrigin,105,12200,50.68585084417258
simulated_annealing,rastrigin,105,12300,50.68585084417258
simulated_annealing,rastrigin,105,12400,50.68585084417258
simulated_annealing,rastrigin,105,12500,50.68585084417258
simulated_annealing,rastrigin,105,12600,50.68585084417258
simulated_annealing,rastrigin,105,12700,50.68585084417258
simulated_annealing,rastrigin,105,12800,50.68585084417258
simulated_annealing,rastrigin,105,12900,50.68585084417258
simulated_annealing,rastrigin,105,13000,50.68585084417258
simulated_annealing,rastrigin,105,13100,50.68585084417258
simulated_annealing,rastrigin,105,13200,50.68585084417258
simulated_annealing,rastrigin,105,13300,50.68585084417258
simulated_annealing,rastrigin,105,13400,50.68585084417258
simulated_annealing,rastrigin,105,13500,50.68585084417258
simulated_annealing,rastrigin,105,13600,50.68585084417258
simulated_annealing,rastrigin,105,13700,50.68585084417258
simulated_annealing,rastrigin,105,13800,50.68585084417258
simulated_annealing,rastrigin,105,13900,50.68585084417258
simulated_annealing,rastrigin,105,14000,50.68585084417258
simulated_annealing,rastrigin,105,14100,50.68585084417258
simulated_annealing,rastrigin,105,14200,50.68585084417258
simulated_annealing,rastrigin,105,14300,50.68585084417258
simulated_annealing,rastrigin,105,14400,50.68585084417258
simulated_annealing,rastrigin,105,14500,50.68585084417258
simulated_annealing,rastrigin,105,14600,50.68585084417258
simulated_annealing,rastrigin,105,14700,50.68585084417258
simulated_annealing,rastrigin,105,14800,50.68585084417258
simulated_annealing,rastrigin,105,14900,50.68585084417258
simulated_annealing,rastrigin,105,15000,49.24463730158794
simulated_annealing,rastrigin,105,15100,49.24463730158794
simulated_annealing,rastrigin,105,15200,49.24463730158794
simulated_annealing,rastrigin,105,15300,49.24463730158794
simulated_annealing,rastrigin,105,15400,49.24463730158794
simulated_annealing,rastrigin,105,15500,49.24463730158794
simulated_annealing,rastrigin,105,15600,49.24463730158794
simulated_annealing,rastrigin,105,15700,49.24463730158794
simulated_annealing,rastrigin,105,15800,49.24463730158794
simulated_annealing,rastrigin,105,15900,49.24463730158794
simulated_annealing,rastrigin,105,16000,49.24463730158794
simulated_annealing,rastrigin,105,16100,49.24463730158794
simulated_annealing,rastrigin,105,16200,49.24463730158794
simulated_annealing,rastrigin,105,16300,49.24463730158794
simulated_annealing,rastrigin,105,16400,38.09178616336574
simulated_annealing,rastrigin,105,16500,38.09178616336574
simulated_annealing,rastrigin,105,16600,38.09178616336574
simulated_annealing,rastrigin,105,16700,38.09178616336574
simulated_annealing,rastrigin,105,16800,38.09178616336574
simulated_annealing,rastrigin,105,16900,38.09178616336574
simulated_annealing,rastrigin,105,17000,38.09178616336574
simulated_annealing,rastrigin,105,17100,38.09178616336574
simulated_annealing,rastrigin,105,17200,38.09178616336574
simulated_annealing,rastrigin,105,17300,38.09178616336574
simulated_annealing,rastrigin,105,17400,38.09178616336574
simulated_annealing,rastrigin,105,17500,38.09178616336574
simulated_annealing,rastrigin,105,17600,38.09178616336574
simulated_annealing,rastrigin,105,17700,38.09178616336574
simulated_annealing,rastrigin,105,17800,38.09178616336574
simulated_annealing,rastrigin,105,17900,38.09178616336574
simulated_annealing,rastrigin,105,18000,38.09178616336574
simulated_annealing,rastrigin,105,18100,38.09178616336574
simulated_annealing,rastrigin,105,18200,38.09178616336574
simulated_annealing,rastrigin,105,18300,38.09178616336574
simulated_annealing,rastrigin,105,18400,38.09178616336574
simulated_annealing,rastrigin,105,18500,38.09178616336574
simulated_annealing,rastrigin,105,18600,38.09178616336574
simulated_annealing,rastrigin,105,18700,38.09178616336574
simulated_annealing,rastrigin,105,18800,38.09178616336574
simulated_annealing,rastrigin,105,18900,38.09178616336574
simulated_annealing,rastrigin,105,19000,38.09178616336574
simulated_annealing,rastrigin,105,19100,38.09178616336574
simulated_annealing,rastrigin,105,19200,38.09178616336574
simulated_annealing,rastrigin,105,19300,38.09178616336574
simulated_annealing,rastrigin,105,19400,38.09178616336574
simulated_annealing,rastrigin,105,19500,38.09178616336574
simulated_annealing,rastrigin,105,19600,38.09178616336574
simulated_annealing,rastrigin,105,19700,38.09178616336574
simulated_annealing,rastrigin,105,19800,38.09178616336574
simulated_annealing,rastrigin,105,19900,38.09178616336574
simulated_annealing,rastrigin,105,20000,38.09178616336574
simulated_annealing,rastrigin,106,100,126.1889921526223
simulated_annealing,rastrigin,106,200,126.1889921526223
simulated_annealing,rastrigin,106,300,126.1889921526223
simulated_annealing,rastrigin,106,400,114.41466140412382
simulated_annealing,rastrigin,106,500,114.41466140412382
simulated_annealing,rastrigin,106,600,114.41466140412382
simulated_annealing,rastrigin,106,700,114.41466140412382
simulated_annealing,rastrigin,106,800,105.32028245836834
simulated_annealing,rastrigin,106,900,105.32028245836834
simulated_annealing,rastrigin,106,1000,105.32028245836834
simulated_annealing,rastrigin,106,1100,105.32028245836834
simulated_annealing,rastrigin,106,1200,99.71189480606196
simulated_annealing,rastrigin,106,1300,99.71189480606196
simulated_annealing,rastrigin,106,1400,74.55169130524504
simulated_annealing,rastrigin,106,1500,74.55169130524504
simulated_annealing,rastrigin,106,1600,74.55169130524504
simulated_annealing,rastrigin,106,1700,74.55169130524504
simulated_annealing,rastrigin,106,1800,74.55169130524504
simulated_annealing,rastrigin,106,1900,74.55169130524504
simulated_annealing,rastrigin,106,2000,74.55169130524504
simulated_annealing,rastrigin,106,2100,74.55169130524504
simulated_annealing,rastrigin,106,2200,73.01502838157482
simulated_annealing,rastrigin,106,2300,73.01502838157482
simulated_annealing,rastrigin,106,2400,73.01502838157482
simulated_annealing,rastrigin,106,2500,73.01502838157482
simulated_annealing,rastrigin,106,2600,73.01502838157482
simulated_annealing,rastrigin,106,2700,73.01502838157482
simulated_annealing,rastrigin,106,2800,73.01502838157482
simulated_annealing,rastrigin,106,2900,73.01502838157482
simulated_annealing,rastrigin,106,3000,73.01502838157482
simulated_annealing,rastrigin,106,3100,73.01502838157482
simulated_annealing,rastrigin,106,3200,73.01502838157482
simulated_annealing,rastrigin,106,3300,73.01502838157482
simulated_annealing,rastrigin,106,3400,73.01502838157482
simulated_annealing,rastrigin,106,3500,73.01502838157482
simulated_annealing,rastrigin,106,3600,73.01502838157482
simulated_annealing,rastrigin,106,3700,73.01502838157482
simulated_annealing,rastrigin,106,3800,73.01502838157482
simulated_annealing,rastrigin,106,3900,73.01502838157482
simulated_annealing,rastrigin,106,4000,73.01502838157482
simulated_annealing,rastrigin,106,4100,73.01502838157482
simulated_annealing,rastrigin,106,4200,73.01502838157482
simulated_annealing,rastrigin,106,4300,73.01502838157482
simulated_annealing,rastrigin,106,4400,73.01502838157482
simulated_annealing,rastrigin,106,4500,73.01502838157482
simulated_annealing,rastrigin,106,4600,73.01502838157482
simulated_annealing,rastrigin,106,4700,73.01502838157482
simulated_annealing,rastrigin,106,4800,73.01502838157482
simulated_annealing,rastrigin,106,4900,73.01502838157482
simulated_annealing,rastrigin,106,5000,62.792338396629496
simulated_annealing,rastrigin,106,5100,62.792338396629496
simulated_annealing,rastrigin,106,5200,62.792338396629496
simulated_annealing,rastrigin,106,5300,62.792338396629496
simulated_annealing,rastrigin,106,5400,62.792338396629496
simulated_annealing,rastrigin,106,5500,62.792338396629496
simulated_annealing,rastrigin,106,5600,62.792338396629496
simulated_annealing,rastrigin,106,5700,62.792338396629496
simulated_annealing,rastrigin,106,5800,62.792338396629496
simulated_annealing,rastrigin,106,5900,62.792338396629496
simulated_annealing,rastrigin,106,6000,62.792338396629496
simulated_annealing,rastrigin,106,6100,54.424519157380395
simulated_annealing,rastrigin,106,6200,54.424519157380395
simulated_annealing,rastrigin,106,6300,54.424519157380395
simulated_annealing,rastrigin,106,6400,54.424519157380395
simulated_annealing,rastrigin,106,6500,54.424519157380395
simulated_annealing,rastrigin,106,6600,54.424519157380395
simulated_annealing,rastrigin,106,6700,54.424519157380395
simulated_annealing,rastrigin,106,6800,54.424519157380395
simulated_annealing,rastrigin,106,6900,54.424519157380395
simulated_annealing,rastrigin,106,7000,54.424519157380395
simulated_annealing,rastrigin,106,7100,54.424519157380395
simulated_annealing,rastrigin,106,7200,54.424519157380395
simulated_annealing,rastrigin,106,7300,54.424519157380395
simulated_annealing,rastrigin,106,7400,54.424519157380395
simulated_annealing,rastrigin,106,7500,50.0408765233702
simulated_annealing,rastrigin,106,7600,50.0408765233702
simulated_annealing,rastrigin,106,7700,50.0408765233702
simulated_annealing,rastrigin,106,7800,50.0408765233702
simulated_annealing,rastrigin,106,7900,50.0408765233702
simulated_annealing,rastrigin,106,8000,50.0408765233702
simulated_annealing,rastrigin,106,8100,50.0408765233702
simulated_annealing,rastrigin,106,8200,50.0408765233702
simulated_annealing,rastrigin,106,8300,50.0408765233702
simulated_annealing,rastrigin,106,8400,50.0408765233702
simulated_annealing,rastrigin,106,8500,50.0408765233702
simulated_annealing,rastrigin,106,8600,50.0408765233702
simulated_annealing,rastrigin,106,8700,50.0408765233702
simulated_annealing,rastrigin,106,8800,50.0408765233702
simulated_annealing,rastrigin,106,8900,50.0408765233702
simulated_annealing,rastrigin,106,9000,50.0408765233702
simulated_annealing,rastrigin,106,9100,50.0408765233702
simulated_annealing,rastrigin,106,9200,50.0408765233702
simulated_annealing,rastrigin,106,9300,50.0408765233702
simulated_annealing,rastrigin,106,9400,50.0408765233702
simulated_annealing,rastrigin,106,9500,50.0408765233702
simulated_annealing,rastrigin,106,9600,50.0408765233702
simulated_annealing,rastrigin,106,9700,50.0408765233702
simulated_annealing,rastrigin,106,9800,50.0408765233702
simulated_annealing,rastrigin,106,9900,50.0408765233702
simulated_annealing,rastrigin,106,10000,50.0408765233702
simulated_annealing,rastrigin,106,10100,50.0408765233702
simulated_annealing,rastrigin,106,10200,50.0408765233702
simulated_annealing,rastrigin,106,10300,50.0408765233702
simulated_annealing,rastrigin,106,10400,50.0408765233702
simulated_annealing,rastrigin,106,10500,50.0408765233702
simulated_annealing,rastrigin,106,10600,50.0408765233702
simulated_annealing,rastrigin,106,10700,50.0408765233702
simulated_annealing,rastrigin,106,10800,50.0408765233702
simulated_annealing,rastrigin,106,10900,50.0408765233702
simulated_annealing,rastrigin,106,11000,50.0408765233702
simulated_annealing,rastrigin,106,11100,50.0408765233702
simulated_annealing,rastrigin,106,11200,50.0408765233702
simulated_annealing,rastrigin,106,11300,50.0408765233702
simulated_annealing,rastrigin,106,11400,50.0408765233702
simulated_annealing,rastrigin,106,11500,50.0408765233702
simulated_annealing,rastrigin,106,11600,50.0408765233702
simulated_annealing,rastrigin,106,11700,50.0408765233702
simulated_annealing,rastrigin,106,11800,50.0408765233702
simulated_annealing,rastrigin,106,11900,50.0408765233702
simulated_annealing,rastrigin,106,12000,50.0408765233702
simulated_annealing,rastrigin,106,12100,50.0408765233702
simulated_annealing,rastrigin,106,12200,50.0408765233702
simulated_annealing,rastrigin,106,12300,50.0408765233702
simulated_annealing,rastrigin,106,12400,50.0408765233702
simulated_annealing,rastrigin,106,12500,50.0408765233702
simulated_annealing,rastrigin,106,12600,50.0408765233702
simulated_annealing,rastrigin,106,12700,50.0408765233702
simulated_annealing,rastrigin,106,12800,50.0408765233702
simulated_annealing,rastrigin,106,12900,50.0408765233702
simulated_annealing,rastrigin,106,13000,50.0408765233702
simulated_annealing,rastrigin,106,13100,50.0408765233702
simulated_annealing,rastrigin,106,13200,50.0408765233702
simulated_annealing,rastrigin,106,13300,50.0408765233702
simulated_annealing,rastrigin,106,13400,50.0408765233702
simulated_annealing,rastrigin,106,13500,50.0408765233702
simulated_annealing,rastrigin,106,13600,50.0408765233702
simulated_annealing,rastrigin,106,13700,50.0408765233702
simulated_annealing,rastrigin,106,13800,50.0408765233702
simulated_annealing,rastrigin,106,13900,50.0408765233702
simulated_annealing,rastrigin,106,14000,50.0408765233702
simulated_annealing,rastrigin,106,14100,50.0408765233702
simulated_annealing,rastrigin,106,14200,50.0408765233702
simulated_annealing,rastrigin,106,14300,50.0408765233702
simulated_annealing,rastrigin,106,14400,50.0408765233702
simulated_annealing,rastrigin,106,14500,50.0408765233702
simulated_annealing,rastrigin,106,14600,50.0408765233702
simulated_annealing,rastrigin,106,14700,50.0408765233702
simulated_annealing,rastrigin,106,14800,50.0408765233702
simulated_annealing,rastrigin,106,14900,50.0408765233702
simulated_annealing,rastrigin,106,15000,50.0408765233702
simulated_annealing,rastrigin,106,15100,50.0408765233702
simulated_annealing,rastrigin,106,15200,50.0408765233702
simulated_annealing,rastrigin,106,15300,50.0408765233702
simulated_annealing,rastrigin,106,15400,50.0408765233702
simulated_annealing,rastrigin,106,15500,50.0408765233702
simulated_annealing,rastrigin,106,15600,50.0408765233702
simulated_annealing,rastrigin,106,15700,50.0408765233702
simulated_annealing,rastrigin,106,15800,50.0408765233702
simulated_annealing,rastrigin,106,15900,50.0408765233702
simulated_annealing,rastrigin,106,16000,50.0408765233702
simulated_annealing,rastrigin,106,16100,50.0408765233702
simulated_annealing,rastrigin,106,16200,50.0408765233702
simulated_annealing,rastrigin,106,16300,50.0408765233702
simulated_annealing,rastrigin,106,16400,50.0408765233702
simulated_annealing,rastrigin,106,16500,50.0408765233702
simulated_annealing,rastrigin,106,16600,50.0408765233702
simulated_annealing,rastrigin,106,16700,50.0408765233702
simulated_annealing,rastrigin,106,16800,50.0408765233702
simulated_annealing,rastrigin,106,16900,50.0408765233702
simulated_annealing,rastrigin,106,17000,50.0408765233702
simulated_annealing,rastrigin,106,17100,50.0408765233702
simulated_annealing,rastrigin,106,17200,50.0408765233702
simulated_annealing,rastrigin,106,17300,50.0408765233702
simulated_annealing,rastrigin,106,17400,50.0408765233702
simulated_annealing,rastrigin,106,17500,50.0408765233702
simulated_annealing,rastrigin,106,17600,50.0408765233702
simulated_annealing,rastrigin,106,17700,50.0408765233702
simulated_annealing,rastrigin,106,17800,50.0408765233702
simulated_annealing,rastrigin,106,17900,50.0408765233702
simulated_annealing,rastrigin,106,18000,50.0408765233702
simulated_annealing,rastrigin,106,18100,50.0408765233702
simulated_annealing,rastrigin,106,18200,50.0408765233702
simulated_annealing,rastrigin,106,18300,50.0408765233702
simulated_annealing,rastrigin,106,18400,50.0408765233702
simulated_annealing,rastrigin,106,18500,50.0408765233702
simulated_annealing,rastrigin,106,18600,50.0408765233702
simulated_annealing,rastrigin,106,18700,50.0408765233702
simulated_annealing,rastrigin,106,18800,50.0408765233702
simulated_annealing,rastrigin,106,18900,50.0408765233702
simulated_annealing,rastrigin,106,19000,50.0408765233702
simulated_annealing,rastrigin,106,19100,50.0408765233702
simulated_annealing,rastrigin,106,19200,50.0408765233702
simulated_annealing,rastrigin,106,19300,50.0408765233702
simulated_annealing,rastrigin,106,19400,50.0408765233702
simulated_annealing,rastrigin,106,19500,50.0408765233702
simulated_annealing,rastrigin,106,19600,50.0408765233702
simulated_annealing,rastrigin,106,19700,50.0408765233702
simulated_annealing,rastrigin,106,19800,50.0408765233702
simulated_annealing,rastrigin,106,19900,50.0408765233702
simulated_annealing,rastrigin,106,20000,50.0408765233702
simulated_annealing,rastrigin,107,100,111.72035541356323
simulated_annealing,rastrigin,107,200,76.74792552924748
simulated_annealing,rastrigin,107,300,76.74792552924748
simulated_annealing,rastrigin,107,400,76.74792552924748
simulated_annealing,rastrigin,107,500,76.74792552924748
simulated_annealing,rastrigin,107,600,76.74792552924748
simulated_annealing,rastrigin,107,700,76.74792552924748
simulated_annealing,rastrigin,107,800,76.74792552924748
simulated_annealing,rastrigin,107,900,76.74792552924748
simulated_annealing,rastrigin,107,1000,76.74792552924748
simulated_annealing,rastrigin,107,1100,76.74792552924748
simulated_annealing,rastrigin,107,1200,76.74792552924748
simulated_annealing,rastrigin,107,1300,76.74792552924748
simulated_annealing,rastrigin,107,1400,76.74792552924748
simulated_annealing,rastrigin,107,1500,76.74792552924748
simulated_annealing,rastrigin,107,1600,76.74792552924748
simulated_annealing,rastrigin,107,1700,76.74792552924748
simulated_annealing,rastrigin,107,1800,76.74792552924748
simulated_annealing,rastrigin,107,1900,76.74792552924748
simulated_annealing,rastrigin,107,2000,76.74792552924748
simulated_annealing,rastrigin,107,2100,76.74792552924748
simulated_annealing,rastrigin,107,2200,76.74792552924748
simulated_annealing,rastrigin,107,2300,76.74792552924748
simulated_annealing,rastrigin,107,2400,76.74792552924748
simulated_annealing,rastrigin,107,2500,70.3736100778886
simulated_annealing,rastrigin,107,2600,70.3736100778886
simulated_annealing,rastrigin,107,2700,70.3736100778886
simulated_annealing,rastrigin,107,2800,70.3736100778886
simulated_annealing,rastrigin,107,2900,70.3736100778886
simulated_annealing,rastrigin,107,3000,70.3736100778886
simulated_annealing,rastrigin,107,3100,70.3736100778886
simulated_annealing,rastrigin,107,3200,48.22213840205334
simulated_annealing,rastrigin,107,3300,48.22213840205334
simulated_annealing,rastrigin,107,3400,48.22213840205334
simulated_annealing,rastrigin,107,3500,48.22213840205334
simulated_annealing,rastrigin,107,3600,48.22213840205334
simulated_annealing,rastrigin,107,3700,48.22213840205334
simulated_annealing,rastrigin,107,3800,48.22213840205334
simulated_annealing,rastrigin,107,3900,48.22213840205334
simulated_annealing,rastrigin,107,4000,48.22213840205334
simulated_annealing,rastrigin,107,4100,48.22213840205334
simulated_annealing,rastrigin,107,4200,48.22213840205334
simulated_annealing,rastrigin,107,4300,48.22213840205334
simulated_annealing,rastrigin,107,4400,48.22213840205334
simulated_annealing,rastrigin,107,4500,48.22213840205334
simulated_annealing,rastrigin,107,4600,48.22213840205334
simulated_annealing,rastrigin,107,4700,48.22213840205334
simulated_annealing,rastrigin,107,4800,48.22213840205334
simulated_annealing,rastrigin,107,4900,48.22213840205334
simulated_annealing,rastrigin,107,5000,48.22213840205334
simulated_annealing,rastrigin,107,5100,48.22213840205334
simulated_annealing,rastrigin,107,5200,48.22213840205334
simulated_annealing,rastrigin,107,5300,48.22213840205334
simulated_annealing,rastrigin,107,5400,48.22213840205334
simulated_annealing,rastrigin,107,5500,48.22213840205334
simulated_annealing,rastrigin,107,5600,48.22213840205334
simulated_annealing,rastrigin,107,5700,48.22213840205334
simulated_annealing,rastrigin,107,5800,48.22213840205334
simulated_annealing,rastrigin,107,5900,48.22213840205334
simulated_annealing,rastrigin,107,6000,48.22213840205334
simulated_annealing,rastrigin,107,6100,48.22213840205334
simulated_annealing,rastrigin,107,6200,48.22213840205334
simulated_annealing,rastrigin,107,6300,48.22213840205334
simulated_annealing,rastrigin,107,6400,48.22213840205334
simulated_annealing,rastrigin,107,6500,48.22213840205334
simulated_annealing,rastrigin,107,6600,48.22213840205334
simulated_annealing,rastrigin,107,6700,48.22213840205334
simulated_annealing,rastrigin,107,6800,48.22213840205334
simulated_annealing,rastrigin,107,6900,48.22213840205334
simulated_annealing,rastrigin,107,7000,48.22213840205334
simulated_annealing,rastrigin,107,7100,48.22213840205334
simulated_annealing,rastrigin,107,7200,48.22213840205334
simulated_annealing,rastrigin,107,7300,48.22213840205334
simulated_annealing,rastrigin,107,7400,48.22213840205334
simulated_annealing,rastrigin,107,7500,48.22213840205334
simulated_annealing,rastrigin,107,7600,48.22213840205334
simulated_annealing,rastrigin,107,7700,48.22213840205334
simulated_annealing,rastrigin,107,7800,48.22213840205334
simulated_annealing,rastrigin,107,7900,48.22213840205334
simulated_annealing,rastrigin,107,8000,48.22213840205334
simulated_annealing,rastrigin,107,8100,48.22213840205334
simulated_annealing,rastrigin,107,8200,48.22213840205334
simulated_annealing,rastrigin,107,8300,48.22213840205334
simulated_annealing,rastrigin,107,8400,48.22213840205334
simulated_annealing,rastrigin,107,8500,48.22213840205334
simulated_annealing,rastrigin,107,8600,48.22213840205334
simulated_annealing,rastrigin,107,8700,48.22213840205334
simulated_annealing,rastrigin,107,8800,48.22213840205334
simulated_annealing,rastrigin,107,8900,48.22213840205334
simulated_annealing,rastrigin,107,9000,48.22213840205334
simulated_annealing,rastrigin,107,9100,48.22213840205334
simulated_annealing,rastrigin,107,9200,48.22213840205334
simulated_annealing,rastrigin,107,9300,48.22213840205334
simulated_annealing,rastrigin,107,9400,48.22213840205334
simulated_annealing,rastrigin,107,9500,48.22213840205334
simulated_annealing,rastrigin,107,9600,48.22213840205334
simulated_annealing,rastrigin,107,9700,48.22213840205334
simulated_annealing,rastrigin,107,9800,48.22213840205334
simulated_annealing,rastrigin,107,9900,48.22213840205334
simulated_annealing,rastrigin,107,10000,48.22213840205334
simulated_annealing,rastrigin,107,10100,48.22213840205334
simulated_annealing,rastrigin,107,10200,48.22213840205334
simulated_annealing,rastrigin,107,10300,48.22213840205334
simulated_annealing,rastrigin,107,10400,48.22213840205334
simulated_annealing,rastrigin,107,10500,48.22213840205334
simulated_annealing,rastrigin,107,10600,48.22213840205334
simulated_annealing,rastrigin,107,10700,48.22213840205334
simulated_annealing,rastrigin,107,10800,48.22213840205334
simulated_annealing,rastrigin,107,10900,48.182285722977994
simulated_annealing,rastrigin,107,11000,48.182285722977994
simulated_annealing,rastrigin,107,11100,48.182285722977994
simulated_annealing,rastrigin,107,11200,48.182285722977994
simulated_annealing,rastrigin,107,11300,48.182285722977994
simulated_annealing,rastrigin,107,11400,48.182285722977994
simulated_annealing,rastrigin,107,11500,48.182285722977994
simulated_annealing,rastrigin,107,11600,48.182285722977994
simulated_annealing,rastrigin,107,11700,48.182285722977994
simulated_annealing,rastrigin,107,11800,48.182285722977994
simulated_annealing,rastrigin,107,11900,48.182285722977994
simulated_annealing,rastrigin,107,12000,48.182285722977994
simulated_annealing,rastrigin,107,12100,48.182285722977994
simulated_annealing,rastrigin,107,12200,48.182285722977994
simulated_annealing,rastrigin,107,12300,48.182285722977994
simulated_annealing,rastrigin,107,12400,48.182285722977994
simulated_annealing,rastrigin,107,12500,45.28124586555006
simulated_annealing,rastrigin,107,12600,45.28124586555006
simulated_annealing,rastrigin,107,12700,45.28124586555006
simulated_annealing,rastrigin,107,12800,45.28124586555006
simulated_annealing,rastrigin,107,12900,45.28124586555006
simulated_annealing,rastrigin,107,13000,45.28124586555006
simulated_annealing,rastrigin,107,13100,45.28124586555006
simulated_annealing,rastrigin,107,13200,45.28124586555006
simulated_annealing,rastrigin,107,13300,45.28124586555006
simulated_annealing,rastrigin,107,13400,45.28124586555006
simulated_annealing,rastrigin,107,13500,45.28124586555006
simulated_annealing,rastrigin,107,13600,45.28124586555006
simulated_annealing,rastrigin,107,13700,45.28124586555006
simulated_annealing,rastrigin,107,13800,45.28124586555006
simulated_annealing,rastrigin,107,13900,45.28124586555006
simulated_annealing,rastrigin,107,14000,45.28124586555006
simulated_annealing,rastrigin,107,14100,45.28124586555006
simulated_annealing,rastrigin,107,14200,45.28124586555006
simulated_annealing,rastrigin,107,14300,45.28124586555006
simulated_annealing,rastrigin,107,14400,45.28124586555006
simulated_annealing,rastrigin,107,14500,45.28124586555006
simulated_annealing,rastrigin,107,14600,45.28124586555006
simulated_annealing,rastrigin,107,14700,45.28124586555006
simulated_annealing,rastrigin,107,14800,45.28124586555006
simulated_annealing,rastrigin,107,14900,45.28124586555006
simulated_annealing,rastrigin,107,15000,45.28124586555006
simulated_annealing,rastrigin,107,15100,45.28124586555006
simulated_annealing,rastrigin,107,15200,45.28124586555006
simulated_annealing,rastrigin,107,15300,45.28124586555006
simulated_annealing,rastrigin,107,15400,45.28124586555006
simulated_annealing,rastrigin,107,15500,45.28124586555006
simulated_annealing,rastrigin,107,15600,45.28124586555006
simulated_annealing,rastrigin,107,15700,45.28124586555006
simulated_annealing,rastrigin,107,15800,45.28124586555006
simulated_annealing,rastrigin,107,15900,45.28124586555006
simulated_annealing,rastrigin,107,16000,45.28124586555006
simulated_annealing,rastrigin,107,16100,45.28124586555006
simulated_annealing,rastrigin,107,16200,45.28124586555006
simulated_annealing,rastrigin,107,16300,45.28124586555006
simulated_annealing,rastrigin,107,16400,45.28124586555006
simulated_annealing,rastrigin,107,16500,45.28124586555006
simulated_annealing,rastrigin,107,16600,45.28124586555006
simulated_annealing,rastrigin,107,16700,45.28124586555006
simulated_annealing,rastrigin,107,16800,45.28124586555006
simulated_annealing,rastrigin,107,16900,45.28124586555006
simulated_annealing,rastrigin,107,17000,45.28124586555006
simulated_annealing,rastrigin,107,17100,45.28124586555006
simulated_annealing,rastrigin,107,17200,45.28124586555006
simulated_annealing,rastrigin,107,17300,45.28124586555006
simulated_annealing,rastrigin,107,17400,45.28124586555006
simulated_annealing,rastrigin,107,17500,45.28124586555006
simulated_annealing,rastrigin,107,17600,45.28124586555006
simulated_annealing,rastrigin,107,17700,45.28124586555006
simulated_annealing,rastrigin,107,17800,45.28124586555006
simulated_annealing,rastrigin,107,17900,45.28124586555006
simulated_annealing,rastrigin,107,18000,45.28124586555006
simulated_annealing,rastrigin,107,18100,45.28124586555006
simulated_annealing,rastrigin,107,18200,45.28124586555006
simulated_annealing,rastrigin,107,18300,45.28124586555006
simulated_annealing,rastrigin,107,18400,45.28124586555006
simulated_annealing,rastrigin,107,18500,45.28124586555006
simulated_annealing,rastrigin,107,18600,45.28124586555006
simulated_annealing,rastrigin,107,18700,45.28124586555006
simulated_annealing,rastrigin,107,18800,45.28124586555006
simulated_annealing,rastrigin,107,18900,45.28124586555006
simulated_annealing,rastrigin,107,19000,45.28124586555006
simulated_annealing,rastrigin,107,19100,45.28124586555006
simulated_annealing,rastrigin,107,19200,45.28124586555006
simulated_annealing,rastrigin,107,19300,45.28124586555006
simulated_annealing,rastrigin,107,19400,45.28124586555006
simulated_annealing,rastrigin,107,19500,45.28124586555006
simulated_annealing,rastrigin,107,19600,45.28124586555006
simulated_annealing,rastrigin,107,19700,45.28124586555006
simulated_annealing,rastrigin,107,19800,45.28124586555006
simulated_annealing,rastrigin,107,19900,45.28124586555006
simulated_annealing,rastrigin,107,20000,45.28124586555006
simulated_annealing,rastrigin,108,100,144.7632738003184
simulated_annealing,rastrigin,108,200,144.7632738003184
simulated_annealing,rastrigin,108,300,144.7632738003184
simulated_annealing,rastrigin,108,400,144.7632738003184
simulated_annealing,rastrigin,108,500,118.56417098455024
simulated_annealing,rastrigin,108,600,106.98842833146179
simulated_annealing,rastrigin,108,700,96.97123911495783
simulated_annealing,rastrigin,108,800,96.97123911495783
simulated_annealing,rastrigin,108,900,96.97123911495783
simulated_annealing,rastrigin,108,1000,96.97123911495783
simulated_annealing,rastrigin,108,1100,73.24454928119997
simulated_annealing,rastrigin,108,1200,73.24454928119997
simulated_annealing,rastrigin,108,1300,73.24454928119997
simulated_annealing,rastrigin,108,1400,73.24454928119997
simulated_annealing,rastrigin,108,1500,61.73199406237311
simulated_annealing,rastrigin,108,1600,61.73199406237311
simulated_annealing,rastrigin,108,1700,61.73199406237311
simulated_annealing,rastrigin,108,1800,61.73199406237311
simulated_annealing,rastrigin,108,1900,61.73199406237311
simulated_annealing,rastrigin,108,2000,61.73199406237311
simulated_annealing,rastrigin,108,2100,61.73199406237311
simulated_annealing,rastrigin,108,2200,61.73199406237311
simulated_annealing,rastrigin,108,2300,61.73199406237311
simulated_annealing,rastrigin,108,2400,61.73199406237311
simulated_annealing,rastrigin,108,2500,61.73199406237311
simulated_annealing,rastrigin,108,2600,60.16267269613756
simulated_annealing,rastrigin,108,2700,60.16267269613756
simulated_annealing,rastrigin,108,2800,60.16267269613756
simulated_annealing,rastrigin,108,2900,60.16267269613756
simulated_annealing,rastrigin,108,3000,59.82508338986762
simulated_annealing,rastrigin,108,3100,54.5860188557209
simulated_annealing,rastrigin,108,3200,54.5860188557209
simulated_annealing,rastrigin,108,3300,54.5860188557209
simulated_annealing,rastrigin,108,3400,54.5860188557209
simulated_annealing,rastrigin,108,3500,54.5860188557209
simulated_annealing,rastrigin,108,3600,54.5860188557209
simulated_annealing,rastrigin,108,3700,54.5860188557209
simulated_annealing,rastrigin,108,3800,54.5860188557209
simulated_annealing,rastrigin,108,3900,54.5860188557209
simulated_annealing,rastrigin,108,4000,54.5860188557209
simulated_annealing,rastrigin,108,4100,31.887381027049088
simulated_annealing,rastrigin,108,4200,31.887381027049088
simulated_annealing,rastrigin,108,4300,31.887381027049088
simulated_annealing,rastrigin,108,4400,31.887381027049088
simulated_annealing,rastrigin,108,4500,31.887381027049088
simulated_annealing,rastrigin,108,4600,31.887381027049088
simulated_annealing,rastrigin,108,4700,31.887381027049088
simulated_annealing,rastrigin,108,4800,31.887381027049088
simulated_annealing,rastrigin,108,4900,31.887381027049088
simulated_annealing,rastrigin,108,5000,31.887381027049088
simulated_annealing,rastrigin,108,5100,31.887381027049088
simulated_annealing,rastrigin,108,5200,31.887381027049088
simulated_annealing,rastrigin,108,5300,31.887381027049088
simulated_annealing,rastrigin,108,5400,31.419589811271038
simulated_annealing,rastrigin,108,5500,31.419589811271038
simulated_annealing,rastrigin,108,5600,31.419589811271038
simulated_annealing,rastrigin,108,5700,31.419589811271038
simulated_annealing,rastrigin,108,5800,31.419589811271038
simulated_annealing,rastrigin,108,5900,31.419589811271038
simulated_annealing,rastrigin,108,6000,31.419589811271038
simulated_annealing,rastrigin,108,6100,31.419589811271038
simulated_annealing,rastrigin,108,6200,31.419589811271038
simulated_annealing,rastrigin,108,6300,31.419589811271038
simulated_annealing,rastrigin,108,6400,31.419589811271038
simulated_annealing,rastrigin,108,6500,31.419589811271038
simulated_annealing,rastrigin,108,6600,31.419589811271038
simulated_annealing,rastrigin,108,6700,31.419589811271038
simulated_annealing,rastrigin,108,6800,31.419589811271038
simulated_annealing,rastrigin,108,6900,29.75592118596886
simulated_annealing,rastrigin,108,7000,29.75592118596886
simulated_annealing,rastrigin,108,7100,29.75592118596886
simulated_annealing,rastrigin,108,7200,29.75592118596886
simulated_annealing,rastrigin,108,7300,29.75592118596886
simulated_annealing,rastrigin,108,7400,29.75592118596886
simulated_annealing,rastrigin,108,7500,29.75592118596886
simulated_annealing,rastrigin,108,7600,29.75592118596886
simulated_annealing,rastrigin,108,7700,29.75592118596886
simulated_annealing,rastrigin,108,7800,29.75592118596886
simulated_annealing,rastrigin,108,7900,29.75592118596886
simulated_annealing,rastrigin,108,8000,29.75592118596886
simulated_annealing,rastrigin,108,8100,29.75592118596886
simulated_annealing,rastrigin,108,8200,29.75592118596886
simulated_annealing,rastrigin,108,8300,29.75592118596886
simulated_annealing,rastrigin,108,8400,29.75592118596886
simulated_annealing,rastrigin,108,8500,29.75592118596886
simulated_annealing,rastrigin,108,8600,29.75592118596886
simulated_annealing,rastrigin,108,8700,29.75592118596886
simulated_annealing,rastrigin,108,8800,29.75592118596886
simulated_annealing,rastrigin,108,8900,29.75592118596886
simulated_annealing,rastrigin,108,9000,29.75592118596886
simulated_annealing,rastrigin,108,9100,29.75592118596886
simulated_annealing,rastrigin,108,9200,29.75592118596886
simulated_annealing,rastrigin,108,9300,29.75592118596886
simulated_annealing,rastrigin,108,9400,29.75592118596886
simulated_annealing,rastrigin,108,9500,29.75592118596886
simulated_annealing,rastrigin,108,9600,29.75592118596886
simulated_annealing,rastrigin,108,9700,29.75592118596886
simulated_annealing,rastrigin,108,9800,29.75592118596886
simulated_annealing,rastrigin,108,9900,29.75592118596886
simulated_annealing,rastrigin,108,10000,29.75592118596886
simulated_annealing,rastrigin,108,10100,29.75592118596886
simulated_annealing,rastrigin,108,10200,29.75592118596886
simulated_annealing,rastrigin,108,10300,29.75592118596886
simulated_annealing,rastrigin,108,10400,29.75592118596886
simulated_annealing,rastrigin,108,10500,29.75592118596886
simulated_annealing,rastrigin,108,10600,29.75592118596886
simulated_annealing,rastrigin,108,10700,29.75592118596886
simulated_annealing,rastrigin,108,10800,29.75592118596886
simulated_annealing,rastrigin,108,10900,29.75592118596886
simulated_annealing,rastrigin,108,11000,29.75592118596886
simulated_annealing,rastrigin,108,11100,29.75592118596886
simulated_annealing,rastrigin,108,11200,29.75592118596886
simulated_annealing,rastrigin,108,11300,29.75592118596886
simulated_annealing,rastrigin,108,11400,29.75592118596886
simulated_annealing,rastrigin,108,11500,29.75592118596886
simulated_annealing,rastrigin,108,11600,29.75592118596886
simulated_annealing,rastrigin,108,11700,29.75592118596886
simulated_annealing,rastrigin,108,11800,29.75592118596886
simulated_annealing,rastrigin,108,11900,29.75592118596886
simulated_annealing,rastrigin,108,12000,29.75592118596886
simulated_annealing,rastrigin,108,12100,29.75592118596886
simulated_annealing,rastrigin,108,12200,29.75592118596886
simulated_annealing,rastrigin,108,12300,29.75592118596886
simulated_annealing,rastrigin,108,12400,29.75592118596886
simulated_annealing,rastrigin,108,12500,29.75592118596886
simulated_annealing,rastrigin,108,12600,29.75592118596886
simulated_annealing,rastrigin,108,12700,29.75592118596886
simulated_annealing,rastrigin,108,12800,29.75592118596886
simulated_annealing,rastrigin,108,12900,29.75592118596886
simulated_annealing,rastrigin,108,13000,29.75592118596886
simulated_annealing,rastrigin,108,13100,29.75592118596886
simulated_annealing,rastrigin,108,13200,29.75592118596886
simulated_annealing,rastrigin,108,13300,29.75592118596886
simulated_annealing,rastrigin,108,13400,29.75592118596886
simulated_annealing,rastrigin,108,13500,29.75592118596886
simulated_annealing,rastrigin,108,13600,29.75592118596886
simulated_annealing,rastrigin,108,13700,29.75592118596886
simulated_annealing,rastrigin,108,13800,29.75592118596886
simulated_annealing,rastrigin,108,13900,29.75592118596886
simulated_annealing,rastrigin,108,14000,29.75592118596886
simulated_annealing,rastrigin,108,14100,29.75592118596886
simulated_annealing,rastrigin,108,14200,29.75592118596886
simulated_annealing,rastrigin,108,14300,29.75592118596886
simulated_annealing,rastrigin,108,14400,29.75592118596886
simulated_annealing,rastrigin,108,14500,29.75592118596886
simulated_annealing,rastrigin,108,14600,29.75592118596886
simulated_annealing,rastrigin,108,14700,29.75592118596886
simulated_annealing,rastrigin,108,14800,29.75592118596886
simulated_annealing,rastrigin,108,14900,29.75592118596886
simulated_annealing,rastrigin,108,15000,29.75592118596886
simulated_annealing,rastrigin,108,15100,29.75592118596886
simulated_annealing,rastrigin,108,15200,29.75592118596886
simulated_annealing,rastrigin,108,15300,29.75592118596886
simulated_annealing,rastrigin,108,15400,29.75592118596886
simulated_annealing,rastrigin,108,15500,29.75592118596886
simulated_annealing,rastrigin,108,15600,29.75592118596886
simulated_annealing,rastrigin,108,15700,29.75592118596886
simulated_annealing,rastrigin,108,15800,29.75592118596886
simulated_annealing,rastrigin,108,15900,29.75592118596886
simulated_annealing,rastrigin,108,16000,29.75592118596886
simulated_annealing,rastrigin,108,16100,29.75592118596886
simulated_annealing,rastrigin,108,16200,29.75592118596886
simulated_annealing,rastrigin,108,16300,29.75592118596886
simulated_annealing,rastrigin,108,16400,29.75592118596886
simulated_annealing,rastrigin,108,16500,29.75592118596886
simulated_annealing,rastrigin,108,16600,29.75592118596886
simulated_annealing,rastrigin,108,16700,29.75592118596886
simulated_annealing,rastrigin,108,16800,29.75592118596886
simulated_annealing,rastrigin,108,16900,29.75592118596886
simulated_annealing,rastrigin,108,17000,29.75592118596886
simulated_annealing,rastrigin,108,17100,29.75592118596886
simulated_annealing,rastrigin,108,17200,29.75592118596886
simulated_annealing,rastrigin,108,17300,29.75592118596886
simulated_annealing,rastrigin,108,17400,29.75592118596886
simulated_annealing,rastrigin,108,17500,29.75592118596886
simulated_annealing,rastrigin,108,17600,29.75592118596886
simulated_annealing,rastrigin,108,17700,29.75592118596886
simulated_annealing,rastrigin,108,17800,29.75592118596886
simulated_annealing,rastrigin,108,17900,29.75592118596886
simulated_annealing,rastrigin,108,18000,29.75592118596886
simulated_annealing,rastrigin,108,18100,29.75592118596886
simulated_annealing,rastrigin,108,18200,29.75592118596886
simulated_annealing,rastrigin,108,18300,29.75592118596886
simulated_annealing,rastrigin,108,18400,29.75592118596886
simulated_annealing,rastrigin,108,18500,29.75592118596886
simulated_annealing,rastrigin,108,18600,29.75592118596886
simulated_annealing,rastrigin,108,18700,29.75592118596886
simulated_annealing,rastrigin,108,18800,29.75592118596886
simulated_annealing,rastrigin,108,18900,29.75592118596886
simulated_annealing,rastrigin,108,19000,29.75592118596886
simulated_annealing,rastrigin,108,19100,29.75592118596886
simulated_annealing,rastrigin,108,19200,29.75592118596886
simulated_annealing,rastrigin,108,19300,29.75592118596886
simulated_annealing,rastrigin,108,19400,29.75592118596886
simulated_annealing,rastrigin,108,19500,29.75592118596886
simulated_annealing,rastrigin,108,19600,29.75592118596886
simulated_annealing,rastrigin,108,19700,29.75592118596886
simulated_annealing,rastrigin,108,19800,29.75592118596886
simulated_annealing,rastrigin,108,19900,29.75592118596886
simulated_annealing,rastrigin,108,20000,29.75592118596886
simulated_annealing,rastrigin,109,100,137.99947929802659
simulated_annealing,rastrigin,109,200,137.99947929802659
simulated_annealing,rastrigin,109,300,100.36639149537018
simulated_annealing,rastrigin,109,400,100.36639149537018
simulated_annealing,rastrigin,109,500,100.36639149537018
simulated_annealing,rastrigin,109,600,100.36639149537018
simulated_annealing,rastrigin,109,700,100.36639149537018
simulated_annealing,rastrigin,109,800,100.36639149537018
simulated_annealing,rastrigin,109,900,100.36639149537018
simulated_annealing,rastrigin,109,1000,100.36639149537018
simulated_annealing,rastrigin,109,1100,96.26535343661965
simulated_annealing,rastrigin,109,1200,74.37961711966537
simulated_annealing,rastrigin,109,1300,74.37961711966537
simulated_annealing,rastrigin,109,1400,74.37961711966537
simulated_annealing,rastrigin,109,1500,74.37961711966537
simulated_annealing,rastrigin,109,1600,74.37961711966537
simulated_annealing,rastrigin,109,1700,74.37961711966537
simulated_annealing,rastrigin,109,1800,74.37961711966537
simulated_annealing,rastrigin,109,1900,74.37961711966537
simulated_annealing,rastrigin,109,2000,74.37961711966537
simulated_annealing,rastrigin,109,2100,74.37961711966537
simulated_annealing,rastrigin,109,2200,74.37961711966537
simulated_annealing,rastrigin,109,2300,74.07055650735887
simulated_annealing,rastrigin,109,2400,74.07055650735887
simulated_annealing,rastrigin,109,2500,74.07055650735887
simulated_annealing,rastrigin,109,2600,68.33940380143113
simulated_annealing,rastrigin,109,2700,68.33940380143113
simulated_annealing,rastrigin,109,2800,68.33940380143113
simulated_annealing,rastrigin,109,2900,68.33940380143113
simulated_annealing,rastrigin,109,3000,68.33940380143113
simulated_annealing,rastrigin,109,3100,68.33940380143113
simulated_annealing,rastrigin,109,3200,68.33940380143113
simulated_annealing,rastrigin,109,3300,68.33940380143113
simulated_annealing,rastrigin,109,3400,68.33940380143113
simulated_annealing,rastrigin,109,3500,68.33940380143113
simulated_annealing,rastrigin,109,3600,68.33940380143113
simulated_annealing,rastrigin,109,3700,68.33940380143113
simulated_annealing,rastrigin,109,3800,68.33940380143113
simulated_annealing,rastrigin,109,3900,68.33940380143113
simulated_annealing,rastrigin,109,4000,68.33940380143113
simulated_annealing,rastrigin,109,4100,68.33940380143113
simulated_annealing,rastrigin,109,4200,68.33940380143113
simulated_annealing,rastrigin,109,4300,68.33940380143113
simulated_annealing,rastrigin,109,4400,68.33940380143113
simulated_annealing,rastrigin,109,4500,68.33940380143113
simulated_annealing,rastrigin,109,4600,68.33940380143113
simulated_annealing,rastrigin,109,4700,68.33940380143113
simulated_annealing,rastrigin,109,4800,68.33940380143113
simulated_annealing,rastrigin,109,4900,68.33940380143113
simulated_annealing,rastrigin,109,5000,68.33940380143113
simulated_annealing,rastrigin,109,5100,68.33940380143113
simulated_annealing,rastrigin,109,5200,68.33940380143113
simulated_annealing,rastrigin,109,5300,68.33940380143113
simulated_annealing,rastrigin,109,5400,68.33940380143113
simulated_annealing,rastrigin,109,5500,68.33940380143113
simulated_annealing,rastrigin,109,5600,68.33940380143113
simulated_annealing,rastrigin,109,5700,68.33940380143113
simulated_annealing,rastrigin,109,5800,68.33940380143113
simulated_annealing,rastrigin,109,5900,68.33940380143113
simulated_annealing,rastrigin,109,6000,68.33940380143113
simulated_annealing,rastrigin,109,6100,68.33940380143113
simulated_annealing,rastrigin,109,6200,68.33940380143113
simulated_annealing,rastrigin,109,6300,68.33940380143113
simulated_annealing,rastrigin,109,6400,68.33940380143113
simulated_annealing,rastrigin,109,6500,68.33940380143113
simulated_annealing,rastrigin,109,6600,68.33940380143113
simulated_annealing,rastrigin,109,6700,68.33940380143113
simulated_annealing,rastrigin,109,6800,68.33940380143113
simulated_annealing,rastrigin,109,6900,68.33940380143113
simulated_annealing,rastrigin,109,7000,68.33940380143113
simulated_annealing,rastrigin,109,7100,66.28264887416084
simulated_annealing,rastrigin,109,7200,66.28264887416084
simulated_annealing,rastrigin,109,7300,66.28264887416084
simulated_annealing,rastrigin,109,7400,66.28264887416084
simulated_annealing,rastrigin,109,7500,63.024268590739815
simulated_annealing,rastrigin,109,7600,63.024268590739815
simulated_annealing,rastrigin,109,7700,63.024268590739815
simulated_annealing,rastrigin,109,7800,63.024268590739815
simulated_annealing,rastrigin,109,7900,56.2625281197395
simulated_annealing,rastrigin,109,8000,56.2625281197395
simulated_annealing,rastrigin,109,8100,56.2625281197395
simulated_annealing,rastrigin,109,8200,56.2625281197395
simulated_annealing,rastrigin,109,8300,56.2625281197395
simulated_annealing,rastrigin,109,8400,56.2625281197395
simulated_annealing,rastrigin,109,8500,56.2625281197395
simulated_annealing,rastrigin,109,8600,56.2625281197395
simulated_annealing,rastrigin,109,8700,56.2625281197395
simulated_annealing,rastrigin,109,8800,56.2625281197395
simulated_annealing,rastrigin,109,8900,56.2625281197395
simulated_annealing,rastrigin,109,9000,56.2625281197395
simulated_annealing,rastrigin,109,9100,56.2625281197395
simulated_annealing,rastrigin,109,9200,56.2625281197395
simulated_annealing,rastrigin,109,9300,56.2625281197395
simulated_annealing,rastrigin,109,9400,56.2625281197395
simulated_annealing,rastrigin,109,9500,56.2625281197395
simulated_annealing,rastrigin,109,9600,56.2625281197395
simulated_annealing,rastrigin,109,9700,56.2625281197395
simulated_annealing,rastrigin,109,9800,56.2625281197395
simulated_annealing,rastrigin,109,9900,56.2625281197395
simulated_annealing,rastrigin,109,10000,56.2625281197395
simulated_annealing,rastrigin,109,10100,56.2625281197395
simulated_annealing,rastrigin,109,10200,56.2625281197395
simulated_annealing,rastrigin,109,10300,56.2625281197395
simulated_annealing,rastrigin,109,10400,56.2625281197395
simulated_annealing,rastrigin,109,10500,56.2625281197395
simulated_annealing,rastrigin,109,10600,56.2625281197395
simulated_annealing,rastrigin,109,10700,56.2625281197395
simulated_annealing,rastrigin,109,10800,56.2625281197395
simulated_annealing,rastrigin,109,10900,56.2625281197395
simulated_annealing,rastrigin,109,11000,56.2625281197395
simulated_annealing,rastrigin,109,11100,56.2625281197395
simulated_annealing,rastrigin,109,11200,56.2625281197395
simulated_annealing,rastrigin,109,11300,56.2625281197395
simulated_annealing,rastrigin,109,11400,56.2625281197395
simulated_annealing,rastrigin,109,11500,56.2625281197395
simulated_annealing,rastrigin,109,11600,56.2625281197395
simulated_annealing,rastrigin,109,11700,56.2625281197395
simulated_annealing,rastrigin,109,11800,56.2625281197395
simulated_annealing,rastrigin,109,11900,56.2625281197395
simulated_annealing,rastrigin,109,12000,56.2625281197395
simulated_annealing,rastrigin,109,12100,56.2625281197395
simulated_annealing,rastrigin,109,12200,56.2625281197395
simulated_annealing,rastrigin,109,12300,56.2625281197395
simulated_annealing,rastrigin,109,12400,56.2625281197395
simulated_annealing,rastrigin,109,12500,56.2625281197395
simulated_annealing,rastrigin,109,12600,56.2625281197395
simulated_annealing,rastrigin,109,12700,56.2625281197395
simulated_annealing,rastrigin,109,12800,56.2625281197395
simulated_annealing,rastrigin,109,12900,56.2625281197395
simulated_annealing,rastrigin,109,13000,56.2625281197395
simulated_annealing,rastrigin,109,13100,56.2625281197395
simulated_annealing,rastrigin,109,13200,56.2625281197395
simulated_annealing,rastrigin,109,13300,56.2625281197395
simulated_annealing,rastrigin,109,13400,56.2625281197395
simulated_annealing,rastrigin,109,13500,56.2625281197395
simulated_annealing,rastrigin,109,13600,56.2625281197395
simulated_annealing,rastrigin,109,13700,56.2625281197395
simulated_annealing,rastrigin,109,13800,56.2625281197395
simulated_annealing,rastrigin,109,13900,56.2625281197395
simulated_annealing,rastrigin,109,14000,56.2625281197395
simulated_annealing,rastrigin,109,14100,56.2625281197395
simulated_annealing,rastrigin,109,14200,56.2625281197395
simulated_annealing,rastrigin,109,14300,54.165864103031176
simulated_annealing,rastrigin,109,14400,54.165864103031176
simulated_annealing,rastrigin,109,14500,54.165864103031176
simulated_annealing,rastrigin,109,14600,54.165864103031176
simulated_annealing,rastrigin,109,14700,54.165864103031176
simulated_annealing,rastrigin,109,14800,54.165864103031176
simulated_annealing,rastrigin,109,14900,54.165864103031176
simulated_annealing,rastrigin,109,15000,54.165864103031176
simulated_annealing,rastrigin,109,15100,54.165864103031176
simulated_annealing,rastrigin,109,15200,54.165864103031176
simulated_annealing,rastrigin,109,15300,54.165864103031176
simulated_annealing,rastrigin,109,15400,54.165864103031176
simulated_annealing,rastrigin,109,15500,53.9647223938852
simulated_annealing,rastrigin,109,15600,53.9647223938852
simulated_annealing,rastrigin,109,15700,53.9647223938852
simulated_annealing,rastrigin,109,15800,53.9647223938852
simulated_annealing,rastrigin,109,15900,53.9647223938852
simulated_annealing,rastrigin,109,16000,53.9647223938852
simulated_annealing,rastrigin,109,16100,53.9647223938852
simulated_annealing,rastrigin,109,16200,53.9647223938852
simulated_annealing,rastrigin,109,16300,53.9647223938852
simulated_annealing,rastrigin,109,16400,53.9647223938852
simulated_annealing,rastrigin,109,16500,53.9647223938852
simulated_annealing,rastrigin,109,16600,52.57567128889228
simulated_annealing,rastrigin,109,16700,52.57567128889228
simulated_annealing,rastrigin,109,16800,52.57567128889228
simulated_annealing,rastrigin,109,16900,52.57567128889228
simulated_annealing,rastrigin,109,17000,52.57567128889228
simulated_annealing,rastrigin,109,17100,52.57567128889228
simulated_annealing,rastrigin,109,17200,52.57567128889228
simulated_annealing,rastrigin,109,17300,52.57567128889228
simulated_annealing,rastrigin,109,17400,52.57567128889228
simulated_annealing,rastrigin,109,17500,52.57567128889228
simulated_annealing,rastrigin,109,17600,52.57567128889228
simulated_annealing,rastrigin,109,17700,52.57567128889228
simulated_annealing,rastrigin,109,17800,52.57567128889228
simulated_annealing,rastrigin,109,17900,52.57567128889228
simulated_annealing,rastrigin,109,18000,52.57567128889228
simulated_annealing,rastrigin,109,18100,52.57567128889228
simulated_annealing,rastrigin,109,18200,52.57567128889228
simulated_annealing,rastrigin,109,18300,52.57567128889228
simulated_annealing,rastrigin,109,18400,52.57567128889228
simulated_annealing,rastrigin,109,18500,52.57567128889228
simulated_annealing,rastrigin,109,18600,52.57567128889228
simulated_annealing,rastrigin,109,18700,52.57567128889228
simulated_annealing,rastrigin,109,18800,52.57567128889228
simulated_annealing,rastrigin,109,18900,52.57567128889228
simulated_annealing,rastrigin,109,19000,52.57567128889228
simulated_annealing,rastrigin,109,19100,52.57567128889228
simulated_annealing,rastrigin,109,19200,52.57567128889228
simulated_annealing,rastrigin,109,19300,52.57567128889228
simulated_annealing,rastrigin,109,19400,52.57567128889228
simulated_annealing,rastrigin,109,19500,52.57567128889228
simulated_annealing,rastrigin,109,19600,52.57567128889228
simulated_annealing,rastrigin,109,19700,52.57567128889228
simulated_annealing,rastrigin,109,19800,52.57567128889228
simulated_annealing,rastrigin,109,19900,52.57567128889228
simulated_annealing,rastrigin,109,20000,52.57567128889228
simulated_annealing,rastrigin,110,100,120.18836922855303
simulated_annealing,rastrigin,110,200,119.90875067184945
simulated_annealing,rastrigin,110,300,119.90875067184945
simulated_annealing,rastrigin,110,400,119.90875067184945
simulated_annealing,rastrigin,110,500,108.44739354681528
simulated_annealing,rastrigin,110,600,100.10542614869266
simulated_annealing,rastrigin,110,700,100.10542614869266
simulated_annealing,rastrigin,110,800,100.10542614869266
simulated_annealing,rastrigin,110,900,100.10542614869266
simulated_annealing,rastrigin,110,1000,100.10542614869266
simulated_annealing,rastrigin,110,1100,89.82403266749833
simulated_annealing,rastrigin,110,1200,89.82403266749833
simulated_annealing,rastrigin,110,1300,89.82403266749833
simulated_annealing,rastrigin,110,1400,84.55898468909352
simulated_annealing,rastrigin,110,1500,79.71413922529001
simulated_annealing,rastrigin,110,1600,79.71413922529001
simulated_annealing,rastrigin,110,1700,79.71413922529001
simulated_annealing,rastrigin,110,1800,79.71413922529001
simulated_annealing,rastrigin,110,1900,79.71413922529001
simulated_annealing,rastrigin,110,2000,79.71413922529001
simulated_annealing,rastrigin,110,2100,79.71413922529001
simulated_annealing,rastrigin,110,2200,79.71413922529001
simulated_annealing,rastrigin,110,2300,70.17450497622765
simulated_annealing,rastrigin,110,2400,70.17450497622765
simulated_annealing,rastrigin,110,2500,70.17450497622765
simulated_annealing,rastrigin,110,2600,70.17450497622765
simulated_annealing,rastrigin,110,2700,70.17450497622765
simulated_annealing,rastrigin,110,2800,70.17450497622765
simulated_annealing,rastrigin,110,2900,70.17450497622765
simulated_annealing,rastrigin,110,3000,70.17450497622765
simulated_annealing,rastrigin,110,3100,70.17450497622765
simulated_annealing,rastrigin,110,3200,70.17450497622765
simulated_annealing,rastrigin,110,3300,70.17450497622765
simulated_annealing,rastrigin,110,3400,70.17450497622765
simulated_annealing,rastrigin,110,3500,70.17450497622765
simulated_annealing,rastrigin,110,3600,70.17450497622765
simulated_annealing,rastrigin,110,3700,70.17450497622765
simulated_annealing,rastrigin,110,3800,70.17450497622765
simulated_annealing,rastrigin,110,3900,59.72970639152187
simulated_annealing,rastrigin,110,4000,59.72970639152187
simulated_annealing,rastrigin,110,4100,59.72970639152187
simulated_annealing,rastrigin,110,4200,59.72970639152187
simulated_annealing,rastrigin,110,4300,59.72970639152187
simulated_annealing,rastrigin,110,4400,59.72970639152187
simulated_annealing,rastrigin,110,4500,59.72970639152187
simulated_annealing,rastrigin,110,4600,59.72970639152187
simulated_annealing,rastrigin,110,4700,59.72970639152187
simulated_annealing,rastrigin,110,4800,59.72970639152187
simulated_annealing,rastrigin,110,4900,59.72970639152187
simulated_annealing,rastrigin,110,5000,59.72970639152187
simulated_annealing,rastrigin,110,5100,59.72970639152187
simulated_annealing,rastrigin,110,5200,59.72970639152187
simulated_annealing,rastrigin,110,5300,59.72970639152187
simulated_annealing,rastrigin,110,5400,59.72970639152187
simulated_annealing,rastrigin,110,5500,59.72970639152187
simulated_annealing,rastrigin,110,5600,59.72970639152187
simulated_annealing,rastrigin,110,5700,59.72970639152187
simulated_annealing,rastrigin,110,5800,59.72970639152187
simulated_annealing,rastrigin,110,5900,59.72970639152187
simulated_annealing,rastrigin,110,6000,59.72970639152187
simulated_annealing,rastrigin,110,6100,59.72970639152187
simulated_annealing,rastrigin,110,6200,59.72970639152187
simulated_annealing,rastrigin,110,6300,59.72970639152187
simulated_annealing,rastrigin,110,6400,59.72970639152187
simulated_annealing,rastrigin,110,6500,59.72970639152187
simulated_annealing,rastrigin,110,6600,59.72970639152187
simulated_annealing,rastrigin,110,6700,59.72970639152187
simulated_annealing,rastrigin,110,6800,59.72970639152187
simulated_annealing,rastrigin,110,6900,59.72970639152187
simulated_annealing,rastrigin,110,7000,59.72970639152187
simulated_annealing,rastrigin,110,7100,59.72970639152187
simulated_annealing,rastrigin,110,7200,59.72970639152187
simulated_annealing,rastrigin,110,7300,59.72970639152187
simulated_annealing,rastrigin,110,7400,59.72970639152187
simulated_annealing,rastrigin,110,7500,59.72970639152187
simulated_annealing,rastrigin,110,7600,59.72970639152187
simulated_annealing,rastrigin,110,7700,59.72970639152187
simulated_annealing,rastrigin,110,7800,59.72970639152187
simulated_annealing,rastrigin,110,7900,59.72970639152187
simulated_annealing,rastrigin,110,8000,59.72970639152187
simulated_annealing,rastrigin,110,8100,59.72970639152187
simulated_annealing,rastrigin,110,8200,59.72970639152187
simulated_annealing,rastrigin,110,8300,59.72970639152187
simulated_annealing,rastrigin,110,8400,59.72970639152187
simulated_annealing,rastrigin,110,8500,59.72970639152187
simulated_annealing,rastrigin,110,8600,59.72970639152187
simulated_annealing,rastrigin,110,8700,59.72970639152187
simulated_annealing,rastrigin,110,8800,59.72970639152187
simulated_annealing,rastrigin,110,8900,59.72970639152187
simulated_annealing,rastrigin,110,9000,56.97647625780655
simulated_annealing,rastrigin,110,9100,56.97647625780655
simulated_annealing,rastrigin,110,9200,56.97647625780655
simulated_annealing,rastrigin,110,9300,56.97647625780655
simulated_annealing,rastrigin,110,9400,55.62766288412896
simulated_annealing,rastrigin,110,9500,55.62766288412896
simulated_annealing,rastrigin,110,9600,51.33944400268457
simulated_annealing,rastrigin,110,9700,51.33944400268457
simulated_annealing,rastrigin,110,9800,51.33944400268457
simulated_annealing,rastrigin,110,9900,51.33944400268457
simulated_annealing,rastrigin,110,10000,51.33944400268457
simulated_annealing,rastrigin,110,10100,51.33944400268457
simulated_annealing,rastrigin,110,10200,51.33944400268457
simulated_annealing,rastrigin,110,10300,51.33944400268457
simulated_annealing,rastrigin,110,10400,51.33944400268457
simulated_annealing,rastrigin,110,10500,51.33944400268457
simulated_annealing,rastrigin,110,10600,51.33944400268457
simulated_annealing,rastrigin,110,10700,51.33944400268457
simulated_annealing,rastrigin,110,10800,51.33944400268457
simulated_annealing,rastrigin,110,10900,51.33944400268457
simulated_annealing,rastrigin,110,11000,51.33944400268457
simulated_annealing,rastrigin,110,11100,51.33944400268457
simulated_annealing,rastrigin,110,11200,51.33944400268457
simulated_annealing,rastrigin,110,11300,51.33944400268457
simulated_annealing,rastrigin,110,11400,51.33944400268457
simulated_annealing,rastrigin,110,11500,51.33944400268457
simulated_annealing,rastrigin,110,11600,51.33944400268457
simulated_annealing,rastrigin,110,11700,51.33944400268457
simulated_annealing,rastrigin,110,11800,51.33944400268457
simulated_annealing,rastrigin,110,11900,51.33944400268457
simulated_annealing,rastrigin,110,12000,51.33944400268457
simulated_annealing,rastrigin,110,12100,51.33944400268457
simulated_annealing,rastrigin,110,12200,51.33944400268457
simulated_annealing,rastrigin,110,12300,51.33944400268457
simulated_annealing,rastrigin,110,12400,51.33944400268457
simulated_annealing,rastrigin,110,12500,51.33944400268457
simulated_annealing,rastrigin,110,12600,51.33944400268457
simulated_annealing,rastrigin,110,12700,51.33944400268457
simulated_annealing,rastrigin,110,12800,51.33944400268457
simulated_annealing,rastrigin,110,12900,51.33944400268457
simulated_annealing,rastrigin,110,13000,51.33944400268457
simulated_annealing,rastrigin,110,13100,51.33944400268457
simulated_annealing,rastrigin,110,13200,51.33944400268457
simulated_annealing,rastrigin,110,13300,51.33944400268457
simulated_annealing,rastrigin,110,13400,51.33944400268457
simulated_annealing,rastrigin,110,13500,51.33944400268457
simulated_annealing,rastrigin,110,13600,51.33944400268457
simulated_annealing,rastrigin,110,13700,51.33944400268457
simulated_annealing,rastrigin,110,13800,51.33944400268457
simulated_annealing,rastrigin,110,13900,51.33944400268457
simulated_annealing,rastrigin,110,14000,51.33944400268457
simulated_annealing,rastrigin,110,14100,51.33944400268457
simulated_annealing,rastrigin,110,14200,51.33944400268457
simulated_annealing,rastrigin,110,14300,51.33944400268457
simulated_annealing,rastrigin,110,14400,51.33944400268457
simulated_annealing,rastrigin,110,14500,51.33944400268457
simulated_annealing,rastrigin,110,14600,51.33944400268457
simulated_annealing,rastrigin,110,14700,51.33944400268457
simulated_annealing,rastrigin,110,14800,51.33944400268457
simulated_annealing,rastrigin,110,14900,51.33944400268457
simulated_annealing,rastrigin,110,15000,51.33944400268457
simulated_annealing,rastrigin,110,15100,51.33944400268457
simulated_annealing,rastrigin,110,15200,51.33944400268457
simulated_annealing,rastrigin,110,15300,51.33944400268457
simulated_annealing,rastrigin,110,15400,51.33944400268457
simulated_annealing,rastrigin,110,15500,51.33944400268457
simulated_annealing,rastrigin,110,15600,51.33944400268457
simulated_annealing,rastrigin,110,15700,51.33944400268457
simulated_annealing,rastrigin,110,15800,51.33944400268457
simulated_annealing,rastrigin,110,15900,51.33944400268457
simulated_annealing,rastrigin,110,16000,51.33944400268457
simulated_annealing,rastrigin,110,16100,51.33944400268457
simulated_annealing,rastrigin,110,16200,51.33944400268457
simulated_annealing,rastrigin,110,16300,51.33944400268457
simulated_annealing,rastrigin,110,16400,51.33944400268457
simulated_annealing,rastrigin,110,16500,51.33944400268457
simulated_annealing,rastrigin,110,16600,51.33944400268457
simulated_annealing,rastrigin,110,16700,51.33944400268457
simulated_annealing,rastrigin,110,16800,51.33944400268457
simulated_annealing,rastrigin,110,16900,45.66651975598043
simulated_annealing,rastrigin,110,17000,45.66651975598043
simulated_annealing,rastrigin,110,17100,45.66651975598043
simulated_annealing,rastrigin,110,17200,45.66651975598043
simulated_annealing,rastrigin,110,17300,45.66651975598043
simulated_annealing,rastrigin,110,17400,45.66651975598043
simulated_annealing,rastrigin,110,17500,45.66651975598043
simulated_annealing,rastrigin,110,17600,45.66651975598043
simulated_annealing,rastrigin,110,17700,45.66651975598043
simulated_annealing,rastrigin,110,17800,45.66651975598043
simulated_annealing,rastrigin,110,17900,45.66651975598043
simulated_annealing,rastrigin,110,18000,45.66651975598043
simulated_annealing,rastrigin,110,18100,45.66651975598043
simulated_annealing,rastrigin,110,18200,45.66651975598043
simulated_annealing,rastrigin,110,18300,45.66651975598043
simulated_annealing,rastrigin,110,18400,45.66651975598043
simulated_annealing,rastrigin,110,18500,45.66651975598043
simulated_annealing,rastrigin,110,18600,45.66651975598043
simulated_annealing,rastrigin,110,18700,37.761658111085936
simulated_annealing,rastrigin,110,18800,37.761658111085936
simulated_annealing,rastrigin,110,18900,37.761658111085936
simulated_annealing,rastrigin,110,19000,37.761658111085936
simulated_annealing,rastrigin,110,19100,37.761658111085936
simulated_annealing,rastrigin,110,19200,37.761658111085936
simulated_annealing,rastrigin,110,19300,37.761658111085936
simulated_annealing,rastrigin,110,19400,37.761658111085936
simulated_annealing,rastrigin,110,19500,37.761658111085936
simulated_annealing,rastrigin,110,19600,37.761658111085936
simulated_annealing,rastrigin,110,19700,37.761658111085936
simulated_annealing,rastrigin,110,19800,37.761658111085936
simulated_annealing,rastrigin,110,19900,37.761658111085936
simulated_annealing,rastrigin,110,20000,37.761658111085936
simulated_annealing,rastrigin,111,100,131.34549211397035
simulated_annealing,rastrigin,111,200,119.19537003346895
simulated_annealing,rastrigin,111,300,119.19537003346895
simulated_annealing,rastrigin,111,400,96.83817818945367
simulated_annealing,rastrigin,111,500,96.83817818945367
simulated_annealing,rastrigin,111,600,96.81234645508454
simulated_annealing,rastrigin,111,700,96.81234645508454
simulated_annealing,rastrigin,111,800,92.16019542380907
simulated_annealing,rastrigin,111,900,92.16019542380907
simulated_annealing,rastrigin,111,1000,92.16019542380907
simulated_annealing,rastrigin,111,1100,92.16019542380907
simulated_annealing,rastrigin,111,1200,92.16019542380907
simulated_annealing,rastrigin,111,1300,92.16019542380907
simulated_annealing,rastrigin,111,1400,92.16019542380907
simulated_annealing,rastrigin,111,1500,92.16019542380907
simulated_annealing,rastrigin,111,1600,92.16019542380907
simulated_annealing,rastrigin,111,1700,79.9895649964484
simulated_annealing,rastrigin,111,1800,79.9895649964484
simulated_annealing,rastrigin,111,1900,79.9895649964484
simulated_annealing,rastrigin,111,2000,79.9895649964484
simulated_annealing,rastrigin,111,2100,79.9895649964484
simulated_annealing,rastrigin,111,2200,79.9895649964484
simulated_annealing,rastrigin,111,2300,68.42410715765712
simulated_annealing,rastrigin,111,2400,68.42410715765712
simulated_annealing,rastrigin,111,2500,68.42410715765712
simulated_annealing,rastrigin,111,2600,68.42410715765712
simulated_annealing,rastrigin,111,2700,68.42410715765712
simulated_annealing,rastrigin,111,2800,68.42410715765712
simulated_annealing,rastrigin,111,2900,63.50739799849115
simulated_annealing,rastrigin,111,3000,63.50739799849115
simulated_annealing,rastrigin,111,3100,63.50739799849115
simulated_annealing,rastrigin,111,3200,63.50739799849115
simulated_annealing,rastrigin,111,3300,63.50739799849115
simulated_annealing,rastrigin,111,3400,63.50739799849115
simulated_annealing,rastrigin,111,3500,63.50739799849115
simulated_annealing,rastrigin,111,3600,63.50739799849115
simulated_annealing,rastrigin,111,3700,63.50739799849115
simulated_annealing,rastrigin,111,3800,63.50739799849115
simulated_annealing,rastrigin,111,3900,63.50739799849115
simulated_annealing,rastrigin,111,4000,63.50739799849115
simulated_annealing,rastrigin,111,4100,63.50739799849115
simulated_annealing,rastrigin,111,4200,63.50739799849115
simulated_annealing,rastrigin,111,4300,63.50739799849115
simulated_annealing,rastrigin,111,4400,63.50739799849115
simulated_annealing,rastrigin,111,4500,63.50739799849115
simulated_annealing,rastrigin,111,4600,63.50739799849115
simulated_annealing,rastrigin,111,4700,63.50739799849115
simulated_annealing,rastrigin,111,4800,63.50739799849115
simulated_annealing,rastrigin,111,4900,63.50739799849115
simulated_annealing,rastrigin,111,5000,63.50739799849115
simulated_annealing,rastrigin,111,5100,63.50739799849115
simulated_annealing,rastrigin,111,5200,63.50739799849115
simulated_annealing,rastrigin,111,5300,63.50739799849115
simulated_annealing,rastrigin,111,5400,63.50739799849115
simulated_annealing,rastrigin,111,5500,63.50739799849115
simulated_annealing,rastrigin,111,5600,63.50739799849115
simulated_annealing,rastrigin,111,5700,63.50739799849115
simulated_annealing,rastrigin,111,5800,63.50739799849115
simulated_annealing,rastrigin,111,5900,63.50739799849115
simulated_annealing,rastrigin,111,6000,63.50739799849115
simulated_annealing,rastrigin,111,6100,63.50739799849115
simulated_annealing,rastrigin,111,6200,63.50739799849115
simulated_annealing,rastrigin,111,6300,63.50739799849115
simulated_annealing,rastrigin,111,6400,63.50739799849115
simulated_annealing,rastrigin,111,6500,63.50739799849115
simulated_annealing,rastrigin,111,6600,63.50739799849115
simulated_annealing,rastrigin,111,6700,63.50739799849115
simulated_annealing,rastrigin,111,6800,63.50739799849115
simulated_annealing,rastrigin,111,6900,63.50739799849115
simulated_annealing,rastrigin,111,7000,63.50739799849115
simulated_annealing,rastrigin,111,7100,63.50739799849115
simulated_annealing,rastrigin,111,7200,63.50739799849115
simulated_annealing,rastrigin,111,7300,63.50739799849115
simulated_annealing,rastrigin,111,7400,63.50739799849115
simulated_annealing,rastrigin,111,7500,63.50739799849115
simulated_annealing,rastrigin,111,7600,63.50739799849115
simulated_annealing,rastrigin,111,7700,63.50739799849115
simulated_annealing,rastrigin,111,7800,63.50739799849115
simulated_annealing,rastrigin,111,7900,63.50739799849115
simulated_annealing,rastrigin,111,8000,63.50739799849115
simulated_annealing,rastrigin,111,8100,63.50739799849115
simulated_annealing,rastrigin,111,8200,63.50739799849115
simulated_annealing,rastrigin,111,8300,63.50739799849115
simulated_annealing,rastrigin,111,8400,63.50739799849115
simulated_annealing,rastrigin,111,8500,63.50739799849115
simulated_annealing,rastrigin,111,8600,63.50739799849115
simulated_annealing,rastrigin,111,8700,63.50739799849115
simulated_annealing,rastrigin,111,8800,63.50739799849115
simulated_annealing,rastrigin,111,8900,63.50739799849115
simulated_annealing,rastrigin,111,9000,63.50739799849115
simulated_annealing,rastrigin,111,9100,63.50739799849115
simulated_annealing,rastrigin,111,9200,63.50739799849115
simulated_annealing,rastrigin,111,9300,63.50739799849115
simulated_annealing,rastrigin,111,9400,63.50739799849115
simulated_annealing,rastrigin,111,9500,63.50739799849115
simulated_annealing,rastrigin,111,9600,63.50739799849115
simulated_annealing,rastrigin,111,9700,63.50739799849115
simulated_annealing,rastrigin,111,9800,63.50739799849115
simulated_annealing,rastrigin,111,9900,63.50739799849115
simulated_annealing,rastrigin,111,10000,63.50739799849115
simulated_annealing,rastrigin,111,10100,63.50739799849115
simulated_annealing,rastrigin,111,10200,63.50739799849115
simulated_annealing,rastrigin,111,10300,57.84399271023884
simulated_annealing,rastrigin,111,10400,57.84399271023884
simulated_annealing,rastrigin,111,10500,57.84399271023884
simulated_annealing,rastrigin,111,10600,57.84399271023884
simulated_annealing,rastrigin,111,10700,57.84399271023884
simulated_annealing,rastrigin,111,10800,57.84399271023884
simulated_annealing,rastrigin,111,10900,57.84399271023884
simulated_annealing,rastrigin,111,11000,57.84399271023884
simulated_annealing,rastrigin,111,11100,57.84399271023884
simulated_annealing,rastrigin,111,11200,57.84399271023884
simulated_annealing,rastrigin,111,11300,57.84399271023884
simulated_annealing,rastrigin,111,11400,57.84399271023884
simulated_annealing,rastrigin,111,11500,57.84399271023884
simulated_annealing,rastrigin,111,11600,57.84399271023884
simulated_annealing,rastrigin,111,11700,57.84399271023884
simulated_annealing,rastrigin,111,11800,57.84399271023884
simulated_annealing,rastrigin,111,11900,57.84399271023884
simulated_annealing,rastrigin,111,12000,57.84399271023884
simulated_annealing,rastrigin,111,12100,57.84399271023884
simulated_annealing,rastrigin,111,12200,57.84399271023884
simulated_annealing,rastrigin,111,12300,57.84399271023884
simulated_annealing,rastrigin,111,12400,57.84399271023884
simulated_annealing,rastrigin,111,12500,57.84399271023884
simulated_annealing,rastrigin,111,12600,57.84399271023884
simulated_annealing,rastrigin,111,12700,57.84399271023884
simulated_annealing,rastrigin,111,12800,57.84399271023884
simulated_annealing,rastrigin,111,12900,57.84399271023884
simulated_annealing,rastrigin,111,13000,57.84399271023884
simulated_annealing,rastrigin,111,13100,57.84399271023884
simulated_annealing,rastrigin,111,13200,57.84399271023884
simulated_annealing,rastrigin,111,13300,57.84399271023884
simulated_annealing,rastrigin,111,13400,57.84399271023884
simulated_annealing,rastrigin,111,13500,57.84399271023884
simulated_annealing,rastrigin,111,13600,57.84399271023884
simulated_annealing,rastrigin,111,13700,57.84399271023884
simulated_annealing,rastrigin,111,13800,57.84399271023884
simulated_annealing,rastrigin,111,13900,57.84399271023884
simulated_annealing,rastrigin,111,14000,57.84399271023884
simulated_annealing,rastrigin,111,14100,57.84399271023884
simulated_annealing,rastrigin,111,14200,57.84399271023884
simulated_annealing,rastrigin,111,14300,57.84399271023884
simulated_annealing,rastrigin,111,14400,57.84399271023884
simulated_annealing,rastrigin,111,14500,57.84399271023884
simulated_annealing,rastrigin,111,14600,57.84399271023884
simulated_annealing,rastrigin,111,14700,57.84399271023884
simulated_annealing,rastrigin,111,14800,57.84399271023884
simulated_annealing,rastrigin,111,14900,57.84399271023884
simulated_annealing,rastrigin,111,15000,57.84399271023884
simulated_annealing,rastrigin,111,15100,57.84399271023884
simulated_annealing,rastrigin,111,15200,57.84399271023884
simulated_annealing,rastrigin,111,15300,57.84399271023884
simulated_annealing,rastrigin,111,15400,57.84399271023884
simulated_annealing,rastrigin,111,15500,57.84399271023884
simulated_annealing,rastrigin,111,15600,57.84399271023884
simulated_annealing,rastrigin,111,15700,57.84399271023884
simulated_annealing,rastrigin,111,15800,57.84399271023884
simulated_annealing,rastrigin,111,15900,57.84399271023884
simulated_annealing,rastrigin,111,16000,57.84399271023884
simulated_annealing,rastrigin,111,16100,57.84399271023884
simulated_annealing,rastrigin,111,16200,57.84399271023884
simulated_annealing,rastrigin,111,16300,57.84399271023884
simulated_annealing,rastrigin,111,16400,57.84399271023884
simulated_annealing,rastrigin,111,16500,57.84399271023884
simulated_annealing,rastrigin,111,16600,57.84399271023884
simulated_annealing,rastrigin,111,16700,57.84399271023884
simulated_annealing,rastrigin,111,16800,57.84399271023884
simulated_annealing,rastrigin,111,16900,57.84399271023884
simulated_annealing,rastrigin,111,17000,57.84399271023884
simulated_annealing,rastrigin,111,17100,57.84399271023884
simulated_annealing,rastrigin,111,17200,57.84399271023884
simulated_annealing,rastrigin,111,17300,57.84399271023884
simulated_annealing,rastrigin,111,17400,57.84399271023884
simulated_annealing,rastrigin,111,17500,57.84399271023884
simulated_annealing,rastrigin,111,17600,57.84399271023884
simulated_annealing,rastrigin,111,17700,57.84399271023884
simulated_annealing,rastrigin,111,17800,57.84399271023884
simulated_annealing,rastrigin,111,17900,57.84399271023884
simulated_annealing,rastrigin,111,18000,57.84399271023884
simulated_annealing,rastrigin,111,18100,57.84399271023884
simulated_annealing,rastrigin,111,18200,57.84399271023884
simulated_annealing,rastrigin,111,18300,57.84399271023884
simulated_annealing,rastrigin,111,18400,57.84399271023884
simulated_annealing,rastrigin,111,18500,57.84399271023884
simulated_annealing,rastrigin,111,18600,57.84399271023884
simulated_annealing,rastrigin,111,18700,57.84399271023884
simulated_annealing,rastrigin,111,18800,57.84399271023884
simulated_annealing,rastrigin,111,18900,57.84399271023884
simulated_annealing,rastrigin,111,19000,57.84399271023884
simulated_annealing,rastrigin,111,19100,57.84399271023884
simulated_annealing,rastrigin,111,19200,57.84399271023884
simulated_annealing,rastrigin,111,19300,57.84399271023884
simulated_annealing,rastrigin,111,19400,57.84399271023884
simulated_annealing,rastrigin,111,19500,57.84399271023884
simulated_annealing,rastrigin,111,19600,57.84399271023884
simulated_annealing,rastrigin,111,19700,57.84399271023884
simulated_annealing,rastrigin,111,19800,57.84399271023884
simulated_annealing,rastrigin,111,19900,57.84399271023884
simulated_annealing,rastrigin,111,20000,57.84399271023884
simulated_annealing,rastrigin,112,100,136.00355380107803
simulated_annealing,rastrigin,112,200,102.38070841004854
simulated_annealing,rastrigin,112,300,102.38070841004854
simulated_annealing,rastrigin,112,400,92.58515341408446
simulated_annealing,rastrigin,112,500,77.653062894397
simulated_annealing,rastrigin,112,600,77.653062894397
simulated_annealing,rastrigin,112,700,77.653062894397
simulated_annealing,rastrigin,112,800,77.653062894397
simulated_annealing,rastrigin,112,900,77.653062894397
simulated_annealing,rastrigin,112,1000,77.653062894397
simulated_annealing,rastrigin,112,1100,77.653062894397
simulated_annealing,rastrigin,112,1200,77.653062894397
simulated_annealing,rastrigin,112,1300,77.653062894397
simulated_annealing,rastrigin,112,1400,77.653062894397
simulated_annealing,rastrigin,112,1500,77.653062894397
simulated_annealing,rastrigin,112,1600,77.653062894397
simulated_annealing,rastrigin,112,1700,77.653062894397
simulated_annealing,rastrigin,112,1800,70.31233908912037
simulated_annealing,rastrigin,112,1900,70.31233908912037
simulated_annealing,rastrigin,112,2000,70.31233908912037
simulated_annealing,rastrigin,112,2100,70.31233908912037
simulated_annealing,rastrigin,112,2200,70.31233908912037
simulated_annealing,rastrigin,112,2300,70.31233908912037
simulated_annealing,rastrigin,112,2400,70.31233908912037
simulated_annealing,rastrigin,112,2500,70.31233908912037
simulated_annealing,rastrigin,112,2600,70.31233908912037
simulated_annealing,rastrigin,112,2700,70.31233908912037
simulated_annealing,rastrigin,112,2800,69.27034952309072
simulated_annealing,rastrigin,112,2900,69.27034952309072
simulated_annealing,rastrigin,112,3000,69.27034952309072
simulated_annealing,rastrigin,112,3100,69.27034952309072
simulated_annealing,rastrigin,112,3200,69.27034952309072
simulated_annealing,rastrigin,112,3300,45.80053971291433
simulated_annealing,rastrigin,112,3400,45.80053971291433
simulated_annealing,rastrigin,112,3500,45.80053971291433
simulated_annealing,rastrigin,112,3600,45.80053971291433
simulated_annealing,rastrigin,112,3700,45.80053971291433
simulated_annealing,rastrigin,112,3800,45.80053971291433
simulated_annealing,rastrigin,112,3900,45.80053971291433
simulated_annealing,rastrigin,112,4000,45.80053971291433
simulated_annealing,rastrigin,112,4100,45.80053971291433
simulated_annealing,rastrigin,112,4200,45.80053971291433
simulated_annealing,rastrigin,112,4300,45.80053971291433
simulated_annealing,rastrigin,112,4400,45.80053971291433
simulated_annealing,rastrigin,112,4500,45.80053971291433
simulated_annealing,rastrigin,112,4600,45.80053971291433
simulated_annealing,rastrigin,112,4700,45.80053971291433
simulated_annealing,rastrigin,112,4800,45.80053971291433
simulated_annealing,rastrigin,112,4900,45.80053971291433
simulated_annealing,rastrigin,112,5000,45.80053971291433
simulated_annealing,rastrigin,112,5100,45.80053971291433
simulated_annealing,rastrigin,112,5200,45.80053971291433
simulated_annealing,rastrigin,112,5300,45.80053971291433
simulated_annealing,rastrigin,112,5400,45.80053971291433
simulated_annealing,rastrigin,112,5500,45.80053971291433
simulated_annealing,rastrigin,112,5600,45.80053971291433
simulated_annealing,rastrigin,112,5700,45.80053971291433
simulated_annealing,rastrigin,112,5800,45.80053971291433
simulated_annealing,rastrigin,112,5900,45.80053971291433
simulated_annealing,rastrigin,112,6000,45.80053971291433
simulated_annealing,rastrigin,112,6100,45.80053971291433
simulated_annealing,rastrigin,112,6200,45.80053971291433
simulated_annealing,rastrigin,112,6300,45.80053971291433
simulated_annealing,rastrigin,112,6400,45.80053971291433
simulated_annealing,rastrigin,112,6500,45.80053971291433
simulated_annealing,rastrigin,112,6600,45.80053971291433
simulated_annealing,rastrigin,112,6700,45.80053971291433
simulated_annealing,rastrigin,112,6800,45.80053971291433
simulated_annealing,rastrigin,112,6900,45.80053971291433
simulated_annealing,rastrigin,112,7000,45.80053971291433
simulated_annealing,rastrigin,112,7100,45.80053971291433
simulated_annealing,rastrigin,112,7200,45.80053971291433
simulated_annealing,rastrigin,112,7300,45.80053971291433
simulated_annealing,rastrigin,112,7400,45.80053971291433
simulated_annealing,rastrigin,112,7500,45.80053971291433
simulated_annealing,rastrigin,112,7600,45.80053971291433
simulated_annealing,rastrigin,112,7700,45.80053971291433
simulated_annealing,rastrigin,112,7800,45.80053971291433
simulated_annealing,rastrigin,112,7900,45.80053971291433
simulated_annealing,rastrigin,112,8000,45.80053971291433
simulated_annealing,rastrigin,112,8100,45.80053971291433
simulated_annealing,rastrigin,112,8200,45.80053971291433
simulated_annealing,rastrigin,112,8300,45.80053971291433
simulated_annealing,rastrigin,112,8400,45.80053971291433
simulated_annealing,rastrigin,112,8500,45.80053971291433
simulated_annealing,rastrigin,112,8600,45.80053971291433
simulated_annealing,rastrigin,112,8700,45.80053971291433
simulated_annealing,rastrigin,112,8800,45.80053971291433
simulated_annealing,rastrigin,112,8900,45.80053971291433
simulated_annealing,rastrigin,112,9000,45.80053971291433
simulated_annealing,rastrigin,112,9100,45.80053971291433
simulated_annealing,rastrigin,112,9200,45.80053971291433
simulated_annealing,rastrigin,112,9300,45.80053971291433
simulated_annealing,rastrigin,112,9400,45.80053971291433
simulated_annealing,rastrigin,112,9500,45.80053971291433
simulated_annealing,rastrigin,112,9600,45.80053971291433
simulated_annealing,rastrigin,112,9700,45.80053971291433
simulated_annealing,rastrigin,112,9800,45.80053971291433
simulated_annealing,rastrigin,112,9900,45.80053971291433
simulated_annealing,rastrigin,112,10000,45.80053971291433
simulated_annealing,rastrigin,112,10100,45.80053971291433
simulated_annealing,rastrigin,112,10200,45.80053971291433
simulated_annealing,rastrigin,112,10300,45.80053971291433
simulated_annealing,rastrigin,112,10400,45.80053971291433
simulated_annealing,rastrigin,112,10500,45.80053971291433
simulated_annealing,rastrigin,112,10600,45.80053971291433
simulated_annealing,rastrigin,112,10700,45.80053971291433
simulated_annealing,rastrigin,112,10800,45.80053971291433
simulated_annealing,rastrigin,112,10900,45.80053971291433
simulated_annealing,rastrigin,112,11000,45.80053971291433
simulated_annealing,rastrigin,112,11100,45.80053971291433
simulated_annealing,rastrigin,112,11200,45.80053971291433
simulated_annealing,rastrigin,112,11300,45.80053971291433
simulated_annealing,rastrigin,112,11400,45.80053971291433
simulated_annealing,rastrigin,112,11500,45.80053971291433
simulated_annealing,rastrigin,112,11600,45.80053971291433
simulated_annealing,rastrigin,112,11700,45.80053971291433
simulated_annealing,rastrigin,112,11800,45.80053971291433
simulated_annealing,rastrigin,112,11900,45.80053971291433
simulated_annealing,rastrigin,112,12000,45.80053971291433
simulated_annealing,rastrigin,112,12100,45.80053971291433
simulated_annealing,rastrigin,112,12200,45.80053971291433
simulated_annealing,rastrigin,112,12300,45.80053971291433
simulated_annealing,rastrigin,112,12400,45.80053971291433
simulated_annealing,rastrigin,112,12500,45.80053971291433
simulated_annealing,rastrigin,112,12600,45.80053971291433
simulated_annealing,rastrigin,112,12700,45.80053971291433
simulated_annealing,rastrigin,112,12800,45.80053971291433
simulated_annealing,rastrigin,112,12900,45.80053971291433
simulated_annealing,rastrigin,112,13000,45.80053971291433
simulated_annealing,rastrigin,112,13100,45.80053971291433
simulated_annealing,rastrigin,112,13200,45.80053971291433
simulated_annealing,rastrigin,112,13300,45.80053971291433
simulated_annealing,rastrigin,112,13400,45.80053971291433
simulated_annealing,rastrigin,112,13500,45.80053971291433
simulated_annealing,rastrigin,112,13600,45.80053971291433
simulated_annealing,rastrigin,112,13700,45.80053971291433
simulated_annealing,rastrigin,112,13800,45.80053971291433
simulated_annealing,rastrigin,112,13900,45.80053971291433
simulated_annealing,rastrigin,112,14000,45.80053971291433
simulated_annealing,rastrigin,112,14100,45.80053971291433
simulated_annealing,rastrigin,112,14200,45.80053971291433
simulated_annealing,rastrigin,112,14300,45.80053971291433
simulated_annealing,rastrigin,112,14400,45.80053971291433
simulated_annealing,rastrigin,112,14500,45.80053971291433
simulated_annealing,rastrigin,112,14600,45.80053971291433
simulated_annealing,rastrigin,112,14700,45.80053971291433
simulated_annealing,rastrigin,112,14800,45.80053971291433
simulated_annealing,rastrigin,112,14900,45.80053971291433
simulated_annealing,rastrigin,112,15000,45.80053971291433
simulated_annealing,rastrigin,112,15100,45.80053971291433
simulated_annealing,rastrigin,112,15200,45.80053971291433
simulated_annealing,rastrigin,112,15300,45.80053971291433
simulated_annealing,rastrigin,112,15400,45.80053971291433
simulated_annealing,rastrigin,112,15500,45.80053971291433
simulated_annealing,rastrigin,112,15600,45.80053971291433
simulated_annealing,rastrigin,112,15700,45.80053971291433
simulated_annealing,rastrigin,112,15800,45.80053971291433
simulated_annealing,rastrigin,112,15900,45.80053971291433
simulated_annealing,rastrigin,112,16000,45.80053971291433
simulated_annealing,rastrigin,112,16100,45.80053971291433
simulated_annealing,rastrigin,112,16200,45.80053971291433
simulated_annealing,rastrigin,112,16300,45.80053971291433
simulated_annealing,rastrigin,112,16400,45.80053971291433
simulated_annealing,rastrigin,112,16500,45.80053971291433
simulated_annealing,rastrigin,112,16600,45.80053971291433
simulated_annealing,rastrigin,112,16700,45.80053971291433
simulated_annealing,rastrigin,112,16800,45.80053971291433
simulated_annealing,rastrigin,112,16900,45.80053971291433
simulated_annealing,rastrigin,112,17000,45.80053971291433
simulated_annealing,rastrigin,112,17100,45.80053971291433
simulated_annealing,rastrigin,112,17200,45.80053971291433
simulated_annealing,rastrigin,112,17300,45.80053971291433
simulated_annealing,rastrigin,112,17400,45.80053971291433
simulated_annealing,rastrigin,112,17500,45.80053971291433
simulated_annealing,rastrigin,112,17600,45.80053971291433
simulated_annealing,rastrigin,112,17700,45.80053971291433
simulated_annealing,rastrigin,112,17800,45.80053971291433
simulated_annealing,rastrigin,112,17900,45.80053971291433
simulated_annealing,rastrigin,112,18000,45.80053971291433
simulated_annealing,rastrigin,112,18100,45.80053971291433
simulated_annealing,rastrigin,112,18200,45.80053971291433
simulated_annealing,rastrigin,112,18300,45.80053971291433
simulated_annealing,rastrigin,112,18400,45.80053971291433
simulated_annealing,rastrigin,112,18500,45.80053971291433
simulated_annealing,rastrigin,112,18600,45.80053971291433
simulated_annealing,rastrigin,112,18700,45.80053971291433
simulated_annealing,rastrigin,112,18800,45.80053971291433
simulated_annealing,rastrigin,112,18900,45.80053971291433
simulated_annealing,rastrigin,112,19000,45.80053971291433
simulated_annealing,rastrigin,112,19100,45.80053971291433
simulated_annealing,rastrigin,112,19200,45.80053971291433
simulated_annealing,rastrigin,112,19300,45.80053971291433
simulated_annealing,rastrigin,112,19400,45.80053971291433
simulated_annealing,rastrigin,112,19500,45.80053971291433
simulated_annealing,rastrigin,112,19600,45.80053971291433
simulated_annealing,rastrigin,112,19700,45.80053971291433
simulated_annealing,rastrigin,112,19800,45.80053971291433
simulated_annealing,rastrigin,112,19900,45.80053971291433
simulated_annealing,rastrigin,112,20000,45.80053971291433
simulated_annealing,rastrigin,113,100,118.22606140397328
simulated_annealing,rastrigin,113,200,109.10558701293105
simulated_annealing,rastrigin,113,300,105.52550026401086
simulated_annealing,rastrigin,113,400,105.52550026401086
simulated_annealing,rastrigin,113,500,93.92307207341302
simulated_annealing,rastrigin,113,600,78.44327883342805
simulated_annealing,rastrigin,113,700,78.44327883342805
simulated_annealing,rastrigin,113,800,78.44327883342805
simulated_annealing,rastrigin,113,900,78.44327883342805
simulated_annealing,rastrigin,113,1000,78.44327883342805
simulated_annealing,rastrigin,113,1100,78.44327883342805
simulated_annealing,rastrigin,113,1200,78.44327883342805
simulated_annealing,rastrigin,113,1300,78.44327883342805
simulated_annealing,rastrigin,113,1400,78.44327883342805
simulated_annealing,rastrigin,113,1500,78.44327883342805
simulated_annealing,rastrigin,113,1600,78.44327883342805
simulated_annealing,rastrigin,113,1700,78.44327883342805
simulated_annealing,rastrigin,113,1800,78.44327883342805
simulated_annealing,rastrigin,113,1900,78.44327883342805
simulated_annealing,rastrigin,113,2000,78.44327883342805
simulated_annealing,rastrigin,113,2100,78.44327883342805
simulated_annealing,rastrigin,113,2200,78.44327883342805
simulated_annealing,rastrigin,113,2300,78.44327883342805
simulated_annealing,rastrigin,113,2400,78.44327883342805
simulated_annealing,rastrigin,113,2500,78.44327883342805
simulated_annealing,rastrigin,113,2600,78.44327883342805
simulated_annealing,rastrigin,113,2700,78.44327883342805
simulated_annealing,rastrigin,113,2800,78.44327883342805
simulated_annealing,rastrigin,113,2900,78.44327883342805
simulated_annealing,rastrigin,113,3000,78.44327883342805
simulated_annealing,rastrigin,113,3100,78.44327883342805
simulated_annealing,rastrigin,113,3200,69.04155600138978
simulated_annealing,rastrigin,113,3300,69.04155600138978
simulated_annealing,rastrigin,113,3400,69.04155600138978
simulated_annealing,rastrigin,113,3500,65.83804064845566
simulated_annealing,rastrigin,113,3600,65.83804064845566
simulated_annealing,rastrigin,113,3700,65.83804064845566
simulated_annealing,rastrigin,113,3800,65.83804064845566
simulated_annealing,rastrigin,113,3900,65.83804064845566
simulated_annealing,rastrigin,113,4000,64.7372442935353
simulated_annealing,rastrigin,113,4100,64.7372442935353
simulated_annealing,rastrigin,113,4200,64.7372442935353
simulated_annealing,rastrigin,113,4300,64.7372442935353
simulated_annealing,rastrigin,113,4400,64.7372442935353
simulated_annealing,rastrigin,113,4500,64.7372442935353
simulated_annealing,rastrigin,113,4600,64.7372442935353
simulated_annealing,rastrigin,113,4700,64.7372442935353
simulated_annealing,rastrigin,113,4800,64.7372442935353
simulated_annealing,rastrigin,113,4900,64.7372442935353
simulated_annealing,rastrigin,113,5000,64.7372442935353
simulated_annealing,rastrigin,113,5100,64.7372442935353
simulated_annealing,rastrigin,113,5200,64.7372442935353
simulated_annealing,rastrigin,113,5300,56.38828669526759
simulated_annealing,rastrigin,113,5400,56.38828669526759
simulated_annealing,rastrigin,113,5500,56.38828669526759
simulated_annealing,rastrigin,113,5600,56.38828669526759
simulated_annealing,rastrigin,113,5700,56.38828669526759
simulated_annealing,rastrigin,113,5800,56.38828669526759
simulated_annealing,rastrigin,113,5900,55.21871250795975
simulated_annealing,rastrigin,113,6000,55.21871250795975
simulated_annealing,rastrigin,113,6100,55.21871250795975
simulated_annealing,rastrigin,113,6200,55.21871250795975
simulated_annealing,rastrigin,113,6300,55.21871250795975
simulated_annealing,rastrigin,113,6400,55.21871250795975
simulated_annealing,rastrigin,113,6500,55.21871250795975
simulated_annealing,rastrigin,113,6600,55.21871250795975
simulated_annealing,rastrigin,113,6700,55.21871250795975
simulated_annealing,rastrigin,113,6800,55.21871250795975
simulated_annealing,rastrigin,113,6900,55.21871250795975
simulated_annealing,rastrigin,113,7000,55.21871250795975
simulated_annealing,rastrigin,113,7100,55.21871250795975
simulated_annealing,rastrigin,113,7200,55.21871250795975
simulated_annealing,rastrigin,113,7300,55.21871250795975
simulated_annealing,rastrigin,113,7400,55.0872310985181
simulated_annealing,rastrigin,113,7500,55.0872310985181
simulated_annealing,rastrigin,113,7600,54.02351276395039
simulated_annealing,rastrigin,113,7700,54.02351276395039
simulated_annealing,rastrigin,113,7800,49.640051181331565
simulated_annealing,rastrigin,113,7900,49.640051181331565
simulated_annealing,rastrigin,113,8000,49.640051181331565
simulated_annealing,rastrigin,113,8100,49.640051181331565
simulated_annealing,rastrigin,113,8200,49.640051181331565
simulated_annealing,rastrigin,113,8300,49.640051181331565
simulated_annealing,rastrigin,113,8400,49.640051181331565
simulated_annealing,rastrigin,113,8500,49.640051181331565
simulated_annealing,rastrigin,113,8600,49.640051181331565
simulated_annealing,rastrigin,113,8700,49.640051181331565
simulated_annealing,rastrigin,113,8800,49.640051181331565
simulated_annealing,rastrigin,113,8900,49.640051181331565
simulated_annealing,rastrigin,113,9000,49.640051181331565
simulated_annealing,rastrigin,113,9100,49.640051181331565
simulated_annealing,rastrigin,113,9200,49.640051181331565
simulated_annealing,rastrigin,113,9300,49.640051181331565
simulated_annealing,rastrigin,113,9400,49.640051181331565
simulated_annealing,rastrigin,113,9500,49.640051181331565
simulated_annealing,rastrigin,113,9600,49.640051181331565
simulated_annealing,rastrigin,113,9700,49.640051181331565
simulated_annealing,rastrigin,113,9800,49.640051181331565
simulated_annealing,rastrigin,113,9900,49.640051181331565
simulated_annealing,rastrigin,113,10000,49.640051181331565
simulated_annealing,rastrigin,113,10100,49.640051181331565
simulated_annealing,rastrigin,113,10200,49.640051181331565
simulated_annealing,rastrigin,113,10300,49.640051181331565
simulated_annealing,rastrigin,113,10400,49.640051181331565
simulated_annealing,rastrigin,113,10500,49.640051181331565
simulated_annealing,rastrigin,113,10600,49.640051181331565
simulated_annealing,rastrigin,113,10700,49.640051181331565
simulated_annealing,rastrigin,113,10800,49.640051181331565
simulated_annealing,rastrigin,113,10900,49.640051181331565
simulated_annealing,rastrigin,113,11000,49.640051181331565
simulated_annealing,rastrigin,113,11100,49.640051181331565
simulated_annealing,rastrigin,113,11200,49.640051181331565
simulated_annealing,rastrigin,113,11300,49.640051181331565
simulated_annealing,rastrigin,113,11400,49.640051181331565
simulated_annealing,rastrigin,113,11500,49.640051181331565
simulated_annealing,rastrigin,113,11600,49.640051181331565
simulated_annealing,rastrigin,113,11700,49.640051181331565
simulated_annealing,rastrigin,113,11800,49.640051181331565
simulated_annealing,rastrigin,113,11900,49.640051181331565
simulated_annealing,rastrigin,113,12000,49.640051181331565
simulated_annealing,rastrigin,113,12100,49.640051181331565
simulated_annealing,rastrigin,113,12200,49.640051181331565
simulated_annealing,rastrigin,113,12300,49.640051181331565
simulated_annealing,rastrigin,113,12400,49.640051181331565
simulated_annealing,rastrigin,113,12500,49.640051181331565
simulated_annealing,rastrigin,113,12600,49.640051181331565
simulated_annealing,rastrigin,113,12700,49.640051181331565
simulated_annealing,rastrigin,113,12800,49.640051181331565
simulated_annealing,rastrigin,113,12900,49.640051181331565
simulated_annealing,rastrigin,113,13000,49.640051181331565
simulated_annealing,rastrigin,113,13100,49.640051181331565
simulated_annealing,rastrigin,113,13200,49.640051181331565
simulated_annealing,rastrigin,113,13300,49.640051181331565
simulated_annealing,rastrigin,113,13400,49.640051181331565
simulated_annealing,rastrigin,113,13500,49.640051181331565
simulated_annealing,rastrigin,113,13600,49.640051181331565
simulated_annealing,rastrigin,113,13700,49.640051181331565
simulated_annealing,rastrigin,113,13800,49.640051181331565
simulated_annealing,rastrigin,113,13900,49.640051181331565
simulated_annealing,rastrigin,113,14000,49.640051181331565
simulated_annealing,rastrigin,113,14100,49.640051181331565
simulated_annealing,rastrigin,113,14200,49.640051181331565
simulated_annealing,rastrigin,113,14300,49.640051181331565
simulated_annealing,rastrigin,113,14400,49.640051181331565
simulated_annealing,rastrigin,113,14500,49.640051181331565
simulated_annealing,rastrigin,113,14600,49.640051181331565
simulated_annealing,rastrigin,113,14700,49.640051181331565
simulated_annealing,rastrigin,113,14800,49.640051181331565
simulated_annealing,rastrigin,113,14900,49.640051181331565
simulated_annealing,rastrigin,113,15000,49.640051181331565
simulated_annealing,rastrigin,113,15100,49.640051181331565
simulated_annealing,rastrigin,113,15200,49.640051181331565
simulated_annealing,rastrigin,113,15300,49.640051181331565
simulated_annealing,rastrigin,113,15400,49.640051181331565
simulated_annealing,rastrigin,113,15500,49.640051181331565
simulated_annealing,rastrigin,113,15600,49.640051181331565
simulated_annealing,rastrigin,113,15700,49.640051181331565
simulated_annealing,rastrigin,113,15800,49.640051181331565
simulated_annealing,rastrigin,113,15900,49.640051181331565
simulated_annealing,rastrigin,113,16000,49.640051181331565
simulated_annealing,rastrigin,113,16100,49.640051181331565
simulated_annealing,rastrigin,113,16200,49.640051181331565
simulated_annealing,rastrigin,113,16300,49.640051181331565
simulated_annealing,rastrigin,113,16400,49.640051181331565
simulated_annealing,rastrigin,113,16500,49.640051181331565
simulated_annealing,rastrigin,113,16600,49.640051181331565
simulated_annealing,rastrigin,113,16700,49.640051181331565
simulated_annealing,rastrigin,113,16800,49.640051181331565
simulated_annealing,rastrigin,113,16900,49.640051181331565
simulated_annealing,rastrigin,113,17000,49.640051181331565
simulated_annealing,rastrigin,113,17100,49.640051181331565
simulated_annealing,rastrigin,113,17200,49.640051181331565
simulated_annealing,rastrigin,113,17300,49.640051181331565
simulated_annealing,rastrigin,113,17400,49.640051181331565
simulated_annealing,rastrigin,113,17500,49.640051181331565
simulated_annealing,rastrigin,113,17600,49.640051181331565
simulated_annealing,rastrigin,113,17700,49.640051181331565
simulated_annealing,rastrigin,113,17800,49.640051181331565
simulated_annealing,rastrigin,113,17900,49.640051181331565
simulated_annealing,rastrigin,113,18000,49.640051181331565
simulated_annealing,rastrigin,113,18100,49.640051181331565
simulated_annealing,rastrigin,113,18200,49.640051181331565
simulated_annealing,rastrigin,113,18300,49.640051181331565
simulated_annealing,rastrigin,113,18400,49.640051181331565
simulated_annealing,rastrigin,113,18500,49.640051181331565
simulated_annealing,rastrigin,113,18600,49.640051181331565
simulated_annealing,rastrigin,113,18700,49.640051181331565
simulated_annealing,rastrigin,113,18800,49.640051181331565
simulated_annealing,rastrigin,113,18900,49.640051181331565
simulated_annealing,rastrigin,113,19000,49.640051181331565
simulated_annealing,rastrigin,113,19100,49.640051181331565
simulated_annealing,rastrigin,113,19200,49.640051181331565
simulated_annealing,rastrigin,113,19300,49.640051181331565
simulated_annealing,rastrigin,113,19400,49.640051181331565
simulated_annealing,rastrigin,113,19500,49.640051181331565
simulated_annealing,rastrigin,113,19600,49.640051181331565
simulated_annealing,rastrigin,113,19700,49.640051181331565
simulated_annealing,rastrigin,113,19800,49.640051181331565
simulated_annealing,rastrigin,113,19900,49.640051181331565
simulated_annealing,rastrigin,113,20000,49.640051181331565
simulated_annealing,rastrigin,114,100,86.73145015017863
simulated_annealing,rastrigin,114,200,86.73145015017863
simulated_annealing,rastrigin,114,300,86.73145015017863
simulated_annealing,rastrigin,114,400,86.73145015017863
simulated_annealing,rastrigin,114,500,86.73145015017863
simulated_annealing,rastrigin,114,600,86.73145015017863
simulated_annealing,rastrigin,114,700,86.73145015017863
simulated_annealing,rastrigin,114,800,86.73145015017863
simulated_annealing,rastrigin,114,900,86.73145015017863
simulated_annealing,rastrigin,114,1000,86.73145015017863
simulated_annealing,rastrigin,114,1100,86.73145015017863
simulated_annealing,rastrigin,114,1200,86.73145015017863
simulated_annealing,rastrigin,114,1300,86.73145015017863
simulated_annealing,rastrigin,114,1400,86.73145015017863
simulated_annealing,rastrigin,114,1500,86.73145015017863
simulated_annealing,rastrigin,114,1600,86.73145015017863
simulated_annealing,rastrigin,114,1700,86.73145015017863
simulated_annealing,rastrigin,114,1800,74.43334280380749
simulated_annealing,rastrigin,114,1900,69.93094370063774
simulated_annealing,rastrigin,114,2000,58.24932338135334
simulated_annealing,rastrigin,114,2100,58.24932338135334
simulated_annealing,rastrigin,114,2200,58.24932338135334
simulated_annealing,rastrigin,114,2300,58.24932338135334
simulated_annealing,rastrigin,114,2400,58.24932338135334
simulated_annealing,rastrigin,114,2500,58.24932338135334
simulated_annealing,rastrigin,114,2600,58.24932338135334
simulated_annealing,rastrigin,114,2700,58.24932338135334
simulated_annealing,rastrigin,114,2800,58.24932338135334
simulated_annealing,rastrigin,114,2900,58.24932338135334
simulated_annealing,rastrigin,114,3000,58.24932338135334
simulated_annealing,rastrigin,114,3100,58.24932338135334
simulated_annealing,rastrigin,114,3200,58.24932338135334
simulated_annealing,rastrigin,114,3300,58.24932338135334
simulated_annealing,rastrigin,114,3400,58.24932338135334
simulated_annealing,rastrigin,114,3500,58.24932338135334
simulated_annealing,rastrigin,114,3600,58.24932338135334
simulated_annealing,rastrigin,114,3700,58.24932338135334
simulated_annealing,rastrigin,114,3800,58.24932338135334
simulated_annealing,rastrigin,114,3900,58.24932338135334
simulated_annealing,rastrigin,114,4000,58.24932338135334
simulated_annealing,rastrigin,114,4100,58.24932338135334
simulated_annealing,rastrigin,114,4200,58.24932338135334
simulated_annealing,rastrigin,114,4300,56.95701706644475
simulated_annealing,rastrigin,114,4400,56.95701706644475
simulated_annealing,rastrigin,114,4500,56.95701706644475
simulated_annealing,rastrigin,114,4600,56.95701706644475
simulated_annealing,rastrigin,114,4700,56.95701706644475
simulated_annealing,rastrigin,114,4800,56.95701706644475
simulated_annealing,rastrigin,114,4900,56.95701706644475
simulated_annealing,rastrigin,114,5000,56.95701706644475
simulated_annealing,rastrigin,114,5100,56.95701706644475
simulated_annealing,rastrigin,114,5200,56.95701706644475
simulated_annealing,rastrigin,114,5300,56.95701706644475
simulated_annealing,rastrigin,114,5400,56.95701706644475
simulated_annealing,rastrigin,114,5500,56.95701706644475
simulated_annealing,rastrigin,114,5600,56.95701706644475
simulated_annealing,rastrigin,114,5700,56.95701706644475
simulated_annealing,rastrigin,114,5800,55.596471295103214
simulated_annealing,rastrigin,114,5900,55.596471295103214
simulated_annealing,rastrigin,114,6000,55.596471295103214
simulated_annealing,rastrigin,114,6100,55.596471295103214
simulated_annealing,rastrigin,114,6200,55.596471295103214
simulated_annealing,rastrigin,114,6300,55.596471295103214
simulated_annealing,rastrigin,114,6400,55.596471295103214
simulated_annealing,rastrigin,114,6500,55.596471295103214
simulated_annealing,rastrigin,114,6600,55.596471295103214
simulated_annealing,rastrigin,114,6700,55.596471295103214
simulated_annealing,rastrigin,114,6800,55.596471295103214
simulated_annealing,rastrigin,114,6900,55.596471295103214
simulated_annealing,rastrigin,114,7000,55.596471295103214
simulated_annealing,rastrigin,114,7100,55.596471295103214
simulated_annealing,rastrigin,114,7200,55.596471295103214
simulated_annealing,rastrigin,114,7300,55.596471295103214
simulated_annealing,rastrigin,114,7400,55.596471295103214
simulated_annealing,rastrigin,114,7500,55.596471295103214
simulated_annealing,rastrigin,114,7600,55.596471295103214
simulated_annealing,rastrigin,114,7700,55.596471295103214
simulated_annealing,rastrigin,114,7800,55.596471295103214
simulated_annealing,rastrigin,114,7900,55.596471295103214
simulated_annealing,rastrigin,114,8000,55.596471295103214
simulated_annealing,rastrigin,114,8100,55.596471295103214
simulated_annealing,rastrigin,114,8200,55.596471295103214
simulated_annealing,rastrigin,114,8300,55.596471295103214
simulated_annealing,rastrigin,114,8400,55.596471295103214
simulated_annealing,rastrigin,114,8500,55.596471295103214
simulated_annealing,rastrigin,114,8600,55.596471295103214
simulated_annealing,rastrigin,114,8700,55.596471295103214
simulated_annealing,rastrigin,114,8800,55.596471295103214
simulated_annealing,rastrigin,114,8900,55.596471295103214
simulated_annealing,rastrigin,114,9000,55.596471295103214
simulated_annealing,rastrigin,114,9100,55.596471295103214
simulated_annealing,rastrigin,114,9200,55.596471295103214
simulated_annealing,rastrigin,114,9300,55.596471295103214
simulated_annealing,rastrigin,114,9400,55.596471295103214
simulated_annealing,rastrigin,114,9500,52.83784186484053
simulated_annealing,rastrigin,114,9600,52.83784186484053
simulated_annealing,rastrigin,114,9700,52.83784186484053
simulated_annealing,rastrigin,114,9800,52.83784186484053
simulated_annealing,rastrigin,114,9900,52.83784186484053
simulated_annealing,rastrigin,114,10000,52.83784186484053
simulated_annealing,rastrigin,114,10100,52.83784186484053
simulated_annealing,rastrigin,114,10200,52.83784186484053
simulated_annealing,rastrigin,114,10300,52.83784186484053
simulated_annealing,rastrigin,114,10400,52.83784186484053
simulated_annealing,rastrigin,114,10500,52.83784186484053
simulated_annealing,rastrigin,114,10600,52.83784186484053
simulated_annealing,rastrigin,114,10700,52.83784186484053
simulated_annealing,rastrigin,114,10800,52.83784186484053
simulated_annealing,rastrigin,114,10900,52.83784186484053
simulated_annealing,rastrigin,114,11000,52.83784186484053
simulated_annealing,rastrigin,114,11100,52.83784186484053
simulated_annealing,rastrigin,114,11200,52.83784186484053
simulated_annealing,rastrigin,114,11300,52.83784186484053
simulated_annealing,rastrigin,114,11400,52.83784186484053
simulated_annealing,rastrigin,114,11500,52.83784186484053
simulated_annealing,rastrigin,114,11600,52.83784186484053
simulated_annealing,rastrigin,114,11700,52.83784186484053
simulated_annealing,rastrigin,114,11800,49.50859086074731
simulated_annealing,rastrigin,114,11900,49.50859086074731
simulated_annealing,rastrigin,114,12000,49.50859086074731
simulated_annealing,rastrigin,114,12100,49.50859086074731
simulated_annealing,rastrigin,114,12200,49.50859086074731
simulated_annealing,rastrigin,114,12300,49.50859086074731
simulated_annealing,rastrigin,114,12400,44.363080871678015
simulated_annealing,rastrigin,114,12500,42.940559606660344
simulated_annealing,rastrigin,114,12600,42.940559606660344
simulated_annealing,rastrigin,114,12700,42.940559606660344
simulated_annealing,rastrigin,114,12800,42.940559606660344
simulated_annealing,rastrigin,114,12900,42.940559606660344
simulated_annealing,rastrigin,114,13000,42.940559606660344
simulated_annealing,rastrigin,114,13100,42.940559606660344
simulated_annealing,rastrigin,114,13200,42.940559606660344
simulated_annealing,rastrigin,114,13300,42.940559606660344
simulated_annealing,rastrigin,114,13400,42.940559606660344
simulated_annealing,rastrigin,114,13500,42.940559606660344
simulated_annealing,rastrigin,114,13600,42.940559606660344
simulated_annealing,rastrigin,114,13700,42.940559606660344
simulated_annealing,rastrigin,114,13800,42.940559606660344
simulated_annealing,rastrigin,114,13900,42.940559606660344
simulated_annealing,rastrigin,114,14000,42.940559606660344
simulated_annealing,rastrigin,114,14100,42.940559606660344
simulated_annealing,rastrigin,114,14200,42.940559606660344
simulated_annealing,rastrigin,114,14300,42.940559606660344
simulated_annealing,rastrigin,114,14400,42.940559606660344
simulated_annealing,rastrigin,114,14500,42.940559606660344
simulated_annealing,rastrigin,114,14600,42.940559606660344
simulated_annealing,rastrigin,114,14700,42.940559606660344
simulated_annealing,rastrigin,114,14800,42.940559606660344
simulated_annealing,rastrigin,114,14900,42.940559606660344
simulated_annealing,rastrigin,114,15000,42.940559606660344
simulated_annealing,rastrigin,114,15100,42.940559606660344
simulated_annealing,rastrigin,114,15200,42.940559606660344
simulated_annealing,rastrigin,114,15300,42.940559606660344
simulated_annealing,rastrigin,114,15400,42.940559606660344
simulated_annealing,rastrigin,114,15500,42.940559606660344
simulated_annealing,rastrigin,114,15600,42.940559606660344
simulated_annealing,rastrigin,114,15700,42.940559606660344
simulated_annealing,rastrigin,114,15800,42.940559606660344
simulated_annealing,rastrigin,114,15900,42.940559606660344
simulated_annealing,rastrigin,114,16000,42.940559606660344
simulated_annealing,rastrigin,114,16100,42.940559606660344
simulated_annealing,rastrigin,114,16200,42.940559606660344
simulated_annealing,rastrigin,114,16300,42.940559606660344
simulated_annealing,rastrigin,114,16400,42.940559606660344
simulated_annealing,rastrigin,114,16500,42.940559606660344
simulated_annealing,rastrigin,114,16600,42.940559606660344
simulated_annealing,rastrigin,114,16700,42.940559606660344
simulated_annealing,rastrigin,114,16800,42.940559606660344
simulated_annealing,rastrigin,114,16900,42.940559606660344
simulated_annealing,rastrigin,114,17000,42.940559606660344
simulated_annealing,rastrigin,114,17100,42.940559606660344
simulated_annealing,rastrigin,114,17200,42.940559606660344
simulated_annealing,rastrigin,114,17300,42.940559606660344
simulated_annealing,rastrigin,114,17400,42.940559606660344
simulated_annealing,rastrigin,114,17500,42.940559606660344
simulated_annealing,rastrigin,114,17600,42.940559606660344
simulated_annealing,rastrigin,114,17700,42.940559606660344
simulated_annealing,rastrigin,114,17800,42.940559606660344
simulated_annealing,rastrigin,114,17900,42.940559606660344
simulated_annealing,rastrigin,114,18000,42.940559606660344
simulated_annealing,rastrigin,114,18100,42.940559606660344
simulated_annealing,rastrigin,114,18200,42.940559606660344
simulated_annealing,rastrigin,114,18300,42.940559606660344
simulated_annealing,rastrigin,114,18400,42.940559606660344
simulated_annealing,rastrigin,114,18500,42.940559606660344
simulated_annealing,rastrigin,114,18600,42.940559606660344
simulated_annealing,rastrigin,114,18700,42.940559606660344
simulated_annealing,rastrigin,114,18800,42.940559606660344
simulated_annealing,rastrigin,114,18900,42.940559606660344
simulated_annealing,rastrigin,114,19000,42.940559606660344
simulated_annealing,rastrigin,114,19100,42.940559606660344
simulated_annealing,rastrigin,114,19200,42.940559606660344
simulated_annealing,rastrigin,114,19300,42.940559606660344
simulated_annealing,rastrigin,114,19400,42.940559606660344
simulated_annealing,rastrigin,114,19500,42.940559606660344
simulated_annealing,rastrigin,114,19600,42.940559606660344
simulated_annealing,rastrigin,114,19700,42.940559606660344
simulated_annealing,rastrigin,114,19800,42.940559606660344
simulated_annealing,rastrigin,114,19900,42.940559606660344
simulated_annealing,rastrigin,114,20000,42.940559606660344
simulated_annealing,rastrigin,115,100,100.0579697663795
simulated_annealing,rastrigin,115,200,100.0579697663795
simulated_annealing,rastrigin,115,300,100.0579697663795
simulated_annealing,rastrigin,115,400,100.0579697663795
simulated_annealing,rastrigin,115,500,100.0579697663795
simulated_annealing,rastrigin,115,600,100.0579697663795
simulated_annealing,rastrigin,115,700,100.0579697663795
simulated_annealing,rastrigin,115,800,100.0579697663795
simulated_annealing,rastrigin,115,900,100.0579697663795
simulated_annealing,rastrigin,115,1000,100.0579697663795
simulated_annealing,rastrigin,115,1100,100.0579697663795
simulated_annealing,rastrigin,115,1200,100.0579697663795
simulated_annealing,rastrigin,115,1300,100.0579697663795
simulated_annealing,rastrigin,115,1400,100.0579697663795
simulated_annealing,rastrigin,115,1500,86.0228353361505
simulated_annealing,rastrigin,115,1600,84.5651491609011
simulated_annealing,rastrigin,115,1700,84.5651491609011
simulated_annealing,rastrigin,115,1800,84.5651491609011
simulated_annealing,rastrigin,115,1900,84.5651491609011
simulated_annealing,rastrigin,115,2000,84.5651491609011
simulated_annealing,rastrigin,115,2100,84.5651491609011
simulated_annealing,rastrigin,115,2200,79.45408271237766
simulated_annealing,rastrigin,115,2300,79.45408271237766
simulated_annealing,rastrigin,115,2400,70.61188331893213
simulated_annealing,rastrigin,115,2500,67.14873106723053
simulated_annealing,rastrigin,115,2600,67.14873106723053
simulated_annealing,rastrigin,115,2700,48.97268546871466
simulated_annealing,rastrigin,115,2800,48.97268546871466
simulated_annealing,rastrigin,115,2900,48.97268546871466
simulated_annealing,rastrigin,115,3000,48.97268546871466
simulated_annealing,rastrigin,115,3100,48.97268546871466
simulated_annealing,rastrigin,115,3200,48.97268546871466
simulated_annealing,rastrigin,115,3300,48.97268546871466
simulated_annealing,rastrigin,115,3400,39.97182600745292
simulated_annealing,rastrigin,115,3500,39.97182600745292
simulated_annealing,rastrigin,115,3600,39.97182600745292
simulated_annealing,rastrigin,115,3700,39.97182600745292
simulated_annealing,rastrigin,115,3800,39.97182600745292
simulated_annealing,rastrigin,115,3900,39.97182600745292
simulated_annealing,rastrigin,115,4000,39.97182600745292
simulated_annealing,rastrigin,115,4100,39.97182600745292
simulated_annealing,rastrigin,115,4200,39.97182600745292
simulated_annealing,rastrigin,115,4300,39.97182600745292
simulated_annealing,rastrigin,115,4400,39.97182600745292
simulated_annealing,rastrigin,115,4500,39.97182600745292
simulated_annealing,rastrigin,115,4600,39.97182600745292
simulated_annealing,rastrigin,115,4700,39.97182600745292
simulated_annealing,rastrigin,115,4800,39.97182600745292
simulated_annealing,rastrigin,115,4900,39.97182600745292
simulated_annealing,rastrigin,115,5000,39.97182600745292
simulated_annealing,rastrigin,115,5100,39.97182600745292
simulated_annealing,rastrigin,115,5200,39.97182600745292
simulated_annealing,rastrigin,115,5300,39.97182600745292
simulated_annealing,rastrigin,115,5400,34.86654574923001
simulated_annealing,rastrigin,115,5500,34.86654574923001
simulated_annealing,rastrigin,115,5600,34.86654574923001
simulated_annealing,rastrigin,115,5700,34.86654574923001
simulated_annealing,rastrigin,115,5800,34.86654574923001
simulated_annealing,rastrigin,115,5900,34.86654574923001
simulated_annealing,rastrigin,115,6000,34.86654574923001
simulated_annealing,rastrigin,115,6100,34.86654574923001
simulated_annealing,rastrigin,115,6200,34.86654574923001
simulated_annealing,rastrigin,115,6300,34.86654574923001
simulated_annealing,rastrigin,115,6400,34.86654574923001
simulated_annealing,rastrigin,115,6500,34.86654574923001
simulated_annealing,rastrigin,115,6600,34.86654574923001
simulated_annealing,rastrigin,115,6700,34.86654574923001
simulated_annealing,rastrigin,115,6800,34.86654574923001
simulated_annealing,rastrigin,115,6900,34.86654574923001
simulated_annealing,rastrigin,115,7000,34.86654574923001
simulated_annealing,rastrigin,115,7100,34.86654574923001
simulated_annealing,rastrigin,115,7200,34.86654574923001
simulated_annealing,rastrigin,115,7300,34.86654574923001
simulated_annealing,rastrigin,115,7400,28.064096175898328
simulated_annealing,rastrigin,115,7500,28.064096175898328
simulated_annealing,rastrigin,115,7600,28.064096175898328
simulated_annealing,rastrigin,115,7700,28.064096175898328
simulated_annealing,rastrigin,115,7800,28.064096175898328
simulated_annealing,rastrigin,115,7900,28.064096175898328
simulated_annealing,rastrigin,115,8000,28.064096175898328
simulated_annealing,rastrigin,115,8100,28.064096175898328
simulated_annealing,rastrigin,115,8200,28.064096175898328
simulated_annealing,rastrigin,115,8300,28.064096175898328
simulated_annealing,rastrigin,115,8400,28.064096175898328
simulated_annealing,rastrigin,115,8500,28.064096175898328
simulated_annealing,rastrigin,115,8600,28.064096175898328
simulated_annealing,rastrigin,115,8700,28.064096175898328
simulated_annealing,rastrigin,115,8800,28.064096175898328
simulated_annealing,rastrigin,115,8900,28.064096175898328
simulated_annealing,rastrigin,115,9000,28.064096175898328
simulated_annealing,rastrigin,115,9100,28.064096175898328
simulated_annealing,rastrigin,115,9200,28.064096175898328
simulated_annealing,rastrigin,115,9300,28.064096175898328
simulated_annealing,rastrigin,115,9400,28.064096175898328
simulated_annealing,rastrigin,115,9500,28.064096175898328
simulated_annealing,rastrigin,115,9600,28.064096175898328
simulated_annealing,rastrigin,115,9700,28.064096175898328
simulated_annealing,rastrigin,115,9800,28.064096175898328
simulated_annealing,rastrigin,115,9900,28.064096175898328
simulated_annealing,rastrigin,115,10000,28.064096175898328
simulated_annealing,rastrigin,115,10100,28.064096175898328
simulated_annealing,rastrigin,115,10200,28.064096175898328
simulated_annealing,rastrigin,115,10300,28.064096175898328
simulated_annealing,rastrigin,115,10400,28.064096175898328
simulated_annealing,rastrigin,115,10500,28.064096175898328
simulated_annealing,rastrigin,115,10600,28.064096175898328
simulated_annealing,rastrigin,115,10700,28.064096175898328
simulated_annealing,rastrigin,115,10800,28.064096175898328
simulated_annealing,rastrigin,115,10900,28.064096175898328
simulated_annealing,rastrigin,115,11000,28.064096175898328
simulated_annealing,rastrigin,115,11100,28.064096175898328
simulated_annealing,rastrigin,115,11200,28.064096175898328
simulated_annealing,rastrigin,115,11300,28.064096175898328
simulated_annealing,rastrigin,115,11400,28.064096175898328
simulated_annealing,rastrigin,115,11500,28.064096175898328
simulated_annealing,rastrigin,115,11600,28.064096175898328
simulated_annealing,rastrigin,115,11700,28.064096175898328
simulated_annealing,rastrigin,115,11800,28.064096175898328
simulated_annealing,rastrigin,115,11900,28.064096175898328
simulated_annealing,rastrigin,115,12000,28.064096175898328
simulated_annealing,rastrigin,115,12100,28.064096175898328
simulated_annealing,rastrigin,115,12200,28.064096175898328
simulated_annealing,rastrigin,115,12300,28.064096175898328
simulated_annealing,rastrigin,115,12400,28.064096175898328
simulated_annealing,rastrigin,115,12500,28.064096175898328
simulated_annealing,rastrigin,115,12600,28.064096175898328
simulated_annealing,rastrigin,115,12700,28.064096175898328
simulated_annealing,rastrigin,115,12800,28.064096175898328
simulated_annealing,rastrigin,115,12900,28.064096175898328
simulated_annealing,rastrigin,115,13000,28.064096175898328
simulated_annealing,rastrigin,115,13100,28.064096175898328
simulated_annealing,rastrigin,115,13200,28.064096175898328
simulated_annealing,rastrigin,115,13300,28.064096175898328
simulated_annealing,rastrigin,115,13400,28.064096175898328
simulated_annealing,rastrigin,115,13500,28.064096175898328
simulated_annealing,rastrigin,115,13600,28.064096175898328
simulated_annealing,rastrigin,115,13700,28.064096175898328
simulated_annealing,rastrigin,115,13800,28.064096175898328
simulated_annealing,rastrigin,115,13900,28.064096175898328
simulated_annealing,rastrigin,115,14000,28.064096175898328
simulated_annealing,rastrigin,115,14100,28.064096175898328
simulated_annealing,rastrigin,115,14200,28.064096175898328
simulated_annealing,rastrigin,115,14300,28.064096175898328
simulated_annealing,rastrigin,115,14400,28.064096175898328
simulated_annealing,rastrigin,115,14500,28.064096175898328
simulated_annealing,rastrigin,115,14600,28.064096175898328
simulated_annealing,rastrigin,115,14700,28.064096175898328
simulated_annealing,rastrigin,115,14800,28.064096175898328
simulated_annealing,rastrigin,115,14900,28.064096175898328
simulated_annealing,rastrigin,115,15000,28.064096175898328
simulated_annealing,rastrigin,115,15100,28.064096175898328
simulated_annealing,rastrigin,115,15200,28.064096175898328
simulated_annealing,rastrigin,115,15300,28.064096175898328
simulated_annealing,rastrigin,115,15400,28.064096175898328
simulated_annealing,rastrigin,115,15500,28.064096175898328
simulated_annealing,rastrigin,115,15600,28.064096175898328
simulated_annealing,rastrigin,115,15700,28.064096175898328
simulated_annealing,rastrigin,115,15800,28.064096175898328
simulated_annealing,rastrigin,115,15900,28.064096175898328
simulated_annealing,rastrigin,115,16000,28.064096175898328
simulated_annealing,rastrigin,115,16100,28.064096175898328
simulated_annealing,rastrigin,115,16200,28.064096175898328
simulated_annealing,rastrigin,115,16300,28.064096175898328
simulated_annealing,rastrigin,115,16400,28.064096175898328
simulated_annealing,rastrigin,115,16500,28.064096175898328
simulated_annealing,rastrigin,115,16600,28.064096175898328
simulated_annealing,rastrigin,115,16700,28.064096175898328
simulated_annealing,rastrigin,115,16800,28.064096175898328
simulated_annealing,rastrigin,115,16900,28.064096175898328
simulated_annealing,rastrigin,115,17000,28.064096175898328
simulated_annealing,rastrigin,115,17100,28.064096175898328
simulated_annealing,rastrigin,115,17200,28.064096175898328
simulated_annealing,rastrigin,115,17300,28.064096175898328
simulated_annealing,rastrigin,115,17400,28.064096175898328
simulated_annealing,rastrigin,115,17500,28.064096175898328
simulated_annealing,rastrigin,115,17600,28.064096175898328
simulated_annealing,rastrigin,115,17700,28.064096175898328
simulated_annealing,rastrigin,115,17800,28.064096175898328
simulated_annealing,rastrigin,115,17900,28.064096175898328
simulated_annealing,rastrigin,115,18000,28.064096175898328
simulated_annealing,rastrigin,115,18100,28.064096175898328
simulated_annealing,rastrigin,115,18200,28.064096175898328
simulated_annealing,rastrigin,115,18300,28.064096175898328
simulated_annealing,rastrigin,115,18400,28.064096175898328
simulated_annealing,rastrigin,115,18500,28.064096175898328
simulated_annealing,rastrigin,115,18600,28.064096175898328
simulated_annealing,rastrigin,115,18700,28.064096175898328
simulated_annealing,rastrigin,115,18800,28.064096175898328
simulated_annealing,rastrigin,115,18900,28.064096175898328
simulated_annealing,rastrigin,115,19000,28.064096175898328
simulated_annealing,rastrigin,115,19100,28.064096175898328
simulated_annealing,rastrigin,115,19200,28.064096175898328
simulated_annealing,rastrigin,115,19300,28.064096175898328
simulated_annealing,rastrigin,115,19400,28.064096175898328
simulated_annealing,rastrigin,115,19500,28.064096175898328
simulated_annealing,rastrigin,115,19600,28.064096175898328
simulated_annealing,rastrigin,115,19700,28.064096175898328
simulated_annealing,rastrigin,115,19800,28.064096175898328
simulated_annealing,rastrigin,115,19900,28.064096175898328
simulated_annealing,rastrigin,115,20000,28.064096175898328
simulated_annealing,rastrigin,116,100,104.46117911000496
simulated_annealing,rastrigin,116,200,104.46117911000496
simulated_annealing,rastrigin,116,300,104.46117911000496
simulated_annealing,rastrigin,116,400,104.46117911000496
simulated_annealing,rastrigin,116,500,104.46117911000496
simulated_annealing,rastrigin,116,600,74.61094423008294
simulated_annealing,rastrigin,116,700,74.61094423008294
simulated_annealing,rastrigin,116,800,74.61094423008294
simulated_annealing,rastrigin,116,900,74.61094423008294
simulated_annealing,rastrigin,116,1000,74.61094423008294
simulated_annealing,rastrigin,116,1100,74.61094423008294
simulated_annealing,rastrigin,116,1200,74.61094423008294
simulated_annealing,rastrigin,116,1300,74.61094423008294
simulated_annealing,rastrigin,116,1400,62.47496444209013
simulated_annealing,rastrigin,116,1500,62.47496444209013
simulated_annealing,rastrigin,116,1600,62.47496444209013
simulated_annealing,rastrigin,116,1700,62.47496444209013
simulated_annealing,rastrigin,116,1800,62.47496444209013
simulated_annealing,rastrigin,116,1900,62.47496444209013
simulated_annealing,rastrigin,116,2000,62.47496444209013
simulated_annealing,rastrigin,116,2100,62.47496444209013
simulated_annealing,rastrigin,116,2200,62.47496444209013
simulated_annealing,rastrigin,116,2300,62.47496444209013
simulated_annealing,rastrigin,116,2400,62.47496444209013
simulated_annealing,rastrigin,116,2500,62.47496444209013
simulated_annealing,rastrigin,116,2600,62.47496444209013
simulated_annealing,rastrigin,116,2700,62.47496444209013
simulated_annealing,rastrigin,116,2800,62.47496444209013
simulated_annealing,rastrigin,116,2900,58.14887757842445
simulated_annealing,rastrigin,116,3000,58.14887757842445
simulated_annealing,rastrigin,116,3100,58.14887757842445
simulated_annealing,rastrigin,116,3200,58.14887757842445
simulated_annealing,rastrigin,116,3300,58.14887757842445
simulated_annealing,rastrigin,116,3400,58.14887757842445
simulated_annealing,rastrigin,116,3500,58.14887757842445
simulated_annealing,rastrigin,116,3600,58.14887757842445
simulated_annealing,rastrigin,116,3700,58.14887757842445
simulated_annealing,rastrigin,116,3800,58.14887757842445
simulated_annealing,rastrigin,116,3900,58.14887757842445
simulated_annealing,rastrigin,116,4000,58.14887757842445
simulated_annealing,rastrigin,116,4100,58.14887757842445
simulated_annealing,rastrigin,116,4200,58.14887757842445
simulated_annealing,rastrigin,116,4300,58.14887757842445
simulated_annealing,rastrigin,116,4400,58.14887757842445
simulated_annealing,rastrigin,116,4500,58.14887757842445
simulated_annealing,rastrigin,116,4600,58.14887757842445
simulated_annealing,rastrigin,116,4700,58.14887757842445
simulated_annealing,rastrigin,116,4800,58.14887757842445
simulated_annealing,rastrigin,116,4900,58.14887757842445
simulated_annealing,rastrigin,116,5000,58.14887757842445
simulated_annealing,rastrigin,116,5100,58.14887757842445
simulated_annealing,rastrigin,116,5200,58.14887757842445
simulated_annealing,rastrigin,116,5300,58.14887757842445
simulated_annealing,rastrigin,116,5400,58.14887757842445
simulated_annealing,rastrigin,116,5500,58.14887757842445
simulated_annealing,rastrigin,116,5600,58.14887757842445
simulated_annealing,rastrigin,116,5700,58.14887757842445
simulated_annealing,rastrigin,116,5800,58.14887757842445
simulated_annealing,rastrigin,116,5900,58.14887757842445
simulated_annealing,rastrigin,116,6000,58.14887757842445
simulated_annealing,rastrigin,116,6100,58.14887757842445
simulated_annealing,rastrigin,116,6200,58.14887757842445
simulated_annealing,rastrigin,116,6300,58.14887757842445
simulated_annealing,rastrigin,116,6400,58.14887757842445
simulated_annealing,rastrigin,116,6500,58.14887757842445
simulated_annealing,rastrigin,116,6600,58.14887757842445
simulated_annealing,rastrigin,116,6700,58.14887757842445
simulated_annealing,rastrigin,116,6800,58.14887757842445
simulated_annealing,rastrigin,116,6900,58.14887757842445
simulated_annealing,rastrigin,116,7000,58.14887757842445
simulated_annealing,rastrigin,116,7100,58.14887757842445
simulated_annealing,rastrigin,116,7200,58.14887757842445
simulated_annealing,rastrigin,116,7300,58.14887757842445
simulated_annealing,rastrigin,116,7400,58.14887757842445
simulated_annealing,rastrigin,116,7500,58.14887757842445
simulated_annealing,rastrigin,116,7600,58.14887757842445
simulated_annealing,rastrigin,116,7700,58.14887757842445
simulated_annealing,rastrigin,116,7800,58.14887757842445
simulated_annealing,rastrigin,116,7900,58.14887757842445
simulated_annealing,rastrigin,116,8000,58.14887757842445
simulated_annealing,rastrigin,116,8100,58.14887757842445
simulated_annealing,rastrigin,116,8200,58.14887757842445
simulated_annealing,rastrigin,116,8300,58.14887757842445
simulated_annealing,rastrigin,116,8400,58.14887757842445
simulated_annealing,rastrigin,116,8500,58.14887757842445
simulated_annealing,rastrigin,116,8600,58.14887757842445
simulated_annealing,rastrigin,116,8700,58.14887757842445
simulated_annealing,rastrigin,116,8800,58.14887757842445
simulated_annealing,rastrigin,116,8900,58.14887757842445
simulated_annealing,rastrigin,116,9000,58.14887757842445
simulated_annealing,rastrigin,116,9100,58.14887757842445
simulated_annealing,rastrigin,116,9200,58.14887757842445
simulated_annealing,rastrigin,116,9300,58.14887757842445
simulated_annealing,rastrigin,116,9400,58.14887757842445
simulated_annealing,rastrigin,116,9500,58.14887757842445
simulated_annealing,rastrigin,116,9600,58.14887757842445
simulated_annealing,rastrigin,116,9700,58.14887757842445
simulated_annealing,rastrigin,116,9800,58.14887757842445
simulated_annealing,rastrigin,116,9900,58.14887757842445
simulated_annealing,rastrigin,116,10000,58.14887757842445
simulated_annealing,rastrigin,116,10100,58.14887757842445
simulated_annealing,rastrigin,116,10200,58.14887757842445
simulated_annealing,rastrigin,116,10300,58.14887757842445
simulated_annealing,rastrigin,116,10400,58.14887757842445
simulated_annealing,rastrigin,116,10500,58.14887757842445
simulated_annealing,rastrigin,116,10600,58.14887757842445
simulated_annealing,rastrigin,116,10700,58.14887757842445
simulated_annealing,rastrigin,116,10800,58.14887757842445
simulated_annealing,rastrigin,116,10900,58.14887757842445
simulated_annealing,rastrigin,116,11000,58.14887757842445
simulated_annealing,rastrigin,116,11100,58.14887757842445
simulated_annealing,rastrigin,116,11200,58.14887757842445
simulated_annealing,rastrigin,116,11300,58.14887757842445
simulated_annealing,rastrigin,116,11400,58.14887757842445
simulated_annealing,rastrigin,116,11500,58.14887757842445
simulated_annealing,rastrigin,116,11600,58.14887757842445
simulated_annealing,rastrigin,116,11700,58.14887757842445
simulated_annealing,rastrigin,116,11800,58.14887757842445
simulated_annealing,rastrigin,116,11900,58.14887757842445
simulated_annealing,rastrigin,116,12000,49.44025217610586
simulated_annealing,rastrigin,116,12100,34.02984933309648
simulated_annealing,rastrigin,116,12200,34.02984933309648
simulated_annealing,rastrigin,116,12300,34.02984933309648
simulated_annealing,rastrigin,116,12400,34.02984933309648
simulated_annealing,rastrigin,116,12500,34.02984933309648
simulated_annealing,rastrigin,116,12600,34.02984933309648
simulated_annealing,rastrigin,116,12700,34.02984933309648
simulated_annealing,rastrigin,116,12800,34.02984933309648
simulated_annealing,rastrigin,116,12900,34.02984933309648
simulated_annealing,rastrigin,116,13000,34.02984933309648
simulated_annealing,rastrigin,116,13100,34.02984933309648
simulated_annealing,rastrigin,116,13200,34.02984933309648
simulated_annealing,rastrigin,116,13300,34.02984933309648
simulated_annealing,rastrigin,116,13400,34.02984933309648
simulated_annealing,rastrigin,116,13500,34.02984933309648
simulated_annealing,rastrigin,116,13600,34.02984933309648
simulated_annealing,rastrigin,116,13700,34.02984933309648
simulated_annealing,rastrigin,116,13800,34.02984933309648
simulated_annealing,rastrigin,116,13900,34.02984933309648
simulated_annealing,rastrigin,116,14000,34.02984933309648
simulated_annealing,rastrigin,116,14100,34.02984933309648
simulated_annealing,rastrigin,116,14200,34.02984933309648
simulated_annealing,rastrigin,116,14300,34.02984933309648
simulated_annealing,rastrigin,116,14400,34.02984933309648
simulated_annealing,rastrigin,116,14500,34.02984933309648
simulated_annealing,rastrigin,116,14600,34.02984933309648
simulated_annealing,rastrigin,116,14700,34.02984933309648
simulated_annealing,rastrigin,116,14800,34.02984933309648
simulated_annealing,rastrigin,116,14900,34.02984933309648
simulated_annealing,rastrigin,116,15000,34.02984933309648
simulated_annealing,rastrigin,116,15100,34.02984933309648
simulated_annealing,rastrigin,116,15200,34.02984933309648
simulated_annealing,rastrigin,116,15300,34.02984933309648
simulated_annealing,rastrigin,116,15400,34.02984933309648
simulated_annealing,rastrigin,116,15500,34.02984933309648
simulated_annealing,rastrigin,116,15600,34.02984933309648
simulated_annealing,rastrigin,116,15700,34.02984933309648
simulated_annealing,rastrigin,116,15800,34.02984933309648
simulated_annealing,rastrigin,116,15900,34.02984933309648
simulated_annealing,rastrigin,116,16000,34.02984933309648
simulated_annealing,rastrigin,116,16100,34.02984933309648
simulated_annealing,rastrigin,116,16200,34.02984933309648
simulated_annealing,rastrigin,116,16300,34.02984933309648
simulated_annealing,rastrigin,116,16400,34.02984933309648
simulated_annealing,rastrigin,116,16500,34.02984933309648
simulated_annealing,rastrigin,116,16600,34.02984933309648
simulated_annealing,rastrigin,116,16700,34.02984933309648
simulated_annealing,rastrigin,116,16800,34.02984933309648
simulated_annealing,rastrigin,116,16900,34.02984933309648
simulated_annealing,rastrigin,116,17000,34.02984933309648
simulated_annealing,rastrigin,116,17100,34.02984933309648
simulated_annealing,rastrigin,116,17200,34.02984933309648
simulated_annealing,rastrigin,116,17300,34.02984933309648
simulated_annealing,rastrigin,116,17400,34.02984933309648
simulated_annealing,rastrigin,116,17500,34.02984933309648
simulated_annealing,rastrigin,116,17600,34.02984933309648
simulated_annealing,rastrigin,116,17700,34.02984933309648
simulated_annealing,rastrigin,116,17800,34.02984933309648
simulated_annealing,rastrigin,116,17900,34.02984933309648
simulated_annealing,rastrigin,116,18000,34.02984933309648
simulated_annealing,rastrigin,116,18100,34.02984933309648
simulated_annealing,rastrigin,116,18200,34.02984933309648
simulated_annealing,rastrigin,116,18300,34.02984933309648
simulated_annealing,rastrigin,116,18400,34.02984933309648
simulated_annealing,rastrigin,116,18500,34.02984933309648
simulated_annealing,rastrigin,116,18600,34.02984933309648
simulated_annealing,rastrigin,116,18700,34.02984933309648
simulated_annealing,rastrigin,116,18800,34.02984933309648
simulated_annealing,rastrigin,116,18900,34.02984933309648
simulated_annealing,rastrigin,116,19000,34.02984933309648
simulated_annealing,rastrigin,116,19100,34.02984933309648
simulated_annealing,rastrigin,116,19200,34.02984933309648
simulated_annealing,rastrigin,116,19300,34.02984933309648
simulated_annealing,rastrigin,116,19400,34.02984933309648
simulated_annealing,rastrigin,116,19500,34.02984933309648
simulated_annealing,rastrigin,116,19600,34.02984933309648
simulated_annealing,rastrigin,116,19700,34.02984933309648
simulated_annealing,rastrigin,116,19800,34.02984933309648
simulated_annealing,rastrigin,116,19900,34.02984933309648
simulated_annealing,rastrigin,116,20000,34.02984933309648
simulated_annealing,rastrigin,117,100,104.36133562577919
simulated_annealing,rastrigin,117,200,104.36133562577919
simulated_annealing,rastrigin,117,300,104.36133562577919
simulated_annealing,rastrigin,117,400,94.36114256516377
simulated_annealing,rastrigin,117,500,94.36114256516377
simulated_annealing,rastrigin,117,600,82.13180989610316
simulated_annealing,rastrigin,117,700,82.13180989610316
simulated_annealing,rastrigin,117,800,82.13180989610316
simulated_annealing,rastrigin,117,900,79.4845512209435
simulated_annealing,rastrigin,117,1000,79.4845512209435
simulated_annealing,rastrigin,117,1100,79.4845512209435
simulated_annealing,rastrigin,117,1200,79.4845512209435
simulated_annealing,rastrigin,117,1300,79.4845512209435
simulated_annealing,rastrigin,117,1400,79.4845512209435
simulated_annealing,rastrigin,117,1500,79.4845512209435
simulated_annealing,rastrigin,117,1600,61.61997787129669
simulated_annealing,rastrigin,117,1700,61.61997787129669
simulated_annealing,rastrigin,117,1800,61.61997787129669
simulated_annealing,rastrigin,117,1900,61.61997787129669
simulated_annealing,rastrigin,117,2000,61.61997787129669
simulated_annealing,rastrigin,117,2100,61.61997787129669
simulated_annealing,rastrigin,117,2200,61.61997787129669
simulated_annealing,rastrigin,117,2300,61.61997787129669
simulated_annealing,rastrigin,117,2400,61.61997787129669
simulated_annealing,rastrigin,117,2500,61.61997787129669
simulated_annealing,rastrigin,117,2600,61.61997787129669
simulated_annealing,rastrigin,117,2700,61.61997787129669
simulated_annealing,rastrigin,117,2800,61.61997787129669
simulated_annealing,rastrigin,117,2900,61.61997787129669
simulated_annealing,rastrigin,117,3000,61.61997787129669
simulated_annealing,rastrigin,117,3100,61.61997787129669
simulated_annealing,rastrigin,117,3200,61.61997787129669
simulated_annealing,rastrigin,117,3300,61.61997787129669
simulated_annealing,rastrigin,117,3400,61.61997787129669
simulated_annealing,rastrigin,117,3500,61.61997787129669
simulated_annealing,rastrigin,117,3600,61.61997787129669
simulated_annealing,rastrigin,117,3700,61.61997787129669
simulated_annealing,rastrigin,117,3800,56.499656513414294
simulated_annealing,rastrigin,117,3900,56.499656513414294
simulated_annealing,rastrigin,117,4000,56.499656513414294
simulated_annealing,rastrigin,117,4100,56.499656513414294
simulated_annealing,rastrigin,117,4200,56.499656513414294
simulated_annealing,rastrigin,117,4300,56.499656513414294
simulated_annealing,rastrigin,117,4400,56.499656513414294
simulated_annealing,rastrigin,117,4500,56.499656513414294
simulated_annealing,rastrigin,117,4600,56.499656513414294
simulated_annealing,rastrigin,117,4700,56.499656513414294
simulated_annealing,rastrigin,117,4800,56.499656513414294
simulated_annealing,rastrigin,117,4900,56.499656513414294
simulated_annealing,rastrigin,117,5000,56.499656513414294
simulated_annealing,rastrigin,117,5100,56.499656513414294
simulated_annealing,rastrigin,117,5200,56.499656513414294
simulated_annealing,rastrigin,117,5300,56.499656513414294
simulated_annealing,rastrigin,117,5400,56.499656513414294
simulated_annealing,rastrigin,117,5500,56.499656513414294
simulated_annealing,rastrigin,117,5600,56.499656513414294
simulated_annealing,rastrigin,117,5700,56.499656513414294
simulated_annealing,rastrigin,117,5800,56.499656513414294
simulated_annealing,rastrigin,117,5900,56.499656513414294
simulated_annealing,rastrigin,117,6000,56.499656513414294
simulated_annealing,rastrigin,117,6100,56.499656513414294
simulated_annealing,rastrigin,117,6200,56.499656513414294
simulated_annealing,rastrigin,117,6300,56.499656513414294
simulated_annealing,rastrigin,117,6400,56.499656513414294
simulated_annealing,rastrigin,117,6500,56.499656513414294
simulated_annealing,rastrigin,117,6600,56.499656513414294
simulated_annealing,rastrigin,117,6700,56.499656513414294
simulated_annealing,rastrigin,117,6800,56.499656513414294
simulated_annealing,rastrigin,117,6900,56.499656513414294
simulated_annealing,rastrigin,117,7000,56.499656513414294
simulated_annealing,rastrigin,117,7100,56.499656513414294
simulated_annealing,rastrigin,117,7200,56.499656513414294
simulated_annealing,rastrigin,117,7300,56.499656513414294
simulated_annealing,rastrigin,117,7400,56.499656513414294
simulated_annealing,rastrigin,117,7500,56.499656513414294
simulated_annealing,rastrigin,117,7600,56.499656513414294
simulated_annealing,rastrigin,117,7700,56.499656513414294
simulated_annealing,rastrigin,117,7800,56.499656513414294
simulated_annealing,rastrigin,117,7900,56.499656513414294
simulated_annealing,rastrigin,117,8000,56.499656513414294
simulated_annealing,rastrigin,117,8100,56.499656513414294
simulated_annealing,rastrigin,117,8200,56.499656513414294
simulated_annealing,rastrigin,117,8300,56.499656513414294
simulated_annealing,rastrigin,117,8400,56.499656513414294
simulated_annealing,rastrigin,117,8500,56.499656513414294
simulated_annealing,rastrigin,117,8600,56.499656513414294
simulated_annealing,rastrigin,117,8700,56.499656513414294
simulated_annealing,rastrigin,117,8800,56.499656513414294
simulated_annealing,rastrigin,117,8900,56.499656513414294
simulated_annealing,rastrigin,117,9000,56.499656513414294
simulated_annealing,rastrigin,117,9100,56.499656513414294
simulated_annealing,rastrigin,117,9200,56.499656513414294
simulated_annealing,rastrigin,117,9300,56.499656513414294
simulated_annealing,rastrigin,117,9400,56.499656513414294
simulated_annealing,rastrigin,117,9500,56.499656513414294
simulated_annealing,rastrigin,117,9600,56.499656513414294
simulated_annealing,rastrigin,117,9700,56.499656513414294
simulated_annealing,rastrigin,117,9800,56.499656513414294
simulated_annealing,rastrigin,117,9900,56.499656513414294
simulated_annealing,rastrigin,117,10000,56.499656513414294
simulated_annealing,rastrigin,117,10100,56.499656513414294
simulated_annealing,rastrigin,117,10200,56.499656513414294
simulated_annealing,rastrigin,117,10300,56.499656513414294
simulated_annealing,rastrigin,117,10400,56.499656513414294
simulated_annealing,rastrigin,117,10500,56.499656513414294
simulated_annealing,rastrigin,117,10600,56.499656513414294
simulated_annealing,rastrigin,117,10700,56.499656513414294
simulated_annealing,rastrigin,117,10800,56.499656513414294
simulated_annealing,rastrigin,117,10900,56.499656513414294
simulated_annealing,rastrigin,117,11000,56.499656513414294
simulated_annealing,rastrigin,117,11100,56.499656513414294
simulated_annealing,rastrigin,117,11200,56.499656513414294
simulated_annealing,rastrigin,117,11300,56.499656513414294
simulated_annealing,rastrigin,117,11400,56.499656513414294
simulated_annealing,rastrigin,117,11500,56.499656513414294
simulated_annealing,rastrigin,117,11600,56.499656513414294
simulated_annealing,rastrigin,117,11700,56.499656513414294
simulated_annealing,rastrigin,117,11800,56.499656513414294
simulated_annealing,rastrigin,117,11900,56.499656513414294
simulated_annealing,rastrigin,117,12000,56.499656513414294
simulated_annealing,rastrigin,117,12100,56.499656513414294
simulated_annealing,rastrigin,117,12200,56.499656513414294
simulated_annealing,rastrigin,117,12300,56.499656513414294
simulated_annealing,rastrigin,117,12400,56.499656513414294
simulated_annealing,rastrigin,117,12500,56.499656513414294
simulated_annealing,rastrigin,117,12600,56.499656513414294
simulated_annealing,rastrigin,117,12700,56.499656513414294
simulated_annealing,rastrigin,117,12800,56.499656513414294
simulated_annealing,rastrigin,117,12900,56.499656513414294
simulated_annealing,rastrigin,117,13000,56.499656513414294
simulated_annealing,rastrigin,117,13100,56.499656513414294
simulated_annealing,rastrigin,117,13200,56.499656513414294
simulated_annealing,rastrigin,117,13300,56.499656513414294
simulated_annealing,rastrigin,117,13400,56.499656513414294
simulated_annealing,rastrigin,117,13500,56.499656513414294
simulated_annealing,rastrigin,117,13600,56.499656513414294
simulated_annealing,rastrigin,117,13700,56.499656513414294
simulated_annealing,rastrigin,117,13800,56.499656513414294
simulated_annealing,rastrigin,117,13900,56.499656513414294
simulated_annealing,rastrigin,117,14000,56.499656513414294
simulated_annealing,rastrigin,117,14100,56.499656513414294
simulated_annealing,rastrigin,117,14200,56.499656513414294
simulated_annealing,rastrigin,117,14300,56.499656513414294
simulated_annealing,rastrigin,117,14400,56.499656513414294
simulated_annealing,rastrigin,117,14500,56.499656513414294
simulated_annealing,rastrigin,117,14600,56.499656513414294
simulated_annealing,rastrigin,117,14700,56.499656513414294
simulated_annealing,rastrigin,117,14800,56.499656513414294
simulated_annealing,rastrigin,117,14900,56.499656513414294
simulated_annealing,rastrigin,117,15000,56.499656513414294
simulated_annealing,rastrigin,117,15100,56.499656513414294
simulated_annealing,rastrigin,117,15200,56.499656513414294
simulated_annealing,rastrigin,117,15300,56.499656513414294
simulated_annealing,rastrigin,117,15400,56.499656513414294
simulated_annealing,rastrigin,117,15500,56.499656513414294
simulated_annealing,rastrigin,117,15600,56.499656513414294
simulated_annealing,rastrigin,117,15700,56.499656513414294
simulated_annealing,rastrigin,117,15800,56.499656513414294
simulated_annealing,rastrigin,117,15900,56.499656513414294
simulated_annealing,rastrigin,117,16000,56.499656513414294
simulated_annealing,rastrigin,117,16100,56.499656513414294
simulated_annealing,rastrigin,117,16200,56.499656513414294
simulated_annealing,rastrigin,117,16300,56.499656513414294
simulated_annealing,rastrigin,117,16400,56.499656513414294
simulated_annealing,rastrigin,117,16500,56.499656513414294
simulated_annealing,rastrigin,117,16600,56.499656513414294
simulated_annealing,rastrigin,117,16700,56.499656513414294
simulated_annealing,rastrigin,117,16800,56.499656513414294
simulated_annealing,rastrigin,117,16900,56.499656513414294
simulated_annealing,rastrigin,117,17000,56.499656513414294
simulated_annealing,rastrigin,117,17100,56.499656513414294
simulated_annealing,rastrigin,117,17200,56.499656513414294
simulated_annealing,rastrigin,117,17300,56.499656513414294
simulated_annealing,rastrigin,117,17400,56.499656513414294
simulated_annealing,rastrigin,117,17500,56.499656513414294
simulated_annealing,rastrigin,117,17600,56.499656513414294
simulated_annealing,rastrigin,117,17700,54.56492403304489
simulated_annealing,rastrigin,117,17800,54.56492403304489
simulated_annealing,rastrigin,117,17900,54.56492403304489
simulated_annealing,rastrigin,117,18000,54.56492403304489
simulated_annealing,rastrigin,117,18100,54.56492403304489
simulated_annealing,rastrigin,117,18200,54.56492403304489
simulated_annealing,rastrigin,117,18300,54.56492403304489
simulated_annealing,rastrigin,117,18400,54.56492403304489
simulated_annealing,rastrigin,117,18500,54.56492403304489
simulated_annealing,rastrigin,117,18600,54.56492403304489
simulated_annealing,rastrigin,117,18700,54.56492403304489
simulated_annealing,rastrigin,117,18800,54.56492403304489
simulated_annealing,rastrigin,117,18900,54.56492403304489
simulated_annealing,rastrigin,117,19000,54.56492403304489
simulated_annealing,rastrigin,117,19100,54.56492403304489
simulated_annealing,rastrigin,117,19200,54.56492403304489
simulated_annealing,rastrigin,117,19300,54.56492403304489
simulated_annealing,rastrigin,117,19400,54.56492403304489
simulated_annealing,rastrigin,117,19500,54.56492403304489
simulated_annealing,rastrigin,117,19600,54.56492403304489
simulated_annealing,rastrigin,117,19700,54.56492403304489
simulated_annealing,rastrigin,117,19800,54.56492403304489
simulated_annealing,rastrigin,117,19900,54.56492403304489
simulated_annealing,rastrigin,117,20000,54.56492403304489
simulated_annealing,rastrigin,118,100,135.90179215657668
simulated_annealing,rastrigin,118,200,90.21949871533604
simulated_annealing,rastrigin,118,300,90.21949871533604
simulated_annealing,rastrigin,118,400,90.21949871533604
simulated_annealing,rastrigin,118,500,90.21949871533604
simulated_annealing,rastrigin,118,600,89.41389560378636
simulated_annealing,rastrigin,118,700,89.41389560378636
simulated_annealing,rastrigin,118,800,89.41389560378636
simulated_annealing,rastrigin,118,900,89.41389560378636
simulated_annealing,rastrigin,118,1000,89.41389560378636
simulated_annealing,rastrigin,118,1100,88.71651417647044
simulated_annealing,rastrigin,118,1200,88.71651417647044
simulated_annealing,rastrigin,118,1300,88.71651417647044
simulated_annealing,rastrigin,118,1400,88.71651417647044
simulated_annealing,rastrigin,118,1500,72.09835069559873
simulated_annealing,rastrigin,118,1600,72.09835069559873
simulated_annealing,rastrigin,118,1700,72.09835069559873
simulated_annealing,rastrigin,118,1800,72.09835069559873
simulated_annealing,rastrigin,118,1900,72.09835069559873
simulated_annealing,rastrigin,118,2000,72.09835069559873
simulated_annealing,rastrigin,118,2100,72.09835069559873
simulated_annealing,rastrigin,118,2200,72.09835069559873
simulated_annealing,rastrigin,118,2300,72.09835069559873
simulated_annealing,rastrigin,118,2400,72.09835069559873
simulated_annealing,rastrigin,118,2500,72.09835069559873
simulated_annealing,rastrigin,118,2600,61.692104346693476
simulated_annealing,rastrigin,118,2700,61.692104346693476
simulated_annealing,rastrigin,118,2800,44.27193390057938
simulated_annealing,rastrigin,118,2900,44.27193390057938
simulated_annealing,rastrigin,118,3000,44.27193390057938
simulated_annealing,rastrigin,118,3100,44.27193390057938
simulated_annealing,rastrigin,118,3200,44.27193390057938
simulated_annealing,rastrigin,118,3300,44.27193390057938
simulated_annealing,rastrigin,118,3400,44.27193390057938
simulated_annealing,rastrigin,118,3500,44.27193390057938
simulated_annealing,rastrigin,118,3600,44.27193390057938
simulated_annealing,rastrigin,118,3700,44.27193390057938
simulated_annealing,rastrigin,118,3800,44.27193390057938
simulated_annealing,rastrigin,118,3900,44.27193390057938
simulated_annealing,rastrigin,118,4000,44.27193390057938
simulated_annealing,rastrigin,118,4100,44.27193390057938
simulated_annealing,rastrigin,118,4200,44.27193390057938
simulated_annealing,rastrigin,118,4300,44.27193390057938
simulated_annealing,rastrigin,118,4400,44.27193390057938
simulated_annealing,rastrigin,118,4500,44.27193390057938
simulated_annealing,rastrigin,118,4600,44.27193390057938
simulated_annealing,rastrigin,118,4700,44.27193390057938
simulated_annealing,rastrigin,118,4800,44.27193390057938
simulated_annealing,rastrigin,118,4900,44.27193390057938
simulated_annealing,rastrigin,118,5000,44.27193390057938
simulated_annealing,rastrigin,118,5100,44.27193390057938
simulated_annealing,rastrigin,118,5200,44.27193390057938
simulated_annealing,rastrigin,118,5300,44.27193390057938
simulated_annealing,rastrigin,118,5400,44.27193390057938
simulated_annealing,rastrigin,118,5500,44.27193390057938
simulated_annealing,rastrigin,118,5600,44.27193390057938
simulated_annealing,rastrigin,118,5700,44.27193390057938
simulated_annealing,rastrigin,118,5800,44.27193390057938
simulated_annealing,rastrigin,118,5900,44.27193390057938
simulated_annealing,rastrigin,118,6000,44.27193390057938
simulated_annealing,rastrigin,118,6100,44.27193390057938
simulated_annealing,rastrigin,118,6200,44.27193390057938
simulated_annealing,rastrigin,118,6300,44.27193390057938
simulated_annealing,rastrigin,118,6400,44.27193390057938
simulated_annealing,rastrigin,118,6500,44.27193390057938
simulated_annealing,rastrigin,118,6600,44.27193390057938
simulated_annealing,rastrigin,118,6700,44.27193390057938
simulated_annealing,rastrigin,118,6800,44.27193390057938
simulated_annealing,rastrigin,118,6900,44.27193390057938
simulated_annealing,rastrigin,118,7000,44.27193390057938
simulated_annealing,rastrigin,118,7100,44.27193390057938
simulated_annealing,rastrigin,118,7200,44.27193390057938
simulated_annealing,rastrigin,118,7300,44.27193390057938
simulated_annealing,rastrigin,118,7400,44.27193390057938
simulated_annealing,rastrigin,118,7500,44.27193390057938
simulated_annealing,rastrigin,118,7600,44.27193390057938
simulated_annealing,rastrigin,118,7700,44.27193390057938
simulated_annealing,rastrigin,118,7800,44.27193390057938
simulated_annealing,rastrigin,118,7900,44.27193390057938
simulated_annealing,rastrigin,118,8000,44.27193390057938
simulated_annealing,rastrigin,118,8100,44.27193390057938
simulated_annealing,rastrigin,118,8200,44.27193390057938
simulated_annealing,rastrigin,118,8300,44.27193390057938
simulated_annealing,rastrigin,118,8400,44.27193390057938
simulated_annealing,rastrigin,118,8500,44.27193390057938
simulated_annealing,rastrigin,118,8600,44.27193390057938
simulated_annealing,rastrigin,118,8700,44.27193390057938
simulated_annealing,rastrigin,118,8800,44.27193390057938
simulated_annealing,rastrigin,118,8900,44.27193390057938
simulated_annealing,rastrigin,118,9000,44.27193390057938
simulated_annealing,rastrigin,118,9100,44.27193390057938
simulated_annealing,rastrigin,118,9200,44.27193390057938
simulated_annealing,rastrigin,118,9300,44.27193390057938
simulated_annealing,rastrigin,118,9400,44.27193390057938
simulated_annealing,rastrigin,118,9500,44.27193390057938
simulated_annealing,rastrigin,118,9600,44.27193390057938
simulated_annealing,rastrigin,118,9700,44.27193390057938
simulated_annealing,rastrigin,118,9800,44.27193390057938
simulated_annealing,rastrigin,118,9900,44.27193390057938
simulated_annealing,rastrigin,118,10000,44.27193390057938
simulated_annealing,rastrigin,118,10100,44.27193390057938
simulated_annealing,rastrigin,118,10200,44.27193390057938
simulated_annealing,rastrigin,118,10300,44.27193390057938
simulated_annealing,rastrigin,118,10400,44.27193390057938
simulated_annealing,rastrigin,118,10500,44.27193390057938
simulated_annealing,rastrigin,118,10600,44.27193390057938
simulated_annealing,rastrigin,118,10700,44.27193390057938
simulated_annealing,rastrigin,118,10800,44.27193390057938
simulated_annealing,rastrigin,118,10900,44.27193390057938
simulated_annealing,rastrigin,118,11000,44.27193390057938
simulated_annealing,rastrigin,118,11100,44.27193390057938
simulated_annealing,rastrigin,118,11200,44.27193390057938
simulated_annealing,rastrigin,118,11300,44.27193390057938
simulated_annealing,rastrigin,118,11400,44.27193390057938
simulated_annealing,rastrigin,118,11500,44.27193390057938
simulated_annealing,rastrigin,118,11600,44.27193390057938
simulated_annealing,rastrigin,118,11700,44.27193390057938
simulated_annealing,rastrigin,118,11800,44.27193390057938
simulated_annealing,rastrigin,118,11900,44.27193390057938
simulated_annealing,rastrigin,118,12000,44.27193390057938
simulated_annealing,rastrigin,118,12100,44.27193390057938
simulated_annealing,rastrigin,118,12200,44.27193390057938
simulated_annealing,rastrigin,118,12300,44.27193390057938
simulated_annealing,rastrigin,118,12400,44.27193390057938
simulated_annealing,rastrigin,118,12500,44.27193390057938
simulated_annealing,rastrigin,118,12600,44.27193390057938
simulated_annealing,rastrigin,118,12700,44.27193390057938
simulated_annealing,rastrigin,118,12800,44.27193390057938
simulated_annealing,rastrigin,118,12900,44.27193390057938
simulated_annealing,rastrigin,118,13000,41.02506310663037
simulated_annealing,rastrigin,118,13100,41.02506310663037
simulated_annealing,rastrigin,118,13200,41.02506310663037
simulated_annealing,rastrigin,118,13300,41.02506310663037
simulated_annealing,rastrigin,118,13400,41.02506310663037
simulated_annealing,rastrigin,118,13500,41.02506310663037
simulated_annealing,rastrigin,118,13600,41.02506310663037
simulated_annealing,rastrigin,118,13700,41.02506310663037
simulated_annealing,rastrigin,118,13800,41.02506310663037
simulated_annealing,rastrigin,118,13900,41.02506310663037
simulated_annealing,rastrigin,118,14000,41.02506310663037
simulated_annealing,rastrigin,118,14100,41.02506310663037
simulated_annealing,rastrigin,118,14200,41.02506310663037
simulated_annealing,rastrigin,118,14300,41.02506310663037
simulated_annealing,rastrigin,118,14400,41.02506310663037
simulated_annealing,rastrigin,118,14500,41.02506310663037
simulated_annealing,rastrigin,118,14600,41.02506310663037
simulated_annealing,rastrigin,118,14700,41.02506310663037
simulated_annealing,rastrigin,118,14800,41.02506310663037
simulated_annealing,rastrigin,118,14900,41.02506310663037
simulated_annealing,rastrigin,118,15000,41.02506310663037
simulated_annealing,rastrigin,118,15100,41.02506310663037
simulated_annealing,rastrigin,118,15200,41.02506310663037
simulated_annealing,rastrigin,118,15300,41.02506310663037
simulated_annealing,rastrigin,118,15400,41.02506310663037
simulated_annealing,rastrigin,118,15500,41.02506310663037
simulated_annealing,rastrigin,118,15600,41.02506310663037
simulated_annealing,rastrigin,118,15700,41.02506310663037
simulated_annealing,rastrigin,118,15800,41.02506310663037
simulated_annealing,rastrigin,118,15900,41.02506310663037
simulated_annealing,rastrigin,118,16000,41.02506310663037
simulated_annealing,rastrigin,118,16100,41.02506310663037
simulated_annealing,rastrigin,118,16200,41.02506310663037
simulated_annealing,rastrigin,118,16300,41.02506310663037
simulated_annealing,rastrigin,118,16400,41.02506310663037
simulated_annealing,rastrigin,118,16500,41.02506310663037
simulated_annealing,rastrigin,118,16600,41.02506310663037
simulated_annealing,rastrigin,118,16700,41.02506310663037
simulated_annealing,rastrigin,118,16800,41.02506310663037
simulated_annealing,rastrigin,118,16900,41.02506310663037
simulated_annealing,rastrigin,118,17000,41.02506310663037
simulated_annealing,rastrigin,118,17100,41.02506310663037
simulated_annealing,rastrigin,118,17200,41.02506310663037
simulated_annealing,rastrigin,118,17300,41.02506310663037
simulated_annealing,rastrigin,118,17400,41.02506310663037
simulated_annealing,rastrigin,118,17500,41.02506310663037
simulated_annealing,rastrigin,118,17600,41.02506310663037
simulated_annealing,rastrigin,118,17700,41.02506310663037
simulated_annealing,rastrigin,118,17800,41.02506310663037
simulated_annealing,rastrigin,118,17900,41.02506310663037
simulated_annealing,rastrigin,118,18000,41.02506310663037
simulated_annealing,rastrigin,118,18100,41.02506310663037
simulated_annealing,rastrigin,118,18200,41.02506310663037
simulated_annealing,rastrigin,118,18300,41.02506310663037
simulated_annealing,rastrigin,118,18400,41.02506310663037
simulated_annealing,rastrigin,118,18500,41.02506310663037
simulated_annealing,rastrigin,118,18600,41.02506310663037
simulated_annealing,rastrigin,118,18700,41.02506310663037
simulated_annealing,rastrigin,118,18800,41.02506310663037
simulated_annealing,rastrigin,118,18900,41.02506310663037
simulated_annealing,rastrigin,118,19000,41.02506310663037
simulated_annealing,rastrigin,118,19100,41.02506310663037
simulated_annealing,rastrigin,118,19200,41.02506310663037
simulated_annealing,rastrigin,118,19300,41.02506310663037
simulated_annealing,rastrigin,118,19400,41.02506310663037
simulated_annealing,rastrigin,118,19500,41.02506310663037
simulated_annealing,rastrigin,118,19600,41.02506310663037
simulated_annealing,rastrigin,118,19700,41.02506310663037
simulated_annealing,rastrigin,118,19800,41.02506310663037
simulated_annealing,rastrigin,118,19900,41.02506310663037
simulated_annealing,rastrigin,118,20000,41.02506310663037
simulated_annealing,rastrigin,119,100,109.21473878503103
simulated_annealing,rastrigin,119,200,109.21473878503103
simulated_annealing,rastrigin,119,300,109.21473878503103
simulated_annealing,rastrigin,119,400,107.08267722752396
simulated_annealing,rastrigin,119,500,107.08267722752396
simulated_annealing,rastrigin,119,600,101.8881473072745
simulated_annealing,rastrigin,119,700,101.8881473072745
simulated_annealing,rastrigin,119,800,101.8881473072745
simulated_annealing,rastrigin,119,900,100.62792204016472
simulated_annealing,rastrigin,119,1000,100.62792204016472
simulated_annealing,rastrigin,119,1100,94.57269765644868
simulated_annealing,rastrigin,119,1200,94.57269765644868
simulated_annealing,rastrigin,119,1300,94.57269765644868
simulated_annealing,rastrigin,119,1400,94.57269765644868
simulated_annealing,rastrigin,119,1500,79.2673424268782
simulated_annealing,rastrigin,119,1600,79.2673424268782
simulated_annealing,rastrigin,119,1700,79.2673424268782
simulated_annealing,rastrigin,119,1800,79.2673424268782
simulated_annealing,rastrigin,119,1900,79.2673424268782
simulated_annealing,rastrigin,119,2000,79.2673424268782
simulated_annealing,rastrigin,119,2100,79.2673424268782
simulated_annealing,rastrigin,119,2200,79.2673424268782
simulated_annealing,rastrigin,119,2300,79.2673424268782
simulated_annealing,rastrigin,119,2400,79.2673424268782
simulated_annealing,rastrigin,119,2500,79.2673424268782
simulated_annealing,rastrigin,119,2600,79.2673424268782
simulated_annealing,rastrigin,119,2700,79.10465492084074
simulated_annealing,rastrigin,119,2800,79.10465492084074
simulated_annealing,rastrigin,119,2900,79.10465492084074
simulated_annealing,rastrigin,119,3000,79.10465492084074
simulated_annealing,rastrigin,119,3100,79.10465492084074
simulated_annealing,rastrigin,119,3200,73.64056819560233
simulated_annealing,rastrigin,119,3300,73.64056819560233
simulated_annealing,rastrigin,119,3400,73.64056819560233
simulated_annealing,rastrigin,119,3500,73.64056819560233
simulated_annealing,rastrigin,119,3600,73.64056819560233
simulated_annealing,rastrigin,119,3700,73.64056819560233
simulated_annealing,rastrigin,119,3800,72.77988831342356
simulated_annealing,rastrigin,119,3900,72.77988831342356
simulated_annealing,rastrigin,119,4000,72.77988831342356
simulated_annealing,rastrigin,119,4100,66.35396988309662
simulated_annealing,rastrigin,119,4200,66.35396988309662
simulated_annealing,rastrigin,119,4300,58.11980936457576
simulated_annealing,rastrigin,119,4400,58.11980936457576
simulated_annealing,rastrigin,119,4500,58.11980936457576
simulated_annealing,rastrigin,119,4600,58.11980936457576
simulated_annealing,rastrigin,119,4700,58.11980936457576
simulated_annealing,rastrigin,119,4800,58.11980936457576
simulated_annealing,rastrigin,119,4900,58.11980936457576
simulated_annealing,rastrigin,119,5000,58.11980936457576
simulated_annealing,rastrigin,119,5100,58.11980936457576
simulated_annealing,rastrigin,119,5200,58.11980936457576
simulated_annealing,rastrigin,119,5300,58.11980936457576
simulated_annealing,rastrigin,119,5400,58.11980936457576
simulated_annealing,rastrigin,119,5500,58.11980936457576
simulated_annealing,rastrigin,119,5600,58.11980936457576
simulated_annealing,rastrigin,119,5700,58.11980936457576
simulated_annealing,rastrigin,119,5800,58.11980936457576
simulated_annealing,rastrigin,119,5900,58.11980936457576
simulated_annealing,rastrigin,119,6000,58.11980936457576
simulated_annealing,rastrigin,119,6100,58.11980936457576
simulated_annealing,rastrigin,119,6200,55.99183933865163
simulated_annealing,rastrigin,119,6300,55.99183933865163
simulated_annealing,rastrigin,119,6400,55.99183933865163
simulated_annealing,rastrigin,119,6500,55.99183933865163
simulated_annealing,rastrigin,119,6600,55.99183933865163
simulated_annealing,rastrigin,119,6700,55.99183933865163
simulated_annealing,rastrigin,119,6800,55.99183933865163
simulated_annealing,rastrigin,119,6900,55.99183933865163
simulated_annealing,rastrigin,119,7000,55.99183933865163
simulated_annealing,rastrigin,119,7100,55.99183933865163
simulated_annealing,rastrigin,119,7200,55.99183933865163
simulated_annealing,rastrigin,119,7300,55.99183933865163
simulated_annealing,rastrigin,119,7400,55.99183933865163
simulated_annealing,rastrigin,119,7500,55.99183933865163
simulated_annealing,rastrigin,119,7600,55.99183933865163
simulated_annealing,rastrigin,119,7700,55.99183933865163
simulated_annealing,rastrigin,119,7800,55.99183933865163
simulated_annealing,rastrigin,119,7900,55.99183933865163
simulated_annealing,rastrigin,119,8000,55.99183933865163
simulated_annealing,rastrigin,119,8100,55.99183933865163
simulated_annealing,rastrigin,119,8200,55.99183933865163
simulated_annealing,rastrigin,119,8300,55.99183933865163
simulated_annealing,rastrigin,119,8400,55.99183933865163
simulated_annealing,rastrigin,119,8500,55.99183933865163
simulated_annealing,rastrigin,119,8600,55.99183933865163
simulated_annealing,rastrigin,119,8700,55.99183933865163
simulated_annealing,rastrigin,119,8800,55.99183933865163
simulated_annealing,rastrigin,119,8900,55.99183933865163
simulated_annealing,rastrigin,119,9000,55.99183933865163
simulated_annealing,rastrigin,119,9100,55.99183933865163
simulated_annealing,rastrigin,119,9200,55.99183933865163
simulated_annealing,rastrigin,119,9300,55.99183933865163
simulated_annealing,rastrigin,119,9400,55.99183933865163
simulated_annealing,rastrigin,119,9500,55.99183933865163
simulated_annealing,rastrigin,119,9600,55.99183933865163
simulated_annealing,rastrigin,119,9700,55.99183933865163
simulated_annealing,rastrigin,119,9800,48.69887869666091
simulated_annealing,rastrigin,119,9900,48.69887869666091
simulated_annealing,rastrigin,119,10000,48.69887869666091
simulated_annealing,rastrigin,119,10100,48.69887869666091
simulated_annealing,rastrigin,119,10200,48.69887869666091
simulated_annealing,rastrigin,119,10300,48.69887869666091
simulated_annealing,rastrigin,119,10400,48.69887869666091
simulated_annealing,rastrigin,119,10500,48.69887869666091
simulated_annealing,rastrigin,119,10600,48.69887869666091
simulated_annealing,rastrigin,119,10700,48.69887869666091
simulated_annealing,rastrigin,119,10800,48.69887869666091
simulated_annealing,rastrigin,119,10900,48.69887869666091
simulated_annealing,rastrigin,119,11000,46.383876811601496
simulated_annealing,rastrigin,119,11100,46.383876811601496
simulated_annealing,rastrigin,119,11200,46.383876811601496
simulated_annealing,rastrigin,119,11300,46.383876811601496
simulated_annealing,rastrigin,119,11400,46.383876811601496
simulated_annealing,rastrigin,119,11500,46.383876811601496
simulated_annealing,rastrigin,119,11600,46.383876811601496
simulated_annealing,rastrigin,119,11700,46.383876811601496
simulated_annealing,rastrigin,119,11800,46.383876811601496
simulated_annealing,rastrigin,119,11900,46.383876811601496
simulated_annealing,rastrigin,119,12000,46.383876811601496
simulated_annealing,rastrigin,119,12100,46.383876811601496
simulated_annealing,rastrigin,119,12200,46.383876811601496
simulated_annealing,rastrigin,119,12300,46.383876811601496
simulated_annealing,rastrigin,119,12400,46.383876811601496
simulated_annealing,rastrigin,119,12500,46.383876811601496
simulated_annealing,rastrigin,119,12600,46.383876811601496
simulated_annealing,rastrigin,119,12700,46.383876811601496
simulated_annealing,rastrigin,119,12800,46.383876811601496
simulated_annealing,rastrigin,119,12900,46.383876811601496
simulated_annealing,rastrigin,119,13000,46.383876811601496
simulated_annealing,rastrigin,119,13100,46.383876811601496
simulated_annealing,rastrigin,119,13200,46.383876811601496
simulated_annealing,rastrigin,119,13300,46.383876811601496
simulated_annealing,rastrigin,119,13400,46.383876811601496
simulated_annealing,rastrigin,119,13500,46.383876811601496
simulated_annealing,rastrigin,119,13600,46.383876811601496
simulated_annealing,rastrigin,119,13700,46.383876811601496
simulated_annealing,rastrigin,119,13800,46.383876811601496
simulated_annealing,rastrigin,119,13900,46.383876811601496
simulated_annealing,rastrigin,119,14000,46.383876811601496
simulated_annealing,rastrigin,119,14100,46.383876811601496
simulated_annealing,rastrigin,119,14200,46.383876811601496
simulated_annealing,rastrigin,119,14300,46.383876811601496
simulated_annealing,rastrigin,119,14400,46.383876811601496
simulated_annealing,rastrigin,119,14500,46.383876811601496
simulated_annealing,rastrigin,119,14600,46.383876811601496
simulated_annealing,rastrigin,119,14700,46.383876811601496
simulated_annealing,rastrigin,119,14800,46.383876811601496
simulated_annealing,rastrigin,119,14900,46.383876811601496
simulated_annealing,rastrigin,119,15000,46.383876811601496
simulated_annealing,rastrigin,119,15100,46.383876811601496
simulated_annealing,rastrigin,119,15200,46.383876811601496
simulated_annealing,rastrigin,119,15300,46.383876811601496
simulated_annealing,rastrigin,119,15400,46.383876811601496
simulated_annealing,rastrigin,119,15500,46.383876811601496
simulated_annealing,rastrigin,119,15600,46.383876811601496
simulated_annealing,rastrigin,119,15700,46.383876811601496
simulated_annealing,rastrigin,119,15800,46.383876811601496
simulated_annealing,rastrigin,119,15900,46.383876811601496
simulated_annealing,rastrigin,119,16000,46.383876811601496
simulated_annealing,rastrigin,119,16100,46.383876811601496
simulated_annealing,rastrigin,119,16200,46.383876811601496
simulated_annealing,rastrigin,119,16300,46.383876811601496
simulated_annealing,rastrigin,119,16400,46.383876811601496
simulated_annealing,rastrigin,119,16500,46.383876811601496
simulated_annealing,rastrigin,119,16600,46.383876811601496
simulated_annealing,rastrigin,119,16700,46.383876811601496
simulated_annealing,rastrigin,119,16800,46.383876811601496
simulated_annealing,rastrigin,119,16900,46.383876811601496
simulated_annealing,rastrigin,119,17000,46.383876811601496
simulated_annealing,rastrigin,119,17100,46.383876811601496
simulated_annealing,rastrigin,119,17200,46.383876811601496
simulated_annealing,rastrigin,119,17300,46.383876811601496
simulated_annealing,rastrigin,119,17400,46.383876811601496
simulated_annealing,rastrigin,119,17500,46.383876811601496
simulated_annealing,rastrigin,119,17600,46.383876811601496
simulated_annealing,rastrigin,119,17700,46.383876811601496
simulated_annealing,rastrigin,119,17800,46.383876811601496
simulated_annealing,rastrigin,119,17900,46.383876811601496
simulated_annealing,rastrigin,119,18000,46.383876811601496
simulated_annealing,rastrigin,119,18100,46.383876811601496
simulated_annealing,rastrigin,119,18200,46.383876811601496
simulated_annealing,rastrigin,119,18300,46.383876811601496
simulated_annealing,rastrigin,119,18400,46.383876811601496
simulated_annealing,rastrigin,119,18500,46.383876811601496
simulated_annealing,rastrigin,119,18600,46.383876811601496
simulated_annealing,rastrigin,119,18700,46.383876811601496
simulated_annealing,rastrigin,119,18800,46.383876811601496
simulated_annealing,rastrigin,119,18900,46.383876811601496
simulated_annealing,rastrigin,119,19000,46.383876811601496
simulated_annealing,rastrigin,119,19100,46.383876811601496
simulated_annealing,rastrigin,119,19200,46.383876811601496
simulated_annealing,rastrigin,119,19300,46.383876811601496
simulated_annealing,rastrigin,119,19400,46.383876811601496
simulated_annealing,rastrigin,119,19500,46.383876811601496
simulated_annealing,rastrigin,119,19600,46.383876811601496
simulated_annealing,rastrigin,119,19700,46.383876811601496
simulated_annealing,rastrigin,119,19800,46.383876811601496
simulated_annealing,rastrigin,119,19900,46.383876811601496
simulated_annealing,rastrigin,119,20000,46.383876811601496
