algorithm,benchmark,seed,evaluations,best_value
simulated_annealing,rosenbrock,100,100,1160.6018339712857
simulated_annealing,rosenbrock,100,200,773.9134012875793
simulated_annealing,rosenbrock,100,300,536.7865562040773
simulated_annealing,rosenbrock,100,400,239.2880457081784
simulated_annealing,rosenbrock,100,500,239.2880457081784
simulated_annealing,rosenbrock,100,600,87.40437160416342
simulated_annealing,rosenbrock,100,700,87.40437160416342
simulated_annealing,rosenbrock,100,800,87.40437160416342
simulated_annealing,rosenbrock,100,900,87.40437160416342
simulated_annealing,rosenbrock,100,1000,87.40437160416342
simulated_annealing,rosenbrock,100,1100,87.40437160416342
simulated_annealing,rosenbrock,100,1200,87.40437160416342
simulated_annealing,rosenbrock,100,1300,87.40437160416342
simulated_annealing,rosenbrock,100,1400,87.40437160416342
simulated_annealing,rosenbrock,100,1500,87.40437160416342
simulated_annealing,rosenbrock,100,1600,87.40437160416342
simulated_annealing,rosenbrock,100,1700,87.40437160416342
simulated_annealing,rosenbrock,100,1800,87.40437160416342
simulated_annealing,rosenbrock,100,1900,87.40437160416342
simulated_annealing,rosenbrock,100,2000,87.40437160416342
simulated_annealing,rosenbrock,100,2100,87.40437160416342
simulated_annealing,rosenbrock,100,2200,87.40437160416342
simulated_annealing,rosenbrock,100,2300,87.40437160416342
simulated_annealing,rosenbrock,100,2400,87.40437160416342
simulated_annealing,rosenbrock,100,2500,87.40437160416342
simulated_annealing,rosenbrock,100,2600,87.40437160416342
simulated_annealing,rosenbrock,100,2700,87.40437160416342
simulated_annealing,rosenbrock,100,2800,51.52571142082155
simulated_annealing,rosenbrock,100,2900,51.52571142082155
simulated_annealing,rosenbrock,100,3000,51.52571142082155
simulated_annealing,rosenbrock,100,3100,51.52571142082155
simulated_annealing,rosenbrock,100,3200,51.52571142082155
simulated_annealing,rosenbrock,100,3300,51.52571142082155
simulated_annealing,rosenbrock,100,3400,51.52571142082155
simulated_annealing,rosenbrock,100,3500,51.52571142082155
simulated_annealing,rosenbrock,100,3600,51.52571142082155
simulated_annealing,rosenbrock,100,3700,51.52571142082155
simulated_annealing,rosenbrock,100,3800,51.52571142082155
simulated_annealing,rosenbrock,100,3900,51.52571142082155
simulated_annealing,rosenbrock,100,4000,51.52571142082155
simulated_annealing,rosenbrock,100,4100,51.52571142082155
simulated_annealing,rosenbrock,100,4200,51.52571142082155
simulated_annealing,rosenbrock,100,4300,51.52571142082155
simulated_annealing,rosenbrock,100,4400,51.52571142082155
simulated_annealing,rosenbrock,100,4500,51.52571142082155
simulated_annealing,rosenbrock,100,4600,51.52571142082155
simulated_annealing,rosenbrock,100,4700,51.52571142082155
simulated_annealing,rosenbrock,100,4800,51.52571142082155
simulated_annealing,rosenbrock,100,4900,51.52571142082155
simulated_annealing,rosenbrock,100,5000,51.52571142082155
simulated_annealing,rosenbrock,100,5100,51.52571142082155
simulated_annealing,rosenbrock,100,5200,51.52571142082155
simulated_annealing,rosenbrock,100,5300,51.52571142082155
simulated_annealing,rosenbrock,100,5400,51.52571142082155
simulated_annealing,rosenbrock,100,5500,51.52571142082155
simulated_annealing,rosenbrock,100,5600,51.52571142082155
simulated_annealing,rosenbrock,100,5700,51.52571142082155
simulated_annealing,rosenbrock,100,5800,51.52571142082155
simulated_annealing,rosenbrock,100,5900,51.52571142082155
simulated_annealing,rosenbrock,100,6000,51.52571142082155
simulated_annealing,rosenbrock,100,6100,51.52571142082155
simulated_annealing,rosenbrock,100,6200,51.52571142082155
simulated_annealing,rosenbrock,100,6300,51.52571142082155
simulated_annealing,rosenbrock,100,6400,51.52571142082155
simulated_annealing,rosenbrock,100,6500,51.52571142082155
simulated_annealing,rosenbrock,100,6600,51.52571142082155
simulated_annealing,rosenbrock,100,6700,51.52571142082155
simulated_annealing,rosenbrock,100,6800,51.52571142082155
simulated_annealing,rosenbrock,100,6900,51.52571142082155
simulated_annealing,rosenbrock,100,7000,51.52571142082155
simulated_annealing,rosenbrock,100,7100,51.52571142082155
simulated_annealing,rosenbrock,100,7200,51.52571142082155
simulated_annealing,rosenbrock,100,7300,51.52571142082155
simulated_annealing,rosenbrock,100,7400,51.52571142082155
simulated_annealing,rosenbrock,100,7500,51.52571142082155
simulated_annealing,rosenbrock,100,7600,51.52571142082155
simulated_annealing,rosenbrock,100,7700,51.52571142082155
simulated_annealing,rosenbrock,100,7800,51.52571142082155
simulated_annealing,rosenbrock,100,7900,51.52571142082155
simulated_annealing,rosenbrock,100,8000,51.52571142082155
simulated_annealing,rosenbrock,100,8100,51.52571142082155
simulated_annealing,rosenbrock,100,8200,51.52571142082155
simulated_annealing,rosenbrock,100,8300,51.52571142082155
simulated_annealing,rosenbrock,100,8400,51.52571142082155
simulated_annealing,rosenbrock,100,8500,51.52571142082155
simulated_annealing,rosenbrock,100,8600,51.52571142082155
simulated_annealing,rosenbrock,100,8700,51.52571142082155
simulated_annealing,rosenbrock,100,8800,51.52571142082155
simulated_annealing,rosenbrock,100,8900,51.52571142082155
simulated_annealing,rosenbrock,100,9000,51.52571142082155
simulated_annealing,rosenbrock,100,9100,51.52571142082155
simulated_annealing,rosenbrock,100,9200,51.52571142082155
simulated_annealing,rosenbrock,100,9300,51.52571142082155
simulated_annealing,rosenbrock,100,9400,51.52571142082155
simulated_annealing,rosenbrock,100,9500,51.52571142082155
simulated_annealing,rosenbrock,100,9600,51.52571142082155
simulated_annealing,rosenbrock,100,9700,51.52571142082155
simulated_annealing,rosenbrock,100,9800,51.52571142082155
simulated_annealing,rosenbrock,100,9900,51.52571142082155
simulated_annealing,rosenbrock,100,10000,51.52571142082155
simulated_annealing,rosenbrock,100,10100,51.52571142082155
simulated_annealing,rosenbrock,100,10200,51.52571142082155
simulated_annealing,rosenbrock,100,10300,51.52571142082155
simulated_annealing,rosenbrock,100,10400,51.52571142082155
simulated_annealing,rosenbrock,100,10500,51.52571142082155
simulated_annealing,rosenbrock,100,10600,51.52571142082155
simulated_annealing,rosenbrock,100,10700,51.52571142082155
simulated_annealing,rosenbrock,100,10800,51.52571142082155
simulated_annealing,rosenbrock,100,10900,51.52571142082155
simulated_annealing,rosenbrock,100,11000,51.52571142082155
simulated_annealing,rosenbrock,100,11100,51.52571142082155
simulated_annealing,rosenbrock,100,11200,51.52571142082155
simulated_annealing,rosenbrock,100,11300,51.52571142082155
simulated_annealing,rosenbrock,100,11400,51.52571142082155
simulated_annealing,rosenbrock,100,11500,51.52571142082155
simulated_annealing,rosenbrock,100,11600,51.52571142082155
simulated_annealing,rosenbrock,100,11700,51.52571142082155
simulated_annealing,rosenbrock,100,11800,51.52571142082155
simulated_annealing,rosenbrock,100,11900,51.52571142082155
simulated_annealing,rosenbrock,100,12000,51.52571142082155
simulated_annealing,rosenbrock,100,12100,51.52571142082155
simulated_annealing,rosenbrock,100,12200,51.52571142082155
simulated_annealing,rosenbrock,100,12300,51.52571142082155
simulated_annealing,rosenbrock,100,12400,51.52571142082155
simulated_annealing,rosenbrock,100,12500,51.52571142082155
simulated_annealing,rosenbrock,100,12600,51.52571142082155
simulated_annealing,rosenbrock,100,12700,51.52571142082155
simulated_annealing,rosenbrock,100,12800,51.52571142082155
simulated_annealing,rosenbrock,100,12900,51.52571142082155
simulated_annealing,rosenbrock,100,13000,51.52571142082155
simulated_annealing,rosenbrock,100,13100,51.52571142082155
simulated_annealing,rosenbrock,100,13200,51.52571142082155
simulated_annealing,rosenbrock,100,13300,48.075796450577585
simulated_annealing,rosenbrock,100,13400,48.075796450577585
simulated_annealing,rosenbrock,100,13500,48.075796450577585
simulated_annealing,rosenbrock,100,13600,48.075796450577585
simulated_annealing,rosenbrock,100,13700,48.075796450577585
simulated_annealing,rosenbrock,100,13800,48.075796450577585
simulated_annealing,rosenbrock,100,13900,48.075796450577585
simulated_annealing,rosenbrock,100,14000,48.075796450577585
simulated_annealing,rosenbrock,100,14100,48.075796450577585
simulated_annealing,rosenbrock,100,14200,48.075796450577585
simulated_annealing,rosenbrock,100,14300,48.075796450577585
simulated_annealing,rosenbrock,100,14400,48.075796450577585
simulated_annealing,rosenbrock,100,14500,48.075796450577585
simulated_annealing,rosenbrock,100,14600,48.075796450577585
simulated_annealing,rosenbrock,100,14700,48.075796450577585
simulated_annealing,rosenbrock,100,14800,48.075796450577585
simulated_annealing,rosenbrock,100,14900,48.075796450577585
simulated_annealing,rosenbrock,100,15000,48.075796450577585
simulated_annealing,rosenbrock,100,15100,48.075796450577585
simulated_annealing,rosenbrock,100,15200,48.075796450577585
simulated_annealing,rosenbrock,100,15300,48.075796450577585
simulated_annealing,rosenbrock,100,15400,48.075796450577585
simulated_annealing,rosenbrock,100,15500,48.075796450577585
simulated_annealing,rosenbrock,100,15600,48.075796450577585
simulated_annealing,rosenbrock,100,15700,48.075796450577585
simulated_annealing,rosenbrock,100,15800,48.075796450577585
simulated_annealing,rosenbrock,100,15900,48.075796450577585
simulated_annealing,rosenbrock,100,16000,48.075796450577585
simulated_annealing,rosenbrock,100,16100,48.075796450577585
simulated_annealing,rosenbrock,100,16200,48.075796450577585
simulated_annealing,rosenbrock,100,16300,48.075796450577585
simulated_annealing,rosenbrock,100,16400,48.075796450577585
simulated_annealing,rosenbrock,100,16500,48.075796450577585
simulated_annealing,rosenbrock,100,16600,48.075796450577585
simulated_annealing,rosenbrock,100,16700,48.075796450577585
simulated_annealing,rosenbrock,100,16800,48.075796450577585
simulated_annealing,rosenbrock,100,16900,48.075796450577585
simulated_annealing,rosenbrock,100,17000,48.075796450577585
simulated_annealing,rosenbrock,100,17100,48.075796450577585
simulated_annealing,rosenbrock,100,17200,48.075796450577585
simulated_annealing,rosenbrock,100,17300,48.075796450577585
simulated_annealing,rosenbrock,100,17400,48.075796450577585
simulated_annealing,rosenbrock,100,17500,48.075796450577585
simulated_annealing,rosenbrock,100,17600,48.075796450577585
simulated_annealing,rosenbrock,100,17700,48.075796450577585
simulated_annealing,rosenbrock,100,17800,48.075796450577585
simulated_annealing,rosenbrock,100,17900,48.075796450577585
simulated_annealing,rosenbrock,100,18000,48.075796450577585
simulated_annealing,rosenbrock,100,18100,48.075796450577585
simulated_annealing,rosenbrock,100,18200,48.075796450577585
simulated_annealing,rosenbrock,100,18300,48.075796450577585
simulated_annealing,rosenbrock,100,18400,48.075796450577585
simulated_annealing,rosenbrock,100,18500,48.075796450577585
simulated_annealing,rosenbrock,100,18600,48.075796450577585
simulated_annealing,rosenbrock,100,18700,48.075796450577585
simulated_annealing,rosenbrock,100,18800,48.075796450577585
simulated_annealing,rosenbrock,100,18900,48.075796450577585
simulated_annealing,rosenbrock,100,19000,48.075796450577585
simulated_annealing,rosenbrock,100,19100,48.075796450577585
simulated_annealing,rosenbrock,100,19200,48.075796450577585
simulated_annealing,rosenbrock,100,19300,48.075796450577585
simulated_annealing,rosenbrock,100,19400,48.075796450577585
simulated_annealing,rosenbrock,100,19500,48.075796450577585
simulated_annealing,rosenbrock,100,19600,48.075796450577585
simulated_annealing,rosenbrock,100,19700,48.075796450577585
simulated_annealing,rosenbrock,100,19800,48.075796450577585
simulated_annealing,rosenbrock,100,19900,48.075796450577585
simulated_annealing,rosenbrock,100,20000,48.075796450577585
simulated_annealing,rosenbrock,101,100,3713.357722781407
simulated_annealing,rosenbrock,101,200,1087.843050023154
simulated_annealing,rosenbrock,101,300,515.6767544196572
simulated_annealing,rosenbrock,101,400,343.54427216526585
simulated_annealing,rosenbrock,101,500,343.54427216526585
simulated_annealing,rosenbrock,101,600,343.54427216526585
simulated_annealing,rosenbrock,101,700,343.54427216526585
simulated_annealing,rosenbrock,101,800,163.5266370726727
simulated_annealing,rosenbrock,101,900,163.5266370726727
simulated_annealing,rosenbrock,101,1000,163.5266370726727
simulated_annealing,rosenbrock,101,1100,163.5266370726727
simulated_annealing,rosenbrock,101,1200,163.5266370726727
simulated_annealing,rosenbrock,101,1300,163.5266370726727
simulated_annealing,rosenbrock,101,1400,163.5266370726727
simulated_annealing,rosenbrock,101,1500,163.5266370726727
simulated_annealing,rosenbrock,101,1600,163.5266370726727
simulated_annealing,rosenbrock,101,1700,163.5266370726727
simulated_annealing,rosenbrock,101,1800,163.5266370726727
simulated_annealing,rosenbrock,101,1900,163.5266370726727
simulated_annealing,rosenbrock,101,2000,163.5266370726727
simulated_annealing,rosenbrock,101,2100,163.5266370726727
simulated_annealing,rosenbrock,101,2200,163.5266370726727
simulated_annealing,rosenbrock,101,2300,163.5266370726727
simulated_annealing,rosenbrock,101,2400,163.5266370726727
simulated_annealing,rosenbrock,101,2500,163.5266370726727
simulated_annealing,rosenbrock,101,2600,163.5266370726727
simulated_annealing,rosenbrock,101,2700,163.5266370726727
simulated_annealing,rosenbrock,101,2800,163.5266370726727
simulated_annealing,rosenbrock,101,2900,163.5266370726727
simulated_annealing,rosenbrock,101,3000,163.5266370726727
simulated_annealing,rosenbrock,101,3100,163.5266370726727
simulated_annealing,rosenbrock,101,3200,163.5266370726727
simulated_annealing,rosenbrock,101,3300,163.5266370726727
simulated_annealing,rosenbrock,101,3400,163.5266370726727
simulated_annealing,rosenbrock,101,3500,163.5266370726727
simulated_annealing,rosenbrock,101,3600,163.5266370726727
simulated_annealing,rosenbrock,101,3700,163.5266370726727
simulated_annealing,rosenbrock,101,3800,163.5266370726727
simulated_annealing,rosenbrock,101,3900,163.5266370726727
simulated_annealing,rosenbrock,101,4000,163.5266370726727
simulated_annealing,rosenbrock,101,4100,163.5266370726727
simulated_annealing,rosenbrock,101,4200,163.5266370726727
simulated_annealing,rosenbrock,101,4300,163.5266370726727
simulated_annealing,rosenbrock,101,4400,163.5266370726727
simulated_annealing,rosenbrock,101,4500,163.5266370726727
simulated_annealing,rosenbrock,101,4600,163.5266370726727
simulated_annealing,rosenbrock,101,4700,163.5266370726727
simulated_annealing,rosenbrock,101,4800,163.5266370726727
simulated_annealing,rosenbrock,101,4900,163.5266370726727
simulated_annealing,rosenbrock,101,5000,163.5266370726727
simulated_annealing,rosenbrock,101,5100,163.5266370726727
simulated_annealing,rosenbrock,101,5200,163.5266370726727
simulated_annealing,rosenbrock,101,5300,163.5266370726727
simulated_annealing,rosenbrock,101,5400,163.5266370726727
simulated_annealing,rosenbrock,101,5500,163.5266370726727
simulated_annealing,rosenbrock,101,5600,163.5266370726727
simulated_annealing,rosenbrock,101,5700,163.5266370726727
simulated_annealing,rosenbrock,101,5800,163.5266370726727
simulated_annealing,rosenbrock,101,5900,163.5266370726727
simulated_annealing,rosenbrock,101,6000,163.5266370726727
simulated_annealing,rosenbrock,101,6100,163.5266370726727
simulated_annealing,rosenbrock,101,6200,163.5266370726727
simulated_annealing,rosenbrock,101,6300,163.5266370726727
simulated_annealing,rosenbrock,101,6400,163.5266370726727
simulated_annealing,rosenbrock,101,6500,163.5266370726727
simulated_annealing,rosenbrock,101,6600,163.5266370726727
simulated_annealing,rosenbrock,101,6700,163.5266370726727
simulated_annealing,rosenbrock,101,6800,163.5266370726727
simulated_annealing,rosenbrock,101,6900,163.5266370726727
simulated_annealing,rosenbrock,101,7000,163.5266370726727
simulated_annealing,rosenbrock,101,7100,163.5266370726727
simulated_annealing,rosenbrock,101,7200,163.5266370726727
simulated_annealing,rosenbrock,101,7300,163.5266370726727
simulated_annealing,rosenbrock,101,7400,163.5266370726727
simulated_annealing,rosenbrock,101,7500,163.5266370726727
simulated_annealing,rosenbrock,101,7600,163.5266370726727
simulated_annealing,rosenbrock,101,7700,163.5266370726727
simulated_annealing,rosenbrock,101,7800,163.5266370726727
simulated_annealing,rosenbrock,101,7900,163.5266370726727
simulated_annealing,rosenbrock,101,8000,163.5266370726727
simulated_annealing,rosenbrock,101,8100,163.5266370726727
simulated_annealing,rosenbrock,101,8200,163.5266370726727
simulated_annealing,rosenbrock,101,8300,163.5266370726727
simulated_annealing,rosenbrock,101,8400,163.5266370726727
simulated_annealing,rosenbrock,101,8500,163.5266370726727
simulated_annealing,rosenbrock,101,8600,163.5266370726727
simulated_annealing,rosenbrock,101,8700,163.5266370726727
simulated_annealing,rosenbrock,101,8800,163.5266370726727
simulated_annealing,rosenbrock,101,8900,163.5266370726727
simulated_annealing,rosenbrock,101,9000,163.5266370726727
simulated_annealing,rosenbrock,101,9100,163.5266370726727
simulated_annealing,rosenbrock,101,9200,163.5266370726727
simulated_annealing,rosenbrock,101,9300,163.5266370726727
simulated_annealing,rosenbrock,101,9400,163.5266370726727
simulated_annealing,rosenbrock,101,9500,163.5266370726727
simulated_annealing,rosenbrock,101,9600,163.5266370726727
simulated_annealing,rosenbrock,101,9700,163.5266370726727
simulated_annealing,rosenbrock,101,9800,163.5266370726727
simulated_annealing,rosenbrock,101,9900,163.5266370726727
simulated_annealing,rosenbrock,101,10000,163.5266370726727
simulated_annealing,rosenbrock,101,10100,163.5266370726727
simulated_annealing,rosenbrock,101,10200,163.5266370726727
simulated_annealing,rosenbrock,101,10300,163.5266370726727
simulated_annealing,rosenbrock,101,10400,163.5266370726727
simulated_annealing,rosenbrock,101,10500,163.5266370726727
simulated_annealing,rosenbrock,101,10600,163.5266370726727
simulated_annealing,rosenbrock,101,10700,163.5266370726727
simulated_annealing,rosenbrock,101,10800,163.5266370726727
simulated_annealing,rosenbrock,101,10900,163.5266370726727
simulated_annealing,rosenbrock,101,11000,163.5266370726727
simulated_annealing,rosenbrock,101,11100,163.5266370726727
simulated_annealing,rosenbrock,101,11200,163.5266370726727
simulated_annealing,rosenbrock,101,11300,163.5266370726727
simulated_annealing,rosenbrock,101,11400,163.5266370726727
simulated_annealing,rosenbrock,101,11500,163.5266370726727
simulated_annealing,rosenbrock,101,11600,163.5266370726727
simulated_annealing,rosenbrock,101,11700,163.5266370726727
simulated_annealing,rosenbrock,101,11800,163.5266370726727
simulated_annealing,rosenbrock,101,11900,163.5266370726727
simulated_annealing,rosenbrock,101,12000,163.5266370726727
simulated_annealing,rosenbrock,101,12100,163.5266370726727
simulated_annealing,rosenbrock,101,12200,163.5266370726727
simulated_annealing,rosenbrock,101,12300,163.5266370726727
simulated_annealing,rosenbrock,101,12400,163.5266370726727
simulated_annealing,rosenbrock,101,12500,163.5266370726727
simulated_annealing,rosenbrock,101,12600,163.5266370726727
simulated_annealing,rosenbrock,101,12700,163.5266370726727
simulated_annealing,rosenbrock,101,12800,163.5266370726727
simulated_annealing,rosenbrock,101,12900,163.5266370726727
simulated_annealing,rosenbrock,101,13000,163.5266370726727
simulated_annealing,rosenbrock,101,13100,163.5266370726727
simulated_annealing,rosenbrock,101,13200,163.5266370726727
simulated_annealing,rosenbrock,101,13300,163.5266370726727
simulated_annealing,rosenbrock,101,13400,163.5266370726727
simulated_annealing,rosenbrock,101,13500,163.5266370726727
simulated_annealing,rosenbrock,101,13600,163.5266370726727
simulated_annealing,rosenbrock,101,13700,163.5266370726727
simulated_annealing,rosenbrock,101,13800,163.5266370726727
simulated_annealing,rosenbrock,101,13900,163.5266370726727
simulated_annealing,rosenbrock,101,14000,163.5266370726727
simulated_annealing,rosenbrock,101,14100,163.5266370726727
simulated_annealing,rosenbrock,101,14200,163.5266370726727
simulated_annealing,rosenbrock,101,14300,163.5266370726727
simulated_annealing,rosenbrock,101,14400,163.5266370726727
simulated_annealing,rosenbrock,101,14500,163.5266370726727
simulated_annealing,rosenbrock,101,14600,163.5266370726727
simulated_annealing,rosenbrock,101,14700,163.5266370726727
simulated_annealing,rosenbrock,101,14800,163.5266370726727
simulated_annealing,rosenbrock,101,14900,163.5266370726727
simulated_annealing,rosenbrock,101,15000,163.5266370726727
simulated_annealing,rosenbrock,101,15100,163.5266370726727
simulated_annealing,rosenbrock,101,15200,163.5266370726727
simulated_annealing,rosenbrock,101,15300,163.5266370726727
simulated_annealing,rosenbrock,101,15400,163.5266370726727
simulated_annealing,rosenbrock,101,15500,163.5266370726727
simulated_annealing,rosenbrock,101,15600,163.5266370726727
simulated_annealing,rosenbrock,101,15700,163.5266370726727
simulated_annealing,rosenbrock,101,15800,163.5266370726727
simulated_annealing,rosenbrock,101,15900,163.5266370726727
simulated_annealing,rosenbrock,101,16000,163.5266370726727
simulated_annealing,rosenbrock,101,16100,163.5266370726727
simulated_annealing,rosenbrock,101,16200,163.5266370726727
simulated_annealing,rosenbrock,101,16300,163.5266370726727
simulated_annealing,rosenbrock,101,16400,163.5266370726727
simulated_annealing,rosenbrock,101,16500,163.5266370726727
simulated_annealing,rosenbrock,101,16600,163.5266370726727
simulated_annealing,rosenbrock,101,16700,163.5266370726727
simulated_annealing,rosenbrock,101,16800,163.5266370726727
simulated_annealing,rosenbrock,101,16900,163.5266370726727
simulated_annealing,rosenbrock,101,17000,163.5266370726727
simulated_annealing,rosenbrock,101,17100,163.5266370726727
simulated_annealing,rosenbrock,101,17200,163.5266370726727
simulated_annealing,rosenbrock,101,17300,163.5266370726727
simulated_annealing,rosenbrock,101,17400,163.5266370726727
simulated_annealing,rosenbrock,101,17500,163.5266370726727
simulated_annealing,rosenbrock,101,17600,163.5266370726727
simulated_annealing,rosenbrock,101,17700,163.5266370726727
simulated_annealing,rosenbrock,101,17800,163.5266370726727
simulated_annealing,rosenbrock,101,17900,163.5266370726727
simulated_annealing,rosenbrock,101,18000,163.5266370726727
simulated_annealing,rosenbrock,101,18100,163.5266370726727
simulated_annealing,rosenbrock,101,18200,163.5266370726727
simulated_annealing,rosenbrock,101,18300,163.5266370726727
simulated_annealing,rosenbrock,101,18400,163.5266370726727
simulated_annealing,rosenbrock,101,18500,163.5266370726727
simulated_annealing,rosenbrock,101,18600,163.5266370726727
simulated_annealing,rosenbrock,101,18700,163.5266370726727
simulated_annealing,rosenbrock,101,18800,163.5266370726727
simulated_annealing,rosenbrock,101,18900,163.5266370726727
simulated_annealing,rosenbrock,101,19000,163.5266370726727
simulated_annealing,rosenbrock,101,19100,163.5266370726727
simulated_annealing,rosenbrock,101,19200,163.5266370726727
simulated_annealing,rosenbrock,101,19300,163.5266370726727
simulated_annealing,rosenbrock,101,19400,163.5266370726727
simulated_annealing,rosenbrock,101,19500,163.5266370726727
simulated_annealing,rosenbrock,101,19600,163.5266370726727
simulated_annealing,rosenbrock,101,19700,163.5266370726727
simulated_annealing,rosenbrock,101,19800,163.5266370726727
simulated_annealing,rosenbrock,101,19900,163.5266370726727
simulated_annealing,rosenbrock,101,20000,163.5266370726727
simulated_annealing,rosenbrock,102,100,4759.7619020762395
simulated_annealing,rosenbrock,102,200,567.1144840681337
simulated_annealing,rosenbrock,102,300,203.34479906241418
simulated_annealing,rosenbrock,102,400,194.6917263100945
simulated_annealing,rosenbrock,102,500,194.6917263100945
simulated_annealing,rosenbrock,102,600,194.6917263100945
simulated_annealing,rosenbrock,102,700,194.6917263100945
simulated_annealing,rosenbrock,102,800,194.6917263100945
simulated_annealing,rosenbrock,102,900,194.6917263100945
simulated_annealing,rosenbrock,102,1000,138.74525239681986
simulated_annealing,rosenbrock,102,1100,119.15599699576111
simulated_annealing,rosenbrock,102,1200,119.15599699576111
simulated_annealing,rosenbrock,102,1300,119.15599699576111
simulated_annealing,rosenbrock,102,1400,119.15599699576111
simulated_annealing,rosenbrock,102,1500,106.98507427964199
simulated_annealing,rosenbrock,102,1600,106.98507427964199
simulated_annealing,rosenbrock,102,1700,106.98507427964199
simulated_annealing,rosenbrock,102,1800,106.98507427964199
simulated_annealing,rosenbrock,102,1900,106.98507427964199
simulated_annealing,rosenbrock,102,2000,106.98507427964199
simulated_annealing,rosenbrock,102,2100,106.98507427964199
simulated_annealing,rosenbrock,102,2200,106.98507427964199
simulated_annealing,rosenbrock,102,2300,106.98507427964199
simulated_annealing,rosenbrock,102,2400,106.98507427964199
simulated_annealing,rosenbrock,102,2500,106.98507427964199
simulated_annealing,rosenbrock,102,2600,98.45533227428585
simulated_annealing,rosenbrock,102,2700,98.45533227428585
simulated_annealing,rosenbrock,102,2800,98.45533227428585
simulated_annealing,rosenbrock,102,2900,98.45533227428585
simulated_annealing,rosenbrock,102,3000,98.45533227428585
simulated_annealing,rosenbrock,102,3100,98.45533227428585
simulated_annealing,rosenbrock,102,3200,98.45533227428585
simulated_annealing,rosenbrock,102,3300,98.45533227428585
simulated_annealing,rosenbrock,102,3400,98.45533227428585
simulated_annealing,rosenbrock,102,3500,98.45533227428585
simulated_annealing,rosenbrock,102,3600,98.45533227428585
simulated_annealing,rosenbrock,102,3700,98.45533227428585
simulated_annealing,rosenbrock,102,3800,98.45533227428585
simulated_annealing,rosenbrock,102,3900,98.45533227428585
simulated_annealing,rosenbrock,102,4000,98.45533227428585
simulated_annealing,rosenbrock,102,4100,98.45533227428585
simulated_annealing,rosenbrock,102,4200,98.45533227428585
simulated_annealing,rosenbrock,102,4300,98.45533227428585
simulated_annealing,rosenbrock,102,4400,98.45533227428585
simulated_annealing,rosenbrock,102,4500,98.45533227428585
simulated_annealing,rosenbrock,102,4600,98.45533227428585
simulated_annealing,rosenbrock,102,4700,91.65748162915861
simulated_annealing,rosenbrock,102,4800,91.65748162915861
simulated_annealing,rosenbrock,102,4900,91.65748162915861
simulated_annealing,rosenbrock,102,5000,91.65748162915861
simulated_annealing,rosenbrock,102,5100,91.65748162915861
simulated_annealing,rosenbrock,102,5200,91.65748162915861
simulated_annealing,rosenbrock,102,5300,91.65748162915861
simulated_annealing,rosenbrock,102,5400,91.65748162915861
simulated_annealing,rosenbrock,102,5500,91.65748162915861
simulated_annealing,rosenbrock,102,5600,91.65748162915861
simulated_annealing,rosenbrock,102,5700,91.65748162915861
simulated_annealing,rosenbrock,102,5800,91.65748162915861
simulated_annealing,rosenbrock,102,5900,91.65748162915861
simulated_annealing,rosenbrock,102,6000,91.65748162915861
simulated_annealing,rosenbrock,102,6100,91.65748162915861
simulated_annealing,rosenbrock,102,6200,91.65748162915861
simulated_annealing,rosenbrock,102,6300,91.65748162915861
simulated_annealing,rosenbrock,102,6400,91.65748162915861
simulated_annealing,rosenbrock,102,6500,91.65748162915861
simulated_annealing,rosenbrock,102,6600,91.65748162915861
simulated_annealing,rosenbrock,102,6700,91.65748162915861
simulated_annealing,rosenbrock,102,6800,91.65748162915861
simulated_annealing,rosenbrock,102,6900,91.65748162915861
simulated_annealing,rosenbrock,102,7000,91.65748162915861
simulated_annealing,rosenbrock,102,7100,91.65748162915861
simulated_annealing,rosenbrock,102,7200,91.65748162915861
simulated_annealing,rosenbrock,102,7300,91.65748162915861
simulated_annealing,rosenbrock,102,7400,91.65748162915861
simulated_annealing,rosenbrock,102,7500,91.65748162915861
simulated_annealing,rosenbrock,102,7600,91.65748162915861
simulated_annealing,rosenbrock,102,7700,91.65748162915861
simulated_annealing,rosenbrock,102,7800,91.65748162915861
simulated_annealing,rosenbrock,102,7900,91.65748162915861
simulated_annealing,rosenbrock,102,8000,90.5274894654159
simulated_annealing,rosenbrock,102,8100,90.5274894654159
simulated_annealing,rosenbrock,102,8200,90.5274894654159
simulated_annealing,rosenbrock,102,8300,90.5274894654159
simulated_annealing,rosenbrock,102,8400,90.5274894654159
simulated_annealing,rosenbrock,102,8500,90.5274894654159
simulated_annealing,rosenbrock,102,8600,90.5274894654159
simulated_annealing,rosenbrock,102,8700,90.5274894654159
simulated_annealing,rosenbrock,102,8800,90.5274894654159
simulated_annealing,rosenbrock,102,8900,90.5274894654159
simulated_annealing,rosenbrock,102,9000,90.5274894654159
simulated_annealing,rosenbrock,102,9100,90.5274894654159
simulated_annealing,rosenbrock,102,9200,90.5274894654159
simulated_annealing,rosenbrock,102,9300,90.5274894654159
simulated_annealing,rosenbrock,102,9400,90.5274894654159
simulated_annealing,rosenbrock,102,9500,90.5274894654159
simulated_annealing,rosenbrock,102,9600,90.5274894654159
simulated_annealing,rosenbrock,102,9700,90.5274894654159
simulated_annealing,rosenbrock,102,9800,90.5274894654159
simulated_annealing,rosenbrock,102,9900,90.5274894654159
simulated_annealing,rosenbrock,102,10000,90.5274894654159
simulated_annealing,rosenbrock,102,10100,90.5274894654159
simulated_annealing,rosenbrock,102,10200,90.5274894654159
simulated_annealing,rosenbrock,102,10300,69.2096055575108
simulated_annealing,rosenbrock,102,10400,69.2096055575108
simulated_annealing,rosenbrock,102,10500,69.2096055575108
simulated_annealing,rosenbrock,102,10600,69.2096055575108
simulated_annealing,rosenbrock,102,10700,69.2096055575108
simulated_annealing,rosenbrock,102,10800,69.2096055575108
simulated_annealing,rosenbrock,102,10900,69.2096055575108
simulated_annealing,rosenbrock,102,11000,69.2096055575108
simulated_annealing,rosenbrock,102,11100,69.2096055575108
simulated_annealing,rosenbrock,102,11200,69.2096055575108
simulated_annealing,rosenbrock,102,11300,69.2096055575108
simulated_annealing,rosenbrock,102,11400,69.2096055575108
simulated_annealing,rosenbrock,102,11500,69.2096055575108
simulated_annealing,rosenbrock,102,11600,69.2096055575108
simulated_annealing,rosenbrock,102,11700,69.2096055575108
simulated_annealing,rosenbrock,102,11800,69.2096055575108
simulated_annealing,rosenbrock,102,11900,69.2096055575108
simulated_annealing,rosenbrock,102,12000,69.2096055575108
simulated_annealing,rosenbrock,102,12100,69.2096055575108
simulated_annealing,rosenbrock,102,12200,69.2096055575108
simulated_annealing,rosenbrock,102,12300,69.2096055575108
simulated_annealing,rosenbrock,102,12400,69.2096055575108
simulated_annealing,rosenbrock,102,12500,69.2096055575108
simulated_annealing,rosenbrock,102,12600,69.2096055575108
simulated_annealing,rosenbrock,102,12700,69.2096055575108
simulated_annealing,rosenbrock,102,12800,69.2096055575108
simulated_annealing,rosenbrock,102,12900,69.2096055575108
simulated_annealing,rosenbrock,102,13000,69.2096055575108
simulated_annealing,rosenbrock,102,13100,69.2096055575108
simulated_annealing,rosenbrock,102,13200,69.2096055575108
simulated_annealing,rosenbrock,102,13300,69.2096055575108
simulated_annealing,rosenbrock,102,13400,69.2096055575108
simulated_annealing,rosenbrock,102,13500,69.2096055575108
simulated_annealing,rosenbrock,102,13600,69.2096055575108
simulated_annealing,rosenbrock,102,13700,69.2096055575108
simulated_annealing,rosenbrock,102,13800,69.2096055575108
simulated_annealing,rosenbrock,102,13900,69.2096055575108
simulated_annealing,rosenbrock,102,14000,69.2096055575108
simulated_annealing,rosenbrock,102,14100,69.2096055575108
simulated_annealing,rosenbrock,102,14200,69.2096055575108
simulated_annealing,rosenbrock,102,14300,69.2096055575108
simulated_annealing,rosenbrock,102,14400,69.2096055575108
simulated_annealing,rosenbrock,102,14500,69.2096055575108
simulated_annealing,rosenbrock,102,14600,69.2096055575108
simulated_annealing,rosenbrock,102,14700,69.2096055575108
simulated_annealing,rosenbrock,102,14800,69.2096055575108
simulated_annealing,rosenbrock,102,14900,69.2096055575108
simulated_annealing,rosenbrock,102,15000,69.2096055575108
simulated_annealing,rosenbrock,102,15100,69.2096055575108
simulated_annealing,rosenbrock,102,15200,69.2096055575108
simulated_annealing,rosenbrock,102,15300,69.2096055575108
simulated_annealing,rosenbrock,102,15400,69.2096055575108
simulated_annealing,rosenbrock,102,15500,69.2096055575108
simulated_annealing,rosenbrock,102,15600,69.2096055575108
simulated_annealing,rosenbrock,102,15700,69.2096055575108
simulated_annealing,rosenbrock,102,15800,69.2096055575108
simulated_annealing,rosenbrock,102,15900,69.2096055575108
simulated_annealing,rosenbrock,102,16000,69.2096055575108
simulated_annealing,rosenbrock,102,16100,69.2096055575108
simulated_annealing,rosenbrock,102,16200,69.2096055575108
simulated_annealing,rosenbrock,102,16300,69.2096055575108
simulated_annealing,rosenbrock,102,16400,69.2096055575108
simulated_annealing,rosenbrock,102,16500,69.2096055575108
simulated_annealing,rosenbrock,102,16600,69.2096055575108
simulated_annealing,rosenbrock,102,16700,69.2096055575108
simulated_annealing,rosenbrock,102,16800,69.2096055575108
simulated_annealing,rosenbrock,102,16900,69.2096055575108
simulated_annealing,rosenbrock,102,17000,69.2096055575108
simulated_annealing,rosenbrock,102,17100,69.2096055575108
simulated_annealing,rosenbrock,102,17200,69.2096055575108
simulated_annealing,rosenbrock,102,17300,69.2096055575108
simulated_annealing,rosenbrock,102,17400,69.2096055575108
simulated_annealing,rosenbrock,102,17500,69.2096055575108
simulated_annealing,rosenbrock,102,17600,69.2096055575108
simulated_annealing,rosenbrock,102,17700,69.2096055575108
simulated_annealing,rosenbrock,102,17800,69.2096055575108
simulated_annealing,rosenbrock,102,17900,69.2096055575108
simulated_annealing,rosenbrock,102,18000,69.2096055575108
simulated_annealing,rosenbrock,102,18100,51.094380841679
simulated_annealing,rosenbrock,102,18200,51.094380841679
simulated_annealing,rosenbrock,102,18300,51.094380841679
simulated_annealing,rosenbrock,102,18400,51.094380841679
simulated_annealing,rosenbrock,102,18500,51.094380841679
simulated_annealing,rosenbrock,102,18600,51.094380841679
simulated_annealing,rosenbrock,102,18700,51.094380841679
simulated_annealing,rosenbrock,102,18800,51.094380841679
simulated_annealing,rosenbrock,102,18900,51.094380841679
simulated_annealing,rosenbrock,102,19000,51.094380841679
simulated_annealing,rosenbrock,102,19100,51.094380841679
simulated_annealing,rosenbrock,102,19200,51.094380841679
simulated_annealing,rosenbrock,102,19300,51.094380841679
simulated_annealing,rosenbrock,102,19400,51.094380841679
simulated_annealing,rosenbrock,102,19500,51.094380841679
simulated_annealing,rosenbrock,102,19600,51.094380841679
simulated_annealing,rosenbrock,102,19700,51.094380841679
simulated_annealing,rosenbrock,102,19800,51.094380841679
simulated_annealing,rosenbrock,102,19900,51.094380841679
simulated_annealing,rosenbrock,102,20000,51.094380841679
simulated_annealing,rosenbrock,103,100,544.849183398555
simulated_annealing,rosenbrock,103,200,167.27987035503133
simulated_annealing,rosenbrock,103,300,167.27987035503133
simulated_annealing,rosenbrock,103,400,167.27987035503133
simulated_annealing,rosenbrock,103,500,167.27987035503133
simulated_annealing,rosenbrock,103,600,167.27987035503133
simulated_annealing,rosenbrock,103,700,167.27987035503133
simulated_annealing,rosenbrock,103,800,167.27987035503133
simulated_annealing,rosenbrock,103,900,167.27987035503133
simulated_annealing,rosenbrock,103,1000,167.27987035503133
simulated_annealing,rosenbrock,103,1100,167.27987035503133
simulated_annealing,rosenbrock,103,1200,167.27987035503133
simulated_annealing,rosenbrock,103,1300,167.27987035503133
simulated_annealing,rosenbrock,103,1400,167.27987035503133
simulated_annealing,rosenbrock,103,1500,167.27987035503133
simulated_annealing,rosenbrock,103,1600,167.27987035503133
simulated_annealing,rosenbrock,103,1700,167.27987035503133
simulated_annealing,rosenbrock,103,1800,167.27987035503133
simulated_annealing,rosenbrock,103,1900,162.32175039186424
simulated_annealing,rosenbrock,103,2000,162.32175039186424
simulated_annealing,rosenbrock,103,2100,162.32175039186424
simulated_annealing,rosenbrock,103,2200,103.42274215067629
simulated_annealing,rosenbrock,103,2300,103.42274215067629
simulated_annealing,rosenbrock,103,2400,76.61729278671226
simulated_annealing,rosenbrock,103,2500,76.61729278671226
simulated_annealing,rosenbrock,103,2600,70.73621398292067
simulated_annealing,rosenbrock,103,2700,70.73621398292067
simulated_annealing,rosenbrock,103,2800,70.73621398292067
simulated_annealing,rosenbrock,103,2900,70.73621398292067
simulated_annealing,rosenbrock,103,3000,70.73621398292067
simulated_annealing,rosenbrock,103,3100,70.73621398292067
simulated_annealing,rosenbrock,103,3200,70.73621398292067
simulated_annealing,rosenbrock,103,3300,70.73621398292067
simulated_annealing,rosenbrock,103,3400,70.73621398292067
simulated_annealing,rosenbrock,103,3500,70.73621398292067
simulated_annealing,rosenbrock,103,3600,70.73621398292067
simulated_annealing,rosenbrock,103,3700,70.73621398292067
simulated_annealing,rosenbrock,103,3800,70.73621398292067
simulated_annealing,rosenbrock,103,3900,70.73621398292067
simulated_annealing,rosenbrock,103,4000,70.73621398292067
simulated_annealing,rosenbrock,103,4100,70.73621398292067
simulated_annealing,rosenbrock,103,4200,70.73621398292067
simulated_annealing,rosenbrock,103,4300,70.73621398292067
simulated_annealing,rosenbrock,103,4400,70.73621398292067
simulated_annealing,rosenbrock,103,4500,70.73621398292067
simulated_annealing,rosenbrock,103,4600,70.73621398292067
simulated_annealing,rosenbrock,103,4700,70.73621398292067
simulated_annealing,rosenbrock,103,4800,70.73621398292067
simulated_annealing,rosenbrock,103,4900,70.73621398292067
simulated_annealing,rosenbrock,103,5000,70.73621398292067
simulated_annealing,rosenbrock,103,5100,70.73621398292067
simulated_annealing,rosenbrock,103,5200,70.73621398292067
simulated_annealing,rosenbrock,103,5300,70.73621398292067
simulated_annealing,rosenbrock,103,5400,70.73621398292067
simulated_annealing,rosenbrock,103,5500,70.73621398292067
simulated_annealing,rosenbrock,103,5600,70.73621398292067
simulated_annealing,rosenbrock,103,5700,70.73621398292067
simulated_annealing,rosenbrock,103,5800,70.73621398292067
simulated_annealing,rosenbrock,103,5900,70.73621398292067
simulated_annealing,rosenbrock,103,6000,70.73621398292067
simulated_annealing,rosenbrock,103,6100,70.73621398292067
simulated_annealing,rosenbrock,103,6200,70.73621398292067
simulated_annealing,rosenbrock,103,6300,70.73621398292067
simulated_annealing,rosenbrock,103,6400,70.73621398292067
simulated_annealing,rosenbrock,103,6500,70.73621398292067
simulated_annealing,rosenbrock,103,6600,70.73621398292067
simulated_annealing,rosenbrock,103,6700,70.73621398292067
simulated_annealing,rosenbrock,103,6800,70.73621398292067
simulated_annealing,rosenbrock,103,6900,70.73621398292067
simulated_annealing,rosenbrock,103,7000,70.73621398292067
simulated_annealing,rosenbrock,103,7100,70.73621398292067
simulated_annealing,rosenbrock,103,7200,70.73621398292067
simulated_annealing,rosenbrock,103,7300,70.73621398292067
simulated_annealing,rosenbrock,103,7400,70.73621398292067
simulated_annealing,rosenbrock,103,7500,70.73621398292067
simulated_annealing,rosenbrock,103,7600,70.73621398292067
simulated_annealing,rosenbrock,103,7700,70.73621398292067
simulated_annealing,rosenbrock,103,7800,70.73621398292067
simulated_annealing,rosenbrock,103,7900,70.73621398292067
simulated_annealing,rosenbrock,103,8000,70.73621398292067
simulated_annealing,rosenbrock,103,8100,70.73621398292067
simulated_annealing,rosenbrock,103,8200,70.73621398292067
simulated_annealing,rosenbrock,103,8300,70.73621398292067
simulated_annealing,rosenbrock,103,8400,70.73621398292067
simulated_annealing,rosenbrock,103,8500,70.73621398292067
simulated_annealing,rosenbrock,103,8600,70.73621398292067
simulated_annealing,rosenbrock,103,8700,70.73621398292067
simulated_annealing,rosenbrock,103,8800,70.73621398292067
simulated_annealing,rosenbrock,103,8900,70.73621398292067
simulated_annealing,rosenbrock,103,9000,70.73621398292067
simulated_annealing,rosenbrock,103,9100,70.73621398292067
simulated_annealing,rosenbrock,103,9200,70.73621398292067
simulated_annealing,rosenbrock,103,9300,70.73621398292067
simulated_annealing,rosenbrock,103,9400,70.73621398292067
simulated_annealing,rosenbrock,103,9500,70.73621398292067
simulated_annealing,rosenbrock,103,9600,70.73621398292067
simulated_annealing,rosenbrock,103,9700,70.73621398292067
simulated_annealing,rosenbrock,103,9800,70.73621398292067
simulated_annealing,rosenbrock,103,9900,70.73621398292067
simulated_annealing,rosenbrock,103,10000,70.73621398292067
simulated_annealing,rosenbrock,103,10100,70.73621398292067
simulated_annealing,rosenbrock,103,10200,70.73621398292067
simulated_annealing,rosenbrock,103,10300,70.73621398292067
simulated_annealing,rosenbrock,103,10400,70.73621398292067
simulated_annealing,rosenbrock,103,10500,70.73621398292067
simulated_annealing,rosenbrock,103,10600,70.73621398292067
simulated_annealing,rosenbrock,103,10700,70.73621398292067
simulated_annealing,rosenbrock,103,10800,70.73621398292067
simulated_annealing,rosenbrock,103,10900,70.73621398292067
simulated_annealing,rosenbrock,103,11000,70.73621398292067
simulated_annealing,rosenbrock,103,11100,70.73621398292067
simulated_annealing,rosenbrock,103,11200,70.73621398292067
simulated_annealing,rosenbrock,103,11300,70.73621398292067
simulated_annealing,rosenbrock,103,11400,70.73621398292067
simulated_annealing,rosenbrock,103,11500,70.73621398292067
simulated_annealing,rosenbrock,103,11600,70.73621398292067
simulated_annealing,rosenbrock,103,11700,70.73621398292067
simulated_annealing,rosenbrock,103,11800,70.73621398292067
simulated_annealing,rosenbrock,103,11900,70.73621398292067
simulated_annealing,rosenbrock,103,12000,58.520654587819955
simulated_annealing,rosenbrock,103,12100,58.520654587819955
simulated_annealing,rosenbrock,103,12200,58.520654587819955
simulated_annealing,rosenbrock,103,12300,58.520654587819955
simulated_annealing,rosenbrock,103,12400,58.520654587819955
simulated_annealing,rosenbrock,103,12500,58.520654587819955
simulated_annealing,rosenbrock,103,12600,58.520654587819955
simulated_annealing,rosenbrock,103,12700,58.520654587819955
simulated_annealing,rosenbrock,103,12800,58.520654587819955
simulated_annealing,rosenbrock,103,12900,58.520654587819955
simulated_annealing,rosenbrock,103,13000,58.520654587819955
simulated_annealing,rosenbrock,103,13100,58.520654587819955
simulated_annealing,rosenbrock,103,13200,58.520654587819955
simulated_annealing,rosenbrock,103,13300,58.520654587819955
simulated_annealing,rosenbrock,103,13400,58.520654587819955
simulated_annealing,rosenbrock,103,13500,58.520654587819955
simulated_annealing,rosenbrock,103,13600,58.520654587819955
simulated_annealing,rosenbrock,103,13700,58.520654587819955
simulated_annealing,rosenbrock,103,13800,58.520654587819955
simulated_annealing,rosenbrock,103,13900,58.520654587819955
simulated_annealing,rosenbrock,103,14000,58.520654587819955
simulated_annealing,rosenbrock,103,14100,58.520654587819955
simulated_annealing,rosenbrock,103,14200,58.520654587819955
simulated_annealing,rosenbrock,103,14300,52.813364813538435
simulated_annealing,rosenbrock,103,14400,52.813364813538435
simulated_annealing,rosenbrock,103,14500,52.813364813538435
simulated_annealing,rosenbrock,103,14600,52.813364813538435
simulated_annealing,rosenbrock,103,14700,52.813364813538435
simulated_annealing,rosenbrock,103,14800,52.813364813538435
simulated_annealing,rosenbrock,103,14900,52.813364813538435
simulated_annealing,rosenbrock,103,15000,52.813364813538435
simulated_annealing,rosenbrock,103,15100,52.813364813538435
simulated_annealing,rosenbrock,103,15200,52.813364813538435
simulated_annealing,rosenbrock,103,15300,52.813364813538435
simulated_annealing,rosenbrock,103,15400,52.813364813538435
simulated_annealing,rosenbrock,103,15500,52.813364813538435
simulated_annealing,rosenbrock,103,15600,52.813364813538435
simulated_annealing,rosenbrock,103,15700,52.813364813538435
simulated_annealing,rosenbrock,103,15800,52.813364813538435
simulated_annealing,rosenbrock,103,15900,52.813364813538435
simulated_annealing,rosenbrock,103,16000,52.813364813538435
simulated_annealing,rosenbrock,103,16100,52.813364813538435
simulated_annealing,rosenbrock,103,16200,52.813364813538435
simulated_annealing,rosenbrock,103,16300,52.813364813538435
simulated_annealing,rosenbrock,103,16400,52.813364813538435
simulated_annealing,rosenbrock,103,16500,52.813364813538435
simulated_annealing,rosenbrock,103,16600,52.813364813538435
simulated_annealing,rosenbrock,103,16700,52.813364813538435
simulated_annealing,rosenbrock,103,16800,52.813364813538435
simulated_annealing,rosenbrock,103,16900,52.813364813538435
simulated_annealing,rosenbrock,103,17000,52.813364813538435
simulated_annealing,rosenbrock,103,17100,52.813364813538435
simulated_annealing,rosenbrock,103,17200,52.813364813538435
simulated_annealing,rosenbrock,103,17300,52.813364813538435
simulated_annealing,rosenbrock,103,17400,52.813364813538435
simulated_annealing,rosenbrock,103,17500,52.813364813538435
simulated_annealing,rosenbrock,103,17600,52.813364813538435
simulated_annealing,rosenbrock,103,17700,52.813364813538435
simulated_annealing,rosenbrock,103,17800,52.813364813538435
simulated_annealing,rosenbrock,103,17900,52.813364813538435
simulated_annealing,rosenbrock,103,18000,52.813364813538435
simulated_annealing,rosenbrock,103,18100,52.813364813538435
simulated_annealing,rosenbrock,103,18200,52.813364813538435
simulated_annealing,rosenbrock,103,18300,52.813364813538435
simulated_annealing,rosenbrock,103,18400,52.813364813538435
simulated_annealing,rosenbrock,103,18500,52.813364813538435
simulated_annealing,rosenbrock,103,18600,52.813364813538435
simulated_annealing,rosenbrock,103,18700,52.813364813538435
simulated_annealing,rosenbrock,103,18800,52.813364813538435
simulated_annealing,rosenbrock,103,18900,52.813364813538435
simulated_annealing,rosenbrock,103,19000,52.813364813538435
simulated_annealing,rosenbrock,103,19100,52.813364813538435
simulated_annealing,rosenbrock,103,19200,52.813364813538435
simulated_annealing,rosenbrock,103,19300,52.813364813538435
simulated_annealing,rosenbrock,103,19400,52.813364813538435
simulated_annealing,rosenbrock,103,19500,52.813364813538435
simulated_annealing,rosenbrock,103,19600,52.813364813538435
simulated_annealing,rosenbrock,103,19700,52.813364813538435
simulated_annealing,rosenbrock,103,19800,52.813364813538435
simulated_annealing,rosenbrock,103,19900,52.813364813538435
simulated_annealing,rosenbrock,103,20000,52.813364813538435
simulated_annealing,rosenbrock,104,100,2856.658820937481
simulated_annealing,rosenbrock,104,200,766.481232239812
simulated_annealing,rosenbrock,104,300,284.9512591232078
simulated_annealing,rosenbrock,104,400,284.9512591232078
simulated_annealing,rosenbrock,104,500,284.9512591232078
simulated_annealing,rosenbrock,104,600,284.9512591232078
simulated_annealing,rosenbrock,104,700,175.86673634035503
simulated_annealing,rosenbrock,104,800,175.86673634035503
simulated_annealing,rosenbrock,104,900,175.86673634035503
simulated_annealing,rosenbrock,104,1000,166.12243886071155
simulated_annealing,rosenbrock,104,1100,156.60110616215235
simulated_annealing,rosenbrock,104,1200,156.22212618476578
simulated_annealing,rosenbrock,104,1300,47.55001873704331
simulated_annealing,rosenbrock,104,1400,47.55001873704331
simulated_annealing,rosenbrock,104,1500,47.55001873704331
simulated_annealing,rosenbrock,104,1600,47.55001873704331
simulated_annealing,rosenbrock,104,1700,47.55001873704331
simulated_annealing,rosenbrock,104,1800,47.55001873704331
simulated_annealing,rosenbrock,104,1900,47.55001873704331
simulated_annealing,rosenbrock,104,2000,47.55001873704331
simulated_annealing,rosenbrock,104,2100,47.55001873704331
simulated_annealing,rosenbrock,104,2200,47.55001873704331
simulated_annealing,rosenbrock,104,2300,47.55001873704331
simulated_annealing,rosenbrock,104,2400,47.55001873704331
simulated_annealing,rosenbrock,104,2500,47.55001873704331
simulated_annealing,rosenbrock,104,2600,47.55001873704331
simulated_annealing,rosenbrock,104,2700,47.55001873704331
simulated_annealing,rosenbrock,104,2800,47.55001873704331
simulated_annealing,rosenbrock,104,2900,47.55001873704331
simulated_annealing,rosenbrock,104,3000,47.55001873704331
simulated_annealing,rosenbrock,104,3100,47.55001873704331
simulated_annealing,rosenbrock,104,3200,47.55001873704331
simulated_annealing,rosenbrock,104,3300,47.55001873704331
simulated_annealing,rosenbrock,104,3400,47.55001873704331
simulated_annealing,rosenbrock,104,3500,47.55001873704331
simulated_annealing,rosenbrock,104,3600,47.55001873704331
simulated_annealing,rosenbrock,104,3700,47.55001873704331
simulated_annealing,rosenbrock,104,3800,47.55001873704331
simulated_annealing,rosenbrock,104,3900,47.55001873704331
simulated_annealing,rosenbrock,104,4000,47.55001873704331
simulated_annealing,rosenbrock,104,4100,47.55001873704331
simulated_annealing,rosenbrock,104,4200,47.55001873704331
simulated_annealing,rosenbrock,104,4300,47.55001873704331
simulated_annealing,rosenbrock,104,4400,47.55001873704331
simulated_annealing,rosenbrock,104,4500,47.55001873704331
simulated_annealing,rosenbrock,104,4600,47.55001873704331
simulated_annealing,rosenbrock,104,4700,47.55001873704331
simulated_annealing,rosenbrock,104,4800,47.55001873704331
simulated_annealing,rosenbrock,104,4900,47.55001873704331
simulated_annealing,rosenbrock,104,5000,47.55001873704331
simulated_annealing,rosenbrock,104,5100,47.55001873704331
simulated_annealing,rosenbrock,104,5200,47.55001873704331
simulated_annealing,rosenbrock,104,5300,47.55001873704331
simulated_annealing,rosenbrock,104,5400,47.55001873704331
simulated_annealing,rosenbrock,104,5500,47.55001873704331
simulated_annealing,rosenbrock,104,5600,47.55001873704331
simulated_annealing,rosenbrock,104,5700,47.55001873704331
simulated_annealing,rosenbrock,104,5800,47.55001873704331
simulated_annealing,rosenbrock,104,5900,47.55001873704331
simulated_annealing,rosenbrock,104,6000,47.55001873704331
simulated_annealing,rosenbrock,104,6100,47.55001873704331
simulated_annealing,rosenbrock,104,6200,47.55001873704331
simulated_annealing,rosenbrock,104,6300,47.55001873704331
simulated_annealing,rosenbrock,104,6400,47.55001873704331
simulated_annealing,rosenbrock,104,6500,47.55001873704331
simulated_annealing,rosenbrock,104,6600,47.55001873704331
simulated_annealing,rosenbrock,104,6700,47.55001873704331
simulated_annealing,rosenbrock,104,6800,47.55001873704331
simulated_annealing,rosenbrock,104,6900,47.55001873704331
simulated_annealing,rosenbrock,104,7000,47.55001873704331
simulated_annealing,rosenbrock,104,7100,47.55001873704331
simulated_annealing,rosenbrock,104,7200,47.55001873704331
simulated_annealing,rosenbrock,104,7300,47.55001873704331
simulated_annealing,rosenbrock,104,7400,47.55001873704331
simulated_annealing,rosenbrock,104,7500,47.55001873704331
simulated_annealing,rosenbrock,104,7600,47.55001873704331
simulated_annealing,rosenbrock,104,7700,47.55001873704331
simulated_annealing,rosenbrock,104,7800,47.55001873704331
simulated_annealing,rosenbrock,104,7900,47.55001873704331
simulated_annealing,rosenbrock,104,8000,47.55001873704331
simulated_annealing,rosenbrock,104,8100,47.55001873704331
simulated_annealing,rosenbrock,104,8200,47.55001873704331
simulated_annealing,rosenbrock,104,8300,47.55001873704331
simulated_annealing,rosenbrock,104,8400,47.55001873704331
simulated_annealing,rosenbrock,104,8500,47.55001873704331
simulated_annealing,rosenbrock,104,8600,47.55001873704331
simulated_annealing,rosenbrock,104,8700,47.55001873704331
simulated_annealing,rosenbrock,104,8800,47.55001873704331
simulated_annealing,rosenbrock,104,8900,47.55001873704331
simulated_annealing,rosenbrock,104,9000,47.55001873704331
simulated_annealing,rosenbrock,104,9100,47.55001873704331
simulated_annealing,rosenbrock,104,9200,47.55001873704331
simulated_annealing,rosenbrock,104,9300,47.55001873704331
simulated_annealing,rosenbrock,104,9400,47.55001873704331
simulated_annealing,rosenbrock,104,9500,47.55001873704331
simulated_annealing,rosenbrock,104,9600,47.55001873704331
simulated_annealing,rosenbrock,104,9700,47.55001873704331
simulated_annealing,rosenbrock,104,9800,47.55001873704331
simulated_annealing,rosenbrock,104,9900,47.55001873704331
simulated_annealing,rosenbrock,104,10000,47.55001873704331
simulated_annealing,rosenbrock,104,10100,47.55001873704331
simulated_annealing,rosenbrock,104,10200,47.55001873704331
simulated_annealing,rosenbrock,104,10300,47.55001873704331
simulated_annealing,rosenbrock,104,10400,47.55001873704331
simulated_annealing,rosenbrock,104,10500,47.55001873704331
simulated_annealing,rosenbrock,104,10600,47.55001873704331
simulated_annealing,rosenbrock,104,10700,47.55001873704331
simulated_annealing,rosenbrock,104,10800,47.55001873704331
simulated_annealing,rosenbrock,104,10900,47.55001873704331
simulated_annealing,rosenbrock,104,11000,47.55001873704331
simulated_annealing,rosenbrock,104,11100,47.55001873704331
simulated_annealing,rosenbrock,104,11200,47.55001873704331
simulated_annealing,rosenbrock,104,11300,47.55001873704331
simulated_annealing,rosenbrock,104,11400,47.55001873704331
simulated_annealing,rosenbrock,104,11500,47.55001873704331
simulated_annealing,rosenbrock,104,11600,47.55001873704331
simulated_annealing,rosenbrock,104,11700,47.55001873704331
simulated_annealing,rosenbrock,104,11800,47.55001873704331
simulated_annealing,rosenbrock,104,11900,47.55001873704331
simulated_annealing,rosenbrock,104,12000,47.55001873704331
simulated_annealing,rosenbrock,104,12100,47.55001873704331
simulated_annealing,rosenbrock,104,12200,47.55001873704331
simulated_annealing,rosenbrock,104,12300,47.55001873704331
simulated_annealing,rosenbrock,104,12400,47.55001873704331
simulated_annealing,rosenbrock,104,12500,47.55001873704331
simulated_annealing,rosenbrock,104,12600,47.55001873704331
simulated_annealing,rosenbrock,104,12700,47.55001873704331
simulated_annealing,rosenbrock,104,12800,47.55001873704331
simulated_annealing,rosenbrock,104,12900,47.55001873704331
simulated_annealing,rosenbrock,104,13000,47.55001873704331
simulated_annealing,rosenbrock,104,13100,47.55001873704331
simulated_annealing,rosenbrock,104,13200,47.55001873704331
simulated_annealing,rosenbrock,104,13300,47.55001873704331
simulated_annealing,rosenbrock,104,13400,47.55001873704331
simulated_annealing,rosenbrock,104,13500,47.55001873704331
simulated_annealing,rosenbrock,104,13600,47.55001873704331
simulated_annealing,rosenbrock,104,13700,47.55001873704331
simulated_annealing,rosenbrock,104,13800,47.55001873704331
simulated_annealing,rosenbrock,104,13900,47.55001873704331
simulated_annealing,rosenbrock,104,14000,47.55001873704331
simulated_annealing,rosenbrock,104,14100,47.55001873704331
simulated_annealing,rosenbrock,104,14200,47.55001873704331
simulated_annealing,rosenbrock,104,14300,47.55001873704331
simulated_annealing,rosenbrock,104,14400,47.55001873704331
simulated_annealing,rosenbrock,104,14500,47.55001873704331
simulated_annealing,rosenbrock,104,14600,47.55001873704331
simulated_annealing,rosenbrock,104,14700,47.55001873704331
simulated_annealing,rosenbrock,104,14800,47.55001873704331
simulated_annealing,rosenbrock,104,14900,47.55001873704331
simulated_annealing,rosenbrock,104,15000,47.55001873704331
simulated_annealing,rosenbrock,104,15100,47.55001873704331
simulated_annealing,rosenbrock,104,15200,47.55001873704331
simulated_annealing,rosenbrock,104,15300,47.55001873704331
simulated_annealing,rosenbrock,104,15400,47.55001873704331
simulated_annealing,rosenbrock,104,15500,47.55001873704331
simulated_annealing,rosenbrock,104,15600,47.55001873704331
simulated_annealing,rosenbrock,104,15700,47.55001873704331
simulated_annealing,rosenbrock,104,15800,47.55001873704331
simulated_annealing,rosenbrock,104,15900,47.55001873704331
simulated_annealing,rosenbrock,104,16000,47.55001873704331
simulated_annealing,rosenbrock,104,16100,47.55001873704331
simulated_annealing,rosenbrock,104,16200,47.55001873704331
simulated_annealing,rosenbrock,104,16300,47.55001873704331
simulated_annealing,rosenbrock,104,16400,47.55001873704331
simulated_annealing,rosenbrock,104,16500,47.55001873704331
simulated_annealing,rosenbrock,104,16600,47.55001873704331
simulated_annealing,rosenbrock,104,16700,47.55001873704331
simulated_annealing,rosenbrock,104,16800,47.55001873704331
simulated_annealing,rosenbrock,104,16900,47.55001873704331
simulated_annealing,rosenbrock,104,17000,47.55001873704331
simulated_annealing,rosenbrock,104,17100,47.55001873704331
simulated_annealing,rosenbrock,104,17200,47.55001873704331
simulated_annealing,rosenbrock,104,17300,47.55001873704331
simulated_annealing,rosenbrock,104,17400,47.55001873704331
simulated_annealing,rosenbrock,104,17500,47.55001873704331
simulated_annealing,rosenbrock,104,17600,47.55001873704331
simulated_annealing,rosenbrock,104,17700,47.55001873704331
simulated_annealing,rosenbrock,104,17800,47.55001873704331
simulated_annealing,rosenbrock,104,17900,47.55001873704331
simulated_annealing,rosenbrock,104,18000,47.55001873704331
simulated_annealing,rosenbrock,104,18100,47.55001873704331
simulated_annealing,rosenbrock,104,18200,47.55001873704331
simulated_annealing,rosenbrock,104,18300,47.55001873704331
simulated_annealing,rosenbrock,104,18400,47.55001873704331
simulated_annealing,rosenbrock,104,18500,47.55001873704331
simulated_annealing,rosenbrock,104,18600,47.55001873704331
simulated_annealing,rosenbrock,104,18700,47.55001873704331
simulated_annealing,rosenbrock,104,18800,47.55001873704331
simulated_annealing,rosenbrock,104,18900,47.55001873704331
simulated_annealing,rosenbrock,104,19000,47.55001873704331
simulated_annealing,rosenbrock,104,19100,47.55001873704331
simulated_annealing,rosenbrock,104,19200,47.55001873704331
simulated_annealing,rosenbrock,104,19300,47.55001873704331
simulated_annealing,rosenbrock,104,19400,47.55001873704331
simulated_annealing,rosenbrock,104,19500,47.55001873704331
simulated_annealing,rosenbrock,104,19600,47.55001873704331
simulated_annealing,rosenbrock,104,19700,47.55001873704331
simulated_annealing,rosenbrock,104,19800,47.55001873704331
simulated_annealing,rosenbrock,104,19900,38.42888343078604
simulated_annealing,rosenbrock,104,20000,38.42888343078604
simulated_annealing,rosenbrock,105,100,694.4383476433186
simulated_annealing,rosenbrock,105,200,421.0258432428813
simulated_annealing,rosenbrock,105,300,294.6044978660706
simulated_annealing,rosenbrock,105,400,249.59624094327188
simulated_annealing,rosenbrock,105,500,249.59624094327188
simulated_annealing,rosenbrock,105,600,249.59624094327188
simulated_annealing,rosenbrock,105,700,249.59624094327188
simulated_annealing,rosenbrock,105,800,249.59624094327188
simulated_annealing,rosenbrock,105,900,249.59624094327188
simulated_annealing,rosenbrock,105,1000,195.3841761991303
simulated_annealing,rosenbrock,105,1100,195.3841761991303
simulated_annealing,rosenbrock,105,1200,135.0269659221642
simulated_annealing,rosenbrock,105,1300,135.0269659221642
simulated_annealing,rosenbrock,105,1400,135.0269659221642
simulated_annealing,rosenbrock,105,1500,135.0269659221642
simulated_annealing,rosenbrock,105,1600,135.0269659221642
simulated_annealing,rosenbrock,105,1700,135.0269659221642
simulated_annealing,rosenbrock,105,1800,135.0269659221642
simulated_annealing,rosenbrock,105,1900,118.45767150908614
simulated_annealing,rosenbrock,105,2000,118.45767150908614
simulated_annealing,rosenbrock,105,2100,87.68383208478703
simulated_annealing,rosenbrock,105,2200,87.68383208478703
simulated_annealing,rosenbrock,105,2300,87.68383208478703
simulated_annealing,rosenbrock,105,2400,87.68383208478703
simulated_annealing,rosenbrock,105,2500,87.68383208478703
simulated_annealing,rosenbrock,105,2600,87.68383208478703
simulated_annealing,rosenbrock,105,2700,87.68383208478703
simulated_annealing,rosenbrock,105,2800,87.68383208478703
simulated_annealing,rosenbrock,105,2900,59.00620809171027
simulated_annealing,rosenbrock,105,3000,59.00620809171027
simulated_annealing,rosenbrock,105,3100,59.00620809171027
simulated_annealing,rosenbrock,105,3200,59.00620809171027
simulated_annealing,rosenbrock,105,3300,59.00620809171027
simulated_annealing,rosenbrock,105,3400,59.00620809171027
simulated_annealing,rosenbrock,105,3500,59.00620809171027
simulated_annealing,rosenbrock,105,3600,59.00620809171027
simulated_annealing,rosenbrock,105,3700,59.00620809171027
simulated_annealing,rosenbrock,105,3800,59.00620809171027
simulated_annealing,rosenbrock,105,3900,59.00620809171027
simulated_annealing,rosenbrock,105,4000,59.00620809171027
simulated_annealing,rosenbrock,105,4100,59.00620809171027
simulated_annealing,rosenbrock,105,4200,59.00620809171027
simulated_annealing,rosenbrock,105,4300,59.00620809171027
simulated_annealing,rosenbrock,105,4400,59.00620809171027
simulated_annealing,rosenbrock,105,4500,59.00620809171027
simulated_annealing,rosenbrock,105,4600,59.00620809171027
simulated_annealing,rosenbrock,105,4700,59.00620809171027
simulated_annealing,rosenbrock,105,4800,59.00620809171027
simulated_annealing,rosenbrock,105,4900,59.00620809171027
simulated_annealing,rosenbrock,105,5000,59.00620809171027
simulated_annealing,rosenbrock,105,5100,59.00620809171027
simulated_annealing,rosenbrock,105,5200,59.00620809171027
simulated_annealing,rosenbrock,105,5300,59.00620809171027
simulated_annealing,rosenbrock,105,5400,59.00620809171027
simulated_annealing,rosenbrock,105,5500,59.00620809171027
simulated_annealing,rosenbrock,105,5600,59.00620809171027
simulated_annealing,rosenbrock,105,5700,59.00620809171027
simulated_annealing,rosenbrock,105,5800,59.00620809171027
simulated_annealing,rosenbrock,105,5900,59.00620809171027
simulated_annealing,rosenbrock,105,6000,59.00620809171027
simulated_annealing,rosenbrock,105,6100,59.00620809171027
simulated_annealing,rosenbrock,105,6200,59.00620809171027
simulated_annealing,rosenbrock,105,6300,59.00620809171027
simulated_annealing,rosenbrock,105,6400,59.00620809171027
simulated_annealing,rosenbrock,105,6500,59.00620809171027
simulated_annealing,rosenbrock,105,6600,59.00620809171027
simulated_annealing,rosenbrock,105,6700,59.00620809171027
simulated_annealing,rosenbrock,105,6800,59.00620809171027
simulated_annealing,rosenbrock,105,6900,59.00620809171027
simulated_annealing,rosenbrock,105,7000,59.00620809171027
simulated_annealing,rosenbrock,105,7100,59.00620809171027
simulated_annealing,rosenbrock,105,7200,59.00620809171027
simulated_annealing,rosenbrock,105,7300,59.00620809171027
simulated_annealing,rosenbrock,105,7400,59.00620809171027
simulated_annealing,rosenbrock,105,7500,59.00620809171027
simulated_annealing,rosenbrock,105,7600,59.00620809171027
simulated_annealing,rosenbrock,105,7700,59.00620809171027
simulated_annealing,rosenbrock,105,7800,59.00620809171027
simulated_annealing,rosenbrock,105,7900,59.00620809171027
simulated_annealing,rosenbrock,105,8000,59.00620809171027
simulated_annealing,rosenbrock,105,8100,59.00620809171027
simulated_annealing,rosenbrock,105,8200,59.00620809171027
simulated_annealing,rosenbrock,105,8300,59.00620809171027
simulated_annealing,rosenbrock,105,8400,59.00620809171027
simulated_annealing,rosenbrock,105,8500,59.00620809171027
simulated_annealing,rosenbrock,105,8600,59.00620809171027
simulated_annealing,rosenbrock,105,8700,59.00620809171027
simulated_annealing,rosenbrock,105,8800,59.00620809171027
simulated_annealing,rosenbrock,105,8900,59.00620809171027
simulated_annealing,rosenbrock,105,9000,59.00620809171027
simulated_annealing,rosenbrock,105,9100,59.00620809171027
simulated_annealing,rosenbrock,105,9200,53.25113348780769
simulated_annealing,rosenbrock,105,9300,53.25113348780769
simulated_annealing,rosenbrock,105,9400,53.25113348780769
simulated_annealing,rosenbrock,105,9500,53.25113348780769
simulated_annealing,rosenbrock,105,9600,53.25113348780769
simulated_annealing,rosenbrock,105,9700,53.25113348780769
simulated_annealing,rosenbrock,105,9800,53.25113348780769
simulated_annealing,rosenbrock,105,9900,53.25113348780769
simulated_annealing,rosenbrock,105,10000,53.25113348780769
simulated_annealing,rosenbrock,105,10100,53.25113348780769
simulated_annealing,rosenbrock,105,10200,53.25113348780769
simulated_annealing,rosenbrock,105,10300,53.25113348780769
simulated_annealing,rosenbrock,105,10400,53.25113348780769
simulated_annealing,rosenbrock,105,10500,53.25113348780769
simulated_annealing,rosenbrock,105,10600,53.25113348780769
simulated_annealing,rosenbrock,105,10700,53.25113348780769
simulated_annealing,rosenbrock,105,10800,53.25113348780769
simulated_annealing,rosenbrock,105,10900,53.25113348780769
simulated_annealing,rosenbrock,105,11000,53.25113348780769
simulated_annealing,rosenbrock,105,11100,53.25113348780769
simulated_annealing,rosenbrock,105,11200,53.25113348780769
simulated_annealing,rosenbrock,105,11300,53.25113348780769
simulated_annealing,rosenbrock,105,11400,53.25113348780769
simulated_annealing,rosenbrock,105,11500,53.25113348780769
simulated_annealing,rosenbrock,105,11600,53.25113348780769
simulated_annealing,rosenbrock,105,11700,53.25113348780769
simulated_annealing,rosenbrock,105,11800,53.25113348780769
simulated_annealing,rosenbrock,105,11900,53.25113348780769
simulated_annealing,rosenbrock,105,12000,53.25113348780769
simulated_annealing,rosenbrock,105,12100,53.25113348780769
simulated_annealing,rosenbrock,105,12200,53.25113348780769
simulated_annealing,rosenbrock,105,12300,53.25113348780769
simulated_annealing,rosenbrock,105,12400,53.25113348780769
simulated_annealing,rosenbrock,105,12500,53.25113348780769
simulated_annealing,rosenbrock,105,12600,53.25113348780769
simulated_annealing,rosenbrock,105,12700,53.25113348780769
simulated_annealing,rosenbrock,105,12800,53.25113348780769
simulated_annealing,rosenbrock,105,12900,53.25113348780769
simulated_annealing,rosenbrock,105,13000,53.25113348780769
simulated_annealing,rosenbrock,105,13100,53.25113348780769
simulated_annealing,rosenbrock,105,13200,53.25113348780769
simulated_annealing,rosenbrock,105,13300,53.25113348780769
simulated_annealing,rosenbrock,105,13400,53.25113348780769
simulated_annealing,rosenbrock,105,13500,53.25113348780769
simulated_annealing,rosenbrock,105,13600,53.25113348780769
simulated_annealing,rosenbrock,105,13700,53.25113348780769
simulated_annealing,rosenbrock,105,13800,53.25113348780769
simulated_annealing,rosenbrock,105,13900,53.25113348780769
simulated_annealing,rosenbrock,105,14000,53.25113348780769
simulated_annealing,rosenbrock,105,14100,53.25113348780769
simulated_annealing,rosenbrock,105,14200,53.25113348780769
simulated_annealing,rosenbrock,105,14300,53.25113348780769
simulated_annealing,rosenbrock,105,14400,53.25113348780769
simulated_annealing,rosenbrock,105,14500,53.25113348780769
simulated_annealing,rosenbrock,105,14600,53.25113348780769
simulated_annealing,rosenbrock,105,14700,53.25113348780769
simulated_annealing,rosenbrock,105,14800,53.25113348780769
simulated_annealing,rosenbrock,105,14900,53.25113348780769
simulated_annealing,rosenbrock,105,15000,53.25113348780769
simulated_annealing,rosenbrock,105,15100,53.25113348780769
simulated_annealing,rosenbrock,105,15200,53.25113348780769
simulated_annealing,rosenbrock,105,15300,53.25113348780769
simulated_annealing,rosenbrock,105,15400,53.25113348780769
simulated_annealing,rosenbrock,105,15500,53.25113348780769
simulated_annealing,rosenbrock,105,15600,53.25113348780769
simulated_annealing,rosenbrock,105,15700,53.25113348780769
simulated_annealing,rosenbrock,105,15800,53.25113348780769
simulated_annealing,rosenbrock,105,15900,53.25113348780769
simulated_annealing,rosenbrock,105,16000,53.25113348780769
simulated_annealing,rosenbrock,105,16100,53.25113348780769
simulated_annealing,rosenbrock,105,16200,53.25113348780769
simulated_annealing,rosenbrock,105,16300,53.25113348780769
simulated_annealing,rosenbrock,105,16400,53.25113348780769
simulated_annealing,rosenbrock,105,16500,53.25113348780769
simulated_annealing,rosenbrock,105,16600,53.25113348780769
simulated_annealing,rosenbrock,105,16700,53.25113348780769
simulated_annealing,rosenbrock,105,16800,53.25113348780769
simulated_annealing,rosenbrock,105,16900,53.25113348780769
simulated_annealing,rosenbrock,105,17000,53.25113348780769
simulated_annealing,rosenbrock,105,17100,53.25113348780769
simulated_annealing,rosenbrock,105,17200,53.25113348780769
simulated_annealing,rosenbrock,105,17300,53.25113348780769
simulated_annealing,rosenbrock,105,17400,53.25113348780769
simulated_annealing,rosenbrock,105,17500,53.25113348780769
simulated_annealing,rosenbrock,105,17600,53.25113348780769
simulated_annealing,rosenbrock,105,17700,53.25113348780769
simulated_annealing,rosenbrock,105,17800,53.25113348780769
simulated_annealing,rosenbrock,105,17900,53.25113348780769
simulated_annealing,rosenbrock,105,18000,53.25113348780769
simulated_annealing,rosenbrock,105,18100,53.25113348780769
simulated_annealing,rosenbrock,105,18200,45.43152364439414
simulated_annealing,rosenbrock,105,18300,45.43152364439414
simulated_annealing,rosenbrock,105,18400,45.43152364439414
simulated_annealing,rosenbrock,105,18500,45.43152364439414
simulated_annealing,rosenbrock,105,18600,45.43152364439414
simulated_annealing,rosenbrock,105,18700,45.43152364439414
simulated_annealing,rosenbrock,105,18800,45.43152364439414
simulated_annealing,rosenbrock,105,18900,45.43152364439414
simulated_annealing,rosenbrock,105,19000,45.43152364439414
simulated_annealing,rosenbrock,105,19100,45.43152364439414
simulated_annealing,rosenbrock,105,19200,45.43152364439414
simulated_annealing,rosenbrock,105,19300,45.43152364439414
simulated_annealing,rosenbrock,105,19400,45.43152364439414
simulated_annealing,rosenbrock,105,19500,45.43152364439414
simulated_annealing,rosenbrock,105,19600,45.43152364439414
simulated_annealing,rosenbrock,105,19700,45.43152364439414
simulated_annealing,rosenbrock,105,19800,45.43152364439414
simulated_annealing,rosenbrock,105,19900,45.43152364439414
simulated_annealing,rosenbrock,105,20000,45.43152364439414
simulated_annealing,rosenbrock,106,100,1239.7566787995927
simulated_annealing,rosenbrock,106,200,420.9751695054706
simulated_annealing,rosenbrock,106,300,279.44736434221363
simulated_annealing,rosenbrock,106,400,279.44736434221363
simulated_annealing,rosenbrock,106,500,142.981353219111
simulated_annealing,rosenbrock,106,600,142.981353219111
simulated_annealing,rosenbrock,106,700,105.9934348138428
simulated_annealing,rosenbrock,106,800,105.9934348138428
simulated_annealing,rosenbrock,106,900,105.9934348138428
simulated_annealing,rosenbrock,106,1000,105.9934348138428
simulated_annealing,rosenbrock,106,1100,105.9934348138428
simulated_annealing,rosenbrock,106,1200,105.9934348138428
simulated_annealing,rosenbrock,106,1300,105.9934348138428
simulated_annealing,rosenbrock,106,1400,105.9934348138428
simulated_annealing,rosenbrock,106,1500,105.9934348138428
simulated_annealing,rosenbrock,106,1600,105.9934348138428
simulated_annealing,rosenbrock,106,1700,105.9934348138428
simulated_annealing,rosenbrock,106,1800,105.9934348138428
simulated_annealing,rosenbrock,106,1900,105.9934348138428
simulated_annealing,rosenbrock,106,2000,105.9934348138428
simulated_annealing,rosenbrock,106,2100,105.9934348138428
simulated_annealing,rosenbrock,106,2200,105.9934348138428
simulated_annealing,rosenbrock,106,2300,105.9934348138428
simulated_annealing,rosenbrock,106,2400,105.9934348138428
simulated_annealing,rosenbrock,106,2500,105.9934348138428
simulated_annealing,rosenbrock,106,2600,105.9934348138428
simulated_annealing,rosenbrock,106,2700,105.9934348138428
simulated_annealing,rosenbrock,106,2800,105.9934348138428
simulated_annealing,rosenbrock,106,2900,105.9934348138428
simulated_annealing,rosenbrock,106,3000,105.9934348138428
simulated_annealing,rosenbrock,106,3100,105.9934348138428
simulated_annealing,rosenbrock,106,3200,105.9934348138428
simulated_annealing,rosenbrock,106,3300,105.9934348138428
simulated_annealing,rosenbrock,106,3400,105.9934348138428
simulated_annealing,rosenbrock,106,3500,105.9934348138428
simulated_annealing,rosenbrock,106,3600,86.90131755548809
simulated_annealing,rosenbrock,106,3700,86.90131755548809
simulated_annealing,rosenbrock,106,3800,86.90131755548809
simulated_annealing,rosenbrock,106,3900,86.90131755548809
simulated_annealing,rosenbrock,106,4000,86.90131755548809
simulated_annealing,rosenbrock,106,4100,86.90131755548809
simulated_annealing,rosenbrock,106,4200,86.90131755548809
simulated_annealing,rosenbrock,106,4300,86.90131755548809
simulated_annealing,rosenbrock,106,4400,86.90131755548809
simulated_annealing,rosenbrock,106,4500,86.90131755548809
simulated_annealing,rosenbrock,106,4600,86.90131755548809
simulated_annealing,rosenbrock,106,4700,86.90131755548809
simulated_annealing,rosenbrock,106,4800,86.90131755548809
simulated_annealing,rosenbrock,106,4900,86.90131755548809
simulated_annealing,rosenbrock,106,5000,86.90131755548809
simulated_annealing,rosenbrock,106,5100,86.90131755548809
simulated_annealing,rosenbrock,106,5200,86.90131755548809
simulated_annealing,rosenbrock,106,5300,86.90131755548809
simulated_annealing,rosenbrock,106,5400,86.90131755548809
simulated_annealing,rosenbrock,106,5500,86.90131755548809
simulated_annealing,rosenbrock,106,5600,86.90131755548809
simulated_annealing,rosenbrock,106,5700,86.90131755548809
simulated_annealing,rosenbrock,106,5800,86.90131755548809
simulated_annealing,rosenbrock,106,5900,86.90131755548809
simulated_annealing,rosenbrock,106,6000,86.90131755548809
simulated_annealing,rosenbrock,106,6100,86.90131755548809
simulated_annealing,rosenbrock,106,6200,86.90131755548809
simulated_annealing,rosenbrock,106,6300,86.90131755548809
simulated_annealing,rosenbrock,106,6400,86.90131755548809
simulated_annealing,rosenbrock,106,6500,86.90131755548809
simulated_annealing,rosenbrock,106,6600,86.90131755548809
simulated_annealing,rosenbrock,106,6700,86.90131755548809
simulated_annealing,rosenbrock,106,6800,86.90131755548809
simulated_annealing,rosenbrock,106,6900,86.90131755548809
simulated_annealing,rosenbrock,106,7000,86.90131755548809
simulated_annealing,rosenbrock,106,7100,86.90131755548809
simulated_annealing,rosenbrock,106,7200,86.90131755548809
simulated_annealing,rosenbrock,106,7300,86.90131755548809
simulated_annealing,rosenbrock,106,7400,86.90131755548809
simulated_annealing,rosenbrock,106,7500,86.90131755548809
simulated_annealing,rosenbrock,106,7600,67.80964524046267
simulated_annealing,rosenbrock,106,7700,67.80964524046267
simulated_annealing,rosenbrock,106,7800,67.80964524046267
simulated_annealing,rosenbrock,106,7900,67.80964524046267
simulated_annealing,rosenbrock,106,8000,67.80964524046267
simulated_annealing,rosenbrock,106,8100,67.80964524046267
simulated_annealing,rosenbrock,106,8200,59.83508762213701
simulated_annealing,rosenbrock,106,8300,59.83508762213701
simulated_annealing,rosenbrock,106,8400,59.83508762213701
simulated_annealing,rosenbrock,106,8500,59.83508762213701
simulated_annealing,rosenbrock,106,8600,59.83508762213701
simulated_annealing,rosenbrock,106,8700,59.83508762213701
simulated_annealing,rosenbrock,106,8800,59.83508762213701
simulated_annealing,rosenbrock,106,8900,59.83508762213701
simulated_annealing,rosenbrock,106,9000,59.83508762213701
simulated_annealing,rosenbrock,106,9100,59.83508762213701
simulated_annealing,rosenbrock,106,9200,59.83508762213701
simulated_annealing,rosenbrock,106,9300,59.83508762213701
simulated_annealing,rosenbrock,106,9400,59.83508762213701
simulated_annealing,rosenbrock,106,9500,59.83508762213701
simulated_annealing,rosenbrock,106,9600,59.83508762213701
simulated_annealing,rosenbrock,106,9700,59.83508762213701
simulated_annealing,rosenbrock,106,9800,59.83508762213701
simulated_annealing,rosenbrock,106,9900,59.83508762213701
simulated_annealing,rosenbrock,106,10000,59.83508762213701
simulated_annealing,rosenbrock,106,10100,59.83508762213701
simulated_annealing,rosenbrock,106,10200,59.83508762213701
simulated_annealing,rosenbrock,106,10300,59.83508762213701
simulated_annealing,rosenbrock,106,10400,59.83508762213701
simulated_annealing,rosenbrock,106,10500,59.83508762213701
simulated_annealing,rosenbrock,106,10600,59.83508762213701
simulated_annealing,rosenbrock,106,10700,59.83508762213701
simulated_annealing,rosenbrock,106,10800,42.70923406340409
simulated_annealing,rosenbrock,106,10900,42.70923406340409
simulated_annealing,rosenbrock,106,11000,42.70923406340409
simulated_annealing,rosenbrock,106,11100,42.70923406340409
simulated_annealing,rosenbrock,106,11200,42.70923406340409
simulated_annealing,rosenbrock,106,11300,42.70923406340409
simulated_annealing,rosenbrock,106,11400,42.70923406340409
simulated_annealing,rosenbrock,106,11500,42.70923406340409
simulated_annealing,rosenbrock,106,11600,42.70923406340409
simulated_annealing,rosenbrock,106,11700,42.70923406340409
simulated_annealing,rosenbrock,106,11800,42.70923406340409
simulated_annealing,rosenbrock,106,11900,42.70923406340409
simulated_annealing,rosenbrock,106,12000,42.70923406340409
simulated_annealing,rosenbrock,106,12100,42.70923406340409
simulated_annealing,rosenbrock,106,12200,42.70923406340409
simulated_annealing,rosenbrock,106,12300,42.70923406340409
simulated_annealing,rosenbrock,106,12400,42.70923406340409
simulated_annealing,rosenbrock,106,12500,42.70923406340409
simulated_annealing,rosenbrock,106,12600,42.70923406340409
simulated_annealing,rosenbrock,106,12700,42.70923406340409
simulated_annealing,rosenbrock,106,12800,42.70923406340409
simulated_annealing,rosenbrock,106,12900,42.70923406340409
simulated_annealing,rosenbrock,106,13000,42.70923406340409
simulated_annealing,rosenbrock,106,13100,42.70923406340409
simulated_annealing,rosenbrock,106,13200,42.70923406340409
simulated_annealing,rosenbrock,106,13300,42.70923406340409
simulated_annealing,rosenbrock,106,13400,42.70923406340409
simulated_annealing,rosenbrock,106,13500,42.70923406340409
simulated_annealing,rosenbrock,106,13600,42.70923406340409
simulated_annealing,rosenbrock,106,13700,42.70923406340409
simulated_annealing,rosenbrock,106,13800,42.70923406340409
simulated_annealing,rosenbrock,106,13900,42.70923406340409
simulated_annealing,rosenbrock,106,14000,42.70923406340409
simulated_annealing,rosenbrock,106,14100,42.70923406340409
simulated_annealing,rosenbrock,106,14200,42.70923406340409
simulated_annealing,rosenbrock,106,14300,42.70923406340409
simulated_annealing,rosenbrock,106,14400,42.70923406340409
simulated_annealing,rosenbrock,106,14500,42.70923406340409
simulated_annealing,rosenbrock,106,14600,42.70923406340409
simulated_annealing,rosenbrock,106,14700,42.70923406340409
simulated_annealing,rosenbrock,106,14800,42.70923406340409
simulated_annealing,rosenbrock,106,14900,42.70923406340409
simulated_annealing,rosenbrock,106,15000,42.70923406340409
simulated_annealing,rosenbrock,106,15100,42.70923406340409
simulated_annealing,rosenbrock,106,15200,42.70923406340409
simulated_annealing,rosenbrock,106,15300,42.70923406340409
simulated_annealing,rosenbrock,106,15400,42.70923406340409
simulated_annealing,rosenbrock,106,15500,42.70923406340409
simulated_annealing,rosenbrock,106,15600,42.70923406340409
simulated_annealing,rosenbrock,106,15700,42.70923406340409
simulated_annealing,rosenbrock,106,15800,42.70923406340409
simulated_annealing,rosenbrock,106,15900,42.70923406340409
simulated_annealing,rosenbrock,106,16000,42.70923406340409
simulated_annealing,rosenbrock,106,16100,42.70923406340409
simulated_annealing,rosenbrock,106,16200,42.70923406340409
simulated_annealing,rosenbrock,106,16300,42.70923406340409
simulated_annealing,rosenbrock,106,16400,42.70923406340409
simulated_annealing,rosenbrock,106,16500,42.70923406340409
simulated_annealing,rosenbrock,106,16600,42.70923406340409
simulated_annealing,rosenbrock,106,16700,42.70923406340409
simulated_annealing,rosenbrock,106,16800,42.70923406340409
simulated_annealing,rosenbrock,106,16900,42.70923406340409
simulated_annealing,rosenbrock,106,17000,42.70923406340409
simulated_annealing,rosenbrock,106,17100,42.70923406340409
simulated_annealing,rosenbrock,106,17200,42.70923406340409
simulated_annealing,rosenbrock,106,17300,42.70923406340409
simulated_annealing,rosenbrock,106,17400,42.70923406340409
simulated_annealing,rosenbrock,106,17500,42.70923406340409
simulated_annealing,rosenbrock,106,17600,42.70923406340409
simulated_annealing,rosenbrock,106,17700,42.70923406340409
simulated_annealing,rosenbrock,106,17800,42.70923406340409
simulated_annealing,rosenbrock,106,17900,42.70923406340409
simulated_annealing,rosenbrock,106,18000,42.70923406340409
simulated_annealing,rosenbrock,106,18100,42.70923406340409
simulated_annealing,rosenbrock,106,18200,42.70923406340409
simulated_annealing,rosenbrock,106,18300,42.70923406340409
simulated_annealing,rosenbrock,106,18400,42.70923406340409
simulated_annealing,rosenbrock,106,18500,42.70923406340409
simulated_annealing,rosenbrock,106,18600,42.70923406340409
simulated_annealing,rosenbrock,106,18700,42.70923406340409
simulated_annealing,rosenbrock,106,18800,42.70923406340409
simulated_annealing,rosenbrock,106,18900,42.70923406340409
simulated_annealing,rosenbrock,106,19000,42.70923406340409
simulated_annealing,rosenbrock,106,19100,42.70923406340409
simulated_annealing,rosenbrock,106,19200,42.70923406340409
simulated_annealing,rosenbrock,106,19300,42.70923406340409
simulated_annealing,rosenbrock,106,19400,42.64592551215968
simulated_annealing,rosenbrock,106,19500,42.64592551215968
simulated_annealing,rosenbrock,106,19600,42.64592551215968
simulated_annealing,rosenbrock,106,19700,42.64592551215968
simulated_annealing,rosenbrock,106,19800,42.64592551215968
simulated_annealing,rosenbrock,106,19900,42.64592551215968
simulated_annealing,rosenbrock,106,20000,42.64592551215968
simulated_annealing,rosenbrock,107,100,576.3966114948641
simulated_annealing,rosenbrock,107,200,576.3966114948641
simulated_annealing,rosenbrock,107,300,576.3966114948641
simulated_annealing,rosenbrock,107,400,329.0780862902636
simulated_annealing,rosenbrock,107,500,329.0780862902636
simulated_annealing,rosenbrock,107,600,329.0780862902636
simulated_annealing,rosenbrock,107,700,329.0780862902636
simulated_annealing,rosenbrock,107,800,329.0780862902636
simulated_annealing,rosenbrock,107,900,329.0780862902636
simulated_annealing,rosenbrock,107,1000,329.0780862902636
simulated_annealing,rosenbrock,107,1100,329.0780862902636
simulated_annealing,rosenbrock,107,1200,329.0780862902636
simulated_annealing,rosenbrock,107,1300,255.5483578472889
simulated_annealing,rosenbrock,107,1400,255.5483578472889
simulated_annealing,rosenbrock,107,1500,255.5483578472889
simulated_annealing,rosenbrock,107,1600,255.5483578472889
simulated_annealing,rosenbrock,107,1700,255.5483578472889
simulated_annealing,rosenbrock,107,1800,255.5483578472889
simulated_annealing,rosenbrock,107,1900,255.5483578472889
simulated_annealing,rosenbrock,107,2000,255.5483578472889
simulated_annealing,rosenbrock,107,2100,255.5483578472889
simulated_annealing,rosenbrock,107,2200,255.5483578472889
simulated_annealing,rosenbrock,107,2300,255.5483578472889
simulated_annealing,rosenbrock,107,2400,255.5483578472889
simulated_annealing,rosenbrock,107,2500,255.5483578472889
simulated_annealing,rosenbrock,107,2600,255.5483578472889
simulated_annealing,rosenbrock,107,2700,255.5483578472889
simulated_annealing,rosenbrock,107,2800,255.5483578472889
simulated_annealing,rosenbrock,107,2900,255.5483578472889
simulated_annealing,rosenbrock,107,3000,255.5483578472889
simulated_annealing,rosenbrock,107,3100,255.5483578472889
simulated_annealing,rosenbrock,107,3200,255.5483578472889
simulated_annealing,rosenbrock,107,3300,255.5483578472889
simulated_annealing,rosenbrock,107,3400,255.5483578472889
simulated_annealing,rosenbrock,107,3500,255.5483578472889
simulated_annealing,rosenbrock,107,3600,255.5483578472889
simulated_annealing,rosenbrock,107,3700,255.5483578472889
simulated_annealing,rosenbrock,107,3800,192.4471473288002
simulated_annealing,rosenbrock,107,3900,192.4471473288002
simulated_annealing,rosenbrock,107,4000,192.4471473288002
simulated_annealing,rosenbrock,107,4100,192.4471473288002
simulated_annealing,rosenbrock,107,4200,192.4471473288002
simulated_annealing,rosenbrock,107,4300,192.4471473288002
simulated_annealing,rosenbrock,107,4400,192.4471473288002
simulated_annealing,rosenbrock,107,4500,192.4471473288002
simulated_annealing,rosenbrock,107,4600,192.4471473288002
simulated_annealing,rosenbrock,107,4700,192.4471473288002
simulated_annealing,rosenbrock,107,4800,192.4471473288002
simulated_annealing,rosenbrock,107,4900,192.4471473288002
simulated_annealing,rosenbrock,107,5000,192.4471473288002
simulated_annealing,rosenbrock,107,5100,192.4471473288002
simulated_annealing,rosenbrock,107,5200,192.4471473288002
simulated_annealing,rosenbrock,107,5300,192.4471473288002
simulated_annealing,rosenbrock,107,5400,192.4471473288002
simulated_annealing,rosenbrock,107,5500,170.60658786586419
simulated_annealing,rosenbrock,107,5600,170.60658786586419
simulated_annealing,rosenbrock,107,5700,170.60658786586419
simulated_annealing,rosenbrock,107,5800,170.60658786586419
simulated_annealing,rosenbrock,107,5900,170.60658786586419
simulated_annealing,rosenbrock,107,6000,170.60658786586419
simulated_annealing,rosenbrock,107,6100,170.60658786586419
simulated_annealing,rosenbrock,107,6200,170.60658786586419
simulated_annealing,rosenbrock,107,6300,170.60658786586419
simulated_annealing,rosenbrock,107,6400,170.60658786586419
simulated_annealing,rosenbrock,107,6500,170.60658786586419
simulated_annealing,rosenbrock,107,6600,170.60658786586419
simulated_annealing,rosenbrock,107,6700,170.60658786586419
simulated_annealing,rosenbrock,107,6800,170.60658786586419
simulated_annealing,rosenbrock,107,6900,170.60658786586419
simulated_annealing,rosenbrock,107,7000,170.60658786586419
simulated_annealing,rosenbrock,107,7100,170.60658786586419
simulated_annealing,rosenbrock,107,7200,170.60658786586419
simulated_annealing,rosenbrock,107,7300,170.60658786586419
simulated_annealing,rosenbrock,107,7400,170.60658786586419
simulated_annealing,rosenbrock,107,7500,170.60658786586419
simulated_annealing,rosenbrock,107,7600,170.60658786586419
simulated_annealing,rosenbrock,107,7700,170.60658786586419
simulated_annealing,rosenbrock,107,7800,170.60658786586419
simulated_annealing,rosenbrock,107,7900,170.60658786586419
simulated_annealing,rosenbrock,107,8000,170.60658786586419
simulated_annealing,rosenbrock,107,8100,170.60658786586419
simulated_annealing,rosenbrock,107,8200,170.60658786586419
simulated_annealing,rosenbrock,107,8300,170.60658786586419
simulated_annealing,rosenbrock,107,8400,170.60658786586419
simulated_annealing,rosenbrock,107,8500,170.60658786586419
simulated_annealing,rosenbrock,107,8600,170.60658786586419
simulated_annealing,rosenbrock,107,8700,170.60658786586419
simulated_annealing,rosenbrock,107,8800,170.60658786586419
simulated_annealing,rosenbrock,107,8900,170.60658786586419
simulated_annealing,rosenbrock,107,9000,170.60658786586419
simulated_annealing,rosenbrock,107,9100,170.60658786586419
simulated_annealing,rosenbrock,107,9200,170.60658786586419
simulated_annealing,rosenbrock,107,9300,170.60658786586419
simulated_annealing,rosenbrock,107,9400,170.60658786586419
simulated_annealing,rosenbrock,107,9500,170.60658786586419
simulated_annealing,rosenbrock,107,9600,170.60658786586419
simulated_annealing,rosenbrock,107,9700,170.60658786586419
simulated_annealing,rosenbrock,107,9800,170.60658786586419
simulated_annealing,rosenbrock,107,9900,170.60658786586419
simulated_annealing,rosenbrock,107,10000,170.60658786586419
simulated_annealing,rosenbrock,107,10100,170.60658786586419
simulated_annealing,rosenbrock,107,10200,170.60658786586419
simulated_annealing,rosenbrock,107,10300,170.60658786586419
simulated_annealing,rosenbrock,107,10400,170.60658786586419
simulated_annealing,rosenbrock,107,10500,170.60658786586419
simulated_annealing,rosenbrock,107,10600,170.60658786586419
simulated_annealing,rosenbrock,107,10700,170.60658786586419
simulated_annealing,rosenbrock,107,10800,170.60658786586419
simulated_annealing,rosenbrock,107,10900,170.60658786586419
simulated_annealing,rosenbrock,107,11000,170.60658786586419
simulated_annealing,rosenbrock,107,11100,170.60658786586419
simulated_annealing,rosenbrock,107,11200,170.60658786586419
simulated_annealing,rosenbrock,107,11300,170.60658786586419
simulated_annealing,rosenbrock,107,11400,170.60658786586419
simulated_annealing,rosenbrock,107,11500,170.60658786586419
simulated_annealing,rosenbrock,107,11600,170.60658786586419
simulated_annealing,rosenbrock,107,11700,170.60658786586419
simulated_annealing,rosenbrock,107,11800,170.60658786586419
simulated_annealing,rosenbrock,107,11900,170.60658786586419
simulated_annealing,rosenbrock,107,12000,170.60658786586419
simulated_annealing,rosenbrock,107,12100,170.60658786586419
simulated_annealing,rosenbrock,107,12200,170.60658786586419
simulated_annealing,rosenbrock,107,12300,170.60658786586419
simulated_annealing,rosenbrock,107,12400,170.60658786586419
simulated_annealing,rosenbrock,107,12500,170.60658786586419
simulated_annealing,rosenbrock,107,12600,170.60658786586419
simulated_annealing,rosenbrock,107,12700,170.60658786586419
simulated_annealing,rosenbrock,107,12800,170.60658786586419
simulated_annealing,rosenbrock,107,12900,170.60658786586419
simulated_annealing,rosenbrock,107,13000,170.60658786586419
simulated_annealing,rosenbrock,107,13100,170.60658786586419
simulated_annealing,rosenbrock,107,13200,170.60658786586419
simulated_annealing,rosenbrock,107,13300,170.60658786586419
simulated_annealing,rosenbrock,107,13400,170.60658786586419
simulated_annealing,rosenbrock,107,13500,170.60658786586419
simulated_annealing,rosenbrock,107,13600,170.60658786586419
simulated_annealing,rosenbrock,107,13700,170.60658786586419
simulated_annealing,rosenbrock,107,13800,170.60658786586419
simulated_annealing,rosenbrock,107,13900,170.60658786586419
simulated_annealing,rosenbrock,107,14000,170.60658786586419
simulated_annealing,rosenbrock,107,14100,170.60658786586419
simulated_annealing,rosenbrock,107,14200,170.60658786586419
simulated_annealing,rosenbrock,107,14300,170.60658786586419
simulated_annealing,rosenbrock,107,14400,170.60658786586419
simulated_annealing,rosenbrock,107,14500,170.60658786586419
simulated_annealing,rosenbrock,107,14600,170.60658786586419
simulated_annealing,rosenbrock,107,14700,170.60658786586419
simulated_annealing,rosenbrock,107,14800,170.60658786586419
simulated_annealing,rosenbrock,107,14900,170.60658786586419
simulated_annealing,rosenbrock,107,15000,170.60658786586419
simulated_annealing,rosenbrock,107,15100,170.60658786586419
simulated_annealing,rosenbrock,107,15200,170.60658786586419
simulated_annealing,rosenbrock,107,15300,170.60658786586419
simulated_annealing,rosenbrock,107,15400,170.60658786586419
simulated_annealing,rosenbrock,107,15500,170.60658786586419
simulated_annealing,rosenbrock,107,15600,170.60658786586419
simulated_annealing,rosenbrock,107,15700,170.60658786586419
simulated_annealing,rosenbrock,107,15800,170.60658786586419
simulated_annealing,rosenbrock,107,15900,170.60658786586419
simulated_annealing,rosenbrock,107,16000,170.60658786586419
simulated_annealing,rosenbrock,107,16100,170.60658786586419
simulated_annealing,rosenbrock,107,16200,170.60658786586419
simulated_annealing,rosenbrock,107,16300,170.60658786586419
simulated_annealing,rosenbrock,107,16400,170.60658786586419
simulated_annealing,rosenbrock,107,16500,170.60658786586419
simulated_annealing,rosenbrock,107,16600,170.60658786586419
simulated_annealing,rosenbrock,107,16700,170.60658786586419
simulated_annealing,rosenbrock,107,16800,170.60658786586419
simulated_annealing,rosenbrock,107,16900,170.60658786586419
simulated_annealing,rosenbrock,107,17000,170.60658786586419
simulated_annealing,rosenbrock,107,17100,170.60658786586419
simulated_annealing,rosenbrock,107,17200,170.60658786586419
simulated_annealing,rosenbrock,107,17300,170.60658786586419
simulated_annealing,rosenbrock,107,17400,170.60658786586419
simulated_annealing,rosenbrock,107,17500,170.60658786586419
simulated_annealing,rosenbrock,107,17600,170.60658786586419
simulated_annealing,rosenbrock,107,17700,170.60658786586419
simulated_annealing,rosenbrock,107,17800,170.60658786586419
simulated_annealing,rosenbrock,107,17900,170.60658786586419
simulated_annealing,rosenbrock,107,18000,170.60658786586419
simulated_annealing,rosenbrock,107,18100,170.60658786586419
simulated_annealing,rosenbrock,107,18200,170.60658786586419
simulated_annealing,rosenbrock,107,18300,170.60658786586419
simulated_annealing,rosenbrock,107,18400,170.60658786586419
simulated_annealing,rosenbrock,107,18500,170.60658786586419
simulated_annealing,rosenbrock,107,18600,170.60658786586419
simulated_annealing,rosenbrock,107,18700,170.60658786586419
simulated_annealing,rosenbrock,107,18800,170.60658786586419
simulated_annealing,rosenbrock,107,18900,170.60658786586419
simulated_annealing,rosenbrock,107,19000,170.60658786586419
simulated_annealing,rosenbrock,107,19100,170.60658786586419
simulated_annealing,rosenbrock,107,19200,170.60658786586419
simulated_annealing,rosenbrock,107,19300,170.60658786586419
simulated_annealing,rosenbrock,107,19400,170.60658786586419
simulated_annealing,rosenbrock,107,19500,170.60658786586419
simulated_annealing,rosenbrock,107,19600,170.60658786586419
simulated_annealing,rosenbrock,107,19700,170.60658786586419
simulated_annealing,rosenbrock,107,19800,170.60658786586419
simulated_annealing,rosenbrock,107,19900,170.60658786586419
simulated_annealing,rosenbrock,107,20000,170.60658786586419
simulated_annealing,rosenbrock,108,100,1610.5917305060013
simulated_annealing,rosenbrock,108,200,807.3051303874443
simulated_annealing,rosenbrock,108,300,600.9044817033385
simulated_annealing,rosenbrock,108,400,233.98215824600197
simulated_annealing,rosenbrock,108,500,233.98215824600197
simulated_annealing,rosenbrock,108,600,71.72387240445128
simulated_annealing,rosenbrock,108,700,71.72387240445128
simulated_annealing,rosenbrock,108,800,71.72387240445128
simulated_annealing,rosenbrock,108,900,71.72387240445128
simulated_annealing,rosenbrock,108,1000,71.72387240445128
simulated_annealing,rosenbrock,108,1100,71.72387240445128
simulated_annealing,rosenbrock,108,1200,71.72387240445128
simulated_annealing,rosenbrock,108,1300,71.72387240445128
simulated_annealing,rosenbrock,108,1400,71.72387240445128
simulated_annealing,rosenbrock,108,1500,71.72387240445128
simulated_annealing,rosenbrock,108,1600,71.72387240445128
simulated_annealing,rosenbrock,108,1700,71.72387240445128
simulated_annealing,rosenbrock,108,1800,71.72387240445128
simulated_annealing,rosenbrock,108,1900,71.72387240445128
simulated_annealing,rosenbrock,108,2000,71.72387240445128
simulated_annealing,rosenbrock,108,2100,71.72387240445128
simulated_annealing,rosenbrock,108,2200,71.72387240445128
simulated_annealing,rosenbrock,108,2300,71.72387240445128
simulated_annealing,rosenbrock,108,2400,71.72387240445128
simulated_annealing,rosenbrock,108,2500,71.72387240445128
simulated_annealing,rosenbrock,108,2600,71.72387240445128
simulated_annealing,rosenbrock,108,2700,71.72387240445128
simulated_annealing,rosenbrock,108,2800,63.29713370266091
simulated_annealing,rosenbrock,108,2900,63.29713370266091
simulated_annealing,rosenbrock,108,3000,63.29713370266091
simulated_annealing,rosenbrock,108,3100,63.29713370266091
simulated_annealing,rosenbrock,108,3200,63.29713370266091
simulated_annealing,rosenbrock,108,3300,63.29713370266091
simulated_annealing,rosenbrock,108,3400,63.29713370266091
simulated_annealing,rosenbrock,108,3500,63.29713370266091
simulated_annealing,rosenbrock,108,3600,63.29713370266091
simulated_annealing,rosenbrock,108,3700,57.41525575107082
simulated_annealing,rosenbrock,108,3800,57.41525575107082
simulated_annealing,rosenbrock,108,3900,57.41525575107082
simulated_annealing,rosenbrock,108,4000,57.41525575107082
simulated_annealing,rosenbrock,108,4100,57.41525575107082
simulated_annealing,rosenbrock,108,4200,57.41525575107082
simulated_annealing,rosenbrock,108,4300,57.41525575107082
simulated_annealing,rosenbrock,108,4400,57.41525575107082
simulated_annealing,rosenbrock,108,4500,57.41525575107082
simulated_annealing,rosenbrock,108,4600,57.41525575107082
simulated_annealing,rosenbrock,108,4700,57.41525575107082
simulated_annealing,rosenbrock,108,4800,57.41525575107082
simulated_annealing,rosenbrock,108,4900,57.41525575107082
simulated_annealing,rosenbrock,108,5000,57.41525575107082
simulated_annealing,rosenbrock,108,5100,57.41525575107082
simulated_annealing,rosenbrock,108,5200,57.41525575107082
simulated_annealing,rosenbrock,108,5300,57.41525575107082
simulated_annealing,rosenbrock,108,5400,57.41525575107082
simulated_annealing,rosenbrock,108,5500,57.41525575107082
simulated_annealing,rosenbrock,108,5600,57.41525575107082
simulated_annealing,rosenbrock,108,5700,57.41525575107082
simulated_annealing,rosenbrock,108,5800,57.41525575107082
simulated_annealing,rosenbrock,108,5900,57.41525575107082
simulated_annealing,rosenbrock,108,6000,57.41525575107082
simulated_annealing,rosenbrock,108,6100,57.41525575107082
simulated_annealing,rosenbrock,108,6200,57.41525575107082
simulated_annealing,rosenbrock,108,6300,57.41525575107082
simulated_annealing,rosenbrock,108,6400,57.41525575107082
simulated_annealing,rosenbrock,108,6500,57.41525575107082
simulated_annealing,rosenbrock,108,6600,57.41525575107082
simulated_annealing,rosenbrock,108,6700,57.41525575107082
simulated_annealing,rosenbrock,108,6800,57.41525575107082
simulated_annealing,rosenbrock,108,6900,57.41525575107082
simulated_annealing,rosenbrock,108,7000,57.41525575107082
simulated_annealing,rosenbrock,108,7100,57.41525575107082
simulated_annealing,rosenbrock,108,7200,57.41525575107082
simulated_annealing,rosenbrock,108,7300,57.41525575107082
simulated_annealing,rosenbrock,108,7400,57.41525575107082
simulated_annealing,rosenbrock,108,7500,57.41525575107082
simulated_annealing,rosenbrock,108,7600,57.41525575107082
simulated_annealing,rosenbrock,108,7700,57.41525575107082
simulated_annealing,rosenbrock,108,7800,57.41525575107082
simulated_annealing,rosenbrock,108,7900,57.41525575107082
simulated_annealing,rosenbrock,108,8000,57.41525575107082
simulated_annealing,rosenbrock,108,8100,57.41525575107082
simulated_annealing,rosenbrock,108,8200,57.41525575107082
simulated_annealing,rosenbrock,108,8300,57.41525575107082
simulated_annealing,rosenbrock,108,8400,57.41525575107082
simulated_annealing,rosenbrock,108,8500,57.41525575107082
simulated_annealing,rosenbrock,108,8600,57.41525575107082
simulated_annealing,rosenbrock,108,8700,57.41525575107082
simulated_annealing,rosenbrock,108,8800,57.41525575107082
simulated_annealing,rosenbrock,108,8900,57.41525575107082
simulated_annealing,rosenbrock,108,9000,57.41525575107082
simulated_annealing,rosenbrock,108,9100,57.41525575107082
simulated_annealing,rosenbrock,108,9200,57.41525575107082
simulated_annealing,rosenbrock,108,9300,57.41525575107082
simulated_annealing,rosenbrock,108,9400,57.41525575107082
simulated_annealing,rosenbrock,108,9500,57.41525575107082
simulated_annealing,rosenbrock,108,9600,57.41525575107082
simulated_annealing,rosenbrock,108,9700,57.41525575107082
simulated_annealing,rosenbrock,108,9800,57.41525575107082
simulated_annealing,rosenbrock,108,9900,57.41525575107082
simulated_annealing,rosenbrock,108,10000,57.41525575107082
simulated_annealing,rosenbrock,108,10100,57.41525575107082
simulated_annealing,rosenbrock,108,10200,57.41525575107082
simulated_annealing,rosenbrock,108,10300,57.41525575107082
simulated_annealing,rosenbrock,108,10400,57.41525575107082
simulated_annealing,rosenbrock,108,10500,57.41525575107082
simulated_annealing,rosenbrock,108,10600,57.41525575107082
simulated_annealing,rosenbrock,108,10700,57.41525575107082
simulated_annealing,rosenbrock,108,10800,57.41525575107082
simulated_annealing,rosenbrock,108,10900,57.41525575107082
simulated_annealing,rosenbrock,108,11000,57.41525575107082
simulated_annealing,rosenbrock,108,11100,57.41525575107082
simulated_annealing,rosenbrock,108,11200,57.41525575107082
simulated_annealing,rosenbrock,108,11300,57.41525575107082
simulated_annealing,rosenbrock,108,11400,57.41525575107082
simulated_annealing,rosenbrock,108,11500,57.41525575107082
simulated_annealing,rosenbrock,108,11600,57.41525575107082
simulated_annealing,rosenbrock,108,11700,57.41525575107082
simulated_annealing,rosenbrock,108,11800,57.41525575107082
simulated_annealing,rosenbrock,108,11900,57.41525575107082
simulated_annealing,rosenbrock,108,12000,57.41525575107082
simulated_annealing,rosenbrock,108,12100,57.41525575107082
simulated_annealing,rosenbrock,108,12200,57.41525575107082
simulated_annealing,rosenbrock,108,12300,57.41525575107082
simulated_annealing,rosenbrock,108,12400,57.41525575107082
simulated_annealing,rosenbrock,108,12500,57.41525575107082
simulated_annealing,rosenbrock,108,12600,57.41525575107082
simulated_annealing,rosenbrock,108,12700,57.41525575107082
simulated_annealing,rosenbrock,108,12800,57.41525575107082
simulated_annealing,rosenbrock,108,12900,57.41525575107082
simulated_annealing,rosenbrock,108,13000,57.41525575107082
simulated_annealing,rosenbrock,108,13100,57.41525575107082
simulated_annealing,rosenbrock,108,13200,57.41525575107082
simulated_annealing,rosenbrock,108,13300,57.41525575107082
simulated_annealing,rosenbrock,108,13400,57.41525575107082
simulated_annealing,rosenbrock,108,13500,57.41525575107082
simulated_annealing,rosenbrock,108,13600,57.41525575107082
simulated_annealing,rosenbrock,108,13700,57.41525575107082
simulated_annealing,rosenbrock,108,13800,57.41525575107082
simulated_annealing,rosenbrock,108,13900,57.41525575107082
simulated_annealing,rosenbrock,108,14000,57.41525575107082
simulated_annealing,rosenbrock,108,14100,57.41525575107082
simulated_annealing,rosenbrock,108,14200,57.41525575107082
simulated_annealing,rosenbrock,108,14300,57.41525575107082
simulated_annealing,rosenbrock,108,14400,57.41525575107082
simulated_annealing,rosenbrock,108,14500,57.41525575107082
simulated_annealing,rosenbrock,108,14600,57.41525575107082
simulated_annealing,rosenbrock,108,14700,57.41525575107082
simulated_annealing,rosenbrock,108,14800,57.41525575107082
simulated_annealing,rosenbrock,108,14900,57.41525575107082
simulated_annealing,rosenbrock,108,15000,57.41525575107082
simulated_annealing,rosenbrock,108,15100,57.41525575107082
simulated_annealing,rosenbrock,108,15200,57.41525575107082
simulated_annealing,rosenbrock,108,15300,57.41525575107082
simulated_annealing,rosenbrock,108,15400,57.41525575107082
simulated_annealing,rosenbrock,108,15500,57.41525575107082
simulated_annealing,rosenbrock,108,15600,57.41525575107082
simulated_annealing,rosenbrock,108,15700,57.41525575107082
simulated_annealing,rosenbrock,108,15800,57.41525575107082
simulated_annealing,rosenbrock,108,15900,57.41525575107082
simulated_annealing,rosenbrock,108,16000,57.41525575107082
simulated_annealing,rosenbrock,108,16100,57.41525575107082
simulated_annealing,rosenbrock,108,16200,57.41525575107082
simulated_annealing,rosenbrock,108,16300,57.41525575107082
simulated_annealing,rosenbrock,108,16400,57.41525575107082
simulated_annealing,rosenbrock,108,16500,57.41525575107082
simulated_annealing,rosenbrock,108,16600,57.41525575107082
simulated_annealing,rosenbrock,108,16700,57.41525575107082
simulated_annealing,rosenbrock,108,16800,57.41525575107082
simulated_annealing,rosenbrock,108,16900,57.41525575107082
simulated_annealing,rosenbrock,108,17000,57.41525575107082
simulated_annealing,rosenbrock,108,17100,57.41525575107082
simulated_annealing,rosenbrock,108,17200,57.41525575107082
simulated_annealing,rosenbrock,108,17300,57.41525575107082
simulated_annealing,rosenbrock,108,17400,57.41525575107082
simulated_annealing,rosenbrock,108,17500,57.41525575107082
simulated_annealing,rosenbrock,108,17600,57.41525575107082
simulated_annealing,rosenbrock,108,17700,57.41525575107082
simulated_annealing,rosenbrock,108,17800,57.41525575107082
simulated_annealing,rosenbrock,108,17900,57.41525575107082
simulated_annealing,rosenbrock,108,18000,57.41525575107082
simulated_annealing,rosenbrock,108,18100,57.41525575107082
simulated_annealing,rosenbrock,108,18200,57.41525575107082
simulated_annealing,rosenbrock,108,18300,57.41525575107082
simulated_annealing,rosenbrock,108,18400,57.41525575107082
simulated_annealing,rosenbrock,108,18500,57.41525575107082
simulated_annealing,rosenbrock,108,18600,57.41525575107082
simulated_annealing,rosenbrock,108,18700,57.41525575107082
simulated_annealing,rosenbrock,108,18800,57.41525575107082
simulated_annealing,rosenbrock,108,18900,57.41525575107082
simulated_annealing,rosenbrock,108,19000,57.41525575107082
simulated_annealing,rosenbrock,108,19100,57.41525575107082
simulated_annealing,rosenbrock,108,19200,57.41525575107082
simulated_annealing,rosenbrock,108,19300,57.41525575107082
simulated_annealing,rosenbrock,108,19400,57.41525575107082
simulated_annealing,rosenbrock,108,19500,57.41525575107082
simulated_annealing,rosenbrock,108,19600,57.41525575107082
simulated_annealing,rosenbrock,108,19700,57.41525575107082
simulated_annealing,rosenbrock,108,19800,57.41525575107082
simulated_annealing,rosenbrock,108,19900,57.41525575107082
simulated_annealing,rosenbrock,108,20000,57.41525575107082
simulated_annealing,rosenbrock,109,100,4621.835819018052
simulated_annealing,rosenbrock,109,200,527.3104531231925
simulated_annealing,rosenbrock,109,300,527.3104531231925
simulated_annealing,rosenbrock,109,400,480.55487672262535
simulated_annealing,rosenbrock,109,500,480.55487672262535
simulated_annealing,rosenbrock,109,600,480.55487672262535
simulated_annealing,rosenbrock,109,700,326.0426152832131
simulated_annealing,rosenbrock,109,800,326.0426152832131
simulated_annealing,rosenbrock,109,900,325.8134179430722
simulated_annealing,rosenbrock,109,1000,322.764885971467
simulated_annealing,rosenbrock,109,1100,322.764885971467
simulated_annealing,rosenbrock,109,1200,322.764885971467
simulated_annealing,rosenbrock,109,1300,322.764885971467
simulated_annealing,rosenbrock,109,1400,322.764885971467
simulated_annealing,rosenbrock,109,1500,322.764885971467
simulated_annealing,rosenbrock,109,1600,322.764885971467
simulated_annealing,rosenbrock,109,1700,299.51772806513844
simulated_annealing,rosenbrock,109,1800,299.51772806513844
simulated_annealing,rosenbrock,109,1900,299.51772806513844
simulated_annealing,rosenbrock,109,2000,299.51772806513844
simulated_annealing,rosenbrock,109,2100,299.51772806513844
simulated_annealing,rosenbrock,109,2200,227.7662972880629
simulated_annealing,rosenbrock,109,2300,227.7662972880629
simulated_annealing,rosenbrock,109,2400,227.7662972880629
simulated_annealing,rosenbrock,109,2500,227.7662972880629
simulated_annealing,rosenbrock,109,2600,227.7662972880629
simulated_annealing,rosenbrock,109,2700,227.7662972880629
simulated_annealing,rosenbrock,109,2800,227.7662972880629
simulated_annealing,rosenbrock,109,2900,227.7662972880629
simulated_annealing,rosenbrock,109,3000,227.7662972880629
simulated_annealing,rosenbrock,109,3100,227.7662972880629
simulated_annealing,rosenbrock,109,3200,227.7662972880629
simulated_annealing,rosenbrock,109,3300,227.7662972880629
simulated_annealing,rosenbrock,109,3400,227.7662972880629
simulated_annealing,rosenbrock,109,3500,227.7662972880629
simulated_annealing,rosenbrock,109,3600,227.7662972880629
simulated_annealing,rosenbrock,109,3700,227.7662972880629
simulated_annealing,rosenbrock,109,3800,227.7662972880629
simulated_annealing,rosenbrock,109,3900,227.7662972880629
simulated_annealing,rosenbrock,109,4000,227.7662972880629
simulated_annealing,rosenbrock,109,4100,227.7662972880629
simulated_annealing,rosenbrock,109,4200,227.7662972880629
simulated_annealing,rosenbrock,109,4300,221.17708058661302
simulated_annealing,rosenbrock,109,4400,221.17708058661302
simulated_annealing,rosenbrock,109,4500,221.17708058661302
simulated_annealing,rosenbrock,109,4600,221.17708058661302
simulated_annealing,rosenbrock,109,4700,221.17708058661302
simulated_annealing,rosenbrock,109,4800,221.17708058661302
simulated_annealing,rosenbrock,109,4900,221.17708058661302
simulated_annealing,rosenbrock,109,5000,221.17708058661302
simulated_annealing,rosenbrock,109,5100,221.17708058661302
simulated_annealing,rosenbrock,109,5200,221.17708058661302
simulated_annealing,rosenbrock,109,5300,221.17708058661302
simulated_annealing,rosenbrock,109,5400,221.17708058661302
simulated_annealing,rosenbrock,109,5500,221.17708058661302
simulated_annealing,rosenbrock,109,5600,221.17708058661302
simulated_annealing,rosenbrock,109,5700,221.17708058661302
simulated_annealing,rosenbrock,109,5800,221.17708058661302
simulated_annealing,rosenbrock,109,5900,221.17708058661302
simulated_annealing,rosenbrock,109,6000,221.17708058661302
simulated_annealing,rosenbrock,109,6100,221.17708058661302
simulated_annealing,rosenbrock,109,6200,221.17708058661302
simulated_annealing,rosenbrock,109,6300,217.87168978225912
simulated_annealing,rosenbrock,109,6400,217.87168978225912
simulated_annealing,rosenbrock,109,6500,217.87168978225912
simulated_annealing,rosenbrock,109,6600,217.87168978225912
simulated_annealing,rosenbrock,109,6700,217.87168978225912
simulated_annealing,rosenbrock,109,6800,217.87168978225912
simulated_annealing,rosenbrock,109,6900,217.87168978225912
simulated_annealing,rosenbrock,109,7000,217.87168978225912
simulated_annealing,rosenbrock,109,7100,217.87168978225912
simulated_annealing,rosenbrock,109,7200,217.87168978225912
simulated_annealing,rosenbrock,109,7300,217.87168978225912
simulated_annealing,rosenbrock,109,7400,217.87168978225912
simulated_annealing,rosenbrock,109,7500,217.87168978225912
simulated_annealing,rosenbrock,109,7600,217.87168978225912
simulated_annealing,rosenbrock,109,7700,217.87168978225912
simulated_annealing,rosenbrock,109,7800,217.87168978225912
simulated_annealing,rosenbrock,109,7900,217.87168978225912
simulated_annealing,rosenbrock,109,8000,133.63163484309408
simulated_annealing,rosenbrock,109,8100,133.63163484309408
simulated_annealing,rosenbrock,109,8200,133.63163484309408
simulated_annealing,rosenbrock,109,8300,133.63163484309408
simulated_annealing,rosenbrock,109,8400,133.63163484309408
simulated_annealing,rosenbrock,109,8500,133.63163484309408
simulated_annealing,rosenbrock,109,8600,133.63163484309408
simulated_annealing,rosenbrock,109,8700,133.63163484309408
simulated_annealing,rosenbrock,109,8800,133.63163484309408
simulated_annealing,rosenbrock,109,8900,133.63163484309408
simulated_annealing,rosenbrock,109,9000,133.63163484309408
simulated_annealing,rosenbrock,109,9100,133.63163484309408
simulated_annealing,rosenbrock,109,9200,133.63163484309408
simulated_annealing,rosenbrock,109,9300,133.63163484309408
simulated_annealing,rosenbrock,109,9400,133.63163484309408
simulated_annealing,rosenbrock,109,9500,133.63163484309408
simulated_annealing,rosenbrock,109,9600,133.63163484309408
simulated_annealing,rosenbrock,109,9700,133.63163484309408
simulated_annealing,rosenbrock,109,9800,133.63163484309408
simulated_annealing,rosenbrock,109,9900,133.63163484309408
simulated_annealing,rosenbrock,109,10000,133.63163484309408
simulated_annealing,rosenbrock,109,10100,133.63163484309408
simulated_annealing,rosenbrock,109,10200,133.63163484309408
simulated_annealing,rosenbrock,109,10300,133.63163484309408
simulated_annealing,rosenbrock,109,10400,133.63163484309408
simulated_annealing,rosenbrock,109,10500,133.63163484309408
simulated_annealing,rosenbrock,109,10600,133.63163484309408
simulated_annealing,rosenbrock,109,10700,133.63163484309408
simulated_annealing,rosenbrock,109,10800,133.63163484309408
simulated_annealing,rosenbrock,109,10900,133.63163484309408
simulated_annealing,rosenbrock,109,11000,133.63163484309408
simulated_annealing,rosenbrock,109,11100,133.63163484309408
simulated_annealing,rosenbrock,109,11200,133.63163484309408
simulated_annealing,rosenbrock,109,11300,133.63163484309408
simulated_annealing,rosenbrock,109,11400,133.63163484309408
simulated_annealing,rosenbrock,109,11500,133.63163484309408
simulated_annealing,rosenbrock,109,11600,133.63163484309408
simulated_annealing,rosenbrock,109,11700,133.63163484309408
simulated_annealing,rosenbrock,109,11800,133.63163484309408
simulated_annealing,rosenbrock,109,11900,133.63163484309408
simulated_annealing,rosenbrock,109,12000,133.63163484309408
simulated_annealing,rosenbrock,109,12100,133.63163484309408
simulated_annealing,rosenbrock,109,12200,133.63163484309408
simulated_annealing,rosenbrock,109,12300,133.63163484309408
simulated_annealing,rosenbrock,109,12400,133.63163484309408
simulated_annealing,rosenbrock,109,12500,133.63163484309408
simulated_annealing,rosenbrock,109,12600,133.63163484309408
simulated_annealing,rosenbrock,109,12700,133.63163484309408
simulated_annealing,rosenbrock,109,12800,133.63163484309408
simulated_annealing,rosenbrock,109,12900,133.63163484309408
simulated_annealing,rosenbrock,109,13000,133.63163484309408
simulated_annealing,rosenbrock,109,13100,133.63163484309408
simulated_annealing,rosenbrock,109,13200,133.63163484309408
simulated_annealing,rosenbrock,109,13300,133.63163484309408
simulated_annealing,rosenbrock,109,13400,133.63163484309408
simulated_annealing,rosenbrock,109,13500,133.63163484309408
simulated_annealing,rosenbrock,109,13600,133.63163484309408
simulated_annealing,rosenbrock,109,13700,133.63163484309408
simulated_annealing,rosenbrock,109,13800,133.63163484309408
simulated_annealing,rosenbrock,109,13900,133.63163484309408
simulated_annealing,rosenbrock,109,14000,133.63163484309408
simulated_annealing,rosenbrock,109,14100,133.63163484309408
simulated_annealing,rosenbrock,109,14200,133.63163484309408
simulated_annealing,rosenbrock,109,14300,133.63163484309408
simulated_annealing,rosenbrock,109,14400,133.63163484309408
simulated_annealing,rosenbrock,109,14500,133.63163484309408
simulated_annealing,rosenbrock,109,14600,133.63163484309408
simulated_annealing,rosenbrock,109,14700,133.63163484309408
simulated_annealing,rosenbrock,109,14800,133.63163484309408
simulated_annealing,rosenbrock,109,14900,133.63163484309408
simulated_annealing,rosenbrock,109,15000,133.63163484309408
simulated_annealing,rosenbrock,109,15100,133.63163484309408
simulated_annealing,rosenbrock,109,15200,133.63163484309408
simulated_annealing,rosenbrock,109,15300,133.63163484309408
simulated_annealing,rosenbrock,109,15400,133.63163484309408
simulated_annealing,rosenbrock,109,15500,133.63163484309408
simulated_annealing,rosenbrock,109,15600,133.63163484309408
simulated_annealing,rosenbrock,109,15700,133.63163484309408
simulated_annealing,rosenbrock,109,15800,133.63163484309408
simulated_annealing,rosenbrock,109,15900,133.63163484309408
simulated_annealing,rosenbrock,109,16000,133.63163484309408
simulated_annealing,rosenbrock,109,16100,133.63163484309408
simulated_annealing,rosenbrock,109,16200,133.63163484309408
simulated_annealing,rosenbrock,109,16300,133.63163484309408
simulated_annealing,rosenbrock,109,16400,133.63163484309408
simulated_annealing,rosenbrock,109,16500,133.63163484309408
simulated_annealing,rosenbrock,109,16600,133.63163484309408
simulated_annealing,rosenbrock,109,16700,133.63163484309408
simulated_annealing,rosenbrock,109,16800,133.63163484309408
simulated_annealing,rosenbrock,109,16900,133.63163484309408
simulated_annealing,rosenbrock,109,17000,133.63163484309408
simulated_annealing,rosenbrock,109,17100,133.63163484309408
simulated_annealing,rosenbrock,109,17200,133.63163484309408
simulated_annealing,rosenbrock,109,17300,133.63163484309408
simulated_annealing,rosenbrock,109,17400,133.63163484309408
simulated_annealing,rosenbrock,109,17500,133.63163484309408
simulated_annealing,rosenbrock,109,17600,133.63163484309408
simulated_annealing,rosenbrock,109,17700,133.63163484309408
simulated_annealing,rosenbrock,109,17800,133.63163484309408
simulated_annealing,rosenbrock,109,17900,133.63163484309408
simulated_annealing,rosenbrock,109,18000,133.63163484309408
simulated_annealing,rosenbrock,109,18100,133.63163484309408
simulated_annealing,rosenbrock,109,18200,133.63163484309408
simulated_annealing,rosenbrock,109,18300,133.63163484309408
simulated_annealing,rosenbrock,109,18400,133.63163484309408
simulated_annealing,rosenbrock,109,18500,133.63163484309408
simulated_annealing,rosenbrock,109,18600,133.63163484309408
simulated_annealing,rosenbrock,109,18700,133.63163484309408
simulated_annealing,rosenbrock,109,18800,133.63163484309408
simulated_annealing,rosenbrock,109,18900,133.63163484309408
simulated_annealing,rosenbrock,109,19000,133.63163484309408
simulated_annealing,rosenbrock,109,19100,133.63163484309408
simulated_annealing,rosenbrock,109,19200,133.63163484309408
simulated_annealing,rosenbrock,109,19300,133.63163484309408
simulated_annealing,rosenbrock,109,19400,133.63163484309408
simulated_annealing,rosenbrock,109,19500,133.63163484309408
simulated_annealing,rosenbrock,109,19600,133.63163484309408
simulated_annealing,rosenbrock,109,19700,133.63163484309408
simulated_annealing,rosenbrock,109,19800,133.63163484309408
simulated_annealing,rosenbrock,109,19900,133.63163484309408
simulated_annealing,rosenbrock,109,20000,133.63163484309408
simulated_annealing,rosenbrock,110,100,2566.706214483619
simulated_annealing,rosenbrock,110,200,586.8780745454841
simulated_annealing,rosenbrock,110,300,586.8780745454841
simulated_annealing,rosenbrock,110,400,431.50844470884823
simulated_annealing,rosenbrock,110,500,207.6264072020093
simulated_annealing,rosenbrock,110,600,207.6264072020093
simulated_annealing,rosenbrock,110,700,189.19397506398485
simulated_annealing,rosenbrock,110,800,189.19397506398485
simulated_annealing,rosenbrock,110,900,154.99404487951784
simulated_annealing,rosenbrock,110,1000,154.99404487951784
simulated_annealing,rosenbrock,110,1100,154.99404487951784
simulated_annealing,rosenbrock,110,1200,154.99404487951784
simulated_annealing,rosenbrock,110,1300,154.99404487951784
simulated_annealing,rosenbrock,110,1400,154.99404487951784
simulated_annealing,rosenbrock,110,1500,114.44266948269491
simulated_annealing,rosenbrock,110,1600,114.44266948269491
simulated_annealing,rosenbrock,110,1700,114.44266948269491
simulated_annealing,rosenbrock,110,1800,114.44266948269491
simulated_annealing,rosenbrock,110,1900,114.44266948269491
simulated_annealing,rosenbrock,110,2000,114.44266948269491
simulated_annealing,rosenbrock,110,2100,114.44266948269491
simulated_annealing,rosenbrock,110,2200,114.44266948269491
simulated_annealing,rosenbrock,110,2300,114.44266948269491
simulated_annealing,rosenbrock,110,2400,114.44266948269491
simulated_annealing,rosenbrock,110,2500,114.44266948269491
simulated_annealing,rosenbrock,110,2600,114.44266948269491
simulated_annealing,rosenbrock,110,2700,114.44266948269491
simulated_annealing,rosenbrock,110,2800,114.44266948269491
simulated_annealing,rosenbrock,110,2900,114.44266948269491
simulated_annealing,rosenbrock,110,3000,114.44266948269491
simulated_annealing,rosenbrock,110,3100,114.44266948269491
simulated_annealing,rosenbrock,110,3200,114.44266948269491
simulated_annealing,rosenbrock,110,3300,114.44266948269491
simulated_annealing,rosenbrock,110,3400,114.44266948269491
simulated_annealing,rosenbrock,110,3500,114.44266948269491
simulated_annealing,rosenbrock,110,3600,114.44266948269491
simulated_annealing,rosenbrock,110,3700,114.44266948269491
simulated_annealing,rosenbrock,110,3800,114.44266948269491
simulated_annealing,rosenbrock,110,3900,114.44266948269491
simulated_annealing,rosenbrock,110,4000,114.44266948269491
simulated_annealing,rosenbrock,110,4100,114.44266948269491
simulated_annealing,rosenbrock,110,4200,114.44266948269491
simulated_annealing,rosenbrock,110,4300,114.44266948269491
simulated_annealing,rosenbrock,110,4400,114.44266948269491
simulated_annealing,rosenbrock,110,4500,114.44266948269491
simulated_annealing,rosenbrock,110,4600,114.44266948269491
simulated_annealing,rosenbrock,110,4700,114.44266948269491
simulated_annealing,rosenbrock,110,4800,114.44266948269491
simulated_annealing,rosenbrock,110,4900,114.44266948269491
simulated_annealing,rosenbrock,110,5000,114.44266948269491
simulated_annealing,rosenbrock,110,5100,114.44266948269491
simulated_annealing,rosenbrock,110,5200,114.44266948269491
simulated_annealing,rosenbrock,110,5300,114.44266948269491
simulated_annealing,rosenbrock,110,5400,114.44266948269491
simulated_annealing,rosenbrock,110,5500,114.44266948269491
simulated_annealing,rosenbrock,110,5600,114.44266948269491
simulated_annealing,rosenbrock,110,5700,114.44266948269491
simulated_annealing,rosenbrock,110,5800,114.44266948269491
simulated_annealing,rosenbrock,110,5900,114.44266948269491
simulated_annealing,rosenbrock,110,6000,114.44266948269491
simulated_annealing,rosenbrock,110,6100,114.44266948269491
simulated_annealing,rosenbrock,110,6200,114.44266948269491
simulated_annealing,rosenbrock,110,6300,114.44266948269491
simulated_annealing,rosenbrock,110,6400,112.97708186378524
simulated_annealing,rosenbrock,110,6500,112.97708186378524
simulated_annealing,rosenbrock,110,6600,112.97708186378524
simulated_annealing,rosenbrock,110,6700,112.97708186378524
simulated_annealing,rosenbrock,110,6800,112.97708186378524
simulated_annealing,rosenbrock,110,6900,112.97708186378524
simulated_annealing,rosenbrock,110,7000,112.97708186378524
simulated_annealing,rosenbrock,110,7100,112.97708186378524
simulated_annealing,rosenbrock,110,7200,112.97708186378524
simulated_annealing,rosenbrock,110,7300,112.97708186378524
simulated_annealing,rosenbrock,110,7400,112.97708186378524
simulated_annealing,rosenbrock,110,7500,112.97708186378524
simulated_annealing,rosenbrock,110,7600,112.97708186378524
simulated_annealing,rosenbrock,110,7700,112.97708186378524
simulated_annealing,rosenbrock,110,7800,112.97708186378524
simulated_annealing,rosenbrock,110,7900,112.97708186378524
simulated_annealing,rosenbrock,110,8000,112.97708186378524
simulated_annealing,rosenbrock,110,8100,112.97708186378524
simulated_annealing,rosenbrock,110,8200,112.97708186378524
simulated_annealing,rosenbrock,110,8300,112.97708186378524
simulated_annealing,rosenbrock,110,8400,112.97708186378524
simulated_annealing,rosenbrock,110,8500,112.97708186378524
simulated_annealing,rosenbrock,110,8600,112.97708186378524
simulated_annealing,rosenbrock,110,8700,112.97708186378524
simulated_annealing,rosenbrock,110,8800,112.97708186378524
simulated_annealing,rosenbrock,110,8900,112.97708186378524
simulated_annealing,rosenbrock,110,9000,112.97708186378524
simulated_annealing,rosenbrock,110,9100,112.97708186378524
simulated_annealing,rosenbrock,110,9200,112.97708186378524
simulated_annealing,rosenbrock,110,9300,112.97708186378524
simulated_annealing,rosenbrock,110,9400,112.97708186378524
simulated_annealing,rosenbrock,110,9500,112.97708186378524
simulated_annealing,rosenbrock,110,9600,112.97708186378524
simulated_annealing,rosenbrock,110,9700,112.97708186378524
simulated_annealing,rosenbrock,110,9800,112.97708186378524
simulated_annealing,rosenbrock,110,9900,112.97708186378524
simulated_annealing,rosenbrock,110,10000,112.97708186378524
simulated_annealing,rosenbrock,110,10100,112.97708186378524
simulated_annealing,rosenbrock,110,10200,112.97708186378524
simulated_annealing,rosenbrock,110,10300,112.97708186378524
simulated_annealing,rosenbrock,110,10400,112.97708186378524
simulated_annealing,rosenbrock,110,10500,112.24032741451936
simulated_annealing,rosenbrock,110,10600,112.24032741451936
simulated_annealing,rosenbrock,110,10700,112.24032741451936
simulated_annealing,rosenbrock,110,10800,106.61617663024441
simulated_annealing,rosenbrock,110,10900,106.61617663024441
simulated_annealing,rosenbrock,110,11000,106.61617663024441
simulated_annealing,rosenbrock,110,11100,106.61617663024441
simulated_annealing,rosenbrock,110,11200,106.61617663024441
simulated_annealing,rosenbrock,110,11300,85.13901022950317
simulated_annealing,rosenbrock,110,11400,85.13901022950317
simulated_annealing,rosenbrock,110,11500,85.13901022950317
simulated_annealing,rosenbrock,110,11600,85.13901022950317
simulated_annealing,rosenbrock,110,11700,85.13901022950317
simulated_annealing,rosenbrock,110,11800,84.05501794148562
simulated_annealing,rosenbrock,110,11900,84.05501794148562
simulated_annealing,rosenbrock,110,12000,84.05501794148562
simulated_annealing,rosenbrock,110,12100,84.05501794148562
simulated_annealing,rosenbrock,110,12200,84.05501794148562
simulated_annealing,rosenbrock,110,12300,84.05501794148562
simulated_annealing,rosenbrock,110,12400,84.05501794148562
simulated_annealing,rosenbrock,110,12500,84.05501794148562
simulated_annealing,rosenbrock,110,12600,84.05501794148562
simulated_annealing,rosenbrock,110,12700,84.05501794148562
simulated_annealing,rosenbrock,110,12800,84.05501794148562
simulated_annealing,rosenbrock,110,12900,84.05501794148562
simulated_annealing,rosenbrock,110,13000,84.05501794148562
simulated_annealing,rosenbrock,110,13100,84.05501794148562
simulated_annealing,rosenbrock,110,13200,84.05501794148562
simulated_annealing,rosenbrock,110,13300,84.05501794148562
simulated_annealing,rosenbrock,110,13400,84.05501794148562
simulated_annealing,rosenbrock,110,13500,84.05501794148562
simulated_annealing,rosenbrock,110,13600,84.05501794148562
simulated_annealing,rosenbrock,110,13700,84.05501794148562
simulated_annealing,rosenbrock,110,13800,84.05501794148562
simulated_annealing,rosenbrock,110,13900,84.05501794148562
simulated_annealing,rosenbrock,110,14000,84.05501794148562
simulated_annealing,rosenbrock,110,14100,84.05501794148562
simulated_annealing,rosenbrock,110,14200,84.05501794148562
simulated_annealing,rosenbrock,110,14300,84.05501794148562
simulated_annealing,rosenbrock,110,14400,84.05501794148562
simulated_annealing,rosenbrock,110,14500,84.05501794148562
simulated_annealing,rosenbrock,110,14600,84.05501794148562
simulated_annealing,rosenbrock,110,14700,84.05501794148562
simulated_annealing,rosenbrock,110,14800,84.05501794148562
simulated_annealing,rosenbrock,110,14900,84.05501794148562
simulated_annealing,rosenbrock,110,15000,84.05501794148562
simulated_annealing,rosenbrock,110,15100,84.05501794148562
simulated_annealing,rosenbrock,110,15200,84.05501794148562
simulated_annealing,rosenbrock,110,15300,84.05501794148562
simulated_annealing,rosenbrock,110,15400,84.05501794148562
simulated_annealing,rosenbrock,110,15500,84.05501794148562
simulated_annealing,rosenbrock,110,15600,81.93303854550028
simulated_annealing,rosenbrock,110,15700,81.93303854550028
simulated_annealing,rosenbrock,110,15800,81.93303854550028
simulated_annealing,rosenbrock,110,15900,81.93303854550028
simulated_annealing,rosenbrock,110,16000,81.93303854550028
simulated_annealing,rosenbrock,110,16100,81.93303854550028
simulated_annealing,rosenbrock,110,16200,81.93303854550028
simulated_annealing,rosenbrock,110,16300,81.93303854550028
simulated_annealing,rosenbrock,110,16400,81.93303854550028
simulated_annealing,rosenbrock,110,16500,81.93303854550028
simulated_annealing,rosenbrock,110,16600,81.93303854550028
simulated_annealing,rosenbrock,110,16700,81.93303854550028
simulated_annealing,rosenbrock,110,16800,81.93303854550028
simulated_annealing,rosenbrock,110,16900,81.93303854550028
simulated_annealing,rosenbrock,110,17000,81.93303854550028
simulated_annealing,rosenbrock,110,17100,81.93303854550028
simulated_annealing,rosenbrock,110,17200,81.93303854550028
simulated_annealing,rosenbrock,110,17300,81.93303854550028
simulated_annealing,rosenbrock,110,17400,81.93303854550028
simulated_annealing,rosenbrock,110,17500,81.93303854550028
simulated_annealing,rosenbrock,110,17600,81.93303854550028
simulated_annealing,rosenbrock,110,17700,81.93303854550028
simulated_annealing,rosenbrock,110,17800,81.93303854550028
simulated_annealing,rosenbrock,110,17900,81.93303854550028
simulated_annealing,rosenbrock,110,18000,81.93303854550028
simulated_annealing,rosenbrock,110,18100,81.93303854550028
simulated_annealing,rosenbrock,110,18200,81.93303854550028
simulated_annealing,rosenbrock,110,18300,81.93303854550028
simulated_annealing,rosenbrock,110,18400,81.93303854550028
simulated_annealing,rosenbrock,110,18500,81.93303854550028
simulated_annealing,rosenbrock,110,18600,81.93303854550028
simulated_annealing,rosenbrock,110,18700,81.93303854550028
simulated_annealing,rosenbrock,110,18800,81.93303854550028
simulated_annealing,rosenbrock,110,18900,81.93303854550028
simulated_annealing,rosenbrock,110,19000,81.93303854550028
simulated_annealing,rosenbrock,110,19100,81.93303854550028
simulated_annealing,rosenbrock,110,19200,81.93303854550028
simulated_annealing,rosenbrock,110,19300,81.93303854550028
simulated_annealing,rosenbrock,110,19400,81.93303854550028
simulated_annealing,rosenbrock,110,19500,81.93303854550028
simulated_annealing,rosenbrock,110,19600,72.39985281859933
simulated_annealing,rosenbrock,110,19700,72.39985281859933
simulated_annealing,rosenbrock,110,19800,72.39985281859933
simulated_annealing,rosenbrock,110,19900,72.39985281859933
simulated_annealing,rosenbrock,110,20000,72.39985281859933
simulated_annealing,rosenbrock,111,100,6479.288067814554
simulated_annealing,rosenbrock,111,200,260.9983418814108
simulated_annealing,rosenbrock,111,300,260.9983418814108
simulated_annealing,rosenbrock,111,400,260.9983418814108
simulated_annealing,rosenbrock,111,500,260.9983418814108
simulated_annealing,rosenbrock,111,600,260.9983418814108
simulated_annealing,rosenbrock,111,700,260.9983418814108
simulated_annealing,rosenbrock,111,800,260.9983418814108
simulated_annealing,rosenbrock,111,900,213.16572970030512
simulated_annealing,rosenbrock,111,1000,133.79803755113852
simulated_annealing,rosenbrock,111,1100,133.79803755113852
simulated_annealing,rosenbrock,111,1200,133.79803755113852
simulated_annealing,rosenbrock,111,1300,133.79803755113852
simulated_annealing,rosenbrock,111,1400,133.79803755113852
simulated_annealing,rosenbrock,111,1500,133.79803755113852
simulated_annealing,rosenbrock,111,1600,133.79803755113852
simulated_annealing,rosenbrock,111,1700,77.31485825979324
simulated_annealing,rosenbrock,111,1800,77.31485825979324
simulated_annealing,rosenbrock,111,1900,77.31485825979324
simulated_annealing,rosenbrock,111,2000,77.31485825979324
simulated_annealing,rosenbrock,111,2100,67.50046357653095
simulated_annealing,rosenbrock,111,2200,67.50046357653095
simulated_annealing,rosenbrock,111,2300,67.50046357653095
simulated_annealing,rosenbrock,111,2400,67.50046357653095
simulated_annealing,rosenbrock,111,2500,67.50046357653095
simulated_annealing,rosenbrock,111,2600,67.50046357653095
simulated_annealing,rosenbrock,111,2700,67.50046357653095
simulated_annealing,rosenbrock,111,2800,67.50046357653095
simulated_annealing,rosenbrock,111,2900,67.50046357653095
simulated_annealing,rosenbrock,111,3000,67.50046357653095
simulated_annealing,rosenbrock,111,3100,67.50046357653095
simulated_annealing,rosenbrock,111,3200,67.50046357653095
simulated_annealing,rosenbrock,111,3300,67.50046357653095
simulated_annealing,rosenbrock,111,3400,67.50046357653095
simulated_annealing,rosenbrock,111,3500,67.50046357653095
simulated_annealing,rosenbrock,111,3600,67.50046357653095
simulated_annealing,rosenbrock,111,3700,67.50046357653095
simulated_annealing,rosenbrock,111,3800,67.50046357653095
simulated_annealing,rosenbrock,111,3900,67.50046357653095
simulated_annealing,rosenbrock,111,4000,67.50046357653095
simulated_annealing,rosenbrock,111,4100,67.50046357653095
simulated_annealing,rosenbrock,111,4200,67.50046357653095
simulated_annealing,rosenbrock,111,4300,67.50046357653095
simulated_annealing,rosenbrock,111,4400,67.50046357653095
simulated_annealing,rosenbrock,111,4500,67.50046357653095
simulated_annealing,rosenbrock,111,4600,67.50046357653095
simulated_annealing,rosenbrock,111,4700,67.50046357653095
simulated_annealing,rosenbrock,111,4800,67.50046357653095
simulated_annealing,rosenbrock,111,4900,67.50046357653095
simulated_annealing,rosenbrock,111,5000,67.50046357653095
simulated_annealing,rosenbrock,111,5100,67.50046357653095
simulated_annealing,rosenbrock,111,5200,67.50046357653095
simulated_annealing,rosenbrock,111,5300,62.920187877041535
simulated_annealing,rosenbrock,111,5400,62.920187877041535
simulated_annealing,rosenbrock,111,5500,62.920187877041535
simulated_annealing,rosenbrock,111,5600,62.920187877041535
simulated_annealing,rosenbrock,111,5700,62.920187877041535
simulated_annealing,rosenbrock,111,5800,62.920187877041535
simulated_annealing,rosenbrock,111,5900,62.920187877041535
simulated_annealing,rosenbrock,111,6000,62.920187877041535
simulated_annealing,rosenbrock,111,6100,62.920187877041535
simulated_annealing,rosenbrock,111,6200,62.920187877041535
simulated_annealing,rosenbrock,111,6300,62.920187877041535
simulated_annealing,rosenbrock,111,6400,62.920187877041535
simulated_annealing,rosenbrock,111,6500,62.920187877041535
simulated_annealing,rosenbrock,111,6600,62.920187877041535
simulated_annealing,rosenbrock,111,6700,62.920187877041535
simulated_annealing,rosenbrock,111,6800,62.920187877041535
simulated_annealing,rosenbrock,111,6900,62.920187877041535
simulated_annealing,rosenbrock,111,7000,62.920187877041535
simulated_annealing,rosenbrock,111,7100,62.920187877041535
simulated_annealing,rosenbrock,111,7200,62.920187877041535
simulated_annealing,rosenbrock,111,7300,62.920187877041535
simulated_annealing,rosenbrock,111,7400,62.920187877041535
simulated_annealing,rosenbrock,111,7500,62.920187877041535
simulated_annealing,rosenbrock,111,7600,62.920187877041535
simulated_annealing,rosenbrock,111,7700,62.920187877041535
simulated_annealing,rosenbrock,111,7800,62.920187877041535
simulated_annealing,rosenbrock,111,7900,62.920187877041535
simulated_annealing,rosenbrock,111,8000,62.920187877041535
simulated_annealing,rosenbrock,111,8100,62.920187877041535
simulated_annealing,rosenbrock,111,8200,62.920187877041535
simulated_annealing,rosenbrock,111,8300,62.920187877041535
simulated_annealing,rosenbrock,111,8400,62.920187877041535
simulated_annealing,rosenbrock,111,8500,62.920187877041535
simulated_annealing,rosenbrock,111,8600,62.920187877041535
simulated_annealing,rosenbrock,111,8700,62.920187877041535
simulated_annealing,rosenbrock,111,8800,62.920187877041535
simulated_annealing,rosenbrock,111,8900,62.920187877041535
simulated_annealing,rosenbrock,111,9000,62.920187877041535
simulated_annealing,rosenbrock,111,9100,62.920187877041535
simulated_annealing,rosenbrock,111,9200,62.920187877041535
simulated_annealing,rosenbrock,111,9300,62.920187877041535
simulated_annealing,rosenbrock,111,9400,62.920187877041535
simulated_annealing,rosenbrock,111,9500,62.920187877041535
simulated_annealing,rosenbrock,111,9600,62.920187877041535
simulated_annealing,rosenbrock,111,9700,62.920187877041535
simulated_annealing,rosenbrock,111,9800,62.920187877041535
simulated_annealing,rosenbrock,111,9900,62.920187877041535
simulated_annealing,rosenbrock,111,10000,62.920187877041535
simulated_annealing,rosenbrock,111,10100,62.920187877041535
simulated_annealing,rosenbrock,111,10200,62.920187877041535
simulated_annealing,rosenbrock,111,10300,62.920187877041535
simulated_annealing,rosenbrock,111,10400,62.920187877041535
simulated_annealing,rosenbrock,111,10500,62.920187877041535
simulated_annealing,rosenbrock,111,10600,62.920187877041535
simulated_annealing,rosenbrock,111,10700,62.920187877041535
simulated_annealing,rosenbrock,111,10800,62.920187877041535
simulated_annealing,rosenbrock,111,10900,62.920187877041535
simulated_annealing,rosenbrock,111,11000,62.920187877041535
simulated_annealing,rosenbrock,111,11100,62.920187877041535
simulated_annealing,rosenbrock,111,11200,62.920187877041535
simulated_annealing,rosenbrock,111,11300,62.920187877041535
simulated_annealing,rosenbrock,111,11400,62.920187877041535
simulated_annealing,rosenbrock,111,11500,62.920187877041535
simulated_annealing,rosenbrock,111,11600,62.920187877041535
simulated_annealing,rosenbrock,111,11700,62.920187877041535
simulated_annealing,rosenbrock,111,11800,62.920187877041535
simulated_annealing,rosenbrock,111,11900,62.920187877041535
simulated_annealing,rosenbrock,111,12000,62.920187877041535
simulated_annealing,rosenbrock,111,12100,62.920187877041535
simulated_annealing,rosenbrock,111,12200,62.920187877041535
simulated_annealing,rosenbrock,111,12300,62.920187877041535
simulated_annealing,rosenbrock,111,12400,62.920187877041535
simulated_annealing,rosenbrock,111,12500,62.920187877041535
simulated_annealing,rosenbrock,111,12600,62.920187877041535
simulated_annealing,rosenbrock,111,12700,62.920187877041535
simulated_annealing,rosenbrock,111,12800,62.920187877041535
simulated_annealing,rosenbrock,111,12900,62.920187877041535
simulated_annealing,rosenbrock,111,13000,62.920187877041535
simulated_annealing,rosenbrock,111,13100,62.920187877041535
simulated_annealing,rosenbrock,111,13200,62.920187877041535
simulated_annealing,rosenbrock,111,13300,62.920187877041535
simulated_annealing,rosenbrock,111,13400,62.920187877041535
simulated_annealing,rosenbrock,111,13500,62.920187877041535
simulated_annealing,rosenbrock,111,13600,62.920187877041535
simulated_annealing,rosenbrock,111,13700,62.920187877041535
simulated_annealing,rosenbrock,111,13800,62.920187877041535
simulated_annealing,rosenbrock,111,13900,62.920187877041535
simulated_annealing,rosenbrock,111,14000,62.920187877041535
simulated_annealing,rosenbrock,111,14100,62.920187877041535
simulated_annealing,rosenbrock,111,14200,62.920187877041535
simulated_annealing,rosenbrock,111,14300,48.54652857409765
simulated_annealing,rosenbrock,111,14400,48.54652857409765
simulated_annealing,rosenbrock,111,14500,48.54652857409765
simulated_annealing,rosenbrock,111,14600,48.54652857409765
simulated_annealing,rosenbrock,111,14700,48.54652857409765
simulated_annealing,rosenbrock,111,14800,48.54652857409765
simulated_annealing,rosenbrock,111,14900,48.54652857409765
simulated_annealing,rosenbrock,111,15000,48.54652857409765
simulated_annealing,rosenbrock,111,15100,48.54652857409765
simulated_annealing,rosenbrock,111,15200,48.54652857409765
simulated_annealing,rosenbrock,111,15300,48.54652857409765
simulated_annealing,rosenbrock,111,15400,48.54652857409765
simulated_annealing,rosenbrock,111,15500,48.54652857409765
simulated_annealing,rosenbrock,111,15600,48.54652857409765
simulated_annealing,rosenbrock,111,15700,48.54652857409765
simulated_annealing,rosenbrock,111,15800,48.54652857409765
simulated_annealing,rosenbrock,111,15900,48.54652857409765
simulated_annealing,rosenbrock,111,16000,48.54652857409765
simulated_annealing,rosenbrock,111,16100,48.54652857409765
simulated_annealing,rosenbrock,111,16200,48.54652857409765
simulated_annealing,rosenbrock,111,16300,48.54652857409765
simulated_annealing,rosenbrock,111,16400,48.54652857409765
simulated_annealing,rosenbrock,111,16500,48.54652857409765
simulated_annealing,rosenbrock,111,16600,48.54652857409765
simulated_annealing,rosenbrock,111,16700,48.54652857409765
simulated_annealing,rosenbrock,111,16800,48.54652857409765
simulated_annealing,rosenbrock,111,16900,48.54652857409765
simulated_annealing,rosenbrock,111,17000,48.54652857409765
simulated_annealing,rosenbrock,111,17100,48.54652857409765
simulated_annealing,rosenbrock,111,17200,48.54652857409765
simulated_annealing,rosenbrock,111,17300,48.54652857409765
simulated_annealing,rosenbrock,111,17400,48.54652857409765
simulated_annealing,rosenbrock,111,17500,48.54652857409765
simulated_annealing,rosenbrock,111,17600,48.54652857409765
simulated_annealing,rosenbrock,111,17700,48.54652857409765
simulated_annealing,rosenbrock,111,17800,48.54652857409765
simulated_annealing,rosenbrock,111,17900,48.54652857409765
simulated_annealing,rosenbrock,111,18000,48.54652857409765
simulated_annealing,rosenbrock,111,18100,48.54652857409765
simulated_annealing,rosenbrock,111,18200,48.54652857409765
simulated_annealing,rosenbrock,111,18300,48.54652857409765
simulated_annealing,rosenbrock,111,18400,48.54652857409765
simulated_annealing,rosenbrock,111,18500,48.54652857409765
simulated_annealing,rosenbrock,111,18600,48.54652857409765
simulated_annealing,rosenbrock,111,18700,48.54652857409765
simulated_annealing,rosenbrock,111,18800,48.54652857409765
simulated_annealing,rosenbrock,111,18900,48.54652857409765
simulated_annealing,rosenbrock,111,19000,48.54652857409765
simulated_annealing,rosenbrock,111,19100,48.54652857409765
simulated_annealing,rosenbrock,111,19200,48.54652857409765
simulated_annealing,rosenbrock,111,19300,48.54652857409765
simulated_annealing,rosenbrock,111,19400,48.54652857409765
simulated_annealing,rosenbrock,111,19500,48.54652857409765
simulated_annealing,rosenbrock,111,19600,48.54652857409765
simulated_annealing,rosenbrock,111,19700,48.54652857409765
simulated_annealing,rosenbrock,111,19800,48.54652857409765
simulated_annealing,rosenbrock,111,19900,48.54652857409765
simulated_annealing,rosenbrock,111,20000,48.54652857409765
simulated_annealing,rosenbrock,112,100,1500.148353321054
simulated_annealing,rosenbrock,112,200,1094.8259216557485
simulated_annealing,rosenbrock,112,300,1094.8259216557485
simulated_annealing,rosenbrock,112,400,1094.8259216557485
simulated_annealing,rosenbrock,112,500,1093.1151724066478
simulated_annealing,rosenbrock,112,600,1093.1151724066478
simulated_annealing,rosenbrock,112,700,981.3266402508419
simulated_annealing,rosenbrock,112,800,981.3266402508419
simulated_annealing,rosenbrock,112,900,896.7091187352939
simulated_annealing,rosenbrock,112,1000,790.937217649832
simulated_annealing,rosenbrock,112,1100,496.90017035961296
simulated_annealing,rosenbrock,112,1200,166.01011167968107
simulated_annealing,rosenbrock,112,1300,166.01011167968107
simulated_annealing,rosenbrock,112,1400,144.29338324681603
simulated_annealing,rosenbrock,112,1500,144.29338324681603
simulated_annealing,rosenbrock,112,1600,135.33660272440247
simulated_annealing,rosenbrock,112,1700,107.78462737180256
simulated_annealing,rosenbrock,112,1800,107.78462737180256
simulated_annealing,rosenbrock,112,1900,107.78462737180256
simulated_annealing,rosenbrock,112,2000,107.78462737180256
simulated_annealing,rosenbrock,112,2100,107.78462737180256
simulated_annealing,rosenbrock,112,2200,107.78462737180256
simulated_annealing,rosenbrock,112,2300,107.78462737180256
simulated_annealing,rosenbrock,112,2400,107.78462737180256
simulated_annealing,rosenbrock,112,2500,107.78462737180256
simulated_annealing,rosenbrock,112,2600,107.78462737180256
simulated_annealing,rosenbrock,112,2700,107.78462737180256
simulated_annealing,rosenbrock,112,2800,107.78462737180256
simulated_annealing,rosenbrock,112,2900,107.78462737180256
simulated_annealing,rosenbrock,112,3000,107.78462737180256
simulated_annealing,rosenbrock,112,3100,107.78462737180256
simulated_annealing,rosenbrock,112,3200,107.78462737180256
simulated_annealing,rosenbrock,112,3300,107.78462737180256
simulated_annealing,rosenbrock,112,3400,107.78462737180256
simulated_annealing,rosenbrock,112,3500,107.78462737180256
simulated_annealing,rosenbrock,112,3600,107.78462737180256
simulated_annealing,rosenbrock,112,3700,107.78462737180256
simulated_annealing,rosenbrock,112,3800,107.78462737180256
simulated_annealing,rosenbrock,112,3900,107.78462737180256
simulated_annealing,rosenbrock,112,4000,107.78462737180256
simulated_annealing,rosenbrock,112,4100,107.78462737180256
simulated_annealing,rosenbrock,112,4200,107.78462737180256
simulated_annealing,rosenbrock,112,4300,107.78462737180256
simulated_annealing,rosenbrock,112,4400,107.78462737180256
simulated_annealing,rosenbrock,112,4500,107.78462737180256
simulated_annealing,rosenbrock,112,4600,107.78462737180256
simulated_annealing,rosenbrock,112,4700,107.78462737180256
simulated_annealing,rosenbrock,112,4800,107.78462737180256
simulated_annealing,rosenbrock,112,4900,107.78462737180256
simulated_annealing,rosenbrock,112,5000,107.78462737180256
simulated_annealing,rosenbrock,112,5100,107.78462737180256
simulated_annealing,rosenbrock,112,5200,107.78462737180256
simulated_annealing,rosenbrock,112,5300,107.78462737180256
simulated_annealing,rosenbrock,112,5400,107.78462737180256
simulated_annealing,rosenbrock,112,5500,100.84175969519178
simulated_annealing,rosenbrock,112,5600,100.84175969519178
simulated_annealing,rosenbrock,112,5700,100.84175969519178
simulated_annealing,rosenbrock,112,5800,100.84175969519178
simulated_annealing,rosenbrock,112,5900,100.84175969519178
simulated_annealing,rosenbrock,112,6000,100.84175969519178
simulated_annealing,rosenbrock,112,6100,100.84175969519178
simulated_annealing,rosenbrock,112,6200,100.84175969519178
simulated_annealing,rosenbrock,112,6300,100.84175969519178
simulated_annealing,rosenbrock,112,6400,100.84175969519178
simulated_annealing,rosenbrock,112,6500,100.84175969519178
simulated_annealing,rosenbrock,112,6600,100.84175969519178
simulated_annealing,rosenbrock,112,6700,100.84175969519178
simulated_annealing,rosenbrock,112,6800,100.84175969519178
simulated_annealing,rosenbrock,112,6900,100.84175969519178
simulated_annealing,rosenbrock,112,7000,100.84175969519178
simulated_annealing,rosenbrock,112,7100,100.84175969519178
simulated_annealing,rosenbrock,112,7200,100.84175969519178
simulated_annealing,rosenbrock,112,7300,100.84175969519178
simulated_annealing,rosenbrock,112,7400,100.84175969519178
simulated_annealing,rosenbrock,112,7500,100.84175969519178
simulated_annealing,rosenbrock,112,7600,100.84175969519178
simulated_annealing,rosenbrock,112,7700,100.84175969519178
simulated_annealing,rosenbrock,112,7800,100.84175969519178
simulated_annealing,rosenbrock,112,7900,100.84175969519178
simulated_annealing,rosenbrock,112,8000,100.84175969519178
simulated_annealing,rosenbrock,112,8100,100.84175969519178
simulated_annealing,rosenbrock,112,8200,100.84175969519178
simulated_annealing,rosenbrock,112,8300,100.84175969519178
simulated_annealing,rosenbrock,112,8400,100.84175969519178
simulated_annealing,rosenbrock,112,8500,100.84175969519178
simulated_annealing,rosenbrock,112,8600,100.84175969519178
simulated_annealing,rosenbrock,112,8700,100.84175969519178
simulated_annealing,rosenbrock,112,8800,100.84175969519178
simulated_annealing,rosenbrock,112,8900,100.84175969519178
simulated_annealing,rosenbrock,112,9000,100.84175969519178
simulated_annealing,rosenbrock,112,9100,100.84175969519178
simulated_annealing,rosenbrock,112,9200,100.84175969519178
simulated_annealing,rosenbrock,112,9300,100.84175969519178
simulated_annealing,rosenbrock,112,9400,100.84175969519178
simulated_annealing,rosenbrock,112,9500,100.84175969519178
simulated_annealing,rosenbrock,112,9600,100.84175969519178
simulated_annealing,rosenbrock,112,9700,100.84175969519178
simulated_annealing,rosenbrock,112,9800,100.84175969519178
simulated_annealing,rosenbrock,112,9900,100.84175969519178
simulated_annealing,rosenbrock,112,10000,100.84175969519178
simulated_annealing,rosenbrock,112,10100,66.35760927315151
simulated_annealing,rosenbrock,112,10200,66.35760927315151
simulated_annealing,rosenbrock,112,10300,66.35760927315151
simulated_annealing,rosenbrock,112,10400,66.35760927315151
simulated_annealing,rosenbrock,112,10500,66.35760927315151
simulated_annealing,rosenbrock,112,10600,66.35760927315151
simulated_annealing,rosenbrock,112,10700,66.35760927315151
simulated_annealing,rosenbrock,112,10800,66.35760927315151
simulated_annealing,rosenbrock,112,10900,66.35760927315151
simulated_annealing,rosenbrock,112,11000,66.35760927315151
simulated_annealing,rosenbrock,112,11100,66.35760927315151
simulated_annealing,rosenbrock,112,11200,66.35760927315151
simulated_annealing,rosenbrock,112,11300,66.35760927315151
simulated_annealing,rosenbrock,112,11400,66.35760927315151
simulated_annealing,rosenbrock,112,11500,66.35760927315151
simulated_annealing,rosenbrock,112,11600,66.35760927315151
simulated_annealing,rosenbrock,112,11700,66.35760927315151
simulated_annealing,rosenbrock,112,11800,66.35760927315151
simulated_annealing,rosenbrock,112,11900,66.35760927315151
simulated_annealing,rosenbrock,112,12000,66.35760927315151
simulated_annealing,rosenbrock,112,12100,66.35760927315151
simulated_annealing,rosenbrock,112,12200,66.35760927315151
simulated_annealing,rosenbrock,112,12300,66.35760927315151
simulated_annealing,rosenbrock,112,12400,66.35760927315151
simulated_annealing,rosenbrock,112,12500,66.35760927315151
simulated_annealing,rosenbrock,112,12600,66.35760927315151
simulated_annealing,rosenbrock,112,12700,66.35760927315151
simulated_annealing,rosenbrock,112,12800,66.35760927315151
simulated_annealing,rosenbrock,112,12900,66.35760927315151
simulated_annealing,rosenbrock,112,13000,66.35760927315151
simulated_annealing,rosenbrock,112,13100,66.35760927315151
simulated_annealing,rosenbrock,112,13200,66.35760927315151
simulated_annealing,rosenbrock,112,13300,66.35760927315151
simulated_annealing,rosenbrock,112,13400,66.35760927315151
simulated_annealing,rosenbrock,112,13500,66.35760927315151
simulated_annealing,rosenbrock,112,13600,66.35760927315151
simulated_annealing,rosenbrock,112,13700,66.35760927315151
simulated_annealing,rosenbrock,112,13800,66.35760927315151
simulated_annealing,rosenbrock,112,13900,66.35760927315151
simulated_annealing,rosenbrock,112,14000,66.35760927315151
simulated_annealing,rosenbrock,112,14100,66.35760927315151
simulated_annealing,rosenbrock,112,14200,66.35760927315151
simulated_annealing,rosenbrock,112,14300,66.35760927315151
simulated_annealing,rosenbrock,112,14400,66.35760927315151
simulated_annealing,rosenbrock,112,14500,66.35760927315151
simulated_annealing,rosenbrock,112,14600,66.35760927315151
simulated_annealing,rosenbrock,112,14700,66.35760927315151
simulated_annealing,rosenbrock,112,14800,66.35760927315151
simulated_annealing,rosenbrock,112,14900,66.35760927315151
simulated_annealing,rosenbrock,112,15000,66.35760927315151
simulated_annealing,rosenbrock,112,15100,66.35760927315151
simulated_annealing,rosenbrock,112,15200,66.35760927315151
simulated_annealing,rosenbrock,112,15300,66.35760927315151
simulated_annealing,rosenbrock,112,15400,66.35760927315151
simulated_annealing,rosenbrock,112,15500,66.35760927315151
simulated_annealing,rosenbrock,112,15600,66.35760927315151
simulated_annealing,rosenbrock,112,15700,66.35760927315151
simulated_annealing,rosenbrock,112,15800,66.35760927315151
simulated_annealing,rosenbrock,112,15900,66.35760927315151
simulated_annealing,rosenbrock,112,16000,66.35760927315151
simulated_annealing,rosenbrock,112,16100,66.35760927315151
simulated_annealing,rosenbrock,112,16200,66.35760927315151
simulated_annealing,rosenbrock,112,16300,66.35760927315151
simulated_annealing,rosenbrock,112,16400,66.35760927315151
simulated_annealing,rosenbrock,112,16500,66.35760927315151
simulated_annealing,rosenbrock,112,16600,66.35760927315151
simulated_annealing,rosenbrock,112,16700,66.35760927315151
simulated_annealing,rosenbrock,112,16800,66.35760927315151
simulated_annealing,rosenbrock,112,16900,55.2062447608168
simulated_annealing,rosenbrock,112,17000,55.2062447608168
simulated_annealing,rosenbrock,112,17100,55.2062447608168
simulated_annealing,rosenbrock,112,17200,55.2062447608168
simulated_annealing,rosenbrock,112,17300,55.2062447608168
simulated_annealing,rosenbrock,112,17400,55.2062447608168
simulated_annealing,rosenbrock,112,17500,55.2062447608168
simulated_annealing,rosenbrock,112,17600,55.2062447608168
simulated_annealing,rosenbrock,112,17700,55.2062447608168
simulated_annealing,rosenbrock,112,17800,55.2062447608168
simulated_annealing,rosenbrock,112,17900,55.2062447608168
simulated_annealing,rosenbrock,112,18000,55.2062447608168
simulated_annealing,rosenbrock,112,18100,55.2062447608168
simulated_annealing,rosenbrock,112,18200,55.2062447608168
simulated_annealing,rosenbrock,112,18300,55.2062447608168
simulated_annealing,rosenbrock,112,18400,55.2062447608168
simulated_annealing,rosenbrock,112,18500,55.2062447608168
simulated_annealing,rosenbrock,112,18600,55.2062447608168
simulated_annealing,rosenbrock,112,18700,55.2062447608168
simulated_annealing,rosenbrock,112,18800,55.2062447608168
simulated_annealing,rosenbrock,112,18900,55.2062447608168
simulated_annealing,rosenbrock,112,19000,55.2062447608168
simulated_annealing,rosenbrock,112,19100,55.2062447608168
simulated_annealing,rosenbrock,112,19200,55.2062447608168
simulated_annealing,rosenbrock,112,19300,55.2062447608168
simulated_annealing,rosenbrock,112,19400,55.2062447608168
simulated_annealing,rosenbrock,112,19500,55.2062447608168
simulated_annealing,rosenbrock,112,19600,55.2062447608168
simulated_annealing,rosenbrock,112,19700,55.2062447608168
simulated_annealing,rosenbrock,112,19800,55.2062447608168
simulated_annealing,rosenbrock,112,19900,55.2062447608168
simulated_annealing,rosenbrock,112,20000,55.2062447608168
simulated_annealing,rosenbrock,113,100,1566.7921966434383
simulated_annealing,rosenbrock,113,200,952.9637290414279
simulated_annealing,rosenbrock,113,300,952.9637290414279
simulated_annealing,rosenbrock,113,400,952.9637290414279
simulated_annealing,rosenbrock,113,500,952.9637290414279
simulated_annealing,rosenbrock,113,600,952.9637290414279
simulated_annealing,rosenbrock,113,700,952.9637290414279
simulated_annealing,rosenbrock,113,800,841.0525163801202
simulated_annealing,rosenbrock,113,900,841.0525163801202
simulated_annealing,rosenbrock,113,1000,669.5361874053484
simulated_annealing,rosenbrock,113,1100,491.03097554969816
simulated_annealing,rosenbrock,113,1200,491.03097554969816
simulated_annealing,rosenbrock,113,1300,491.03097554969816
simulated_annealing,rosenbrock,113,1400,265.70681292656224
simulated_annealing,rosenbrock,113,1500,143.1149252793169
simulated_annealing,rosenbrock,113,1600,143.1149252793169
simulated_annealing,rosenbrock,113,1700,143.1149252793169
simulated_annealing,rosenbrock,113,1800,143.1149252793169
simulated_annealing,rosenbrock,113,1900,143.1149252793169
simulated_annealing,rosenbrock,113,2000,143.1149252793169
simulated_annealing,rosenbrock,113,2100,141.92475858557344
simulated_annealing,rosenbrock,113,2200,141.92475858557344
simulated_annealing,rosenbrock,113,2300,121.2252161898559
simulated_annealing,rosenbrock,113,2400,121.2252161898559
simulated_annealing,rosenbrock,113,2500,86.59162707354272
simulated_annealing,rosenbrock,113,2600,72.69625660286586
simulated_annealing,rosenbrock,113,2700,72.69625660286586
simulated_annealing,rosenbrock,113,2800,72.69625660286586
simulated_annealing,rosenbrock,113,2900,72.69625660286586
simulated_annealing,rosenbrock,113,3000,72.69625660286586
simulated_annealing,rosenbrock,113,3100,72.69625660286586
simulated_annealing,rosenbrock,113,3200,72.69625660286586
simulated_annealing,rosenbrock,113,3300,72.69625660286586
simulated_annealing,rosenbrock,113,3400,72.69625660286586
simulated_annealing,rosenbrock,113,3500,72.69625660286586
simulated_annealing,rosenbrock,113,3600,72.69625660286586
simulated_annealing,rosenbrock,113,3700,72.69625660286586
simulated_annealing,rosenbrock,113,3800,72.69625660286586
simulated_annealing,rosenbrock,113,3900,72.69625660286586
simulated_annealing,rosenbrock,113,4000,72.69625660286586
simulated_annealing,rosenbrock,113,4100,72.69625660286586
simulated_annealing,rosenbrock,113,4200,72.69625660286586
simulated_annealing,rosenbrock,113,4300,72.69625660286586
simulated_annealing,rosenbrock,113,4400,72.69625660286586
simulated_annealing,rosenbrock,113,4500,72.69625660286586
simulated_annealing,rosenbrock,113,4600,72.69625660286586
simulated_annealing,rosenbrock,113,4700,72.69625660286586
simulated_annealing,rosenbrock,113,4800,72.69625660286586
simulated_annealing,rosenbrock,113,4900,72.69625660286586
simulated_annealing,rosenbrock,113,5000,72.69625660286586
simulated_annealing,rosenbrock,113,5100,72.69625660286586
simulated_annealing,rosenbrock,113,5200,72.69625660286586
simulated_annealing,rosenbrock,113,5300,72.69625660286586
simulated_annealing,rosenbrock,113,5400,72.69625660286586
simulated_annealing,rosenbrock,113,5500,72.69625660286586
simulated_annealing,rosenbrock,113,5600,72.69625660286586
simulated_annealing,rosenbrock,113,5700,72.69625660286586
simulated_annealing,rosenbrock,113,5800,72.69625660286586
simulated_annealing,rosenbrock,113,5900,72.69625660286586
simulated_annealing,rosenbrock,113,6000,72.69625660286586
simulated_annealing,rosenbrock,113,6100,72.69625660286586
simulated_annealing,rosenbrock,113,6200,72.69625660286586
simulated_annealing,rosenbrock,113,6300,72.69625660286586
simulated_annealing,rosenbrock,113,6400,72.69625660286586
simulated_annealing,rosenbrock,113,6500,57.5798471281111
simulated_annealing,rosenbrock,113,6600,57.5798471281111
simulated_annealing,rosenbrock,113,6700,57.5798471281111
simulated_annealing,rosenbrock,113,6800,57.5798471281111
simulated_annealing,rosenbrock,113,6900,57.5798471281111
simulated_annealing,rosenbrock,113,7000,57.5798471281111
simulated_annealing,rosenbrock,113,7100,57.5798471281111
simulated_annealing,rosenbrock,113,7200,57.5798471281111
simulated_annealing,rosenbrock,113,7300,57.5798471281111
simulated_annealing,rosenbrock,113,7400,57.5798471281111
simulated_annealing,rosenbrock,113,7500,57.5798471281111
simulated_annealing,rosenbrock,113,7600,57.5798471281111
simulated_annealing,rosenbrock,113,7700,57.5798471281111
simulated_annealing,rosenbrock,113,7800,57.5798471281111
simulated_annealing,rosenbrock,113,7900,57.5798471281111
simulated_annealing,rosenbrock,113,8000,57.5798471281111
simulated_annealing,rosenbrock,113,8100,57.5798471281111
simulated_annealing,rosenbrock,113,8200,57.5798471281111
simulated_annealing,rosenbrock,113,8300,57.5798471281111
simulated_annealing,rosenbrock,113,8400,57.5798471281111
simulated_annealing,rosenbrock,113,8500,57.5798471281111
simulated_annealing,rosenbrock,113,8600,57.5798471281111
simulated_annealing,rosenbrock,113,8700,57.5798471281111
simulated_annealing,rosenbrock,113,8800,57.5798471281111
simulated_annealing,rosenbrock,113,8900,57.5798471281111
simulated_annealing,rosenbrock,113,9000,57.5798471281111
simulated_annealing,rosenbrock,113,9100,57.5798471281111
simulated_annealing,rosenbrock,113,9200,57.5798471281111
simulated_annealing,rosenbrock,113,9300,57.5798471281111
simulated_annealing,rosenbrock,113,9400,57.5798471281111
simulated_annealing,rosenbrock,113,9500,57.5798471281111
simulated_annealing,rosenbrock,113,9600,57.5798471281111
simulated_annealing,rosenbrock,113,9700,57.5798471281111
simulated_annealing,rosenbrock,113,9800,57.5798471281111
simulated_annealing,rosenbrock,113,9900,57.5798471281111
simulated_annealing,rosenbrock,113,10000,57.5798471281111
simulated_annealing,rosenbrock,113,10100,57.5798471281111
simulated_annealing,rosenbrock,113,10200,57.5798471281111
simulated_annealing,rosenbrock,113,10300,57.5798471281111
simulated_annealing,rosenbrock,113,10400,57.5798471281111
simulated_annealing,rosenbrock,113,10500,57.5798471281111
simulated_annealing,rosenbrock,113,10600,57.5798471281111
simulated_annealing,rosenbrock,113,10700,57.5798471281111
simulated_annealing,rosenbrock,113,10800,57.5798471281111
simulated_annealing,rosenbrock,113,10900,57.5798471281111
simulated_annealing,rosenbrock,113,11000,57.5798471281111
simulated_annealing,rosenbrock,113,11100,57.5798471281111
simulated_annealing,rosenbrock,113,11200,57.5798471281111
simulated_annealing,rosenbrock,113,11300,57.5798471281111
simulated_annealing,rosenbrock,113,11400,57.5798471281111
simulated_annealing,rosenbrock,113,11500,57.5798471281111
simulated_annealing,rosenbrock,113,11600,57.5798471281111
simulated_annealing,rosenbrock,113,11700,57.5798471281111
simulated_annealing,rosenbrock,113,11800,57.5798471281111
simulated_annealing,rosenbrock,113,11900,57.5798471281111
simulated_annealing,rosenbrock,113,12000,57.5798471281111
simulated_annealing,rosenbrock,113,12100,57.5798471281111
simulated_annealing,rosenbrock,113,12200,57.5798471281111
simulated_annealing,rosenbrock,113,12300,57.5798471281111
simulated_annealing,rosenbrock,113,12400,57.5798471281111
simulated_annealing,rosenbrock,113,12500,57.5798471281111
simulated_annealing,rosenbrock,113,12600,57.5798471281111
simulated_annealing,rosenbrock,113,12700,57.5798471281111
simulated_annealing,rosenbrock,113,12800,57.5798471281111
simulated_annealing,rosenbrock,113,12900,57.5798471281111
simulated_annealing,rosenbrock,113,13000,57.5798471281111
simulated_annealing,rosenbrock,113,13100,57.5798471281111
simulated_annealing,rosenbrock,113,13200,57.5798471281111
simulated_annealing,rosenbrock,113,13300,57.5798471281111
simulated_annealing,rosenbrock,113,13400,57.5798471281111
simulated_annealing,rosenbrock,113,13500,57.5798471281111
simulated_annealing,rosenbrock,113,13600,57.5798471281111
simulated_annealing,rosenbrock,113,13700,57.5798471281111
simulated_annealing,rosenbrock,113,13800,57.5798471281111
simulated_annealing,rosenbrock,113,13900,57.5798471281111
simulated_annealing,rosenbrock,113,14000,57.5798471281111
simulated_annealing,rosenbrock,113,14100,57.5798471281111
simulated_annealing,rosenbrock,113,14200,57.5798471281111
simulated_annealing,rosenbrock,113,14300,57.5798471281111
simulated_annealing,rosenbrock,113,14400,57.5798471281111
simulated_annealing,rosenbrock,113,14500,57.5798471281111
simulated_annealing,rosenbrock,113,14600,57.5798471281111
simulated_annealing,rosenbrock,113,14700,57.5798471281111
simulated_annealing,rosenbrock,113,14800,57.5798471281111
simulated_annealing,rosenbrock,113,14900,57.5798471281111
simulated_annealing,rosenbrock,113,15000,57.5798471281111
simulated_annealing,rosenbrock,113,15100,57.5798471281111
simulated_annealing,rosenbrock,113,15200,57.5798471281111
simulated_annealing,rosenbrock,113,15300,57.5798471281111
simulated_annealing,rosenbrock,113,15400,57.5798471281111
simulated_annealing,rosenbrock,113,15500,57.5798471281111
simulated_annealing,rosenbrock,113,15600,57.5798471281111
simulated_annealing,rosenbrock,113,15700,57.5798471281111
simulated_annealing,rosenbrock,113,15800,57.5798471281111
simulated_annealing,rosenbrock,113,15900,57.5798471281111
simulated_annealing,rosenbrock,113,16000,57.5798471281111
simulated_annealing,rosenbrock,113,16100,57.5798471281111
simulated_annealing,rosenbrock,113,16200,57.5798471281111
simulated_annealing,rosenbrock,113,16300,57.5798471281111
simulated_annealing,rosenbrock,113,16400,57.5798471281111
simulated_annealing,rosenbrock,113,16500,57.5798471281111
simulated_annealing,rosenbrock,113,16600,57.5798471281111
simulated_annealing,rosenbrock,113,16700,57.5798471281111
simulated_annealing,rosenbrock,113,16800,57.5798471281111
simulated_annealing,rosenbrock,113,16900,57.5798471281111
simulated_annealing,rosenbrock,113,17000,57.5798471281111
simulated_annealing,rosenbrock,113,17100,57.5798471281111
simulated_annealing,rosenbrock,113,17200,57.5798471281111
simulated_annealing,rosenbrock,113,17300,57.5798471281111
simulated_annealing,rosenbrock,113,17400,57.5798471281111
simulated_annealing,rosenbrock,113,17500,57.5798471281111
simulated_annealing,rosenbrock,113,17600,57.5798471281111
simulated_annealing,rosenbrock,113,17700,57.5798471281111
simulated_annealing,rosenbrock,113,17800,57.5798471281111
simulated_annealing,rosenbrock,113,17900,57.5798471281111
simulated_annealing,rosenbrock,113,18000,57.5798471281111
simulated_annealing,rosenbrock,113,18100,57.5798471281111
simulated_annealing,rosenbrock,113,18200,57.5798471281111
simulated_annealing,rosenbrock,113,18300,57.5798471281111
simulated_annealing,rosenbrock,113,18400,57.5798471281111
simulated_annealing,rosenbrock,113,18500,57.5798471281111
simulated_annealing,rosenbrock,113,18600,57.5798471281111
simulated_annealing,rosenbrock,113,18700,57.5798471281111
simulated_annealing,rosenbrock,113,18800,57.5798471281111
simulated_annealing,rosenbrock,113,18900,57.5798471281111
simulated_annealing,rosenbrock,113,19000,57.5798471281111
simulated_annealing,rosenbrock,113,19100,57.5798471281111
simulated_annealing,rosenbrock,113,19200,57.5798471281111
simulated_annealing,rosenbrock,113,19300,57.5798471281111
simulated_annealing,rosenbrock,113,19400,57.5798471281111
simulated_annealing,rosenbrock,113,19500,57.5798471281111
simulated_annealing,rosenbrock,113,19600,57.5798471281111
simulated_annealing,rosenbrock,113,19700,57.5798471281111
simulated_annealing,rosenbrock,113,19800,57.5798471281111
simulated_annealing,rosenbrock,113,19900,57.5798471281111
simulated_annealing,rosenbrock,113,20000,57.5798471281111
simulated_annealing,rosenbrock,114,100,1898.8735051343238
simulated_annealing,rosenbrock,114,200,215.21000006520603
simulated_annealing,rosenbrock,114,300,215.21000006520603
simulated_annealing,rosenbrock,114,400,215.21000006520603
simulated_annealing,rosenbrock,114,500,211.7413332905654
simulated_annealing,rosenbrock,114,600,115.24828250786439
simulated_annealing,rosenbrock,114,700,115.24828250786439
simulated_annealing,rosenbrock,114,800,115.24828250786439
simulated_annealing,rosenbrock,114,900,115.24828250786439
simulated_annealing,rosenbrock,114,1000,115.24828250786439
simulated_annealing,rosenbrock,114,1100,115.24828250786439
simulated_annealing,rosenbrock,114,1200,115.24828250786439
simulated_annealing,rosenbrock,114,1300,115.24828250786439
simulated_annealing,rosenbrock,114,1400,115.24828250786439
simulated_annealing,rosenbrock,114,1500,115.24828250786439
simulated_annealing,rosenbrock,114,1600,115.24828250786439
simulated_annealing,rosenbrock,114,1700,115.24828250786439
simulated_annealing,rosenbrock,114,1800,115.24828250786439
simulated_annealing,rosenbrock,114,1900,115.24828250786439
simulated_annealing,rosenbrock,114,2000,115.24828250786439
simulated_annealing,rosenbrock,114,2100,87.63274209724152
simulated_annealing,rosenbrock,114,2200,87.63274209724152
simulated_annealing,rosenbrock,114,2300,87.63274209724152
simulated_annealing,rosenbrock,114,2400,76.18992088392842
simulated_annealing,rosenbrock,114,2500,76.18992088392842
simulated_annealing,rosenbrock,114,2600,76.18992088392842
simulated_annealing,rosenbrock,114,2700,76.18992088392842
simulated_annealing,rosenbrock,114,2800,76.18992088392842
simulated_annealing,rosenbrock,114,2900,76.18992088392842
simulated_annealing,rosenbrock,114,3000,76.18992088392842
simulated_annealing,rosenbrock,114,3100,76.18992088392842
simulated_annealing,rosenbrock,114,3200,76.18992088392842
simulated_annealing,rosenbrock,114,3300,76.18992088392842
simulated_annealing,rosenbrock,114,3400,76.18992088392842
simulated_annealing,rosenbrock,114,3500,76.18992088392842
simulated_annealing,rosenbrock,114,3600,76.18992088392842
simulated_annealing,rosenbrock,114,3700,76.18992088392842
simulated_annealing,rosenbrock,114,3800,76.18992088392842
simulated_annealing,rosenbrock,114,3900,76.18992088392842
simulated_annealing,rosenbrock,114,4000,76.18992088392842
simulated_annealing,rosenbrock,114,4100,76.18992088392842
simulated_annealing,rosenbrock,114,4200,76.18992088392842
simulated_annealing,rosenbrock,114,4300,76.18992088392842
simulated_annealing,rosenbrock,114,4400,76.18992088392842
simulated_annealing,rosenbrock,114,4500,63.64798205862832
simulated_annealing,rosenbrock,114,4600,63.64798205862832
simulated_annealing,rosenbrock,114,4700,63.64798205862832
simulated_annealing,rosenbrock,114,4800,63.64798205862832
simulated_annealing,rosenbrock,114,4900,63.64798205862832
simulated_annealing,rosenbrock,114,5000,63.64798205862832
simulated_annealing,rosenbrock,114,5100,50.868233614890244
simulated_annealing,rosenbrock,114,5200,50.868233614890244
simulated_annealing,rosenbrock,114,5300,50.868233614890244
simulated_annealing,rosenbrock,114,5400,50.868233614890244
simulated_annealing,rosenbrock,114,5500,50.868233614890244
simulated_annealing,rosenbrock,114,5600,50.868233614890244
simulated_annealing,rosenbrock,114,5700,50.868233614890244
simulated_annealing,rosenbrock,114,5800,50.868233614890244
simulated_annealing,rosenbrock,114,5900,50.868233614890244
simulated_annealing,rosenbrock,114,6000,50.868233614890244
simulated_annealing,rosenbrock,114,6100,50.868233614890244
simulated_annealing,rosenbrock,114,6200,50.868233614890244
simulated_annealing,rosenbrock,114,6300,50.868233614890244
simulated_annealing,rosenbrock,114,6400,50.868233614890244
simulated_annealing,rosenbrock,114,6500,50.868233614890244
simulated_annealing,rosenbrock,114,6600,50.868233614890244
simulated_annealing,rosenbrock,114,6700,50.868233614890244
simulated_annealing,rosenbrock,114,6800,50.868233614890244
simulated_annealing,rosenbrock,114,6900,50.868233614890244
simulated_annealing,rosenbrock,114,7000,50.868233614890244
simulated_annealing,rosenbrock,114,7100,50.868233614890244
simulated_annealing,rosenbrock,114,7200,50.868233614890244
simulated_annealing,rosenbrock,114,7300,50.868233614890244
simulated_annealing,rosenbrock,114,7400,50.868233614890244
simulated_annealing,rosenbrock,114,7500,50.868233614890244
simulated_annealing,rosenbrock,114,7600,50.868233614890244
simulated_annealing,rosenbrock,114,7700,50.868233614890244
simulated_annealing,rosenbrock,114,7800,50.868233614890244
simulated_annealing,rosenbrock,114,7900,50.868233614890244
simulated_annealing,rosenbrock,114,8000,50.868233614890244
simulated_annealing,rosenbrock,114,8100,50.868233614890244
simulated_annealing,rosenbrock,114,8200,50.868233614890244
simulated_annealing,rosenbrock,114,8300,50.868233614890244
simulated_annealing,rosenbrock,114,8400,50.868233614890244
simulated_annealing,rosenbrock,114,8500,50.868233614890244
simulated_annealing,rosenbrock,114,8600,50.868233614890244
simulated_annealing,rosenbrock,114,8700,50.868233614890244
simulated_annealing,rosenbrock,114,8800,50.868233614890244
simulated_annealing,rosenbrock,114,8900,50.868233614890244
simulated_annealing,rosenbrock,114,9000,50.868233614890244
simulated_annealing,rosenbrock,114,9100,50.868233614890244
simulated_annealing,rosenbrock,114,9200,50.868233614890244
simulated_annealing,rosenbrock,114,9300,50.868233614890244
simulated_annealing,rosenbrock,114,9400,50.868233614890244
simulated_annealing,rosenbrock,114,9500,50.868233614890244
simulated_annealing,rosenbrock,114,9600,50.868233614890244
simulated_annealing,rosenbrock,114,9700,50.868233614890244
simulated_annealing,rosenbrock,114,9800,50.868233614890244
simulated_annealing,rosenbrock,114,9900,50.868233614890244
simulated_annealing,rosenbrock,114,10000,50.868233614890244
simulated_annealing,rosenbrock,114,10100,50.868233614890244
simulated_annealing,rosenbrock,114,10200,50.868233614890244
simulated_annealing,rosenbrock,114,10300,50.868233614890244
simulated_annealing,rosenbrock,114,10400,50.868233614890244
simulated_annealing,rosenbrock,114,10500,50.868233614890244
simulated_annealing,rosenbrock,114,10600,50.868233614890244
simulated_annealing,rosenbrock,114,10700,50.868233614890244
simulated_annealing,rosenbrock,114,10800,50.868233614890244
simulated_annealing,rosenbrock,114,10900,50.868233614890244
simulated_annealing,rosenbrock,114,11000,50.868233614890244
simulated_annealing,rosenbrock,114,11100,50.868233614890244
simulated_annealing,rosenbrock,114,11200,50.868233614890244
simulated_annealing,rosenbrock,114,11300,50.868233614890244
simulated_annealing,rosenbrock,114,11400,50.868233614890244
simulated_annealing,rosenbrock,114,11500,46.891207513325305
simulated_annealing,rosenbrock,114,11600,46.891207513325305
simulated_annealing,rosenbrock,114,11700,46.891207513325305
simulated_annealing,rosenbrock,114,11800,46.891207513325305
simulated_annealing,rosenbrock,114,11900,46.891207513325305
simulated_annealing,rosenbrock,114,12000,46.891207513325305
simulated_annealing,rosenbrock,114,12100,46.891207513325305
simulated_annealing,rosenbrock,114,12200,46.891207513325305
simulated_annealing,rosenbrock,114,12300,46.891207513325305
simulated_annealing,rosenbrock,114,12400,46.891207513325305
simulated_annealing,rosenbrock,114,12500,46.891207513325305
simulated_annealing,rosenbrock,114,12600,46.891207513325305
simulated_annealing,rosenbrock,114,12700,46.891207513325305
simulated_annealing,rosenbrock,114,12800,46.891207513325305
simulated_annealing,rosenbrock,114,12900,46.891207513325305
simulated_annealing,rosenbrock,114,13000,46.891207513325305
simulated_annealing,rosenbrock,114,13100,46.891207513325305
simulated_annealing,rosenbrock,114,13200,46.891207513325305
simulated_annealing,rosenbrock,114,13300,46.891207513325305
simulated_annealing,rosenbrock,114,13400,46.891207513325305
simulated_annealing,rosenbrock,114,13500,46.891207513325305
simulated_annealing,rosenbrock,114,13600,46.891207513325305
simulated_annealing,rosenbrock,114,13700,46.891207513325305
simulated_annealing,rosenbrock,114,13800,46.891207513325305
simulated_annealing,rosenbrock,114,13900,46.891207513325305
simulated_annealing,rosenbrock,114,14000,46.891207513325305
simulated_annealing,rosenbrock,114,14100,46.891207513325305
simulated_annealing,rosenbrock,114,14200,46.891207513325305
simulated_annealing,rosenbrock,114,14300,46.891207513325305
simulated_annealing,rosenbrock,114,14400,46.891207513325305
simulated_annealing,rosenbrock,114,14500,46.891207513325305
simulated_annealing,rosenbrock,114,14600,46.891207513325305
simulated_annealing,rosenbrock,114,14700,46.891207513325305
simulated_annealing,rosenbrock,114,14800,46.891207513325305
simulated_annealing,rosenbrock,114,14900,46.891207513325305
simulated_annealing,rosenbrock,114,15000,46.891207513325305
simulated_annealing,rosenbrock,114,15100,46.891207513325305
simulated_annealing,rosenbrock,114,15200,46.891207513325305
simulated_annealing,rosenbrock,114,15300,46.891207513325305
simulated_annealing,rosenbrock,114,15400,46.891207513325305
simulated_annealing,rosenbrock,114,15500,46.891207513325305
simulated_annealing,rosenbrock,114,15600,46.891207513325305
simulated_annealing,rosenbrock,114,15700,46.891207513325305
simulated_annealing,rosenbrock,114,15800,46.891207513325305
simulated_annealing,rosenbrock,114,15900,46.891207513325305
simulated_annealing,rosenbrock,114,16000,46.891207513325305
simulated_annealing,rosenbrock,114,16100,46.891207513325305
simulated_annealing,rosenbrock,114,16200,46.891207513325305
simulated_annealing,rosenbrock,114,16300,46.891207513325305
simulated_annealing,rosenbrock,114,16400,46.891207513325305
simulated_annealing,rosenbrock,114,16500,46.891207513325305
simulated_annealing,rosenbrock,114,16600,46.891207513325305
simulated_annealing,rosenbrock,114,16700,46.891207513325305
simulated_annealing,rosenbrock,114,16800,46.891207513325305
simulated_annealing,rosenbrock,114,16900,46.891207513325305
simulated_annealing,rosenbrock,114,17000,46.891207513325305
simulated_annealing,rosenbrock,114,17100,46.891207513325305
simulated_annealing,rosenbrock,114,17200,46.891207513325305
simulated_annealing,rosenbrock,114,17300,46.891207513325305
simulated_annealing,rosenbrock,114,17400,46.891207513325305
simulated_annealing,rosenbrock,114,17500,46.891207513325305
simulated_annealing,rosenbrock,114,17600,46.891207513325305
simulated_annealing,rosenbrock,114,17700,46.891207513325305
simulated_annealing,rosenbrock,114,17800,46.891207513325305
simulated_annealing,rosenbrock,114,17900,46.891207513325305
simulated_annealing,rosenbrock,114,18000,46.891207513325305
simulated_annealing,rosenbrock,114,18100,46.891207513325305
simulated_annealing,rosenbrock,114,18200,46.891207513325305
simulated_annealing,rosenbrock,114,18300,46.891207513325305
simulated_annealing,rosenbrock,114,18400,46.891207513325305
simulated_annealing,rosenbrock,114,18500,46.891207513325305
simulated_annealing,rosenbrock,114,18600,46.891207513325305
simulated_annealing,rosenbrock,114,18700,46.891207513325305
simulated_annealing,rosenbrock,114,18800,46.891207513325305
simulated_annealing,rosenbrock,114,18900,46.891207513325305
simulated_annealing,rosenbrock,114,19000,46.891207513325305
simulated_annealing,rosenbrock,114,19100,46.891207513325305
simulated_annealing,rosenbrock,114,19200,46.891207513325305
simulated_annealing,rosenbrock,114,19300,46.891207513325305
simulated_annealing,rosenbrock,114,19400,46.891207513325305
simulated_annealing,rosenbrock,114,19500,46.891207513325305
simulated_annealing,rosenbrock,114,19600,46.891207513325305
simulated_annealing,rosenbrock,114,19700,45.5257485119549
simulated_annealing,rosenbrock,114,19800,45.5257485119549
simulated_annealing,rosenbrock,114,19900,45.5257485119549
simulated_annealing,rosenbrock,114,20000,45.5257485119549
simulated_annealing,rosenbrock,115,100,2158.1339813135028
simulated_annealing,rosenbrock,115,200,414.512081093426
simulated_annealing,rosenbrock,115,300,184.95729540278685
simulated_annealing,rosenbrock,115,400,184.95729540278685
simulated_annealing,rosenbrock,115,500,184.95729540278685
simulated_annealing,rosenbrock,115,600,123.46877929210353
simulated_annealing,rosenbrock,115,700,123.46877929210353
simulated_annealing,rosenbrock,115,800,123.46877929210353
simulated_annealing,rosenbrock,115,900,123.46877929210353
simulated_annealing,rosenbrock,115,1000,123.46877929210353
simulated_annealing,rosenbrock,115,1100,123.46877929210353
simulated_annealing,rosenbrock,115,1200,123.46877929210353
simulated_annealing,rosenbrock,115,1300,123.46877929210353
simulated_annealing,rosenbrock,115,1400,123.46877929210353
simulated_annealing,rosenbrock,115,1500,123.46877929210353
simulated_annealing,rosenbrock,115,1600,123.46877929210353
simulated_annealing,rosenbrock,115,1700,123.46877929210353
simulated_annealing,rosenbrock,115,1800,123.46877929210353
simulated_annealing,rosenbrock,115,1900,123.46877929210353
simulated_annealing,rosenbrock,115,2000,123.46877929210353
simulated_annealing,rosenbrock,115,2100,123.46877929210353
simulated_annealing,rosenbrock,115,2200,123.46877929210353
simulated_annealing,rosenbrock,115,2300,123.46877929210353
simulated_annealing,rosenbrock,115,2400,123.46877929210353
simulated_annealing,rosenbrock,115,2500,123.46877929210353
simulated_annealing,rosenbrock,115,2600,123.46877929210353
simulated_annealing,rosenbrock,115,2700,123.46877929210353
simulated_annealing,rosenbrock,115,2800,123.46877929210353
simulated_annealing,rosenbrock,115,2900,123.46877929210353
simulated_annealing,rosenbrock,115,3000,123.46877929210353
simulated_annealing,rosenbrock,115,3100,106.83099143995807
simulated_annealing,rosenbrock,115,3200,106.83099143995807
simulated_annealing,rosenbrock,115,3300,106.83099143995807
simulated_annealing,rosenbrock,115,3400,106.83099143995807
simulated_annealing,rosenbrock,115,3500,106.83099143995807
simulated_annealing,rosenbrock,115,3600,106.83099143995807
simulated_annealing,rosenbrock,115,3700,106.83099143995807
simulated_annealing,rosenbrock,115,3800,106.83099143995807
simulated_annealing,rosenbrock,115,3900,61.26594145575881
simulated_annealing,rosenbrock,115,4000,61.26594145575881
simulated_annealing,rosenbrock,115,4100,61.26594145575881
simulated_annealing,rosenbrock,115,4200,61.26594145575881
simulated_annealing,rosenbrock,115,4300,61.26594145575881
simulated_annealing,rosenbrock,115,4400,61.26594145575881
simulated_annealing,rosenbrock,115,4500,61.26594145575881
simulated_annealing,rosenbrock,115,4600,61.26594145575881
simulated_annealing,rosenbrock,115,4700,61.26594145575881
simulated_annealing,rosenbrock,115,4800,61.26594145575881
simulated_annealing,rosenbrock,115,4900,61.26594145575881
simulated_annealing,rosenbrock,115,5000,61.26594145575881
simulated_annealing,rosenbrock,115,5100,61.26594145575881
simulated_annealing,rosenbrock,115,5200,61.26594145575881
simulated_annealing,rosenbrock,115,5300,61.26594145575881
simulated_annealing,rosenbrock,115,5400,61.26594145575881
simulated_annealing,rosenbrock,115,5500,61.26594145575881
simulated_annealing,rosenbrock,115,5600,61.26594145575881
simulated_annealing,rosenbrock,115,5700,61.26594145575881
simulated_annealing,rosenbrock,115,5800,61.26594145575881
simulated_annealing,rosenbrock,115,5900,61.26594145575881
simulated_annealing,rosenbrock,115,6000,61.26594145575881
simulated_annealing,rosenbrock,115,6100,61.26594145575881
simulated_annealing,rosenbrock,115,6200,61.26594145575881
simulated_annealing,rosenbrock,115,6300,61.26594145575881
simulated_annealing,rosenbrock,115,6400,61.26594145575881
simulated_annealing,rosenbrock,115,6500,61.26594145575881
simulated_annealing,rosenbrock,115,6600,61.26594145575881
simulated_annealing,rosenbrock,115,6700,61.26594145575881
simulated_annealing,rosenbrock,115,6800,61.26594145575881
simulated_annealing,rosenbrock,115,6900,61.26594145575881
simulated_annealing,rosenbrock,115,7000,61.26594145575881
simulated_annealing,rosenbrock,115,7100,61.26594145575881
simulated_annealing,rosenbrock,115,7200,61.26594145575881
simulated_annealing,rosenbrock,115,7300,61.26594145575881
simulated_annealing,rosenbrock,115,7400,61.26594145575881
simulated_annealing,rosenbrock,115,7500,61.26594145575881
simulated_annealing,rosenbrock,115,7600,61.26594145575881
simulated_annealing,rosenbrock,115,7700,61.26594145575881
simulated_annealing,rosenbrock,115,7800,61.26594145575881
simulated_annealing,rosenbrock,115,7900,61.26594145575881
simulated_annealing,rosenbrock,115,8000,61.26594145575881
simulated_annealing,rosenbrock,115,8100,61.26594145575881
simulated_annealing,rosenbrock,115,8200,61.26594145575881
simulated_annealing,rosenbrock,115,8300,61.26594145575881
simulated_annealing,rosenbrock,115,8400,61.26594145575881
simulated_annealing,rosenbrock,115,8500,61.26594145575881
simulated_annealing,rosenbrock,115,8600,61.26594145575881
simulated_annealing,rosenbrock,115,8700,61.26594145575881
simulated_annealing,rosenbrock,115,8800,61.26594145575881
simulated_annealing,rosenbrock,115,8900,61.26594145575881
simulated_annealing,rosenbrock,115,9000,61.26594145575881
simulated_annealing,rosenbrock,115,9100,61.26594145575881
simulated_annealing,rosenbrock,115,9200,61.26594145575881
simulated_annealing,rosenbrock,115,9300,61.26594145575881
simulated_annealing,rosenbrock,115,9400,61.26594145575881
simulated_annealing,rosenbrock,115,9500,61.26594145575881
simulated_annealing,rosenbrock,115,9600,61.26594145575881
simulated_annealing,rosenbrock,115,9700,61.26594145575881
simulated_annealing,rosenbrock,115,9800,61.26594145575881
simulated_annealing,rosenbrock,115,9900,61.26594145575881
simulated_annealing,rosenbrock,115,10000,61.26594145575881
simulated_annealing,rosenbrock,115,10100,61.26594145575881
simulated_annealing,rosenbrock,115,10200,61.26594145575881
simulated_annealing,rosenbrock,115,10300,48.49661534451074
simulated_annealing,rosenbrock,115,10400,48.49661534451074
simulated_annealing,rosenbrock,115,10500,48.49661534451074
simulated_annealing,rosenbrock,115,10600,48.49661534451074
simulated_annealing,rosenbrock,115,10700,48.49661534451074
simulated_annealing,rosenbrock,115,10800,48.49661534451074
simulated_annealing,rosenbrock,115,10900,48.49661534451074
simulated_annealing,rosenbrock,115,11000,48.49661534451074
simulated_annealing,rosenbrock,115,11100,48.49661534451074
simulated_annealing,rosenbrock,115,11200,48.49661534451074
simulated_annealing,rosenbrock,115,11300,48.49661534451074
simulated_annealing,rosenbrock,115,11400,48.49661534451074
simulated_annealing,rosenbrock,115,11500,48.49661534451074
simulated_annealing,rosenbrock,115,11600,48.49661534451074
simulated_annealing,rosenbrock,115,11700,48.49661534451074
simulated_annealing,rosenbrock,115,11800,48.49661534451074
simulated_annealing,rosenbrock,115,11900,48.49661534451074
simulated_annealing,rosenbrock,115,12000,48.49661534451074
simulated_annealing,rosenbrock,115,12100,48.49661534451074
simulated_annealing,rosenbrock,115,12200,48.49661534451074
simulated_annealing,rosenbrock,115,12300,48.49661534451074
simulated_annealing,rosenbrock,115,12400,48.49661534451074
simulated_annealing,rosenbrock,115,12500,48.49661534451074
simulated_annealing,rosenbrock,115,12600,48.49661534451074
simulated_annealing,rosenbrock,115,12700,48.49661534451074
simulated_annealing,rosenbrock,115,12800,48.49661534451074
simulated_annealing,rosenbrock,115,12900,48.49661534451074
simulated_annealing,rosenbrock,115,13000,48.49661534451074
simulated_annealing,rosenbrock,115,13100,48.49661534451074
simulated_annealing,rosenbrock,115,13200,48.49661534451074
simulated_annealing,rosenbrock,115,13300,48.49661534451074
simulated_annealing,rosenbrock,115,13400,48.49661534451074
simulated_annealing,rosenbrock,115,13500,48.49661534451074
simulated_annealing,rosenbrock,115,13600,48.49661534451074
simulated_annealing,rosenbrock,115,13700,48.49661534451074
simulated_annealing,rosenbrock,115,13800,48.49661534451074
simulated_annealing,rosenbrock,115,13900,48.49661534451074
simulated_annealing,rosenbrock,115,14000,48.49661534451074
simulated_annealing,rosenbrock,115,14100,48.49661534451074
simulated_annealing,rosenbrock,115,14200,48.49661534451074
simulated_annealing,rosenbrock,115,14300,48.49661534451074
simulated_annealing,rosenbrock,115,14400,48.49661534451074
simulated_annealing,rosenbrock,115,14500,48.49661534451074
simulated_annealing,rosenbrock,115,14600,48.49661534451074
simulated_annealing,rosenbrock,115,14700,48.49661534451074
simulated_annealing,rosenbrock,115,14800,48.49661534451074
simulated_annealing,rosenbrock,115,14900,48.49661534451074
simulated_annealing,rosenbrock,115,15000,48.49661534451074
simulated_annealing,rosenbrock,115,15100,48.49661534451074
simulated_annealing,rosenbrock,115,15200,48.49661534451074
simulated_annealing,rosenbrock,115,15300,48.49661534451074
simulated_annealing,rosenbrock,115,15400,48.49661534451074
simulated_annealing,rosenbrock,115,15500,48.49661534451074
simulated_annealing,rosenbrock,115,15600,48.49661534451074
simulated_annealing,rosenbrock,115,15700,48.49661534451074
simulated_annealing,rosenbrock,115,15800,48.49661534451074
simulated_annealing,rosenbrock,115,15900,48.49661534451074
simulated_annealing,rosenbrock,115,16000,48.49661534451074
simulated_annealing,rosenbrock,115,16100,48.49661534451074
simulated_annealing,rosenbrock,115,16200,48.49661534451074
simulated_annealing,rosenbrock,115,16300,48.49661534451074
simulated_annealing,rosenbrock,115,16400,48.49661534451074
simulated_annealing,rosenbrock,115,16500,48.49661534451074
simulated_annealing,rosenbrock,115,16600,48.49661534451074
simulated_annealing,rosenbrock,115,16700,48.49661534451074
simulated_annealing,rosenbrock,115,16800,48.49661534451074
simulated_annealing,rosenbrock,115,16900,48.49661534451074
simulated_annealing,rosenbrock,115,17000,48.49661534451074
simulated_annealing,rosenbrock,115,17100,48.49661534451074
simulated_annealing,rosenbrock,115,17200,48.49661534451074
simulated_annealing,rosenbrock,115,17300,48.49661534451074
simulated_annealing,rosenbrock,115,17400,48.49661534451074
simulated_annealing,rosenbrock,115,17500,48.49661534451074
simulated_annealing,rosenbrock,115,17600,48.49661534451074
simulated_annealing,rosenbrock,115,17700,48.49661534451074
simulated_annealing,rosenbrock,115,17800,48.49661534451074
simulated_annealing,rosenbrock,115,17900,48.49661534451074
simulated_annealing,rosenbrock,115,18000,48.49661534451074
simulated_annealing,rosenbrock,115,18100,48.49661534451074
simulated_annealing,rosenbrock,115,18200,48.49661534451074
simulated_annealing,rosenbrock,115,18300,48.49661534451074
simulated_annealing,rosenbrock,115,18400,48.49661534451074
simulated_annealing,rosenbrock,115,18500,48.49661534451074
simulated_annealing,rosenbrock,115,18600,48.49661534451074
simulated_annealing,rosenbrock,115,18700,48.49661534451074
simulated_annealing,rosenbrock,115,18800,48.49661534451074
simulated_annealing,rosenbrock,115,18900,48.49661534451074
simulated_annealing,rosenbrock,115,19000,48.49661534451074
simulated_annealing,rosenbrock,115,19100,48.49661534451074
simulated_annealing,rosenbrock,115,19200,48.49661534451074
simulated_annealing,rosenbrock,115,19300,48.49661534451074
simulated_annealing,rosenbrock,115,19400,48.49661534451074
simulated_annealing,rosenbrock,115,19500,48.49661534451074
simulated_annealing,rosenbrock,115,19600,48.49661534451074
simulated_annealing,rosenbrock,115,19700,48.49661534451074
simulated_annealing,rosenbrock,115,19800,48.49661534451074
simulated_annealing,rosenbrock,115,19900,48.49661534451074
simulated_annealing,rosenbrock,115,20000,48.49661534451074
simulated_annealing,rosenbrock,116,100,1764.7099538895607
simulated_annealing,rosenbrock,116,200,199.17166159500127
simulated_annealing,rosenbrock,116,300,191.9541605879988
simulated_annealing,rosenbrock,116,400,142.5442543997299
simulated_annealing,rosenbrock,116,500,142.5442543997299
simulated_annealing,rosenbrock,116,600,87.43161047431326
simulated_annealing,rosenbrock,116,700,87.43161047431326
simulated_annealing,rosenbrock,116,800,87.43161047431326
simulated_annealing,rosenbrock,116,900,87.43161047431326
simulated_annealing,rosenbrock,116,1000,87.43161047431326
simulated_annealing,rosenbrock,116,1100,87.43161047431326
simulated_annealing,rosenbrock,116,1200,81.27643407344664
simulated_annealing,rosenbrock,116,1300,81.27643407344664
simulated_annealing,rosenbrock,116,1400,81.27643407344664
simulated_annealing,rosenbrock,116,1500,81.27643407344664
simulated_annealing,rosenbrock,116,1600,81.27643407344664
simulated_annealing,rosenbrock,116,1700,81.27643407344664
simulated_annealing,rosenbrock,116,1800,81.27643407344664
simulated_annealing,rosenbrock,116,1900,81.27643407344664
simulated_annealing,rosenbrock,116,2000,52.972746074673395
simulated_annealing,rosenbrock,116,2100,52.972746074673395
simulated_annealing,rosenbrock,116,2200,52.972746074673395
simulated_annealing,rosenbrock,116,2300,52.972746074673395
simulated_annealing,rosenbrock,116,2400,52.972746074673395
simulated_annealing,rosenbrock,116,2500,52.972746074673395
simulated_annealing,rosenbrock,116,2600,52.972746074673395
simulated_annealing,rosenbrock,116,2700,52.972746074673395
simulated_annealing,rosenbrock,116,2800,52.972746074673395
simulated_annealing,rosenbrock,116,2900,52.972746074673395
simulated_annealing,rosenbrock,116,3000,52.972746074673395
simulated_annealing,rosenbrock,116,3100,52.972746074673395
simulated_annealing,rosenbrock,116,3200,52.972746074673395
simulated_annealing,rosenbrock,116,3300,52.972746074673395
simulated_annealing,rosenbrock,116,3400,52.972746074673395
simulated_annealing,rosenbrock,116,3500,52.972746074673395
simulated_annealing,rosenbrock,116,3600,52.972746074673395
simulated_annealing,rosenbrock,116,3700,52.972746074673395
simulated_annealing,rosenbrock,116,3800,52.972746074673395
simulated_annealing,rosenbrock,116,3900,52.972746074673395
simulated_annealing,rosenbrock,116,4000,52.972746074673395
simulated_annealing,rosenbrock,116,4100,52.972746074673395
simulated_annealing,rosenbrock,116,4200,52.972746074673395
simulated_annealing,rosenbrock,116,4300,52.972746074673395
simulated_annealing,rosenbrock,116,4400,52.972746074673395
simulated_annealing,rosenbrock,116,4500,52.972746074673395
simulated_annealing,rosenbrock,116,4600,52.972746074673395
simulated_annealing,rosenbrock,116,4700,52.972746074673395
simulated_annealing,rosenbrock,116,4800,52.972746074673395
simulated_annealing,rosenbrock,116,4900,52.972746074673395
simulated_annealing,rosenbrock,116,5000,52.972746074673395
simulated_annealing,rosenbrock,116,5100,52.972746074673395
simulated_annealing,rosenbrock,116,5200,52.972746074673395
simulated_annealing,rosenbrock,116,5300,52.972746074673395
simulated_annealing,rosenbrock,116,5400,52.972746074673395
simulated_annealing,rosenbrock,116,5500,52.972746074673395
simulated_annealing,rosenbrock,116,5600,52.972746074673395
simulated_annealing,rosenbrock,116,5700,52.972746074673395
simulated_annealing,rosenbrock,116,5800,52.972746074673395
simulated_annealing,rosenbrock,116,5900,52.972746074673395
simulated_annealing,rosenbrock,116,6000,52.972746074673395
simulated_annealing,rosenbrock,116,6100,52.972746074673395
simulated_annealing,rosenbrock,116,6200,52.972746074673395
simulated_annealing,rosenbrock,116,6300,52.972746074673395
simulated_annealing,rosenbrock,116,6400,52.972746074673395
simulated_annealing,rosenbrock,116,6500,52.972746074673395
simulated_annealing,rosenbrock,116,6600,52.972746074673395
simulated_annealing,rosenbrock,116,6700,52.972746074673395
simulated_annealing,rosenbrock,116,6800,52.972746074673395
simulated_annealing,rosenbrock,116,6900,52.972746074673395
simulated_annealing,rosenbrock,116,7000,52.972746074673395
simulated_annealing,rosenbrock,116,7100,52.972746074673395
simulated_annealing,rosenbrock,116,7200,52.972746074673395
simulated_annealing,rosenbrock,116,7300,52.972746074673395
simulated_annealing,rosenbrock,116,7400,52.972746074673395
simulated_annealing,rosenbrock,116,7500,52.972746074673395
simulated_annealing,rosenbrock,116,7600,52.972746074673395
simulated_annealing,rosenbrock,116,7700,52.972746074673395
simulated_annealing,rosenbrock,116,7800,52.972746074673395
simulated_annealing,rosenbrock,116,7900,52.972746074673395
simulated_annealing,rosenbrock,116,8000,52.972746074673395
simulated_annealing,rosenbrock,116,8100,52.972746074673395
simulated_annealing,rosenbrock,116,8200,52.972746074673395
simulated_annealing,rosenbrock,116,8300,52.972746074673395
simulated_annealing,rosenbrock,116,8400,52.972746074673395
simulated_annealing,rosenbrock,116,8500,52.972746074673395
simulated_annealing,rosenbrock,116,8600,52.972746074673395
simulated_annealing,rosenbrock,116,8700,52.972746074673395
simulated_annealing,rosenbrock,116,8800,52.972746074673395
simulated_annealing,rosenbrock,116,8900,52.972746074673395
simulated_annealing,rosenbrock,116,9000,52.972746074673395
simulated_annealing,rosenbrock,116,9100,52.972746074673395
simulated_annealing,rosenbrock,116,9200,52.972746074673395
simulated_annealing,rosenbrock,116,9300,52.972746074673395
simulated_annealing,rosenbrock,116,9400,52.972746074673395
simulated_annealing,rosenbrock,116,9500,52.972746074673395
simulated_annealing,rosenbrock,116,9600,52.972746074673395
simulated_annealing,rosenbrock,116,9700,52.972746074673395
simulated_annealing,rosenbrock,116,9800,52.972746074673395
simulated_annealing,rosenbrock,116,9900,52.972746074673395
simulated_annealing,rosenbrock,116,10000,52.972746074673395
simulated_annealing,rosenbrock,116,10100,52.972746074673395
simulated_annealing,rosenbrock,116,10200,52.972746074673395
simulated_annealing,rosenbrock,116,10300,52.972746074673395
simulated_annealing,rosenbrock,116,10400,52.972746074673395
simulated_annealing,rosenbrock,116,10500,52.972746074673395
simulated_annealing,rosenbrock,116,10600,52.972746074673395
simulated_annealing,rosenbrock,116,10700,52.972746074673395
simulated_annealing,rosenbrock,116,10800,52.972746074673395
simulated_annealing,rosenbrock,116,10900,52.972746074673395
simulated_annealing,rosenbrock,116,11000,52.972746074673395
simulated_annealing,rosenbrock,116,11100,52.972746074673395
simulated_annealing,rosenbrock,116,11200,52.972746074673395
simulated_annealing,rosenbrock,116,11300,52.972746074673395
simulated_annealing,rosenbrock,116,11400,52.972746074673395
simulated_annealing,rosenbrock,116,11500,52.972746074673395
simulated_annealing,rosenbrock,116,11600,52.972746074673395
simulated_annealing,rosenbrock,116,11700,52.972746074673395
simulated_annealing,rosenbrock,116,11800,52.972746074673395
simulated_annealing,rosenbrock,116,11900,52.972746074673395
simulated_annealing,rosenbrock,116,12000,52.972746074673395
simulated_annealing,rosenbrock,116,12100,52.972746074673395
simulated_annealing,rosenbrock,116,12200,52.972746074673395
simulated_annealing,rosenbrock,116,12300,52.972746074673395
simulated_annealing,rosenbrock,116,12400,52.972746074673395
simulated_annealing,rosenbrock,116,12500,52.972746074673395
simulated_annealing,rosenbrock,116,12600,52.972746074673395
simulated_annealing,rosenbrock,116,12700,52.972746074673395
simulated_annealing,rosenbrock,116,12800,52.972746074673395
simulated_annealing,rosenbrock,116,12900,52.972746074673395
simulated_annealing,rosenbrock,116,13000,52.972746074673395
simulated_annealing,rosenbrock,116,13100,52.972746074673395
simulated_annealing,rosenbrock,116,13200,52.972746074673395
simulated_annealing,rosenbrock,116,13300,52.972746074673395
simulated_annealing,rosenbrock,116,13400,52.972746074673395
simulated_annealing,rosenbrock,116,13500,52.972746074673395
simulated_annealing,rosenbrock,116,13600,52.972746074673395
simulated_annealing,rosenbrock,116,13700,52.972746074673395
simulated_annealing,rosenbrock,116,13800,52.972746074673395
simulated_annealing,rosenbrock,116,13900,52.972746074673395
simulated_annealing,rosenbrock,116,14000,52.972746074673395
simulated_annealing,rosenbrock,116,14100,52.972746074673395
simulated_annealing,rosenbrock,116,14200,52.972746074673395
simulated_annealing,rosenbrock,116,14300,52.972746074673395
simulated_annealing,rosenbrock,116,14400,52.972746074673395
simulated_annealing,rosenbrock,116,14500,52.972746074673395
simulated_annealing,rosenbrock,116,14600,52.972746074673395
simulated_annealing,rosenbrock,116,14700,52.972746074673395
simulated_annealing,rosenbrock,116,14800,52.972746074673395
simulated_annealing,rosenbrock,116,14900,52.972746074673395
simulated_annealing,rosenbrock,116,15000,52.972746074673395
simulated_annealing,rosenbrock,116,15100,52.972746074673395
simulated_annealing,rosenbrock,116,15200,52.972746074673395
simulated_annealing,rosenbrock,116,15300,52.972746074673395
simulated_annealing,rosenbrock,116,15400,52.972746074673395
simulated_annealing,rosenbrock,116,15500,52.972746074673395
simulated_annealing,rosenbrock,116,15600,52.972746074673395
simulated_annealing,rosenbrock,116,15700,52.972746074673395
simulated_annealing,rosenbrock,116,15800,52.972746074673395
simulated_annealing,rosenbrock,116,15900,52.972746074673395
simulated_annealing,rosenbrock,116,16000,52.972746074673395
simulated_annealing,rosenbrock,116,16100,52.972746074673395
simulated_annealing,rosenbrock,116,16200,52.972746074673395
simulated_annealing,rosenbrock,116,16300,52.972746074673395
simulated_annealing,rosenbrock,116,16400,52.972746074673395
simulated_annealing,rosenbrock,116,16500,52.972746074673395
simulated_annealing,rosenbrock,116,16600,52.972746074673395
simulated_annealing,rosenbrock,116,16700,52.972746074673395
simulated_annealing,rosenbrock,116,16800,52.972746074673395
simulated_annealing,rosenbrock,116,16900,52.972746074673395
simulated_annealing,rosenbrock,116,17000,52.972746074673395
simulated_annealing,rosenbrock,116,17100,52.972746074673395
simulated_annealing,rosenbrock,116,17200,52.972746074673395
simulated_annealing,rosenbrock,116,17300,52.972746074673395
simulated_annealing,rosenbrock,116,17400,52.972746074673395
simulated_annealing,rosenbrock,116,17500,52.972746074673395
simulated_annealing,rosenbrock,116,17600,52.972746074673395
simulated_annealing,rosenbrock,116,17700,52.972746074673395
simulated_annealing,rosenbrock,116,17800,52.972746074673395
simulated_annealing,rosenbrock,116,17900,52.972746074673395
simulated_annealing,rosenbrock,116,18000,52.972746074673395
simulated_annealing,rosenbrock,116,18100,52.972746074673395
simulated_annealing,rosenbrock,116,18200,52.972746074673395
simulated_annealing,rosenbrock,116,18300,52.972746074673395
simulated_annealing,rosenbrock,116,18400,52.972746074673395
simulated_annealing,rosenbrock,116,18500,52.972746074673395
simulated_annealing,rosenbrock,116,18600,52.972746074673395
simulated_annealing,rosenbrock,116,18700,52.972746074673395
simulated_annealing,rosenbrock,116,18800,52.972746074673395
simulated_annealing,rosenbrock,116,18900,52.972746074673395
simulated_annealing,rosenbrock,116,19000,52.972746074673395
simulated_annealing,rosenbrock,116,19100,52.972746074673395
simulated_annealing,rosenbrock,116,19200,52.972746074673395
simulated_annealing,rosenbrock,116,19300,52.972746074673395
simulated_annealing,rosenbrock,116,19400,52.972746074673395
simulated_annealing,rosenbrock,116,19500,52.972746074673395
simulated_annealing,rosenbrock,116,19600,52.972746074673395
simulated_annealing,rosenbrock,116,19700,52.972746074673395
simulated_annealing,rosenbrock,116,19800,52.972746074673395
simulated_annealing,rosenbrock,116,19900,52.972746074673395
simulated_annealing,rosenbrock,116,20000,52.972746074673395
simulated_annealing,rosenbrock,117,100,2492.7388980064547
simulated_annealing,rosenbrock,117,200,1023.5874490440974
simulated_annealing,rosenbrock,117,300,455.6944933731575
simulated_annealing,rosenbrock,117,400,185.98755250741806
simulated_annealing,rosenbrock,117,500,185.98755250741806
simulated_annealing,rosenbrock,117,600,176.19883548434564
simulated_annealing,rosenbrock,117,700,111.77792150293052
simulated_annealing,rosenbrock,117,800,111.77792150293052
simulated_annealing,rosenbrock,117,900,111.77792150293052
simulated_annealing,rosenbrock,117,1000,104.44690026286185
simulated_annealing,rosenbrock,117,1100,101.51848844529822
simulated_annealing,rosenbrock,117,1200,101.51848844529822
simulated_annealing,rosenbrock,117,1300,101.51848844529822
simulated_annealing,rosenbrock,117,1400,101.51848844529822
simulated_annealing,rosenbrock,117,1500,101.51848844529822
simulated_annealing,rosenbrock,117,1600,101.51848844529822
simulated_annealing,rosenbrock,117,1700,101.51848844529822
simulated_annealing,rosenbrock,117,1800,101.51848844529822
simulated_annealing,rosenbrock,117,1900,101.51848844529822
simulated_annealing,rosenbrock,117,2000,101.51848844529822
simulated_annealing,rosenbrock,117,2100,101.51848844529822
simulated_annealing,rosenbrock,117,2200,101.51848844529822
simulated_annealing,rosenbrock,117,2300,101.51848844529822
simulated_annealing,rosenbrock,117,2400,101.51848844529822
simulated_annealing,rosenbrock,117,2500,101.51848844529822
simulated_annealing,rosenbrock,117,2600,101.51848844529822
simulated_annealing,rosenbrock,117,2700,96.86807376464283
simulated_annealing,rosenbrock,117,2800,96.86807376464283
simulated_annealing,rosenbrock,117,2900,96.86807376464283
simulated_annealing,rosenbrock,117,3000,96.86807376464283
simulated_annealing,rosenbrock,117,3100,96.86807376464283
simulated_annealing,rosenbrock,117,3200,96.86807376464283
simulated_annealing,rosenbrock,117,3300,96.86807376464283
simulated_annealing,rosenbrock,117,3400,96.86807376464283
simulated_annealing,rosenbrock,117,3500,71.67140211798691
simulated_annealing,rosenbrock,117,3600,71.67140211798691
simulated_annealing,rosenbrock,117,3700,71.67140211798691
simulated_annealing,rosenbrock,117,3800,71.67140211798691
simulated_annealing,rosenbrock,117,3900,71.67140211798691
simulated_annealing,rosenbrock,117,4000,71.67140211798691
simulated_annealing,rosenbrock,117,4100,71.67140211798691
simulated_annealing,rosenbrock,117,4200,71.67140211798691
simulated_annealing,rosenbrock,117,4300,71.67140211798691
simulated_annealing,rosenbrock,117,4400,71.67140211798691
simulated_annealing,rosenbrock,117,4500,71.67140211798691
simulated_annealing,rosenbrock,117,4600,71.67140211798691
simulated_annealing,rosenbrock,117,4700,71.67140211798691
simulated_annealing,rosenbrock,117,4800,71.67140211798691
simulated_annealing,rosenbrock,117,4900,71.67140211798691
simulated_annealing,rosenbrock,117,5000,71.67140211798691
simulated_annealing,rosenbrock,117,5100,71.67140211798691
simulated_annealing,rosenbrock,117,5200,71.67140211798691
simulated_annealing,rosenbrock,117,5300,71.67140211798691
simulated_annealing,rosenbrock,117,5400,71.67140211798691
simulated_annealing,rosenbrock,117,5500,71.67140211798691
simulated_annealing,rosenbrock,117,5600,71.67140211798691
simulated_annealing,rosenbrock,117,5700,71.67140211798691
simulated_annealing,rosenbrock,117,5800,71.67140211798691
simulated_annealing,rosenbrock,117,5900,71.67140211798691
simulated_annealing,rosenbrock,117,6000,71.67140211798691
simulated_annealing,rosenbrock,117,6100,71.67140211798691
simulated_annealing,rosenbrock,117,6200,71.67140211798691
simulated_annealing,rosenbrock,117,6300,71.67140211798691
simulated_annealing,rosenbrock,117,6400,71.67140211798691
simulated_annealing,rosenbrock,117,6500,71.67140211798691
simulated_annealing,rosenbrock,117,6600,71.67140211798691
simulated_annealing,rosenbrock,117,6700,71.67140211798691
simulated_annealing,rosenbrock,117,6800,71.67140211798691
simulated_annealing,rosenbrock,117,6900,71.67140211798691
simulated_annealing,rosenbrock,117,7000,71.67140211798691
simulated_annealing,rosenbrock,117,7100,71.67140211798691
simulated_annealing,rosenbrock,117,7200,71.67140211798691
simulated_annealing,rosenbrock,117,7300,71.67140211798691
simulated_annealing,rosenbrock,117,7400,71.67140211798691
simulated_annealing,rosenbrock,117,7500,71.67140211798691
simulated_annealing,rosenbrock,117,7600,71.67140211798691
simulated_annealing,rosenbrock,117,7700,71.67140211798691
simulated_annealing,rosenbrock,117,7800,71.67140211798691
simulated_annealing,rosenbrock,117,7900,71.67140211798691
simulated_annealing,rosenbrock,117,8000,71.67140211798691
simulated_annealing,rosenbrock,117,8100,71.67140211798691
simulated_annealing,rosenbrock,117,8200,71.67140211798691
simulated_annealing,rosenbrock,117,8300,71.67140211798691
simulated_annealing,rosenbrock,117,8400,71.67140211798691
simulated_annealing,rosenbrock,117,8500,71.67140211798691
simulated_annealing,rosenbrock,117,8600,71.67140211798691
simulated_annealing,rosenbrock,117,8700,71.67140211798691
simulated_annealing,rosenbrock,117,8800,71.67140211798691
simulated_annealing,rosenbrock,117,8900,71.67140211798691
simulated_annealing,rosenbrock,117,9000,71.67140211798691
simulated_annealing,rosenbrock,117,9100,71.67140211798691
simulated_annealing,rosenbrock,117,9200,71.67140211798691
simulated_annealing,rosenbrock,117,9300,71.67140211798691
simulated_annealing,rosenbrock,117,9400,71.67140211798691
simulated_annealing,rosenbrock,117,9500,71.67140211798691
simulated_annealing,rosenbrock,117,9600,71.67140211798691
simulated_annealing,rosenbrock,117,9700,71.67140211798691
simulated_annealing,rosenbrock,117,9800,71.67140211798691
simulated_annealing,rosenbrock,117,9900,71.67140211798691
simulated_annealing,rosenbrock,117,10000,71.67140211798691
simulated_annealing,rosenbrock,117,10100,71.67140211798691
simulated_annealing,rosenbrock,117,10200,71.67140211798691
simulated_annealing,rosenbrock,117,10300,71.67140211798691
simulated_annealing,rosenbrock,117,10400,71.67140211798691
simulated_annealing,rosenbrock,117,10500,71.67140211798691
simulated_annealing,rosenbrock,117,10600,71.67140211798691
simulated_annealing,rosenbrock,117,10700,71.67140211798691
simulated_annealing,rosenbrock,117,10800,71.67140211798691
simulated_annealing,rosenbrock,117,10900,71.67140211798691
simulated_annealing,rosenbrock,117,11000,71.67140211798691
simulated_annealing,rosenbrock,117,11100,71.67140211798691
simulated_annealing,rosenbrock,117,11200,71.67140211798691
simulated_annealing,rosenbrock,117,11300,71.67140211798691
simulated_annealing,rosenbrock,117,11400,71.67140211798691
simulated_annealing,rosenbrock,117,11500,71.67140211798691
simulated_annealing,rosenbrock,117,11600,71.67140211798691
simulated_annealing,rosenbrock,117,11700,71.67140211798691
simulated_annealing,rosenbrock,117,11800,71.67140211798691
simulated_annealing,rosenbrock,117,11900,71.67140211798691
simulated_annealing,rosenbrock,117,12000,71.67140211798691
simulated_annealing,rosenbrock,117,12100,71.67140211798691
simulated_annealing,rosenbrock,117,12200,71.67140211798691
simulated_annealing,rosenbrock,117,12300,71.67140211798691
simulated_annealing,rosenbrock,117,12400,71.67140211798691
simulated_annealing,rosenbrock,117,12500,71.67140211798691
simulated_annealing,rosenbrock,117,12600,71.67140211798691
simulated_annealing,rosenbrock,117,12700,71.67140211798691
simulated_annealing,rosenbrock,117,12800,50.17733284760976
simulated_annealing,rosenbrock,117,12900,50.17733284760976
simulated_annealing,rosenbrock,117,13000,50.17733284760976
simulated_annealing,rosenbrock,117,13100,50.17733284760976
simulated_annealing,rosenbrock,117,13200,50.17733284760976
simulated_annealing,rosenbrock,117,13300,50.17733284760976
simulated_annealing,rosenbrock,117,13400,50.17733284760976
simulated_annealing,rosenbrock,117,13500,50.17733284760976
simulated_annealing,rosenbrock,117,13600,50.17733284760976
simulated_annealing,rosenbrock,117,13700,50.17733284760976
simulated_annealing,rosenbrock,117,13800,50.17733284760976
simulated_annealing,rosenbrock,117,13900,50.17733284760976
simulated_annealing,rosenbrock,117,14000,50.17733284760976
simulated_annealing,rosenbrock,117,14100,50.17733284760976
simulated_annealing,rosenbrock,117,14200,50.17733284760976
simulated_annealing,rosenbrock,117,14300,50.17733284760976
simulated_annealing,rosenbrock,117,14400,50.17733284760976
simulated_annealing,rosenbrock,117,14500,50.17733284760976
simulated_annealing,rosenbrock,117,14600,50.17733284760976
simulated_annealing,rosenbrock,117,14700,50.17733284760976
simulated_annealing,rosenbrock,117,14800,50.17733284760976
simulated_annealing,rosenbrock,117,14900,50.17733284760976
simulated_annealing,rosenbrock,117,15000,50.17733284760976
simulated_annealing,rosenbrock,117,15100,50.17733284760976
simulated_annealing,rosenbrock,117,15200,50.17733284760976
simulated_annealing,rosenbrock,117,15300,50.17733284760976
simulated_annealing,rosenbrock,117,15400,50.17733284760976
simulated_annealing,rosenbrock,117,15500,50.17733284760976
simulated_annealing,rosenbrock,117,15600,50.17733284760976
simulated_annealing,rosenbrock,117,15700,50.17733284760976
simulated_annealing,rosenbrock,117,15800,50.17733284760976
simulated_annealing,rosenbrock,117,15900,50.17733284760976
simulated_annealing,rosenbrock,117,16000,50.17733284760976
simulated_annealing,rosenbrock,117,16100,50.17733284760976
simulated_annealing,rosenbrock,117,16200,50.17733284760976
simulated_annealing,rosenbrock,117,16300,50.17733284760976
simulated_annealing,rosenbrock,117,16400,50.17733284760976
simulated_annealing,rosenbrock,117,16500,50.17733284760976
simulated_annealing,rosenbrock,117,16600,50.17733284760976
simulated_annealing,rosenbrock,117,16700,50.17733284760976
simulated_annealing,rosenbrock,117,16800,50.17733284760976
simulated_annealing,rosenbrock,117,16900,50.17733284760976
simulated_annealing,rosenbrock,117,17000,50.17733284760976
simulated_annealing,rosenbrock,117,17100,50.17733284760976
simulated_annealing,rosenbrock,117,17200,50.17733284760976
simulated_annealing,rosenbrock,117,17300,50.17733284760976
simulated_annealing,rosenbrock,117,17400,50.17733284760976
simulated_annealing,rosenbrock,117,17500,50.17733284760976
simulated_annealing,rosenbrock,117,17600,50.17733284760976
simulated_annealing,rosenbrock,117,17700,50.17733284760976
simulated_annealing,rosenbrock,117,17800,50.17733284760976
simulated_annealing,rosenbrock,117,17900,50.17733284760976
simulated_annealing,rosenbrock,117,18000,50.17733284760976
simulated_annealing,rosenbrock,117,18100,50.17733284760976
simulated_annealing,rosenbrock,117,18200,50.17733284760976
simulated_annealing,rosenbrock,117,18300,50.17733284760976
simulated_annealing,rosenbrock,117,18400,50.17733284760976
simulated_annealing,rosenbrock,117,18500,50.17733284760976
simulated_annealing,rosenbrock,117,18600,50.17733284760976
simulated_annealing,rosenbrock,117,18700,50.17733284760976
simulated_annealing,rosenbrock,117,18800,50.17733284760976
simulated_annealing,rosenbrock,117,18900,50.17733284760976
simulated_annealing,rosenbrock,117,19000,50.17733284760976
simulated_annealing,rosenbrock,117,19100,50.17733284760976
simulated_annealing,rosenbrock,117,19200,50.17733284760976
simulated_annealing,rosenbrock,117,19300,50.17733284760976
simulated_annealing,rosenbrock,117,19400,50.17733284760976
simulated_annealing,rosenbrock,117,19500,50.17733284760976
simulated_annealing,rosenbrock,117,19600,50.17733284760976
simulated_annealing,rosenbrock,117,19700,50.17733284760976
simulated_annealing,rosenbrock,117,19800,50.17733284760976
simulated_annealing,rosenbrock,117,19900,50.17733284760976
simulated_annealing,rosenbrock,117,20000,50.17733284760976
simulated_annealing,rosenbrock,118,100,12762.883853588359
simulated_annealing,rosenbrock,118,200,1023.6081154786277
simulated_annealing,rosenbrock,118,300,988.5297812383253
simulated_annealing,rosenbrock,118,400,765.889889246187
simulated_annealing,rosenbrock,118,500,765.889889246187
simulated_annealing,rosenbrock,118,600,706.3042879328424
simulated_annealing,rosenbrock,118,700,637.8796908313495
simulated_annealing,rosenbrock,118,800,637.8796908313495
simulated_annealing,rosenbrock,118,900,475.6175942581285
simulated_annealing,rosenbrock,118,1000,134.79648153642285
simulated_annealing,rosenbrock,118,1100,134.79648153642285
simulated_annealing,rosenbrock,118,1200,134.79648153642285
simulated_annealing,rosenbrock,118,1300,134.79648153642285
simulated_annealing,rosenbrock,118,1400,134.79648153642285
simulated_annealing,rosenbrock,118,1500,134.79648153642285
simulated_annealing,rosenbrock,118,1600,134.79648153642285
simulated_annealing,rosenbrock,118,1700,134.79648153642285
simulated_annealing,rosenbrock,118,1800,134.79648153642285
simulated_annealing,rosenbrock,118,1900,134.79648153642285
simulated_annealing,rosenbrock,118,2000,134.79648153642285
simulated_annealing,rosenbrock,118,2100,134.79648153642285
simulated_annealing,rosenbrock,118,2200,134.79648153642285
simulated_annealing,rosenbrock,118,2300,134.79648153642285
simulated_annealing,rosenbrock,118,2400,134.79648153642285
simulated_annealing,rosenbrock,118,2500,134.79648153642285
simulated_annealing,rosenbrock,118,2600,134.79648153642285
simulated_annealing,rosenbrock,118,2700,132.9965402051954
simulated_annealing,rosenbrock,118,2800,132.9965402051954
simulated_annealing,rosenbrock,118,2900,132.9965402051954
simulated_annealing,rosenbrock,118,3000,132.9965402051954
simulated_annealing,rosenbrock,118,3100,132.9965402051954
simulated_annealing,rosenbrock,118,3200,88.21768423218906
simulated_annealing,rosenbrock,118,3300,88.21768423218906
simulated_annealing,rosenbrock,118,3400,88.21768423218906
simulated_annealing,rosenbrock,118,3500,88.21768423218906
simulated_annealing,rosenbrock,118,3600,88.21768423218906
simulated_annealing,rosenbrock,118,3700,88.21768423218906
simulated_annealing,rosenbrock,118,3800,88.21768423218906
simulated_annealing,rosenbrock,118,3900,88.21768423218906
simulated_annealing,rosenbrock,118,4000,88.21768423218906
simulated_annealing,rosenbrock,118,4100,88.21768423218906
simulated_annealing,rosenbrock,118,4200,88.21768423218906
simulated_annealing,rosenbrock,118,4300,88.21768423218906
simulated_annealing,rosenbrock,118,4400,67.35837389198988
simulated_annealing,rosenbrock,118,4500,67.35837389198988
simulated_annealing,rosenbrock,118,4600,67.35837389198988
simulated_annealing,rosenbrock,118,4700,67.35837389198988
simulated_annealing,rosenbrock,118,4800,57.79626772957077
simulated_annealing,rosenbrock,118,4900,57.79626772957077
simulated_annealing,rosenbrock,118,5000,57.79626772957077
simulated_annealing,rosenbrock,118,5100,57.79626772957077
simulated_annealing,rosenbrock,118,5200,57.79626772957077
simulated_annealing,rosenbrock,118,5300,57.79626772957077
simulated_annealing,rosenbrock,118,5400,57.79626772957077
simulated_annealing,rosenbrock,118,5500,57.79626772957077
simulated_annealing,rosenbrock,118,5600,57.79626772957077
simulated_annealing,rosenbrock,118,5700,57.79626772957077
simulated_annealing,rosenbrock,118,5800,57.79626772957077
simulated_annealing,rosenbrock,118,5900,57.79626772957077
simulated_annealing,rosenbrock,118,6000,57.79626772957077
simulated_annealing,rosenbrock,118,6100,57.79626772957077
simulated_annealing,rosenbrock,118,6200,57.79626772957077
simulated_annealing,rosenbrock,118,6300,48.715792803232695
simulated_annealing,rosenbrock,118,6400,48.715792803232695
simulated_annealing,rosenbrock,118,6500,48.715792803232695
simulated_annealing,rosenbrock,118,6600,48.715792803232695
simulated_annealing,rosenbrock,118,6700,48.715792803232695
simulated_annealing,rosenbrock,118,6800,48.715792803232695
simulated_annealing,rosenbrock,118,6900,48.715792803232695
simulated_annealing,rosenbrock,118,7000,48.715792803232695
simulated_annealing,rosenbrock,118,7100,48.715792803232695
simulated_annealing,rosenbrock,118,7200,48.715792803232695
simulated_annealing,rosenbrock,118,7300,48.715792803232695
simulated_annealing,rosenbrock,118,7400,48.715792803232695
simulated_annealing,rosenbrock,118,7500,48.715792803232695
simulated_annealing,rosenbrock,118,7600,48.715792803232695
simulated_annealing,rosenbrock,118,7700,48.715792803232695
simulated_annealing,rosenbrock,118,7800,48.715792803232695
simulated_annealing,rosenbrock,118,7900,48.715792803232695
simulated_annealing,rosenbrock,118,8000,48.715792803232695
simulated_annealing,rosenbrock,118,8100,48.715792803232695
simulated_annealing,rosenbrock,118,8200,48.715792803232695
simulated_annealing,rosenbrock,118,8300,48.715792803232695
simulated_annealing,rosenbrock,118,8400,48.715792803232695
simulated_annealing,rosenbrock,118,8500,48.715792803232695
simulated_annealing,rosenbrock,118,8600,48.715792803232695
simulated_annealing,rosenbrock,118,8700,48.715792803232695
simulated_annealing,rosenbrock,118,8800,48.715792803232695
simulated_annealing,rosenbrock,118,8900,48.715792803232695
simulated_annealing,rosenbrock,118,9000,48.715792803232695
simulated_annealing,rosenbrock,118,9100,45.27138938116293
simulated_annealing,rosenbrock,118,9200,45.27138938116293
simulated_annealing,rosenbrock,118,9300,45.27138938116293
simulated_annealing,rosenbrock,118,9400,45.27138938116293
simulated_annealing,rosenbrock,118,9500,45.27138938116293
simulated_annealing,rosenbrock,118,9600,45.27138938116293
simulated_annealing,rosenbrock,118,9700,45.27138938116293
simulated_annealing,rosenbrock,118,9800,45.27138938116293
simulated_annealing,rosenbrock,118,9900,45.27138938116293
simulated_annealing,rosenbrock,118,10000,45.27138938116293
simulated_annealing,rosenbrock,118,10100,45.27138938116293
simulated_annealing,rosenbrock,118,10200,45.27138938116293
simulated_annealing,rosenbrock,118,10300,45.27138938116293
simulated_annealing,rosenbrock,118,10400,45.27138938116293
simulated_annealing,rosenbrock,118,10500,45.27138938116293
simulated_annealing,rosenbrock,118,10600,45.27138938116293
simulated_annealing,rosenbrock,118,10700,45.27138938116293
simulated_annealing,rosenbrock,118,10800,45.27138938116293
simulated_annealing,rosenbrock,118,10900,45.27138938116293
simulated_annealing,rosenbrock,118,11000,45.27138938116293
simulated_annealing,rosenbrock,118,11100,45.27138938116293
simulated_annealing,rosenbrock,118,11200,45.27138938116293
simulated_annealing,rosenbrock,118,11300,45.27138938116293
simulated_annealing,rosenbrock,118,11400,45.27138938116293
simulated_annealing,rosenbrock,118,11500,45.27138938116293
simulated_annealing,rosenbrock,118,11600,45.27138938116293
simulated_annealing,rosenbrock,118,11700,45.27138938116293
simulated_annealing,rosenbrock,118,11800,45.27138938116293
simulated_annealing,rosenbrock,118,11900,45.27138938116293
simulated_annealing,rosenbrock,118,12000,45.27138938116293
simulated_annealing,rosenbrock,118,12100,45.27138938116293
simulated_annealing,rosenbrock,118,12200,45.27138938116293
simulated_annealing,rosenbrock,118,12300,45.27138938116293
simulated_annealing,rosenbrock,118,12400,45.27138938116293
simulated_annealing,rosenbrock,118,12500,45.27138938116293
simulated_annealing,rosenbrock,118,12600,45.27138938116293
simulated_annealing,rosenbrock,118,12700,45.27138938116293
simulated_annealing,rosenbrock,118,12800,45.27138938116293
simulated_annealing,rosenbrock,118,12900,45.27138938116293
simulated_annealing,rosenbrock,118,13000,45.27138938116293
simulated_annealing,rosenbrock,118,13100,45.27138938116293
simulated_annealing,rosenbrock,118,13200,45.27138938116293
simulated_annealing,rosenbrock,118,13300,45.27138938116293
simulated_annealing,rosenbrock,118,13400,45.27138938116293
simulated_annealing,rosenbrock,118,13500,45.27138938116293
simulated_annealing,rosenbrock,118,13600,45.27138938116293
simulated_annealing,rosenbrock,118,13700,45.27138938116293
simulated_annealing,rosenbrock,118,13800,45.27138938116293
simulated_annealing,rosenbrock,118,13900,45.27138938116293
simulated_annealing,rosenbrock,118,14000,45.27138938116293
simulated_annealing,rosenbrock,118,14100,45.27138938116293
simulated_annealing,rosenbrock,118,14200,45.27138938116293
simulated_annealing,rosenbrock,118,14300,45.27138938116293
simulated_annealing,rosenbrock,118,14400,45.27138938116293
simulated_annealing,rosenbrock,118,14500,45.27138938116293
simulated_annealing,rosenbrock,118,14600,45.27138938116293
simulated_annealing,rosenbrock,118,14700,45.27138938116293
simulated_annealing,rosenbrock,118,14800,45.27138938116293
simulated_annealing,rosenbrock,118,14900,45.27138938116293
simulated_annealing,rosenbrock,118,15000,45.27138938116293
simulated_annealing,rosenbrock,118,15100,45.27138938116293
simulated_annealing,rosenbrock,118,15200,45.27138938116293
simulated_annealing,rosenbrock,118,15300,45.27138938116293
simulated_annealing,rosenbrock,118,15400,45.27138938116293
simulated_annealing,rosenbrock,118,15500,45.27138938116293
simulated_annealing,rosenbrock,118,15600,45.27138938116293
simulated_annealing,rosenbrock,118,15700,45.27138938116293
simulated_annealing,rosenbrock,118,15800,45.27138938116293
simulated_annealing,rosenbrock,118,15900,45.27138938116293
simulated_annealing,rosenbrock,118,16000,45.27138938116293
simulated_annealing,rosenbrock,118,16100,45.27138938116293
simulated_annealing,rosenbrock,118,16200,45.27138938116293
simulated_annealing,rosenbrock,118,16300,45.27138938116293
simulated_annealing,rosenbrock,118,16400,45.27138938116293
simulated_annealing,rosenbrock,118,16500,45.27138938116293
simulated_annealing,rosenbrock,118,16600,45.27138938116293
simulated_annealing,rosenbrock,118,16700,45.27138938116293
simulated_annealing,rosenbrock,118,16800,45.27138938116293
simulated_annealing,rosenbrock,118,16900,45.27138938116293
simulated_annealing,rosenbrock,118,17000,45.27138938116293
simulated_annealing,rosenbrock,118,17100,45.27138938116293
simulated_annealing,rosenbrock,118,17200,45.27138938116293
simulated_annealing,rosenbrock,118,17300,45.27138938116293
simulated_annealing,rosenbrock,118,17400,45.27138938116293
simulated_annealing,rosenbrock,118,17500,45.27138938116293
simulated_annealing,rosenbrock,118,17600,45.27138938116293
simulated_annealing,rosenbrock,118,17700,45.27138938116293
simulated_annealing,rosenbrock,118,17800,45.27138938116293
simulated_annealing,rosenbrock,118,17900,45.27138938116293
simulated_annealing,rosenbrock,118,18000,45.27138938116293
simulated_annealing,rosenbrock,118,18100,45.27138938116293
simulated_annealing,rosenbrock,118,18200,45.27138938116293
simulated_annealing,rosenbrock,118,18300,45.27138938116293
simulated_annealing,rosenbrock,118,18400,45.27138938116293
simulated_annealing,rosenbrock,118,18500,45.27138938116293
simulated_annealing,rosenbrock,118,18600,45.27138938116293
simulated_annealing,rosenbrock,118,18700,45.27138938116293
simulated_annealing,rosenbrock,118,18800,45.27138938116293
simulated_annealing,rosenbrock,118,18900,45.27138938116293
simulated_annealing,rosenbrock,118,19000,45.27138938116293
simulated_annealing,rosenbrock,118,19100,45.27138938116293
simulated_annealing,rosenbrock,118,19200,45.27138938116293
simulated_annealing,rosenbrock,118,19300,45.27138938116293
simulated_annealing,rosenbrock,118,19400,45.27138938116293
simulated_annealing,rosenbrock,118,19500,45.27138938116293
simulated_annealing,rosenbrock,118,19600,45.27138938116293
simulated_annealing,rosenbrock,118,19700,45.27138938116293
simulated_annealing,rosenbrock,118,19800,45.27138938116293
simulated_annealing,rosenbrock,118,19900,45.27138938116293
simulated_annealing,rosenbrock,118,20000,45.27138938116293
simulated_annealing,rosenbrock,119,100,8469.834816883704
simulated_annealing,rosenbrock,119,200,1866.7862793552829
simulated_annealing,rosenbrock,119,300,670.3118761882743
simulated_annealing,rosenbrock,119,400,504.9241296507145
simulated_annealing,rosenbrock,119,500,301.5761837521265
simulated_annealing,rosenbrock,119,600,301.5761837521265
simulated_annealing,rosenbrock,119,700,268.1213381882085
simulated_annealing,rosenbrock,119,800,268.1213381882085
simulated_annealing,rosenbrock,119,900,268.1213381882085
simulated_annealing,rosenbrock,119,1000,268.1213381882085
simulated_annealing,rosenbrock,119,1100,268.1213381882085
simulated_annealing,rosenbrock,119,1200,268.1213381882085
simulated_annealing,rosenbrock,119,1300,268.1213381882085
simulated_annealing,rosenbrock,119,1400,268.1213381882085
simulated_annealing,rosenbrock,119,1500,268.1213381882085
simulated_annealing,rosenbrock,119,1600,268.1213381882085
simulated_annealing,rosenbrock,119,1700,268.1213381882085
simulated_annealing,rosenbrock,119,1800,268.1213381882085
simulated_annealing,rosenbrock,119,1900,268.1213381882085
simulated_annealing,rosenbrock,119,2000,268.1213381882085
simulated_annealing,rosenbrock,119,2100,268.1213381882085
simulated_annealing,rosenbrock,119,2200,268.1213381882085
simulated_annealing,rosenbrock,119,2300,268.1213381882085
simulated_annealing,rosenbrock,119,2400,268.1213381882085
simulated_annealing,rosenbrock,119,2500,268.1213381882085
simulated_annealing,rosenbrock,119,2600,268.1213381882085
simulated_annealing,rosenbrock,119,2700,268.1213381882085
simulated_annealing,rosenbrock,119,2800,268.1213381882085
simulated_annealing,rosenbrock,119,2900,268.1213381882085
simulated_annealing,rosenbrock,119,3000,268.1213381882085
simulated_annealing,rosenbrock,119,3100,268.1213381882085
simulated_annealing,rosenbrock,119,3200,268.1213381882085
simulated_annealing,rosenbrock,119,3300,268.1213381882085
simulated_annealing,rosenbrock,119,3400,268.1213381882085
simulated_annealing,rosenbrock,119,3500,268.1213381882085
simulated_annealing,rosenbrock,119,3600,268.1213381882085
simulated_annealing,rosenbrock,119,3700,268.1213381882085
simulated_annealing,rosenbrock,119,3800,268.1213381882085
simulated_annealing,rosenbrock,119,3900,268.1213381882085
simulated_annealing,rosenbrock,119,4000,268.1213381882085
simulated_annealing,rosenbrock,119,4100,268.1213381882085
simulated_annealing,rosenbrock,119,4200,268.1213381882085
simulated_annealing,rosenbrock,119,4300,248.8044484396586
simulated_annealing,rosenbrock,119,4400,248.8044484396586
simulated_annealing,rosenbrock,119,4500,248.8044484396586
simulated_annealing,rosenbrock,119,4600,248.8044484396586
simulated_annealing,rosenbrock,119,4700,248.8044484396586
simulated_annealing,rosenbrock,119,4800,248.8044484396586
simulated_annealing,rosenbrock,119,4900,248.8044484396586
simulated_annealing,rosenbrock,119,5000,248.8044484396586
simulated_annealing,rosenbrock,119,5100,248.8044484396586
simulated_annealing,rosenbrock,119,5200,248.8044484396586
simulated_annealing,rosenbrock,119,5300,248.8044484396586
simulated_annealing,rosenbrock,119,5400,243.15030530184063
simulated_annealing,rosenbrock,119,5500,243.15030530184063
simulated_annealing,rosenbrock,119,5600,243.15030530184063
simulated_annealing,rosenbrock,119,5700,243.15030530184063
simulated_annealing,rosenbrock,119,5800,243.15030530184063
simulated_annealing,rosenbrock,119,5900,243.15030530184063
simulated_annealing,rosenbrock,119,6000,243.15030530184063
simulated_annealing,rosenbrock,119,6100,243.15030530184063
simulated_annealing,rosenbrock,119,6200,243.15030530184063
simulated_annealing,rosenbrock,119,6300,243.15030530184063
simulated_annealing,rosenbrock,119,6400,187.5253929735208
simulated_annealing,rosenbrock,119,6500,187.5253929735208
simulated_annealing,rosenbrock,119,6600,187.5253929735208
simulated_annealing,rosenbrock,119,6700,187.5253929735208
simulated_annealing,rosenbrock,119,6800,187.5253929735208
simulated_annealing,rosenbrock,119,6900,187.5253929735208
simulated_annealing,rosenbrock,119,7000,187.5253929735208
simulated_annealing,rosenbrock,119,7100,187.5253929735208
simulated_annealing,rosenbrock,119,7200,187.5253929735208
simulated_annealing,rosenbrock,119,7300,187.5253929735208
simulated_annealing,rosenbrock,119,7400,187.5253929735208
simulated_annealing,rosenbrock,119,7500,187.5253929735208
simulated_annealing,rosenbrock,119,7600,187.5253929735208
simulated_annealing,rosenbrock,119,7700,187.5253929735208
simulated_annealing,rosenbrock,119,7800,187.5253929735208
simulated_annealing,rosenbrock,119,7900,187.5253929735208
simulated_annealing,rosenbrock,119,8000,187.5253929735208
simulated_annealing,rosenbrock,119,8100,187.5253929735208
simulated_annealing,rosenbrock,119,8200,187.5253929735208
simulated_annealing,rosenbrock,119,8300,187.5253929735208
simulated_annealing,rosenbrock,119,8400,187.5253929735208
simulated_annealing,rosenbrock,119,8500,187.5253929735208
simulated_annealing,rosenbrock,119,8600,187.5253929735208
simulated_annealing,rosenbrock,119,8700,187.5253929735208
simulated_annealing,rosenbrock,119,8800,187.5253929735208
simulated_annealing,rosenbrock,119,8900,187.5253929735208
simulated_annealing,rosenbrock,119,9000,187.5253929735208
simulated_annealing,rosenbrock,119,9100,187.5253929735208
simulated_annealing,rosenbrock,119,9200,187.5253929735208
simulated_annealing,rosenbrock,119,9300,187.5253929735208
simulated_annealing,rosenbrock,119,9400,187.5253929735208
simulated_annealing,rosenbrock,119,9500,187.5253929735208
simulated_annealing,rosenbrock,119,9600,187.5253929735208
simulated_annealing,rosenbrock,119,9700,187.5253929735208
simulated_annealing,rosenbrock,119,9800,187.5253929735208
simulated_annealing,rosenbrock,119,9900,187.5253929735208
simulated_annealing,rosenbrock,119,10000,187.5253929735208
simulated_annealing,rosenbrock,119,10100,187.5253929735208
simulated_annealing,rosenbrock,119,10200,187.5253929735208
simulated_annealing,rosenbrock,119,10300,187.5253929735208
simulated_annealing,rosenbrock,119,10400,187.5253929735208
simulated_annealing,rosenbrock,119,10500,187.5253929735208
simulated_annealing,rosenbrock,119,10600,187.5253929735208
simulated_annealing,rosenbrock,119,10700,187.5253929735208
simulated_annealing,rosenbrock,119,10800,187.5253929735208
simulated_annealing,rosenbrock,119,10900,187.5253929735208
simulated_annealing,rosenbrock,119,11000,187.5253929735208
simulated_annealing,rosenbrock,119,11100,187.5253929735208
simulated_annealing,rosenbrock,119,11200,187.5253929735208
simulated_annealing,rosenbrock,119,11300,187.5253929735208
simulated_annealing,rosenbrock,119,11400,187.5253929735208
simulated_annealing,rosenbrock,119,11500,187.5253929735208
simulated_annealing,rosenbrock,119,11600,187.5253929735208
simulated_annealing,rosenbrock,119,11700,187.5253929735208
simulated_annealing,rosenbrock,119,11800,187.5253929735208
simulated_annealing,rosenbrock,119,11900,187.5253929735208
simulated_annealing,rosenbrock,119,12000,187.5253929735208
simulated_annealing,rosenbrock,119,12100,187.5253929735208
simulated_annealing,rosenbrock,119,12200,187.5253929735208
simulated_annealing,rosenbrock,119,12300,187.5253929735208
simulated_annealing,rosenbrock,119,12400,187.5253929735208
simulated_annealing,rosenbrock,119,12500,187.5253929735208
simulated_annealing,rosenbrock,119,12600,187.5253929735208
simulated_annealing,rosenbrock,119,12700,187.5253929735208
simulated_annealing,rosenbrock,119,12800,187.5253929735208
simulated_annealing,rosenbrock,119,12900,187.5253929735208
simulated_annealing,rosenbrock,119,13000,187.5253929735208
simulated_annealing,rosenbrock,119,13100,187.5253929735208
simulated_annealing,rosenbrock,119,13200,187.5253929735208
simulated_annealing,rosenbrock,119,13300,187.5253929735208
simulated_annealing,rosenbrock,119,13400,187.5253929735208
simulated_annealing,rosenbrock,119,13500,162.98207461345712
simulated_annealing,rosenbrock,119,13600,162.98207461345712
simulated_annealing,rosenbrock,119,13700,162.98207461345712
simulated_annealing,rosenbrock,119,13800,162.98207461345712
simulated_annealing,rosenbrock,119,13900,162.98207461345712
simulated_annealing,rosenbrock,119,14000,162.98207461345712
simulated_annealing,rosenbrock,119,14100,162.98207461345712
simulated_annealing,rosenbrock,119,14200,162.98207461345712
simulated_annealing,rosenbrock,119,14300,162.98207461345712
simulated_annealing,rosenbrock,119,14400,162.98207461345712
simulated_annealing,rosenbrock,119,14500,162.98207461345712
simulated_annealing,rosenbrock,119,14600,162.98207461345712
simulated_annealing,rosenbrock,119,14700,162.98207461345712
simulated_annealing,rosenbrock,119,14800,162.98207461345712
simulated_annealing,rosenbrock,119,14900,162.98207461345712
simulated_annealing,rosenbrock,119,15000,162.98207461345712
simulated_annealing,rosenbrock,119,15100,162.98207461345712
simulated_annealing,rosenbrock,119,15200,162.98207461345712
simulated_annealing,rosenbrock,119,15300,162.98207461345712
simulated_annealing,rosenbrock,119,15400,162.98207461345712
simulated_annealing,rosenbrock,119,15500,162.98207461345712
simulated_annealing,rosenbrock,119,15600,162.98207461345712
simulated_annealing,rosenbrock,119,15700,162.98207461345712
simulated_annealing,rosenbrock,119,15800,162.98207461345712
simulated_annealing,rosenbrock,119,15900,162.98207461345712
simulated_annealing,rosenbrock,119,16000,162.98207461345712
simulated_annealing,rosenbrock,119,16100,162.98207461345712
simulated_annealing,rosenbrock,119,16200,162.98207461345712
simulated_annealing,rosenbrock,119,16300,162.98207461345712
simulated_annealing,rosenbrock,119,16400,162.98207461345712
simulated_annealing,rosenbrock,119,16500,162.98207461345712
simulated_annealing,rosenbrock,119,16600,162.98207461345712
simulated_annealing,rosenbrock,119,16700,162.98207461345712
simulated_annealing,rosenbrock,119,16800,162.98207461345712
simulated_annealing,rosenbrock,119,16900,162.98207461345712
simulated_annealing,rosenbrock,119,17000,162.98207461345712
simulated_annealing,rosenbrock,119,17100,162.98207461345712
simulated_annealing,rosenbrock,119,17200,162.98207461345712
simulated_annealing,rosenbrock,119,17300,162.98207461345712
simulated_annealing,rosenbrock,119,17400,162.98207461345712
simulated_annealing,rosenbrock,119,17500,162.98207461345712
simulated_annealing,rosenbrock,119,17600,162.98207461345712
simulated_annealing,rosenbrock,119,17700,162.98207461345712
simulated_annealing,rosenbrock,119,17800,162.98207461345712
simulated_annealing,rosenbrock,119,17900,162.98207461345712
simulated_annealing,rosenbrock,119,18000,162.98207461345712
simulated_annealing,rosenbrock,119,18100,162.98207461345712
simulated_annealing,rosenbrock,119,18200,162.98207461345712
simulated_annealing,rosenbrock,119,18300,162.98207461345712
simulated_annealing,rosenbrock,119,18400,162.98207461345712
simulated_annealing,rosenbrock,119,18500,162.98207461345712
simulated_annealing,rosenbrock,119,18600,162.98207461345712
simulated_annealing,rosenbrock,119,18700,162.98207461345712
simulated_annealing,rosenbrock,119,18800,162.98207461345712
simulated_annealing,rosenbrock,119,18900,162.98207461345712
simulated_annealing,rosenbrock,119,19000,162.98207461345712
simulated_annealing,rosenbrock,119,19100,162.98207461345712
simulated_annealing,rosenbrock,119,19200,162.98207461345712
simulated_annealing,rosenbrock,119,19300,162.98207461345712
simulated_annealing,rosenbrock,119,19400,162.98207461345712
simulated_annealing,rosenbrock,119,19500,162.98207461345712
simulated_annealing,rosenbrock,119,19600,162.98207461345712
simulated_annealing,rosenbrock,119,19700,162.98207461345712
simulated_annealing,rosenbrock,119,19800,162.98207461345712
simulated_annealing,rosenbrock,119,19900,162.98207461345712
simulated_annealing,rosenbrock,119,20000,162.98207461345712
